{
  "type": "FeatureCollection",
  "generator": "cng_scraper.py",
  "scraped_at": "2026-03-20T11:08:53.808993Z",
  "total_stations": 1396,
  "note": "CNG stations from MGL, Gujarat Gas, IGL, and OpenStreetMap. PNGRB reports 8,616 total CNG stations in India.",
  "features": [
    {
      "type": "Feature",
      "properties": {
        "name": "New Bombay Petroleum; Sanpada",
        "brand": "MGL",
        "brand_code": "CNG",
        "operator": "Mahanagar Gas Limited",
        "address": "",
        "state": "Maharashtra",
        "city": "Navi Mumbai",
        "phone": "",
        "fuel_types": "CNG",
        "amenity": "cng",
        "source": "mahanagargas.com"
      },
      "geometry": {
        "type": "Point",
        "coordinates": [
          73.00990024,
          19.06829439
        ]
      }
    },
    {
      "type": "Feature",
      "properties": {
        "name": "Green Energy Station; Dighode",
        "brand": "MGL",
        "brand_code": "CNG",
        "operator": "Mahanagar Gas Limited",
        "address": "",
        "state": "Maharashtra",
        "city": "Mumbai Suburbs",
        "phone": "",
        "fuel_types": "CNG",
        "amenity": "cng",
        "source": "mahanagargas.com"
      },
      "geometry": {
        "type": "Point",
        "coordinates": [
          73.04592347,
          18.91323171
        ]
      }
    },
    {
      "type": "Feature",
      "properties": {
        "name": "KAMERKAR CNG STATION; RUDRAVALI",
        "brand": "MGL",
        "brand_code": "CNG",
        "operator": "Mahanagar Gas Limited",
        "address": "",
        "state": "Maharashtra",
        "city": "Raigad",
        "phone": "",
        "fuel_types": "CNG",
        "amenity": "cng",
        "source": "mahanagargas.com"
      },
      "geometry": {
        "type": "Point",
        "coordinates": [
          73.23472066,
          18.31865881
        ]
      }
    },
    {
      "type": "Feature",
      "properties": {
        "name": "Mastakar Auto Service; Oshiwara",
        "brand": "MGL",
        "brand_code": "CNG",
        "operator": "Mahanagar Gas Limited",
        "address": "",
        "state": "Maharashtra",
        "city": "Mumbai Suburbs",
        "phone": "",
        "fuel_types": "CNG",
        "amenity": "cng",
        "source": "mahanagargas.com"
      },
      "geometry": {
        "type": "Point",
        "coordinates": [
          72.83197378,
          19.14279721
        ]
      }
    },
    {
      "type": "Feature",
      "properties": {
        "name": "Jeevan Services; Andheri (W)",
        "brand": "MGL",
        "brand_code": "CNG",
        "operator": "Mahanagar Gas Limited",
        "address": "",
        "state": "Maharashtra",
        "city": "Mumbai Suburbs",
        "phone": "",
        "fuel_types": "CNG",
        "amenity": "cng",
        "source": "mahanagargas.com"
      },
      "geometry": {
        "type": "Point",
        "coordinates": [
          72.83235499,
          19.12827329
        ]
      }
    },
    {
      "type": "Feature",
      "properties": {
        "name": "NHTC; Chembur",
        "brand": "MGL",
        "brand_code": "CNG",
        "operator": "Mahanagar Gas Limited",
        "address": "",
        "state": "Maharashtra",
        "city": "Mumbai Suburbs",
        "phone": "",
        "fuel_types": "CNG",
        "amenity": "cng",
        "source": "mahanagargas.com"
      },
      "geometry": {
        "type": "Point",
        "coordinates": [
          72.900333,
          19.06755117
        ]
      }
    },
    {
      "type": "Feature",
      "properties": {
        "name": "Kandpile Brothers; Panvel",
        "brand": "MGL",
        "brand_code": "CNG",
        "operator": "Mahanagar Gas Limited",
        "address": "",
        "state": "Maharashtra",
        "city": "Raigad",
        "phone": "",
        "fuel_types": "CNG",
        "amenity": "cng",
        "source": "mahanagargas.com"
      },
      "geometry": {
        "type": "Point",
        "coordinates": [
          73.11489725,
          18.99523293
        ]
      }
    },
    {
      "type": "Feature",
      "properties": {
        "name": "Parkar Brothers; Andheri (W)",
        "brand": "MGL",
        "brand_code": "CNG",
        "operator": "Mahanagar Gas Limited",
        "address": "",
        "state": "Maharashtra",
        "city": "Mumbai Suburbs",
        "phone": "",
        "fuel_types": "CNG",
        "amenity": "cng",
        "source": "mahanagargas.com"
      },
      "geometry": {
        "type": "Point",
        "coordinates": [
          72.82994666,
          19.14632384
        ]
      }
    },
    {
      "type": "Feature",
      "properties": {
        "name": "Prakash Expressway; Khalapur",
        "brand": "MGL",
        "brand_code": "CNG",
        "operator": "Mahanagar Gas Limited",
        "address": "",
        "state": "Maharashtra",
        "city": "Raigad",
        "phone": "",
        "fuel_types": "CNG",
        "amenity": "cng",
        "source": "mahanagargas.com"
      },
      "geometry": {
        "type": "Point",
        "coordinates": [
          73.29965837,
          18.79055282
        ]
      }
    },
    {
      "type": "Feature",
      "properties": {
        "name": "Radha Auto Care; Dronagiri; Uran",
        "brand": "MGL",
        "brand_code": "CNG",
        "operator": "Mahanagar Gas Limited",
        "address": "",
        "state": "Maharashtra",
        "city": "Raigad",
        "phone": "",
        "fuel_types": "CNG",
        "amenity": "cng",
        "source": "mahanagargas.com"
      },
      "geometry": {
        "type": "Point",
        "coordinates": [
          73.01872292,
          18.90731747
        ]
      }
    },
    {
      "type": "Feature",
      "properties": {
        "name": "Worliway; Worli",
        "brand": "MGL",
        "brand_code": "CNG",
        "operator": "Mahanagar Gas Limited",
        "address": "",
        "state": "Maharashtra",
        "city": "Mumbai Suburbs",
        "phone": "",
        "fuel_types": "CNG",
        "amenity": "cng",
        "source": "mahanagargas.com"
      },
      "geometry": {
        "type": "Point",
        "coordinates": [
          72.81757084,
          18.99782454
        ]
      }
    },
    {
      "type": "Feature",
      "properties": {
        "name": "Borivali Petrol Supply; Borivali",
        "brand": "MGL",
        "brand_code": "CNG",
        "operator": "Mahanagar Gas Limited",
        "address": "",
        "state": "Maharashtra",
        "city": "Mumbai Suburbs",
        "phone": "",
        "fuel_types": "CNG",
        "amenity": "cng",
        "source": "mahanagargas.com"
      },
      "geometry": {
        "type": "Point",
        "coordinates": [
          72.85673209,
          19.2334237
        ]
      }
    },
    {
      "type": "Feature",
      "properties": {
        "name": "Shree Kedarnath; Panvel",
        "brand": "MGL",
        "brand_code": "CNG",
        "operator": "Mahanagar Gas Limited",
        "address": "",
        "state": "Maharashtra",
        "city": "Raigad",
        "phone": "",
        "fuel_types": "CNG",
        "amenity": "cng",
        "source": "mahanagargas.com"
      },
      "geometry": {
        "type": "Point",
        "coordinates": [
          73.06564748,
          19.1095407
        ]
      }
    },
    {
      "type": "Feature",
      "properties": {
        "name": "Charkop Petroleum; Charkop",
        "brand": "MGL",
        "brand_code": "CNG",
        "operator": "Mahanagar Gas Limited",
        "address": "",
        "state": "Maharashtra",
        "city": "Mumbai Suburbs",
        "phone": "",
        "fuel_types": "CNG",
        "amenity": "cng",
        "source": "mahanagargas.com"
      },
      "geometry": {
        "type": "Point",
        "coordinates": [
          72.83653967,
          19.21540903
        ]
      }
    },
    {
      "type": "Feature",
      "properties": {
        "name": "Auto Care Centre; Sion (E)",
        "brand": "MGL",
        "brand_code": "CNG",
        "operator": "Mahanagar Gas Limited",
        "address": "",
        "state": "Maharashtra",
        "city": "Mumbai Suburbs",
        "phone": "",
        "fuel_types": "CNG",
        "amenity": "cng",
        "source": "mahanagargas.com"
      },
      "geometry": {
        "type": "Point",
        "coordinates": [
          72.86483387,
          19.04403513
        ]
      }
    },
    {
      "type": "Feature",
      "properties": {
        "name": "M/s. MGL Modern Industrial Equipment Pvt. Ltd; Thane",
        "brand": "MGL",
        "brand_code": "CNG",
        "operator": "Mahanagar Gas Limited",
        "address": "",
        "state": "Maharashtra",
        "city": "Thane",
        "phone": "",
        "fuel_types": "CNG",
        "amenity": "cng",
        "source": "mahanagargas.com"
      },
      "geometry": {
        "type": "Point",
        "coordinates": [
          72.95201339,
          19.20434535
        ]
      }
    },
    {
      "type": "Feature",
      "properties": {
        "name": "Gill Auto; Cotton Green",
        "brand": "MGL",
        "brand_code": "CNG",
        "operator": "Mahanagar Gas Limited",
        "address": "",
        "state": "Maharashtra",
        "city": "Mumbai Suburbs",
        "phone": "",
        "fuel_types": "CNG",
        "amenity": "cng",
        "source": "mahanagargas.com"
      },
      "geometry": {
        "type": "Point",
        "coordinates": [
          72.84269956,
          18.98576673
        ]
      }
    },
    {
      "type": "Feature",
      "properties": {
        "name": "Shahid Mukesh Jadhav Petroleum; Kharghar (HPCL)",
        "brand": "MGL",
        "brand_code": "CNG",
        "operator": "Mahanagar Gas Limited",
        "address": "",
        "state": "Maharashtra",
        "city": "Navi Mumbai",
        "phone": "",
        "fuel_types": "CNG",
        "amenity": "cng",
        "source": "mahanagargas.com"
      },
      "geometry": {
        "type": "Point",
        "coordinates": [
          73.07170128,
          19.0416369
        ]
      }
    },
    {
      "type": "Feature",
      "properties": {
        "name": "Bharucha Auto; Mahim",
        "brand": "MGL",
        "brand_code": "CNG",
        "operator": "Mahanagar Gas Limited",
        "address": "",
        "state": "Maharashtra",
        "city": "Mumbai Suburbs",
        "phone": "",
        "fuel_types": "CNG",
        "amenity": "cng",
        "source": "mahanagargas.com"
      },
      "geometry": {
        "type": "Point",
        "coordinates": [
          72.84285479,
          19.03511371
        ]
      }
    },
    {
      "type": "Feature",
      "properties": {
        "name": "IBP Auto Service; Malad (W)",
        "brand": "MGL",
        "brand_code": "CNG",
        "operator": "Mahanagar Gas Limited",
        "address": "",
        "state": "Maharashtra",
        "city": "Mumbai Suburbs",
        "phone": "",
        "fuel_types": "CNG",
        "amenity": "cng",
        "source": "mahanagargas.com"
      },
      "geometry": {
        "type": "Point",
        "coordinates": [
          72.84657171,
          19.18186148
        ]
      }
    },
    {
      "type": "Feature",
      "properties": {
        "name": "M/s. Alliance CNG Service;Shahad",
        "brand": "MGL",
        "brand_code": "CNG",
        "operator": "Mahanagar Gas Limited",
        "address": "",
        "state": "Maharashtra",
        "city": "Kalyan",
        "phone": "",
        "fuel_types": "CNG",
        "amenity": "cng",
        "source": "mahanagargas.com"
      },
      "geometry": {
        "type": "Point",
        "coordinates": [
          73.15660864,
          19.24693035
        ]
      }
    },
    {
      "type": "Feature",
      "properties": {
        "name": "M/s. Jio-BP Kalyan (Jio-BP)",
        "brand": "MGL",
        "brand_code": "CNG",
        "operator": "Mahanagar Gas Limited",
        "address": "",
        "state": "Maharashtra",
        "city": "Kalyan",
        "phone": "",
        "fuel_types": "CNG",
        "amenity": "cng",
        "source": "mahanagargas.com"
      },
      "geometry": {
        "type": "Point",
        "coordinates": [
          73.10231386,
          19.24991128
        ]
      }
    },
    {
      "type": "Feature",
      "properties": {
        "name": "Kavitake Gas Station; Pugaon & Khamb",
        "brand": "MGL",
        "brand_code": "CNG",
        "operator": "Mahanagar Gas Limited",
        "address": "",
        "state": "Maharashtra",
        "city": "Mumbai Suburbs",
        "phone": "",
        "fuel_types": "CNG",
        "amenity": "cng",
        "source": "mahanagargas.com"
      },
      "geometry": {
        "type": "Point",
        "coordinates": [
          73.20380559,
          18.44524999
        ]
      }
    },
    {
      "type": "Feature",
      "properties": {
        "name": "Gurunanak Auto; Andheri (E)",
        "brand": "MGL",
        "brand_code": "CNG",
        "operator": "Mahanagar Gas Limited",
        "address": "",
        "state": "Maharashtra",
        "city": "Mumbai Suburbs",
        "phone": "",
        "fuel_types": "CNG",
        "amenity": "cng",
        "source": "mahanagargas.com"
      },
      "geometry": {
        "type": "Point",
        "coordinates": [
          72.85655851,
          19.11621033
        ]
      }
    },
    {
      "type": "Feature",
      "properties": {
        "name": "Velkar Auto Service; Miraroad",
        "brand": "MGL",
        "brand_code": "CNG",
        "operator": "Mahanagar Gas Limited",
        "address": "",
        "state": "Maharashtra",
        "city": "Mumbai Suburbs",
        "phone": "",
        "fuel_types": "CNG",
        "amenity": "cng",
        "source": "mahanagargas.com"
      },
      "geometry": {
        "type": "Point",
        "coordinates": [
          72.90120527,
          19.28532116
        ]
      }
    },
    {
      "type": "Feature",
      "properties": {
        "name": "Sonal Super; Lower Parel",
        "brand": "MGL",
        "brand_code": "CNG",
        "operator": "Mahanagar Gas Limited",
        "address": "",
        "state": "Maharashtra",
        "city": "Mumbai Suburbs",
        "phone": "",
        "fuel_types": "CNG",
        "amenity": "cng",
        "source": "mahanagargas.com"
      },
      "geometry": {
        "type": "Point",
        "coordinates": [
          72.83109292,
          18.98835699
        ]
      }
    },
    {
      "type": "Feature",
      "properties": {
        "name": "BP Chembur",
        "brand": "MGL",
        "brand_code": "CNG",
        "operator": "Mahanagar Gas Limited",
        "address": "",
        "state": "Maharashtra",
        "city": "Mumbai Suburbs",
        "phone": "",
        "fuel_types": "CNG",
        "amenity": "cng",
        "source": "mahanagargas.com"
      },
      "geometry": {
        "type": "Point",
        "coordinates": [
          72.88727327,
          19.05349677
        ]
      }
    },
    {
      "type": "Feature",
      "properties": {
        "name": "M/s Ashish Service; Kharghar (IOCL)",
        "brand": "MGL",
        "brand_code": "CNG",
        "operator": "Mahanagar Gas Limited",
        "address": "",
        "state": "Maharashtra",
        "city": "Navi Mumbai",
        "phone": "",
        "fuel_types": "CNG",
        "amenity": "cng",
        "source": "mahanagargas.com"
      },
      "geometry": {
        "type": "Point",
        "coordinates": [
          73.06447813,
          19.04542134
        ]
      }
    },
    {
      "type": "Feature",
      "properties": {
        "name": "Jaimal Singh Automobiles; Thane",
        "brand": "MGL",
        "brand_code": "CNG",
        "operator": "Mahanagar Gas Limited",
        "address": "",
        "state": "Maharashtra",
        "city": "Thane",
        "phone": "",
        "fuel_types": "CNG",
        "amenity": "cng",
        "source": "mahanagargas.com"
      },
      "geometry": {
        "type": "Point",
        "coordinates": [
          72.96153385,
          19.18765755
        ]
      }
    },
    {
      "type": "Feature",
      "properties": {
        "name": "Haji Liyakat; Neral",
        "brand": "MGL",
        "brand_code": "CNG",
        "operator": "Mahanagar Gas Limited",
        "address": "",
        "state": "Maharashtra",
        "city": "Raigad",
        "phone": "",
        "fuel_types": "CNG",
        "amenity": "cng",
        "source": "mahanagargas.com"
      },
      "geometry": {
        "type": "Point",
        "coordinates": [
          73.32207082,
          19.01611247
        ]
      }
    },
    {
      "type": "Feature",
      "properties": {
        "name": "Narayan Fuel Station; Wadala",
        "brand": "MGL",
        "brand_code": "CNG",
        "operator": "Mahanagar Gas Limited",
        "address": "",
        "state": "Maharashtra",
        "city": "Mumbai Suburbs",
        "phone": "",
        "fuel_types": "CNG",
        "amenity": "cng",
        "source": "mahanagargas.com"
      },
      "geometry": {
        "type": "Point",
        "coordinates": [
          72.87796539,
          19.03257653
        ]
      }
    },
    {
      "type": "Feature",
      "properties": {
        "name": "Venus Auto Centre; Kalamboli",
        "brand": "MGL",
        "brand_code": "CNG",
        "operator": "Mahanagar Gas Limited",
        "address": "",
        "state": "Maharashtra",
        "city": "Raigad",
        "phone": "",
        "fuel_types": "CNG",
        "amenity": "cng",
        "source": "mahanagargas.com"
      },
      "geometry": {
        "type": "Point",
        "coordinates": [
          73.10815768,
          19.01309283
        ]
      }
    },
    {
      "type": "Feature",
      "properties": {
        "name": "M/S SAVITRI FUELS",
        "brand": "MGL",
        "brand_code": "CNG",
        "operator": "Mahanagar Gas Limited",
        "address": "",
        "state": "Maharashtra",
        "city": "Navi Mumbai",
        "phone": "",
        "fuel_types": "CNG",
        "amenity": "cng",
        "source": "mahanagargas.com"
      },
      "geometry": {
        "type": "Point",
        "coordinates": [
          73.11914574,
          18.98724618
        ]
      }
    },
    {
      "type": "Feature",
      "properties": {
        "name": "MSRTC Bhiwandi depot - Captive CNG",
        "brand": "MGL",
        "brand_code": "CNG",
        "operator": "Mahanagar Gas Limited",
        "address": "",
        "state": "Maharashtra",
        "city": "Mumbai Suburbs",
        "phone": "",
        "fuel_types": "CNG",
        "amenity": "cng",
        "source": "mahanagargas.com"
      },
      "geometry": {
        "type": "Point",
        "coordinates": [
          73.06569669,
          19.30273692
        ]
      }
    },
    {
      "type": "Feature",
      "properties": {
        "name": "Shree Krishna; Worli",
        "brand": "MGL",
        "brand_code": "CNG",
        "operator": "Mahanagar Gas Limited",
        "address": "",
        "state": "Maharashtra",
        "city": "Mumbai Suburbs",
        "phone": "",
        "fuel_types": "CNG",
        "amenity": "cng",
        "source": "mahanagargas.com"
      },
      "geometry": {
        "type": "Point",
        "coordinates": [
          72.81413779,
          18.9881552
        ]
      }
    },
    {
      "type": "Feature",
      "properties": {
        "name": "A G Jajal; Panvel",
        "brand": "MGL",
        "brand_code": "CNG",
        "operator": "Mahanagar Gas Limited",
        "address": "",
        "state": "Maharashtra",
        "city": "Raigad",
        "phone": "",
        "fuel_types": "CNG",
        "amenity": "cng",
        "source": "mahanagargas.com"
      },
      "geometry": {
        "type": "Point",
        "coordinates": [
          73.13112657,
          18.97193741
        ]
      }
    },
    {
      "type": "Feature",
      "properties": {
        "name": "Laxmi Jyot CNG Station; Ulhasnagar",
        "brand": "MGL",
        "brand_code": "CNG",
        "operator": "Mahanagar Gas Limited",
        "address": "",
        "state": "Maharashtra",
        "city": "Mumbai Suburbs",
        "phone": "",
        "fuel_types": "CNG",
        "amenity": "cng",
        "source": "mahanagargas.com"
      },
      "geometry": {
        "type": "Point",
        "coordinates": [
          73.16122026,
          19.21031068
        ]
      }
    },
    {
      "type": "Feature",
      "properties": {
        "name": "Trimurti Pump & Service Station; Ajivali",
        "brand": "MGL",
        "brand_code": "CNG",
        "operator": "Mahanagar Gas Limited",
        "address": "",
        "state": "Maharashtra",
        "city": "Mumbai Suburbs",
        "phone": "",
        "fuel_types": "CNG",
        "amenity": "cng",
        "source": "mahanagargas.com"
      },
      "geometry": {
        "type": "Point",
        "coordinates": [
          73.16242104,
          18.95644485
        ]
      }
    },
    {
      "type": "Feature",
      "properties": {
        "name": "Intel Carport; Sahar",
        "brand": "MGL",
        "brand_code": "CNG",
        "operator": "Mahanagar Gas Limited",
        "address": "",
        "state": "Maharashtra",
        "city": "Mumbai Suburbs",
        "phone": "",
        "fuel_types": "CNG",
        "amenity": "cng",
        "source": "mahanagargas.com"
      },
      "geometry": {
        "type": "Point",
        "coordinates": [
          72.87409062,
          19.10266054
        ]
      }
    },
    {
      "type": "Feature",
      "properties": {
        "name": "MSRTC PEN PRIVATE",
        "brand": "MGL",
        "brand_code": "CNG",
        "operator": "Mahanagar Gas Limited",
        "address": "",
        "state": "Maharashtra",
        "city": "Raigad",
        "phone": "",
        "fuel_types": "CNG",
        "amenity": "cng",
        "source": "mahanagargas.com"
      },
      "geometry": {
        "type": "Point",
        "coordinates": [
          73.08355929,
          18.73139182
        ]
      }
    },
    {
      "type": "Feature",
      "properties": {
        "name": "Kokan Fuel Station (HPCL);Mhasala",
        "brand": "MGL",
        "brand_code": "CNG",
        "operator": "Mahanagar Gas Limited",
        "address": "",
        "state": "Maharashtra",
        "city": "Raigad",
        "phone": "",
        "fuel_types": "CNG",
        "amenity": "cng",
        "source": "mahanagargas.com"
      },
      "geometry": {
        "type": "Point",
        "coordinates": [
          73.018,
          18.19491667
        ]
      }
    },
    {
      "type": "Feature",
      "properties": {
        "name": "K K Brothers; Andheri (W)",
        "brand": "MGL",
        "brand_code": "CNG",
        "operator": "Mahanagar Gas Limited",
        "address": "",
        "state": "Maharashtra",
        "city": "Mumbai Suburbs",
        "phone": "",
        "fuel_types": "CNG",
        "amenity": "cng",
        "source": "mahanagargas.com"
      },
      "geometry": {
        "type": "Point",
        "coordinates": [
          72.84127432,
          19.11255555
        ]
      }
    },
    {
      "type": "Feature",
      "properties": {
        "name": "Patil Service Station; Andheri-W",
        "brand": "MGL",
        "brand_code": "CNG",
        "operator": "Mahanagar Gas Limited",
        "address": "",
        "state": "Maharashtra",
        "city": "Mumbai Suburbs",
        "phone": "",
        "fuel_types": "CNG",
        "amenity": "cng",
        "source": "mahanagargas.com"
      },
      "geometry": {
        "type": "Point",
        "coordinates": [
          72.84445463,
          19.11756171
        ]
      }
    },
    {
      "type": "Feature",
      "properties": {
        "name": "Amar Auto; Wadi Bunder",
        "brand": "MGL",
        "brand_code": "CNG",
        "operator": "Mahanagar Gas Limited",
        "address": "",
        "state": "Maharashtra",
        "city": "Mumbai Suburbs",
        "phone": "",
        "fuel_types": "CNG",
        "amenity": "cng",
        "source": "mahanagargas.com"
      },
      "geometry": {
        "type": "Point",
        "coordinates": [
          72.84372221,
          18.96055963
        ]
      }
    },
    {
      "type": "Feature",
      "properties": {
        "name": "Dasmesh Automobiles; Sanpada",
        "brand": "MGL",
        "brand_code": "CNG",
        "operator": "Mahanagar Gas Limited",
        "address": "",
        "state": "Maharashtra",
        "city": "Navi Mumbai",
        "phone": "",
        "fuel_types": "CNG",
        "amenity": "cng",
        "source": "mahanagargas.com"
      },
      "geometry": {
        "type": "Point",
        "coordinates": [
          73.01174837,
          19.06819951
        ]
      }
    },
    {
      "type": "Feature",
      "properties": {
        "name": "BP Kharghar; Sec-19",
        "brand": "MGL",
        "brand_code": "CNG",
        "operator": "Mahanagar Gas Limited",
        "address": "",
        "state": "Maharashtra",
        "city": "Navi Mumbai",
        "phone": "",
        "fuel_types": "CNG",
        "amenity": "cng",
        "source": "mahanagargas.com"
      },
      "geometry": {
        "type": "Point",
        "coordinates": [
          73.0790628,
          19.0521416
        ]
      }
    },
    {
      "type": "Feature",
      "properties": {
        "name": "Jogeshwari Petrol Supply",
        "brand": "MGL",
        "brand_code": "CNG",
        "operator": "Mahanagar Gas Limited",
        "address": "",
        "state": "Maharashtra",
        "city": "Mumbai Suburbs",
        "phone": "",
        "fuel_types": "CNG",
        "amenity": "cng",
        "source": "mahanagargas.com"
      },
      "geometry": {
        "type": "Point",
        "coordinates": [
          72.84715432,
          19.13082814
        ]
      }
    },
    {
      "type": "Feature",
      "properties": {
        "name": "MTA; Kurla (W)",
        "brand": "MGL",
        "brand_code": "CNG",
        "operator": "Mahanagar Gas Limited",
        "address": "",
        "state": "Maharashtra",
        "city": "Mumbai Suburbs",
        "phone": "",
        "fuel_types": "CNG",
        "amenity": "cng",
        "source": "mahanagargas.com"
      },
      "geometry": {
        "type": "Point",
        "coordinates": [
          72.87739751,
          19.0763591
        ]
      }
    },
    {
      "type": "Feature",
      "properties": {
        "name": "Madhav Motors; Andheri (W)",
        "brand": "MGL",
        "brand_code": "CNG",
        "operator": "Mahanagar Gas Limited",
        "address": "",
        "state": "Maharashtra",
        "city": "Mumbai Suburbs",
        "phone": "",
        "fuel_types": "CNG",
        "amenity": "cng",
        "source": "mahanagargas.com"
      },
      "geometry": {
        "type": "Point",
        "coordinates": [
          72.84509196,
          19.11823641
        ]
      }
    },
    {
      "type": "Feature",
      "properties": {
        "name": "Northern India Traders; Bhiwandi",
        "brand": "MGL",
        "brand_code": "CNG",
        "operator": "Mahanagar Gas Limited",
        "address": "",
        "state": "Maharashtra",
        "city": "Mumbai Suburbs",
        "phone": "",
        "fuel_types": "CNG",
        "amenity": "cng",
        "source": "mahanagargas.com"
      },
      "geometry": {
        "type": "Point",
        "coordinates": [
          73.04998295,
          19.28366674
        ]
      }
    },
    {
      "type": "Feature",
      "properties": {
        "name": "Siddhivinayak Fuel Centre; Nerul",
        "brand": "MGL",
        "brand_code": "CNG",
        "operator": "Mahanagar Gas Limited",
        "address": "",
        "state": "Maharashtra",
        "city": "Navi Mumbai",
        "phone": "",
        "fuel_types": "CNG",
        "amenity": "cng",
        "source": "mahanagargas.com"
      },
      "geometry": {
        "type": "Point",
        "coordinates": [
          73.00858548,
          19.04315522
        ]
      }
    },
    {
      "type": "Feature",
      "properties": {
        "name": "M/s MIDC P1 PLOT;GHANSOLI CNG STATION",
        "brand": "MGL",
        "brand_code": "CNG",
        "operator": "Mahanagar Gas Limited",
        "address": "",
        "state": "Maharashtra",
        "city": "Navi Mumbai",
        "phone": "",
        "fuel_types": "CNG",
        "amenity": "cng",
        "source": "mahanagargas.com"
      },
      "geometry": {
        "type": "Point",
        "coordinates": [
          73.00972762,
          19.11413508
        ]
      }
    },
    {
      "type": "Feature",
      "properties": {
        "name": "Hind Auto; Mahim",
        "brand": "MGL",
        "brand_code": "CNG",
        "operator": "Mahanagar Gas Limited",
        "address": "",
        "state": "Maharashtra",
        "city": "Mumbai Suburbs",
        "phone": "",
        "fuel_types": "CNG",
        "amenity": "cng",
        "source": "mahanagargas.com"
      },
      "geometry": {
        "type": "Point",
        "coordinates": [
          72.84203418,
          19.03666386
        ]
      }
    },
    {
      "type": "Feature",
      "properties": {
        "name": "M/s. Jio-BP Sanpada",
        "brand": "MGL",
        "brand_code": "CNG",
        "operator": "Mahanagar Gas Limited",
        "address": "",
        "state": "Maharashtra",
        "city": "Navi Mumbai",
        "phone": "",
        "fuel_types": "CNG",
        "amenity": "cng",
        "source": "mahanagargas.com"
      },
      "geometry": {
        "type": "Point",
        "coordinates": [
          73.00670162,
          19.05517186
        ]
      }
    },
    {
      "type": "Feature",
      "properties": {
        "name": "M/s Omkar Petroleum; Uran",
        "brand": "MGL",
        "brand_code": "CNG",
        "operator": "Mahanagar Gas Limited",
        "address": "",
        "state": "Maharashtra",
        "city": "Raigad",
        "phone": "",
        "fuel_types": "CNG",
        "amenity": "cng",
        "source": "mahanagargas.com"
      },
      "geometry": {
        "type": "Point",
        "coordinates": [
          72.9770278,
          18.8747222
        ]
      }
    },
    {
      "type": "Feature",
      "properties": {
        "name": "JIO BP Nagothane",
        "brand": "MGL",
        "brand_code": "CNG",
        "operator": "Mahanagar Gas Limited",
        "address": "",
        "state": "Maharashtra",
        "city": "Thane",
        "phone": "",
        "fuel_types": "CNG",
        "amenity": "cng",
        "source": "mahanagargas.com"
      },
      "geometry": {
        "type": "Point",
        "coordinates": [
          73.11911108,
          18.57260459
        ]
      }
    },
    {
      "type": "Feature",
      "properties": {
        "name": "Excel Service Stn; Vileparle",
        "brand": "MGL",
        "brand_code": "CNG",
        "operator": "Mahanagar Gas Limited",
        "address": "",
        "state": "Maharashtra",
        "city": "Mumbai Suburbs",
        "phone": "",
        "fuel_types": "CNG",
        "amenity": "cng",
        "source": "mahanagargas.com"
      },
      "geometry": {
        "type": "Point",
        "coordinates": [
          72.83983794,
          19.09850264
        ]
      }
    },
    {
      "type": "Feature",
      "properties": {
        "name": "BEST Gorai Depot; Borivali (W)",
        "brand": "MGL",
        "brand_code": "CNG",
        "operator": "Mahanagar Gas Limited",
        "address": "",
        "state": "Maharashtra",
        "city": "Mumbai Suburbs",
        "phone": "",
        "fuel_types": "CNG",
        "amenity": "cng",
        "source": "mahanagargas.com"
      },
      "geometry": {
        "type": "Point",
        "coordinates": [
          72.83113795,
          19.23218102
        ]
      }
    },
    {
      "type": "Feature",
      "properties": {
        "name": "Royal Auto Service; Kongaon",
        "brand": "MGL",
        "brand_code": "CNG",
        "operator": "Mahanagar Gas Limited",
        "address": "",
        "state": "Maharashtra",
        "city": "Mumbai Suburbs",
        "phone": "",
        "fuel_types": "CNG",
        "amenity": "cng",
        "source": "mahanagargas.com"
      },
      "geometry": {
        "type": "Point",
        "coordinates": [
          73.09802878,
          19.25288307
        ]
      }
    },
    {
      "type": "Feature",
      "properties": {
        "name": "BonBon Service Station; Andheri",
        "brand": "MGL",
        "brand_code": "CNG",
        "operator": "Mahanagar Gas Limited",
        "address": "",
        "state": "Maharashtra",
        "city": "Mumbai Suburbs",
        "phone": "",
        "fuel_types": "CNG",
        "amenity": "cng",
        "source": "mahanagargas.com"
      },
      "geometry": {
        "type": "Point",
        "coordinates": [
          72.88655975,
          19.10495815
        ]
      }
    },
    {
      "type": "Feature",
      "properties": {
        "name": "M/s Adhoc Shriyam Petroleum; Ranjnoli; Bhiwandi (HPCL)",
        "brand": "MGL",
        "brand_code": "CNG",
        "operator": "Mahanagar Gas Limited",
        "address": "",
        "state": "Maharashtra",
        "city": "Mumbai Suburbs",
        "phone": "",
        "fuel_types": "CNG",
        "amenity": "cng",
        "source": "mahanagargas.com"
      },
      "geometry": {
        "type": "Point",
        "coordinates": [
          73.08866666,
          19.26333331
        ]
      }
    },
    {
      "type": "Feature",
      "properties": {
        "name": "M/s.Lachmandas Petrol Pump;Vile Parle",
        "brand": "MGL",
        "brand_code": "CNG",
        "operator": "Mahanagar Gas Limited",
        "address": "",
        "state": "Maharashtra",
        "city": "Mumbai Suburbs",
        "phone": "",
        "fuel_types": "CNG",
        "amenity": "cng",
        "source": "mahanagargas.com"
      },
      "geometry": {
        "type": "Point",
        "coordinates": [
          72.83986009,
          19.10799958
        ]
      }
    },
    {
      "type": "Feature",
      "properties": {
        "name": "Vijaya Automobiles; Uran",
        "brand": "MGL",
        "brand_code": "CNG",
        "operator": "Mahanagar Gas Limited",
        "address": "",
        "state": "Maharashtra",
        "city": "Raigad",
        "phone": "",
        "fuel_types": "CNG",
        "amenity": "cng",
        "source": "mahanagargas.com"
      },
      "geometry": {
        "type": "Point",
        "coordinates": [
          72.95859573,
          18.88402863
        ]
      }
    },
    {
      "type": "Feature",
      "properties": {
        "name": "Dodhia Petrol Supply; Mira Road",
        "brand": "MGL",
        "brand_code": "CNG",
        "operator": "Mahanagar Gas Limited",
        "address": "",
        "state": "Maharashtra",
        "city": "Mumbai Suburbs",
        "phone": "",
        "fuel_types": "CNG",
        "amenity": "cng",
        "source": "mahanagargas.com"
      },
      "geometry": {
        "type": "Point",
        "coordinates": [
          72.88731691,
          19.27467573
        ]
      }
    },
    {
      "type": "Feature",
      "properties": {
        "name": "M/s Shri Siddhivinayak Petroleum; Shahabaj (HPCL RO)",
        "brand": "MGL",
        "brand_code": "CNG",
        "operator": "Mahanagar Gas Limited",
        "address": "",
        "state": "Maharashtra",
        "city": "Mumbai Suburbs",
        "phone": "",
        "fuel_types": "CNG",
        "amenity": "cng",
        "source": "mahanagargas.com"
      },
      "geometry": {
        "type": "Point",
        "coordinates": [
          73.02083329,
          18.69684623
        ]
      }
    },
    {
      "type": "Feature",
      "properties": {
        "name": "Sarveshwari Petroleum; Somatane",
        "brand": "MGL",
        "brand_code": "CNG",
        "operator": "Mahanagar Gas Limited",
        "address": "",
        "state": "Maharashtra",
        "city": "Navi Mumbai",
        "phone": "",
        "fuel_types": "CNG",
        "amenity": "cng",
        "source": "mahanagargas.com"
      },
      "geometry": {
        "type": "Point",
        "coordinates": [
          73.14715602,
          18.93045935
        ]
      }
    },
    {
      "type": "Feature",
      "properties": {
        "name": "VTWOSM Green Energy Private Limited",
        "brand": "MGL",
        "brand_code": "CNG",
        "operator": "Mahanagar Gas Limited",
        "address": "",
        "state": "Maharashtra",
        "city": "Raigad",
        "phone": "",
        "fuel_types": "CNG",
        "amenity": "cng",
        "source": "mahanagargas.com"
      },
      "geometry": {
        "type": "Point",
        "coordinates": [
          73.07291684,
          18.65469447
        ]
      }
    },
    {
      "type": "Feature",
      "properties": {
        "name": "United Motors; Naupada",
        "brand": "MGL",
        "brand_code": "CNG",
        "operator": "Mahanagar Gas Limited",
        "address": "",
        "state": "Maharashtra",
        "city": "Mumbai Suburbs",
        "phone": "",
        "fuel_types": "CNG",
        "amenity": "cng",
        "source": "mahanagargas.com"
      },
      "geometry": {
        "type": "Point",
        "coordinates": [
          72.97030602,
          19.19308659
        ]
      }
    },
    {
      "type": "Feature",
      "properties": {
        "name": "Raj fleet Centre; Palaspe",
        "brand": "MGL",
        "brand_code": "CNG",
        "operator": "Mahanagar Gas Limited",
        "address": "",
        "state": "Maharashtra",
        "city": "Raigad",
        "phone": "",
        "fuel_types": "CNG",
        "amenity": "cng",
        "source": "mahanagargas.com"
      },
      "geometry": {
        "type": "Point",
        "coordinates": [
          73.13159213,
          18.97140189
        ]
      }
    },
    {
      "type": "Feature",
      "properties": {
        "name": "Parshuram Munde Petroleum; Betwade",
        "brand": "MGL",
        "brand_code": "CNG",
        "operator": "Mahanagar Gas Limited",
        "address": "",
        "state": "Maharashtra",
        "city": "Thane",
        "phone": "",
        "fuel_types": "CNG",
        "amenity": "cng",
        "source": "mahanagargas.com"
      },
      "geometry": {
        "type": "Point",
        "coordinates": [
          73.071143,
          19.1860727
        ]
      }
    },
    {
      "type": "Feature",
      "properties": {
        "name": "P. P. Kharpatil CNG Station",
        "brand": "MGL",
        "brand_code": "CNG",
        "operator": "Mahanagar Gas Limited",
        "address": "",
        "state": "Maharashtra",
        "city": "Raigad",
        "phone": "",
        "fuel_types": "CNG",
        "amenity": "cng",
        "source": "mahanagargas.com"
      },
      "geometry": {
        "type": "Point",
        "coordinates": [
          73.04940357,
          18.8844975
        ]
      }
    },
    {
      "type": "Feature",
      "properties": {
        "name": "Satguru Auto; Wadala",
        "brand": "MGL",
        "brand_code": "CNG",
        "operator": "Mahanagar Gas Limited",
        "address": "",
        "state": "Maharashtra",
        "city": "Mumbai Suburbs",
        "phone": "",
        "fuel_types": "CNG",
        "amenity": "cng",
        "source": "mahanagargas.com"
      },
      "geometry": {
        "type": "Point",
        "coordinates": [
          72.85180194,
          19.01632511
        ]
      }
    },
    {
      "type": "Feature",
      "properties": {
        "name": "Shree Ganesh Enterprises;Vasar-Ambernath",
        "brand": "MGL",
        "brand_code": "CNG",
        "operator": "Mahanagar Gas Limited",
        "address": "",
        "state": "Maharashtra",
        "city": "Mumbai Suburbs",
        "phone": "",
        "fuel_types": "CNG",
        "amenity": "cng",
        "source": "mahanagargas.com"
      },
      "geometry": {
        "type": "Point",
        "coordinates": [
          73.15173866,
          19.18239602
        ]
      }
    },
    {
      "type": "Feature",
      "properties": {
        "name": "Dinesh Auto Service; Ghatkopar",
        "brand": "MGL",
        "brand_code": "CNG",
        "operator": "Mahanagar Gas Limited",
        "address": "",
        "state": "Maharashtra",
        "city": "Mumbai Suburbs",
        "phone": "",
        "fuel_types": "CNG",
        "amenity": "cng",
        "source": "mahanagargas.com"
      },
      "geometry": {
        "type": "Point",
        "coordinates": [
          72.913315,
          19.09381816
        ]
      }
    },
    {
      "type": "Feature",
      "properties": {
        "name": "M/s Jai Santoshi Maa CNG Station;Alibaug",
        "brand": "MGL",
        "brand_code": "CNG",
        "operator": "Mahanagar Gas Limited",
        "address": "",
        "state": "Maharashtra",
        "city": "Raigad",
        "phone": "",
        "fuel_types": "CNG",
        "amenity": "cng",
        "source": "mahanagargas.com"
      },
      "geometry": {
        "type": "Point",
        "coordinates": [
          72.89957874,
          18.66468508
        ]
      }
    },
    {
      "type": "Feature",
      "properties": {
        "name": "American Auto; Byculla",
        "brand": "MGL",
        "brand_code": "CNG",
        "operator": "Mahanagar Gas Limited",
        "address": "",
        "state": "Maharashtra",
        "city": "Mumbai Suburbs",
        "phone": "",
        "fuel_types": "CNG",
        "amenity": "cng",
        "source": "mahanagargas.com"
      },
      "geometry": {
        "type": "Point",
        "coordinates": [
          72.83688005,
          18.9761209
        ]
      }
    },
    {
      "type": "Feature",
      "properties": {
        "name": "MSRTC Bhiwandi Private CNG station",
        "brand": "MGL",
        "brand_code": "CNG",
        "operator": "Mahanagar Gas Limited",
        "address": "",
        "state": "Maharashtra",
        "city": "Mumbai Suburbs",
        "phone": "",
        "fuel_types": "CNG",
        "amenity": "cng",
        "source": "mahanagargas.com"
      },
      "geometry": {
        "type": "Point",
        "coordinates": [
          73.06567639,
          19.30279651
        ]
      }
    },
    {
      "type": "Feature",
      "properties": {
        "name": "Shree Vinayak Petroleum; Mahape",
        "brand": "MGL",
        "brand_code": "CNG",
        "operator": "Mahanagar Gas Limited",
        "address": "",
        "state": "Maharashtra",
        "city": "Raigad",
        "phone": "",
        "fuel_types": "CNG",
        "amenity": "cng",
        "source": "mahanagargas.com"
      },
      "geometry": {
        "type": "Point",
        "coordinates": [
          73.03240156,
          19.11087218
        ]
      }
    },
    {
      "type": "Feature",
      "properties": {
        "name": "JF Panki; Pen",
        "brand": "MGL",
        "brand_code": "CNG",
        "operator": "Mahanagar Gas Limited",
        "address": "",
        "state": "Maharashtra",
        "city": "Raigad",
        "phone": "",
        "fuel_types": "CNG",
        "amenity": "cng",
        "source": "mahanagargas.com"
      },
      "geometry": {
        "type": "Point",
        "coordinates": [
          73.08897194,
          18.73947326
        ]
      }
    },
    {
      "type": "Feature",
      "properties": {
        "name": "Vasani Service Centre; Mira Road",
        "brand": "MGL",
        "brand_code": "CNG",
        "operator": "Mahanagar Gas Limited",
        "address": "",
        "state": "Maharashtra",
        "city": "Mumbai Suburbs",
        "phone": "",
        "fuel_types": "CNG",
        "amenity": "cng",
        "source": "mahanagargas.com"
      },
      "geometry": {
        "type": "Point",
        "coordinates": [
          72.87780186,
          19.26907909
        ]
      }
    },
    {
      "type": "Feature",
      "properties": {
        "name": "SGR Group; Kalyan",
        "brand": "MGL",
        "brand_code": "CNG",
        "operator": "Mahanagar Gas Limited",
        "address": "",
        "state": "Maharashtra",
        "city": "Kalyan",
        "phone": "",
        "fuel_types": "CNG",
        "amenity": "cng",
        "source": "mahanagargas.com"
      },
      "geometry": {
        "type": "Point",
        "coordinates": [
          73.11901802,
          19.24889997
        ]
      }
    },
    {
      "type": "Feature",
      "properties": {
        "name": "Twin City Glass; Taloja",
        "brand": "MGL",
        "brand_code": "CNG",
        "operator": "Mahanagar Gas Limited",
        "address": "",
        "state": "Maharashtra",
        "city": "Raigad",
        "phone": "",
        "fuel_types": "CNG",
        "amenity": "cng",
        "source": "mahanagargas.com"
      },
      "geometry": {
        "type": "Point",
        "coordinates": [
          73.10814987,
          19.05746217
        ]
      }
    },
    {
      "type": "Feature",
      "properties": {
        "name": "Jai Shree Ram; Badlapur",
        "brand": "MGL",
        "brand_code": "CNG",
        "operator": "Mahanagar Gas Limited",
        "address": "",
        "state": "Maharashtra",
        "city": "Mumbai Suburbs",
        "phone": "",
        "fuel_types": "CNG",
        "amenity": "cng",
        "source": "mahanagargas.com"
      },
      "geometry": {
        "type": "Point",
        "coordinates": [
          73.21575715,
          19.18237475
        ]
      }
    },
    {
      "type": "Feature",
      "properties": {
        "name": "Car Care Centre; Goregaon (E)",
        "brand": "MGL",
        "brand_code": "CNG",
        "operator": "Mahanagar Gas Limited",
        "address": "",
        "state": "Maharashtra",
        "city": "Mumbai Suburbs",
        "phone": "",
        "fuel_types": "CNG",
        "amenity": "cng",
        "source": "mahanagargas.com"
      },
      "geometry": {
        "type": "Point",
        "coordinates": [
          72.85753402,
          19.16130345
        ]
      }
    },
    {
      "type": "Feature",
      "properties": {
        "name": "Royal Service Station; Andheri-E",
        "brand": "MGL",
        "brand_code": "CNG",
        "operator": "Mahanagar Gas Limited",
        "address": "",
        "state": "Maharashtra",
        "city": "Mumbai Suburbs",
        "phone": "",
        "fuel_types": "CNG",
        "amenity": "cng",
        "source": "mahanagargas.com"
      },
      "geometry": {
        "type": "Point",
        "coordinates": [
          72.87422075,
          19.10962243
        ]
      }
    },
    {
      "type": "Feature",
      "properties": {
        "name": "MGL CIDCO Kalamboli",
        "brand": "MGL",
        "brand_code": "CNG",
        "operator": "Mahanagar Gas Limited",
        "address": "",
        "state": "Maharashtra",
        "city": "Raigad",
        "phone": "",
        "fuel_types": "CNG",
        "amenity": "cng",
        "source": "mahanagargas.com"
      },
      "geometry": {
        "type": "Point",
        "coordinates": [
          73.103217,
          19.04378154
        ]
      }
    },
    {
      "type": "Feature",
      "properties": {
        "name": "Dahisar Service Station",
        "brand": "MGL",
        "brand_code": "CNG",
        "operator": "Mahanagar Gas Limited",
        "address": "",
        "state": "Maharashtra",
        "city": "Mumbai Suburbs",
        "phone": "",
        "fuel_types": "CNG",
        "amenity": "cng",
        "source": "mahanagargas.com"
      },
      "geometry": {
        "type": "Point",
        "coordinates": [
          72.88069565,
          19.27174666
        ]
      }
    },
    {
      "type": "Feature",
      "properties": {
        "name": "MSRTC Alibaug Private CNG Station;Alibaug",
        "brand": "MGL",
        "brand_code": "CNG",
        "operator": "Mahanagar Gas Limited",
        "address": "",
        "state": "Maharashtra",
        "city": "Raigad",
        "phone": "",
        "fuel_types": "CNG",
        "amenity": "cng",
        "source": "mahanagargas.com"
      },
      "geometry": {
        "type": "Point",
        "coordinates": [
          72.87437843,
          18.64782963
        ]
      }
    },
    {
      "type": "Feature",
      "properties": {
        "name": "Radha Kishan Lalchand; Naupada",
        "brand": "MGL",
        "brand_code": "CNG",
        "operator": "Mahanagar Gas Limited",
        "address": "",
        "state": "Maharashtra",
        "city": "Thane",
        "phone": "",
        "fuel_types": "CNG",
        "amenity": "cng",
        "source": "mahanagargas.com"
      },
      "geometry": {
        "type": "Point",
        "coordinates": [
          72.97027822,
          19.19272478
        ]
      }
    },
    {
      "type": "Feature",
      "properties": {
        "name": "Hind Automobiles; Wadi Bunder",
        "brand": "MGL",
        "brand_code": "CNG",
        "operator": "Mahanagar Gas Limited",
        "address": "",
        "state": "Maharashtra",
        "city": "Mumbai Suburbs",
        "phone": "",
        "fuel_types": "CNG",
        "amenity": "cng",
        "source": "mahanagargas.com"
      },
      "geometry": {
        "type": "Point",
        "coordinates": [
          72.84252908,
          18.95592212
        ]
      }
    },
    {
      "type": "Feature",
      "properties": {
        "name": "Kwality Chemicals ; Dombivali",
        "brand": "MGL",
        "brand_code": "CNG",
        "operator": "Mahanagar Gas Limited",
        "address": "",
        "state": "Maharashtra",
        "city": "Mumbai Suburbs",
        "phone": "",
        "fuel_types": "CNG",
        "amenity": "cng",
        "source": "mahanagargas.com"
      },
      "geometry": {
        "type": "Point",
        "coordinates": [
          73.10752593,
          19.21888791
        ]
      }
    },
    {
      "type": "Feature",
      "properties": {
        "name": "Speciality Flocks; Khairane",
        "brand": "MGL",
        "brand_code": "CNG",
        "operator": "Mahanagar Gas Limited",
        "address": "",
        "state": "Maharashtra",
        "city": "Navi Mumbai",
        "phone": "",
        "fuel_types": "CNG",
        "amenity": "cng",
        "source": "mahanagargas.com"
      },
      "geometry": {
        "type": "Point",
        "coordinates": [
          73.01755876,
          19.09895144
        ]
      }
    },
    {
      "type": "Feature",
      "properties": {
        "name": "M/s MGL MIDC Taloja X-38",
        "brand": "MGL",
        "brand_code": "CNG",
        "operator": "Mahanagar Gas Limited",
        "address": "",
        "state": "Maharashtra",
        "city": "Navi Mumbai",
        "phone": "",
        "fuel_types": "CNG",
        "amenity": "cng",
        "source": "mahanagargas.com"
      },
      "geometry": {
        "type": "Point",
        "coordinates": [
          73.14016612,
          19.0736361
        ]
      }
    },
    {
      "type": "Feature",
      "properties": {
        "name": "Siddhivinayak CNG; Titwala",
        "brand": "MGL",
        "brand_code": "CNG",
        "operator": "Mahanagar Gas Limited",
        "address": "",
        "state": "Maharashtra",
        "city": "Mumbai Suburbs",
        "phone": "",
        "fuel_types": "CNG",
        "amenity": "cng",
        "source": "mahanagargas.com"
      },
      "geometry": {
        "type": "Point",
        "coordinates": [
          73.23482935,
          19.27066431
        ]
      }
    },
    {
      "type": "Feature",
      "properties": {
        "name": "M/s. K. E. Zojwalla & Co. Kalyan (HPCL)",
        "brand": "MGL",
        "brand_code": "CNG",
        "operator": "Mahanagar Gas Limited",
        "address": "",
        "state": "Maharashtra",
        "city": "Kalyan",
        "phone": "",
        "fuel_types": "CNG",
        "amenity": "cng",
        "source": "mahanagargas.com"
      },
      "geometry": {
        "type": "Point",
        "coordinates": [
          73.12638381,
          19.23677862
        ]
      }
    },
    {
      "type": "Feature",
      "properties": {
        "name": "VT Highway; Bhiwandi",
        "brand": "MGL",
        "brand_code": "CNG",
        "operator": "Mahanagar Gas Limited",
        "address": "",
        "state": "Maharashtra",
        "city": "Mumbai Suburbs",
        "phone": "",
        "fuel_types": "CNG",
        "amenity": "cng",
        "source": "mahanagargas.com"
      },
      "geometry": {
        "type": "Point",
        "coordinates": [
          73.07774179,
          19.31827515
        ]
      }
    },
    {
      "type": "Feature",
      "properties": {
        "name": "Raj Auto Service Centre; Turbhe",
        "brand": "MGL",
        "brand_code": "CNG",
        "operator": "Mahanagar Gas Limited",
        "address": "",
        "state": "Maharashtra",
        "city": "Navi Mumbai",
        "phone": "",
        "fuel_types": "CNG",
        "amenity": "cng",
        "source": "mahanagargas.com"
      },
      "geometry": {
        "type": "Point",
        "coordinates": [
          73.02313599,
          19.06293203
        ]
      }
    },
    {
      "type": "Feature",
      "properties": {
        "name": "Dashmesh Automobiles; Kurla",
        "brand": "MGL",
        "brand_code": "CNG",
        "operator": "Mahanagar Gas Limited",
        "address": "",
        "state": "Maharashtra",
        "city": "Mumbai Suburbs",
        "phone": "",
        "fuel_types": "CNG",
        "amenity": "cng",
        "source": "mahanagargas.com"
      },
      "geometry": {
        "type": "Point",
        "coordinates": [
          72.88553714,
          19.08499754
        ]
      }
    },
    {
      "type": "Feature",
      "properties": {
        "name": "Shubham Auto Services; Koparkhairane",
        "brand": "MGL",
        "brand_code": "CNG",
        "operator": "Mahanagar Gas Limited",
        "address": "",
        "state": "Maharashtra",
        "city": "Navi Mumbai",
        "phone": "",
        "fuel_types": "CNG",
        "amenity": "cng",
        "source": "mahanagargas.com"
      },
      "geometry": {
        "type": "Point",
        "coordinates": [
          73.00920886,
          19.10653755
        ]
      }
    },
    {
      "type": "Feature",
      "properties": {
        "name": "City Service; Prabhadevi",
        "brand": "MGL",
        "brand_code": "CNG",
        "operator": "Mahanagar Gas Limited",
        "address": "",
        "state": "Maharashtra",
        "city": "Mumbai Suburbs",
        "phone": "",
        "fuel_types": "CNG",
        "amenity": "cng",
        "source": "mahanagargas.com"
      },
      "geometry": {
        "type": "Point",
        "coordinates": [
          72.83092419,
          19.01786452
        ]
      }
    },
    {
      "type": "Feature",
      "properties": {
        "name": "MGL Mankhurd",
        "brand": "MGL",
        "brand_code": "CNG",
        "operator": "Mahanagar Gas Limited",
        "address": "",
        "state": "Maharashtra",
        "city": "Mumbai Suburbs",
        "phone": "",
        "fuel_types": "CNG",
        "amenity": "cng",
        "source": "mahanagargas.com"
      },
      "geometry": {
        "type": "Point",
        "coordinates": [
          72.93082089,
          19.0569012
        ]
      }
    },
    {
      "type": "Feature",
      "properties": {
        "name": "Dhumal CNG;Asalpha",
        "brand": "MGL",
        "brand_code": "CNG",
        "operator": "Mahanagar Gas Limited",
        "address": "",
        "state": "Maharashtra",
        "city": "Mumbai Suburbs",
        "phone": "",
        "fuel_types": "CNG",
        "amenity": "cng",
        "source": "mahanagargas.com"
      },
      "geometry": {
        "type": "Point",
        "coordinates": [
          72.89702537,
          19.09479222
        ]
      }
    },
    {
      "type": "Feature",
      "properties": {
        "name": "Lucky Auto; Sion",
        "brand": "MGL",
        "brand_code": "CNG",
        "operator": "Mahanagar Gas Limited",
        "address": "",
        "state": "Maharashtra",
        "city": "Mumbai Suburbs",
        "phone": "",
        "fuel_types": "CNG",
        "amenity": "cng",
        "source": "mahanagargas.com"
      },
      "geometry": {
        "type": "Point",
        "coordinates": [
          72.86034851,
          19.03152391
        ]
      }
    },
    {
      "type": "Feature",
      "properties": {
        "name": "Datta Digambar Automobiles;Vinegaon",
        "brand": "MGL",
        "brand_code": "CNG",
        "operator": "Mahanagar Gas Limited",
        "address": "",
        "state": "Maharashtra",
        "city": "Mumbai Suburbs",
        "phone": "",
        "fuel_types": "CNG",
        "amenity": "cng",
        "source": "mahanagargas.com"
      },
      "geometry": {
        "type": "Point",
        "coordinates": [
          73.27181322,
          18.87358065
        ]
      }
    },
    {
      "type": "Feature",
      "properties": {
        "name": "Global Automobiles; Mulund (W)",
        "brand": "MGL",
        "brand_code": "CNG",
        "operator": "Mahanagar Gas Limited",
        "address": "",
        "state": "Maharashtra",
        "city": "Mumbai Suburbs",
        "phone": "",
        "fuel_types": "CNG",
        "amenity": "cng",
        "source": "mahanagargas.com"
      },
      "geometry": {
        "type": "Point",
        "coordinates": [
          72.93965412,
          19.16971716
        ]
      }
    },
    {
      "type": "Feature",
      "properties": {
        "name": "MSRTC Vitthalwadi Depot - Captive",
        "brand": "MGL",
        "brand_code": "CNG",
        "operator": "Mahanagar Gas Limited",
        "address": "",
        "state": "Maharashtra",
        "city": "Kalyan",
        "phone": "",
        "fuel_types": "CNG",
        "amenity": "cng",
        "source": "mahanagargas.com"
      },
      "geometry": {
        "type": "Point",
        "coordinates": [
          73.14903169,
          19.22743827
        ]
      }
    },
    {
      "type": "Feature",
      "properties": {
        "name": "MSRTC PEN CAPTIVE CNG STATION",
        "brand": "MGL",
        "brand_code": "CNG",
        "operator": "Mahanagar Gas Limited",
        "address": "",
        "state": "Maharashtra",
        "city": "Raigad",
        "phone": "",
        "fuel_types": "CNG",
        "amenity": "cng",
        "source": "mahanagargas.com"
      },
      "geometry": {
        "type": "Point",
        "coordinates": [
          73.08358862,
          18.73132184
        ]
      }
    },
    {
      "type": "Feature",
      "properties": {
        "name": "COCO Bandra; Bandra (W)",
        "brand": "MGL",
        "brand_code": "CNG",
        "operator": "Mahanagar Gas Limited",
        "address": "",
        "state": "Maharashtra",
        "city": "Mumbai Suburbs",
        "phone": "",
        "fuel_types": "CNG",
        "amenity": "cng",
        "source": "mahanagargas.com"
      },
      "geometry": {
        "type": "Point",
        "coordinates": [
          72.8383397,
          19.05354312
        ]
      }
    },
    {
      "type": "Feature",
      "properties": {
        "name": "Lakhbir Auto; Kalina",
        "brand": "MGL",
        "brand_code": "CNG",
        "operator": "Mahanagar Gas Limited",
        "address": "",
        "state": "Maharashtra",
        "city": "Mumbai Suburbs",
        "phone": "",
        "fuel_types": "CNG",
        "amenity": "cng",
        "source": "mahanagargas.com"
      },
      "geometry": {
        "type": "Point",
        "coordinates": [
          72.86241056,
          19.07068402
        ]
      }
    },
    {
      "type": "Feature",
      "properties": {
        "name": "Pankaj Automobiles; Rasayani",
        "brand": "MGL",
        "brand_code": "CNG",
        "operator": "Mahanagar Gas Limited",
        "address": "",
        "state": "Maharashtra",
        "city": "Raigad",
        "phone": "",
        "fuel_types": "CNG",
        "amenity": "cng",
        "source": "mahanagargas.com"
      },
      "geometry": {
        "type": "Point",
        "coordinates": [
          73.17310568,
          18.88641535
        ]
      }
    },
    {
      "type": "Feature",
      "properties": {
        "name": "Aikee Auto; Thane",
        "brand": "MGL",
        "brand_code": "CNG",
        "operator": "Mahanagar Gas Limited",
        "address": "",
        "state": "Maharashtra",
        "city": "Thane",
        "phone": "",
        "fuel_types": "CNG",
        "amenity": "cng",
        "source": "mahanagargas.com"
      },
      "geometry": {
        "type": "Point",
        "coordinates": [
          72.95340159,
          19.19409754
        ]
      }
    },
    {
      "type": "Feature",
      "properties": {
        "name": "Auto Resort; Chembur",
        "brand": "MGL",
        "brand_code": "CNG",
        "operator": "Mahanagar Gas Limited",
        "address": "",
        "state": "Maharashtra",
        "city": "Mumbai Suburbs",
        "phone": "",
        "fuel_types": "CNG",
        "amenity": "cng",
        "source": "mahanagargas.com"
      },
      "geometry": {
        "type": "Point",
        "coordinates": [
          72.91629779,
          19.04584973
        ]
      }
    },
    {
      "type": "Feature",
      "properties": {
        "name": "Poonam Auto; Chembur",
        "brand": "MGL",
        "brand_code": "CNG",
        "operator": "Mahanagar Gas Limited",
        "address": "",
        "state": "Maharashtra",
        "city": "Mumbai Suburbs",
        "phone": "",
        "fuel_types": "CNG",
        "amenity": "cng",
        "source": "mahanagargas.com"
      },
      "geometry": {
        "type": "Point",
        "coordinates": [
          72.88656644,
          19.05332427
        ]
      }
    },
    {
      "type": "Feature",
      "properties": {
        "name": "M/s Credence & Confidence Industries LLP; Byculla",
        "brand": "MGL",
        "brand_code": "CNG",
        "operator": "Mahanagar Gas Limited",
        "address": "",
        "state": "Maharashtra",
        "city": "Mumbai Suburbs",
        "phone": "",
        "fuel_types": "CNG",
        "amenity": "cng",
        "source": "mahanagargas.com"
      },
      "geometry": {
        "type": "Point",
        "coordinates": [
          72.82747752,
          18.97703608
        ]
      }
    },
    {
      "type": "Feature",
      "properties": {
        "name": "Indus Filling Station; Wadala",
        "brand": "MGL",
        "brand_code": "CNG",
        "operator": "Mahanagar Gas Limited",
        "address": "",
        "state": "Maharashtra",
        "city": "Mumbai Suburbs",
        "phone": "",
        "fuel_types": "CNG",
        "amenity": "cng",
        "source": "mahanagargas.com"
      },
      "geometry": {
        "type": "Point",
        "coordinates": [
          72.87602929,
          19.03615761
        ]
      }
    },
    {
      "type": "Feature",
      "properties": {
        "name": "National Petrol; Dadar (W)",
        "brand": "MGL",
        "brand_code": "CNG",
        "operator": "Mahanagar Gas Limited",
        "address": "",
        "state": "Maharashtra",
        "city": "Mumbai Suburbs",
        "phone": "",
        "fuel_types": "CNG",
        "amenity": "cng",
        "source": "mahanagargas.com"
      },
      "geometry": {
        "type": "Point",
        "coordinates": [
          72.83711736,
          19.02145304
        ]
      }
    },
    {
      "type": "Feature",
      "properties": {
        "name": "MSRTC Roha Private CNG Station; Roha",
        "brand": "MGL",
        "brand_code": "CNG",
        "operator": "Mahanagar Gas Limited",
        "address": "",
        "state": "Maharashtra",
        "city": "Raigad",
        "phone": "",
        "fuel_types": "CNG",
        "amenity": "cng",
        "source": "mahanagargas.com"
      },
      "geometry": {
        "type": "Point",
        "coordinates": [
          73.11032457,
          18.441516
        ]
      }
    },
    {
      "type": "Feature",
      "properties": {
        "name": "Shree CNG; Chembur",
        "brand": "MGL",
        "brand_code": "CNG",
        "operator": "Mahanagar Gas Limited",
        "address": "",
        "state": "Maharashtra",
        "city": "Mumbai Suburbs",
        "phone": "",
        "fuel_types": "CNG",
        "amenity": "cng",
        "source": "mahanagargas.com"
      },
      "geometry": {
        "type": "Point",
        "coordinates": [
          72.91001235,
          19.05062615
        ]
      }
    },
    {
      "type": "Feature",
      "properties": {
        "name": "Amravati Petroleum; Dombivali",
        "brand": "MGL",
        "brand_code": "CNG",
        "operator": "Mahanagar Gas Limited",
        "address": "",
        "state": "Maharashtra",
        "city": "Mumbai Suburbs",
        "phone": "",
        "fuel_types": "CNG",
        "amenity": "cng",
        "source": "mahanagargas.com"
      },
      "geometry": {
        "type": "Point",
        "coordinates": [
          73.08591342,
          19.17444048
        ]
      }
    },
    {
      "type": "Feature",
      "properties": {
        "name": "Broadway Automobiles; Thane",
        "brand": "MGL",
        "brand_code": "CNG",
        "operator": "Mahanagar Gas Limited",
        "address": "",
        "state": "Maharashtra",
        "city": "Thane",
        "phone": "",
        "fuel_types": "CNG",
        "amenity": "cng",
        "source": "mahanagargas.com"
      },
      "geometry": {
        "type": "Point",
        "coordinates": [
          72.97832435,
          19.21976972
        ]
      }
    },
    {
      "type": "Feature",
      "properties": {
        "name": "Three Star Service; BKC",
        "brand": "MGL",
        "brand_code": "CNG",
        "operator": "Mahanagar Gas Limited",
        "address": "",
        "state": "Maharashtra",
        "city": "Mumbai Suburbs",
        "phone": "",
        "fuel_types": "CNG",
        "amenity": "cng",
        "source": "mahanagargas.com"
      },
      "geometry": {
        "type": "Point",
        "coordinates": [
          72.86680203,
          19.06637157
        ]
      }
    },
    {
      "type": "Feature",
      "properties": {
        "name": "Sanjeev Service Station; Deonar (HPCL)",
        "brand": "MGL",
        "brand_code": "CNG",
        "operator": "Mahanagar Gas Limited",
        "address": "",
        "state": "Maharashtra",
        "city": "Mumbai Suburbs",
        "phone": "",
        "fuel_types": "CNG",
        "amenity": "cng",
        "source": "mahanagargas.com"
      },
      "geometry": {
        "type": "Point",
        "coordinates": [
          72.9159171,
          19.04486708
        ]
      }
    },
    {
      "type": "Feature",
      "properties": {
        "name": "Mahaveer Auto; Bhandup (W)",
        "brand": "MGL",
        "brand_code": "CNG",
        "operator": "Mahanagar Gas Limited",
        "address": "",
        "state": "Maharashtra",
        "city": "Mumbai Suburbs",
        "phone": "",
        "fuel_types": "CNG",
        "amenity": "cng",
        "source": "mahanagargas.com"
      },
      "geometry": {
        "type": "Point",
        "coordinates": [
          72.93796357,
          19.15569293
        ]
      }
    },
    {
      "type": "Feature",
      "properties": {
        "name": "M/s Mangalmurti Automobiles;Dahisar Mori",
        "brand": "MGL",
        "brand_code": "CNG",
        "operator": "Mahanagar Gas Limited",
        "address": "",
        "state": "Maharashtra",
        "city": "Mumbai Suburbs",
        "phone": "",
        "fuel_types": "CNG",
        "amenity": "cng",
        "source": "mahanagargas.com"
      },
      "geometry": {
        "type": "Point",
        "coordinates": [
          73.05876116,
          19.11666074
        ]
      }
    },
    {
      "type": "Feature",
      "properties": {
        "name": "Hind Auomobiles; King's Circle",
        "brand": "MGL",
        "brand_code": "CNG",
        "operator": "Mahanagar Gas Limited",
        "address": "",
        "state": "Maharashtra",
        "city": "Mumbai Suburbs",
        "phone": "",
        "fuel_types": "CNG",
        "amenity": "cng",
        "source": "mahanagargas.com"
      },
      "geometry": {
        "type": "Point",
        "coordinates": [
          72.8580966,
          19.02871647
        ]
      }
    },
    {
      "type": "Feature",
      "properties": {
        "name": "Mayuresh Automobiles; Badlapur",
        "brand": "MGL",
        "brand_code": "CNG",
        "operator": "Mahanagar Gas Limited",
        "address": "",
        "state": "Maharashtra",
        "city": "Mumbai Suburbs",
        "phone": "",
        "fuel_types": "CNG",
        "amenity": "cng",
        "source": "mahanagargas.com"
      },
      "geometry": {
        "type": "Point",
        "coordinates": [
          73.21780329,
          19.18115327
        ]
      }
    },
    {
      "type": "Feature",
      "properties": {
        "name": "M/s Mauli Enterprises",
        "brand": "MGL",
        "brand_code": "CNG",
        "operator": "Mahanagar Gas Limited",
        "address": "",
        "state": "Maharashtra",
        "city": "Raigad",
        "phone": "",
        "fuel_types": "CNG",
        "amenity": "cng",
        "source": "mahanagargas.com"
      },
      "geometry": {
        "type": "Point",
        "coordinates": [
          73.31468661,
          18.80968421
        ]
      }
    },
    {
      "type": "Feature",
      "properties": {
        "name": "M/s R Shivaji Energy Services; Karjat",
        "brand": "MGL",
        "brand_code": "CNG",
        "operator": "Mahanagar Gas Limited",
        "address": "",
        "state": "Maharashtra",
        "city": "Raigad",
        "phone": "",
        "fuel_types": "CNG",
        "amenity": "cng",
        "source": "mahanagargas.com"
      },
      "geometry": {
        "type": "Point",
        "coordinates": [
          73.34702289,
          18.93698299
        ]
      }
    },
    {
      "type": "Feature",
      "properties": {
        "name": "M/s. Saish Auto (HPCL)",
        "brand": "MGL",
        "brand_code": "CNG",
        "operator": "Mahanagar Gas Limited",
        "address": "",
        "state": "Maharashtra",
        "city": "Mumbai Suburbs",
        "phone": "",
        "fuel_types": "CNG",
        "amenity": "cng",
        "source": "mahanagargas.com"
      },
      "geometry": {
        "type": "Point",
        "coordinates": [
          72.87963467,
          19.07819447
        ]
      }
    },
    {
      "type": "Feature",
      "properties": {
        "name": "TMT Depot (Outside); Thane",
        "brand": "MGL",
        "brand_code": "CNG",
        "operator": "Mahanagar Gas Limited",
        "address": "",
        "state": "Maharashtra",
        "city": "Thane",
        "phone": "",
        "fuel_types": "CNG",
        "amenity": "cng",
        "source": "mahanagargas.com"
      },
      "geometry": {
        "type": "Point",
        "coordinates": [
          72.94509091,
          19.20171516
        ]
      }
    },
    {
      "type": "Feature",
      "properties": {
        "name": "RR Fuels; Bhiwandi",
        "brand": "MGL",
        "brand_code": "CNG",
        "operator": "Mahanagar Gas Limited",
        "address": "",
        "state": "Maharashtra",
        "city": "Mumbai Suburbs",
        "phone": "",
        "fuel_types": "CNG",
        "amenity": "cng",
        "source": "mahanagargas.com"
      },
      "geometry": {
        "type": "Point",
        "coordinates": [
          73.08379645,
          19.26802371
        ]
      }
    },
    {
      "type": "Feature",
      "properties": {
        "name": "Techno Auto Service; Dombivali",
        "brand": "MGL",
        "brand_code": "CNG",
        "operator": "Mahanagar Gas Limited",
        "address": "",
        "state": "Maharashtra",
        "city": "Mumbai Suburbs",
        "phone": "",
        "fuel_types": "CNG",
        "amenity": "cng",
        "source": "mahanagargas.com"
      },
      "geometry": {
        "type": "Point",
        "coordinates": [
          73.11276818,
          19.21128466
        ]
      }
    },
    {
      "type": "Feature",
      "properties": {
        "name": "Patil Petroleum; Badalpur",
        "brand": "MGL",
        "brand_code": "CNG",
        "operator": "Mahanagar Gas Limited",
        "address": "",
        "state": "Maharashtra",
        "city": "Mumbai Suburbs",
        "phone": "",
        "fuel_types": "CNG",
        "amenity": "cng",
        "source": "mahanagargas.com"
      },
      "geometry": {
        "type": "Point",
        "coordinates": [
          73.22321906,
          19.18073936
        ]
      }
    },
    {
      "type": "Feature",
      "properties": {
        "name": "Sai Service Station; Kashi-Mira",
        "brand": "MGL",
        "brand_code": "CNG",
        "operator": "Mahanagar Gas Limited",
        "address": "",
        "state": "Maharashtra",
        "city": "Mumbai Suburbs",
        "phone": "",
        "fuel_types": "CNG",
        "amenity": "cng",
        "source": "mahanagargas.com"
      },
      "geometry": {
        "type": "Point",
        "coordinates": [
          72.86281758,
          19.29081947
        ]
      }
    },
    {
      "type": "Feature",
      "properties": {
        "name": "Bright Brothers; Saphed Pool",
        "brand": "MGL",
        "brand_code": "CNG",
        "operator": "Mahanagar Gas Limited",
        "address": "",
        "state": "Maharashtra",
        "city": "Mumbai Suburbs",
        "phone": "",
        "fuel_types": "CNG",
        "amenity": "cng",
        "source": "mahanagargas.com"
      },
      "geometry": {
        "type": "Point",
        "coordinates": [
          72.88401375,
          19.09595671
        ]
      }
    },
    {
      "type": "Feature",
      "properties": {
        "name": "M/s Kalash Mobility Services; Chirad",
        "brand": "MGL",
        "brand_code": "CNG",
        "operator": "Mahanagar Gas Limited",
        "address": "",
        "state": "Maharashtra",
        "city": "Raigad",
        "phone": "",
        "fuel_types": "CNG",
        "amenity": "cng",
        "source": "mahanagargas.com"
      },
      "geometry": {
        "type": "Point",
        "coordinates": [
          73.12039116,
          19.14800663
        ]
      }
    },
    {
      "type": "Feature",
      "properties": {
        "name": "Gurukripa Auto Service; Sanpada",
        "brand": "MGL",
        "brand_code": "CNG",
        "operator": "Mahanagar Gas Limited",
        "address": "",
        "state": "Maharashtra",
        "city": "Navi Mumbai",
        "phone": "",
        "fuel_types": "CNG",
        "amenity": "cng",
        "source": "mahanagargas.com"
      },
      "geometry": {
        "type": "Point",
        "coordinates": [
          73.01077657,
          19.06328602
        ]
      }
    },
    {
      "type": "Feature",
      "properties": {
        "name": "Virani Automobiles; Mumbra",
        "brand": "MGL",
        "brand_code": "CNG",
        "operator": "Mahanagar Gas Limited",
        "address": "",
        "state": "Maharashtra",
        "city": "Raigad",
        "phone": "",
        "fuel_types": "CNG",
        "amenity": "cng",
        "source": "mahanagargas.com"
      },
      "geometry": {
        "type": "Point",
        "coordinates": [
          73.02776664,
          19.16528888
        ]
      }
    },
    {
      "type": "Feature",
      "properties": {
        "name": "MNS Enterprises; Rabale",
        "brand": "MGL",
        "brand_code": "CNG",
        "operator": "Mahanagar Gas Limited",
        "address": "",
        "state": "Maharashtra",
        "city": "Navi Mumbai",
        "phone": "",
        "fuel_types": "CNG",
        "amenity": "cng",
        "source": "mahanagargas.com"
      },
      "geometry": {
        "type": "Point",
        "coordinates": [
          73.00435095,
          19.14128556
        ]
      }
    },
    {
      "type": "Feature",
      "properties": {
        "name": "Aadarsh Petroleum; Bhiwandi",
        "brand": "MGL",
        "brand_code": "CNG",
        "operator": "Mahanagar Gas Limited",
        "address": "",
        "state": "Maharashtra",
        "city": "Mumbai Suburbs",
        "phone": "",
        "fuel_types": "CNG",
        "amenity": "cng",
        "source": "mahanagargas.com"
      },
      "geometry": {
        "type": "Point",
        "coordinates": [
          73.10812861,
          19.32237416
        ]
      }
    },
    {
      "type": "Feature",
      "properties": {
        "name": "GOM Malad",
        "brand": "MGL",
        "brand_code": "CNG",
        "operator": "Mahanagar Gas Limited",
        "address": "",
        "state": "Maharashtra",
        "city": "Mumbai Suburbs",
        "phone": "",
        "fuel_types": "CNG",
        "amenity": "cng",
        "source": "mahanagargas.com"
      },
      "geometry": {
        "type": "Point",
        "coordinates": [
          72.83747302,
          19.17521894
        ]
      }
    },
    {
      "type": "Feature",
      "properties": {
        "name": "Singh Filling Station; Pimpri",
        "brand": "MGL",
        "brand_code": "CNG",
        "operator": "Mahanagar Gas Limited",
        "address": "",
        "state": "Maharashtra",
        "city": "Thane",
        "phone": "",
        "fuel_types": "CNG",
        "amenity": "cng",
        "source": "mahanagargas.com"
      },
      "geometry": {
        "type": "Point",
        "coordinates": [
          73.0549406,
          19.12291002
        ]
      }
    },
    {
      "type": "Feature",
      "properties": {
        "name": "Mahalaxmi Automobile; Usatane",
        "brand": "MGL",
        "brand_code": "CNG",
        "operator": "Mahanagar Gas Limited",
        "address": "",
        "state": "Maharashtra",
        "city": "Raigad",
        "phone": "",
        "fuel_types": "CNG",
        "amenity": "cng",
        "source": "mahanagargas.com"
      },
      "geometry": {
        "type": "Point",
        "coordinates": [
          73.12458044,
          19.12192661
        ]
      }
    },
    {
      "type": "Feature",
      "properties": {
        "name": "MSRTC Alibaug Captive CNG Station",
        "brand": "MGL",
        "brand_code": "CNG",
        "operator": "Mahanagar Gas Limited",
        "address": "",
        "state": "Maharashtra",
        "city": "Mumbai Suburbs",
        "phone": "",
        "fuel_types": "CNG",
        "amenity": "cng",
        "source": "mahanagargas.com"
      },
      "geometry": {
        "type": "Point",
        "coordinates": [
          72.87438001,
          18.64779424
        ]
      }
    },
    {
      "type": "Feature",
      "properties": {
        "name": "Zojwalla Highway Service; Panvel",
        "brand": "MGL",
        "brand_code": "CNG",
        "operator": "Mahanagar Gas Limited",
        "address": "",
        "state": "Maharashtra",
        "city": "Raigad",
        "phone": "",
        "fuel_types": "CNG",
        "amenity": "cng",
        "source": "mahanagargas.com"
      },
      "geometry": {
        "type": "Point",
        "coordinates": [
          73.12307056,
          18.97471542
        ]
      }
    },
    {
      "type": "Feature",
      "properties": {
        "name": "Palm Beach CNG Station; Vashi",
        "brand": "MGL",
        "brand_code": "CNG",
        "operator": "Mahanagar Gas Limited",
        "address": "",
        "state": "Maharashtra",
        "city": "Navi Mumbai",
        "phone": "",
        "fuel_types": "CNG",
        "amenity": "cng",
        "source": "mahanagargas.com"
      },
      "geometry": {
        "type": "Point",
        "coordinates": [
          73.00971427,
          19.08843428
        ]
      }
    },
    {
      "type": "Feature",
      "properties": {
        "name": "Vashi Petroleum; Sec-18; Vashi",
        "brand": "MGL",
        "brand_code": "CNG",
        "operator": "Mahanagar Gas Limited",
        "address": "",
        "state": "Maharashtra",
        "city": "Navi Mumbai",
        "phone": "",
        "fuel_types": "CNG",
        "amenity": "cng",
        "source": "mahanagargas.com"
      },
      "geometry": {
        "type": "Point",
        "coordinates": [
          73.00389287,
          19.0735533
        ]
      }
    },
    {
      "type": "Feature",
      "properties": {
        "name": "Samrudh Auto; Kurla (W)",
        "brand": "MGL",
        "brand_code": "CNG",
        "operator": "Mahanagar Gas Limited",
        "address": "",
        "state": "Maharashtra",
        "city": "Mumbai Suburbs",
        "phone": "",
        "fuel_types": "CNG",
        "amenity": "cng",
        "source": "mahanagargas.com"
      },
      "geometry": {
        "type": "Point",
        "coordinates": [
          72.89067812,
          19.08494312
        ]
      }
    },
    {
      "type": "Feature",
      "properties": {
        "name": "Shree Sharada Automobiles; Alibaug",
        "brand": "MGL",
        "brand_code": "CNG",
        "operator": "Mahanagar Gas Limited",
        "address": "",
        "state": "Maharashtra",
        "city": "Raigad",
        "phone": "",
        "fuel_types": "CNG",
        "amenity": "cng",
        "source": "mahanagargas.com"
      },
      "geometry": {
        "type": "Point",
        "coordinates": [
          72.92442959,
          18.59373727
        ]
      }
    },
    {
      "type": "Feature",
      "properties": {
        "name": "MSRTC Khopat Depot; Thane",
        "brand": "MGL",
        "brand_code": "CNG",
        "operator": "Mahanagar Gas Limited",
        "address": "",
        "state": "Maharashtra",
        "city": "Thane",
        "phone": "",
        "fuel_types": "CNG",
        "amenity": "cng",
        "source": "mahanagargas.com"
      },
      "geometry": {
        "type": "Point",
        "coordinates": [
          72.97256122,
          19.20198531
        ]
      }
    },
    {
      "type": "Feature",
      "properties": {
        "name": "Batra Brothers; Sakinaka",
        "brand": "MGL",
        "brand_code": "CNG",
        "operator": "Mahanagar Gas Limited",
        "address": "",
        "state": "Maharashtra",
        "city": "Mumbai Suburbs",
        "phone": "",
        "fuel_types": "CNG",
        "amenity": "cng",
        "source": "mahanagargas.com"
      },
      "geometry": {
        "type": "Point",
        "coordinates": [
          72.88766985,
          19.1047878
        ]
      }
    },
    {
      "type": "Feature",
      "properties": {
        "name": "Gulati Auto; Bandra (W)",
        "brand": "MGL",
        "brand_code": "CNG",
        "operator": "Mahanagar Gas Limited",
        "address": "",
        "state": "Maharashtra",
        "city": "Mumbai Suburbs",
        "phone": "",
        "fuel_types": "CNG",
        "amenity": "cng",
        "source": "mahanagargas.com"
      },
      "geometry": {
        "type": "Point",
        "coordinates": [
          72.83723904,
          19.05505446
        ]
      }
    },
    {
      "type": "Feature",
      "properties": {
        "name": "Anjur Service Centre; Bhiwandi",
        "brand": "MGL",
        "brand_code": "CNG",
        "operator": "Mahanagar Gas Limited",
        "address": "",
        "state": "Maharashtra",
        "city": "Mumbai Suburbs",
        "phone": "",
        "fuel_types": "CNG",
        "amenity": "cng",
        "source": "mahanagargas.com"
      },
      "geometry": {
        "type": "Point",
        "coordinates": [
          73.04514898,
          19.24302607
        ]
      }
    },
    {
      "type": "Feature",
      "properties": {
        "name": "Suburban Service Station; Bandra",
        "brand": "MGL",
        "brand_code": "CNG",
        "operator": "Mahanagar Gas Limited",
        "address": "",
        "state": "Maharashtra",
        "city": "Mumbai Suburbs",
        "phone": "",
        "fuel_types": "CNG",
        "amenity": "cng",
        "source": "mahanagargas.com"
      },
      "geometry": {
        "type": "Point",
        "coordinates": [
          72.83713753,
          19.05796734
        ]
      }
    },
    {
      "type": "Feature",
      "properties": {
        "name": "Hind Auto; Dongri",
        "brand": "MGL",
        "brand_code": "CNG",
        "operator": "Mahanagar Gas Limited",
        "address": "",
        "state": "Maharashtra",
        "city": "Mumbai Suburbs",
        "phone": "",
        "fuel_types": "CNG",
        "amenity": "cng",
        "source": "mahanagargas.com"
      },
      "geometry": {
        "type": "Point",
        "coordinates": [
          72.83775974,
          18.9585502
        ]
      }
    },
    {
      "type": "Feature",
      "properties": {
        "name": "Apoorva Hospitality & Engineering Private Limited",
        "brand": "MGL",
        "brand_code": "CNG",
        "operator": "Mahanagar Gas Limited",
        "address": "",
        "state": "Maharashtra",
        "city": "Raigad",
        "phone": "",
        "fuel_types": "CNG",
        "amenity": "cng",
        "source": "mahanagargas.com"
      },
      "geometry": {
        "type": "Point",
        "coordinates": [
          73.10628798,
          19.05600626
        ]
      }
    },
    {
      "type": "Feature",
      "properties": {
        "name": "Amol Automobiles; Panvel",
        "brand": "MGL",
        "brand_code": "CNG",
        "operator": "Mahanagar Gas Limited",
        "address": "",
        "state": "Maharashtra",
        "city": "Raigad",
        "phone": "",
        "fuel_types": "CNG",
        "amenity": "cng",
        "source": "mahanagargas.com"
      },
      "geometry": {
        "type": "Point",
        "coordinates": [
          73.17459068,
          18.95201529
        ]
      }
    },
    {
      "type": "Feature",
      "properties": {
        "name": "Sukhakarta Fuel Station;Karjat",
        "brand": "MGL",
        "brand_code": "CNG",
        "operator": "Mahanagar Gas Limited",
        "address": "",
        "state": "Maharashtra",
        "city": "Raigad",
        "phone": "",
        "fuel_types": "CNG",
        "amenity": "cng",
        "source": "mahanagargas.com"
      },
      "geometry": {
        "type": "Point",
        "coordinates": [
          73.32768743,
          18.95004268
        ]
      }
    },
    {
      "type": "Feature",
      "properties": {
        "name": "Oceanspring Services LLP; Khalapur",
        "brand": "MGL",
        "brand_code": "CNG",
        "operator": "Mahanagar Gas Limited",
        "address": "",
        "state": "Maharashtra",
        "city": "Raigad",
        "phone": "",
        "fuel_types": "CNG",
        "amenity": "cng",
        "source": "mahanagargas.com"
      },
      "geometry": {
        "type": "Point",
        "coordinates": [
          73.28442351,
          18.76993259
        ]
      }
    },
    {
      "type": "Feature",
      "properties": {
        "name": "Sai Petroleum",
        "brand": "MGL",
        "brand_code": "CNG",
        "operator": "Mahanagar Gas Limited",
        "address": "",
        "state": "Maharashtra",
        "city": "Kalyan",
        "phone": "",
        "fuel_types": "CNG",
        "amenity": "cng",
        "source": "mahanagargas.com"
      },
      "geometry": {
        "type": "Point",
        "coordinates": [
          73.08209403,
          19.17089822
        ]
      }
    },
    {
      "type": "Feature",
      "properties": {
        "name": "Kanhaiya Traders; Gove",
        "brand": "MGL",
        "brand_code": "CNG",
        "operator": "Mahanagar Gas Limited",
        "address": "",
        "state": "Maharashtra",
        "city": "Kalyan",
        "phone": "",
        "fuel_types": "CNG",
        "amenity": "cng",
        "source": "mahanagargas.com"
      },
      "geometry": {
        "type": "Point",
        "coordinates": [
          73.09618011,
          19.25461371
        ]
      }
    },
    {
      "type": "Feature",
      "properties": {
        "name": "Amul Chemicals Industries Pvt. Ltd.",
        "brand": "MGL",
        "brand_code": "CNG",
        "operator": "Mahanagar Gas Limited",
        "address": "",
        "state": "Maharashtra",
        "city": "Navi Mumbai",
        "phone": "",
        "fuel_types": "CNG",
        "amenity": "cng",
        "source": "mahanagargas.com"
      },
      "geometry": {
        "type": "Point",
        "coordinates": [
          73.00372768,
          19.13200872
        ]
      }
    },
    {
      "type": "Feature",
      "properties": {
        "name": "PNP Automobiles; Vadkhal",
        "brand": "MGL",
        "brand_code": "CNG",
        "operator": "Mahanagar Gas Limited",
        "address": "",
        "state": "Maharashtra",
        "city": "Raigad",
        "phone": "",
        "fuel_types": "CNG",
        "amenity": "cng",
        "source": "mahanagargas.com"
      },
      "geometry": {
        "type": "Point",
        "coordinates": [
          73.03791694,
          18.70569087
        ]
      }
    },
    {
      "type": "Feature",
      "properties": {
        "name": "Venkatesh Automobile; Dombivali",
        "brand": "MGL",
        "brand_code": "CNG",
        "operator": "Mahanagar Gas Limited",
        "address": "",
        "state": "Maharashtra",
        "city": "Mumbai Suburbs",
        "phone": "",
        "fuel_types": "CNG",
        "amenity": "cng",
        "source": "mahanagargas.com"
      },
      "geometry": {
        "type": "Point",
        "coordinates": [
          73.10770285,
          19.20534115
        ]
      }
    },
    {
      "type": "Feature",
      "properties": {
        "name": "Ganesh Auto; Manorpada",
        "brand": "MGL",
        "brand_code": "CNG",
        "operator": "Mahanagar Gas Limited",
        "address": "",
        "state": "Maharashtra",
        "city": "Thane",
        "phone": "",
        "fuel_types": "CNG",
        "amenity": "cng",
        "source": "mahanagargas.com"
      },
      "geometry": {
        "type": "Point",
        "coordinates": [
          72.97582057,
          19.20287984
        ]
      }
    },
    {
      "type": "Feature",
      "properties": {
        "name": "New Modern; Grant Road",
        "brand": "MGL",
        "brand_code": "CNG",
        "operator": "Mahanagar Gas Limited",
        "address": "",
        "state": "Maharashtra",
        "city": "Mumbai Suburbs",
        "phone": "",
        "fuel_types": "CNG",
        "amenity": "cng",
        "source": "mahanagargas.com"
      },
      "geometry": {
        "type": "Point",
        "coordinates": [
          72.81982668,
          18.96473967
        ]
      }
    },
    {
      "type": "Feature",
      "properties": {
        "name": "BEST Dharavi Depot",
        "brand": "MGL",
        "brand_code": "CNG",
        "operator": "Mahanagar Gas Limited",
        "address": "",
        "state": "Maharashtra",
        "city": "Mumbai Suburbs",
        "phone": "",
        "fuel_types": "CNG",
        "amenity": "cng",
        "source": "mahanagargas.com"
      },
      "geometry": {
        "type": "Point",
        "coordinates": [
          72.85885052,
          19.05106665
        ]
      }
    },
    {
      "type": "Feature",
      "properties": {
        "name": "Prakash Automobiles; Juhu",
        "brand": "MGL",
        "brand_code": "CNG",
        "operator": "Mahanagar Gas Limited",
        "address": "",
        "state": "Maharashtra",
        "city": "Mumbai Suburbs",
        "phone": "",
        "fuel_types": "CNG",
        "amenity": "cng",
        "source": "mahanagargas.com"
      },
      "geometry": {
        "type": "Point",
        "coordinates": [
          72.82876027,
          19.11662122
        ]
      }
    },
    {
      "type": "Feature",
      "properties": {
        "name": "M/s Dhan Auto (R.C. Bapu);Purna; Bhiwandi",
        "brand": "MGL",
        "brand_code": "CNG",
        "operator": "Mahanagar Gas Limited",
        "address": "",
        "state": "Maharashtra",
        "city": "Mumbai Suburbs",
        "phone": "",
        "fuel_types": "CNG",
        "amenity": "cng",
        "source": "mahanagargas.com"
      },
      "geometry": {
        "type": "Point",
        "coordinates": [
          73.03226113,
          19.26465622
        ]
      }
    },
    {
      "type": "Feature",
      "properties": {
        "name": "Pure Gas Services; Nerul",
        "brand": "MGL",
        "brand_code": "CNG",
        "operator": "Mahanagar Gas Limited",
        "address": "",
        "state": "Maharashtra",
        "city": "Navi Mumbai",
        "phone": "",
        "fuel_types": "CNG",
        "amenity": "cng",
        "source": "mahanagargas.com"
      },
      "geometry": {
        "type": "Point",
        "coordinates": [
          73.03011999,
          19.0438208
        ]
      }
    },
    {
      "type": "Feature",
      "properties": {
        "name": "Om Vedant (Shivam); Dongari",
        "brand": "MGL",
        "brand_code": "CNG",
        "operator": "Mahanagar Gas Limited",
        "address": "",
        "state": "Maharashtra",
        "city": "Mumbai Suburbs",
        "phone": "",
        "fuel_types": "CNG",
        "amenity": "cng",
        "source": "mahanagargas.com"
      },
      "geometry": {
        "type": "Point",
        "coordinates": [
          72.83818038,
          18.95856631
        ]
      }
    },
    {
      "type": "Feature",
      "properties": {
        "name": "M/s Sakshi CNG fuel pump (Vaijnath Bhoir)",
        "brand": "MGL",
        "brand_code": "CNG",
        "operator": "Mahanagar Gas Limited",
        "address": "",
        "state": "Maharashtra",
        "city": "Mumbai Suburbs",
        "phone": "",
        "fuel_types": "CNG",
        "amenity": "cng",
        "source": "mahanagargas.com"
      },
      "geometry": {
        "type": "Point",
        "coordinates": [
          73.04262991,
          19.2587438
        ]
      }
    },
    {
      "type": "Feature",
      "properties": {
        "name": "Patel Brothers; Byculla",
        "brand": "MGL",
        "brand_code": "CNG",
        "operator": "Mahanagar Gas Limited",
        "address": "",
        "state": "Maharashtra",
        "city": "Mumbai Suburbs",
        "phone": "",
        "fuel_types": "CNG",
        "amenity": "cng",
        "source": "mahanagargas.com"
      },
      "geometry": {
        "type": "Point",
        "coordinates": [
          72.83215556,
          18.96902818
        ]
      }
    },
    {
      "type": "Feature",
      "properties": {
        "name": "Shree Dattakrupa Gas Station",
        "brand": "MGL",
        "brand_code": "CNG",
        "operator": "Mahanagar Gas Limited",
        "address": "",
        "state": "Maharashtra",
        "city": "Raigad",
        "phone": "",
        "fuel_types": "CNG",
        "amenity": "cng",
        "source": "mahanagargas.com"
      },
      "geometry": {
        "type": "Point",
        "coordinates": [
          73.29896931,
          18.28073383
        ]
      }
    },
    {
      "type": "Feature",
      "properties": {
        "name": "Ram Petroleum; Sarsan",
        "brand": "MGL",
        "brand_code": "CNG",
        "operator": "Mahanagar Gas Limited",
        "address": "",
        "state": "Maharashtra",
        "city": "Raigad",
        "phone": "",
        "fuel_types": "CNG",
        "amenity": "cng",
        "source": "mahanagargas.com"
      },
      "geometry": {
        "type": "Point",
        "coordinates": [
          73.30272304,
          18.79912556
        ]
      }
    },
    {
      "type": "Feature",
      "properties": {
        "name": "Cadell Auto; Dadar",
        "brand": "MGL",
        "brand_code": "CNG",
        "operator": "Mahanagar Gas Limited",
        "address": "",
        "state": "Maharashtra",
        "city": "Mumbai Suburbs",
        "phone": "",
        "fuel_types": "CNG",
        "amenity": "cng",
        "source": "mahanagargas.com"
      },
      "geometry": {
        "type": "Point",
        "coordinates": [
          72.83587685,
          19.02630778
        ]
      }
    },
    {
      "type": "Feature",
      "properties": {
        "name": "Namaskar Service Station; Mira Road",
        "brand": "MGL",
        "brand_code": "CNG",
        "operator": "Mahanagar Gas Limited",
        "address": "",
        "state": "Maharashtra",
        "city": "Mumbai Suburbs",
        "phone": "",
        "fuel_types": "CNG",
        "amenity": "cng",
        "source": "mahanagargas.com"
      },
      "geometry": {
        "type": "Point",
        "coordinates": [
          72.88567643,
          19.27484472
        ]
      }
    },
    {
      "type": "Feature",
      "properties": {
        "name": "MTA; Mahalaxmi",
        "brand": "MGL",
        "brand_code": "CNG",
        "operator": "Mahanagar Gas Limited",
        "address": "",
        "state": "Maharashtra",
        "city": "Mumbai Suburbs",
        "phone": "",
        "fuel_types": "CNG",
        "amenity": "cng",
        "source": "mahanagargas.com"
      },
      "geometry": {
        "type": "Point",
        "coordinates": [
          72.82331087,
          18.98806029
        ]
      }
    },
    {
      "type": "Feature",
      "properties": {
        "name": "Shaheed Yogesh Patil Automobiles",
        "brand": "MGL",
        "brand_code": "CNG",
        "operator": "Mahanagar Gas Limited",
        "address": "",
        "state": "Maharashtra",
        "city": "Raigad",
        "phone": "",
        "fuel_types": "CNG",
        "amenity": "cng",
        "source": "mahanagargas.com"
      },
      "geometry": {
        "type": "Point",
        "coordinates": [
          73.0751339,
          19.04637787
        ]
      }
    },
    {
      "type": "Feature",
      "properties": {
        "name": "Khushi Enterprises; Kopri; Thane",
        "brand": "MGL",
        "brand_code": "CNG",
        "operator": "Mahanagar Gas Limited",
        "address": "",
        "state": "Maharashtra",
        "city": "Thane",
        "phone": "",
        "fuel_types": "CNG",
        "amenity": "cng",
        "source": "mahanagargas.com"
      },
      "geometry": {
        "type": "Point",
        "coordinates": [
          72.96854163,
          19.177385
        ]
      }
    },
    {
      "type": "Feature",
      "properties": {
        "name": "Royal Auto; Bhendi Bazar",
        "brand": "MGL",
        "brand_code": "CNG",
        "operator": "Mahanagar Gas Limited",
        "address": "",
        "state": "Maharashtra",
        "city": "Mumbai Suburbs",
        "phone": "",
        "fuel_types": "CNG",
        "amenity": "cng",
        "source": "mahanagargas.com"
      },
      "geometry": {
        "type": "Point",
        "coordinates": [
          72.83231943,
          18.96094322
        ]
      }
    },
    {
      "type": "Feature",
      "properties": {
        "name": "Airoli Service Centre; Airoli",
        "brand": "MGL",
        "brand_code": "CNG",
        "operator": "Mahanagar Gas Limited",
        "address": "",
        "state": "Maharashtra",
        "city": "Navi Mumbai",
        "phone": "",
        "fuel_types": "CNG",
        "amenity": "cng",
        "source": "mahanagargas.com"
      },
      "geometry": {
        "type": "Point",
        "coordinates": [
          72.99994277,
          19.14885018
        ]
      }
    },
    {
      "type": "Feature",
      "properties": {
        "name": "Cotton Green Service Station",
        "brand": "MGL",
        "brand_code": "CNG",
        "operator": "Mahanagar Gas Limited",
        "address": "",
        "state": "Maharashtra",
        "city": "Mumbai Suburbs",
        "phone": "",
        "fuel_types": "CNG",
        "amenity": "cng",
        "source": "mahanagargas.com"
      },
      "geometry": {
        "type": "Point",
        "coordinates": [
          72.84276595,
          18.9858544
        ]
      }
    },
    {
      "type": "Feature",
      "properties": {
        "name": "Hind Auto; Kalyan",
        "brand": "MGL",
        "brand_code": "CNG",
        "operator": "Mahanagar Gas Limited",
        "address": "",
        "state": "Maharashtra",
        "city": "Kalyan",
        "phone": "",
        "fuel_types": "CNG",
        "amenity": "cng",
        "source": "mahanagargas.com"
      },
      "geometry": {
        "type": "Point",
        "coordinates": [
          73.12662567,
          19.2383122
        ]
      }
    },
    {
      "type": "Feature",
      "properties": {
        "name": "Janshobha Service Centre; Roha",
        "brand": "MGL",
        "brand_code": "CNG",
        "operator": "Mahanagar Gas Limited",
        "address": "",
        "state": "Maharashtra",
        "city": "Raigad",
        "phone": "",
        "fuel_types": "CNG",
        "amenity": "cng",
        "source": "mahanagargas.com"
      },
      "geometry": {
        "type": "Point",
        "coordinates": [
          73.14222262,
          18.43668271
        ]
      }
    },
    {
      "type": "Feature",
      "properties": {
        "name": "Gian Automobile; Nerul",
        "brand": "MGL",
        "brand_code": "CNG",
        "operator": "Mahanagar Gas Limited",
        "address": "",
        "state": "Maharashtra",
        "city": "Navi Mumbai",
        "phone": "",
        "fuel_types": "CNG",
        "amenity": "cng",
        "source": "mahanagargas.com"
      },
      "geometry": {
        "type": "Point",
        "coordinates": [
          73.02210111,
          19.02389954
        ]
      }
    },
    {
      "type": "Feature",
      "properties": {
        "name": "ADHOC Sai Dham; Purna",
        "brand": "MGL",
        "brand_code": "CNG",
        "operator": "Mahanagar Gas Limited",
        "address": "",
        "state": "Maharashtra",
        "city": "Mumbai Suburbs",
        "phone": "",
        "fuel_types": "CNG",
        "amenity": "cng",
        "source": "mahanagargas.com"
      },
      "geometry": {
        "type": "Point",
        "coordinates": [
          73.03196831,
          19.26349681
        ]
      }
    },
    {
      "type": "Feature",
      "properties": {
        "name": "Zojwala Petroleum; Mulund (W)",
        "brand": "MGL",
        "brand_code": "CNG",
        "operator": "Mahanagar Gas Limited",
        "address": "",
        "state": "Maharashtra",
        "city": "Mumbai Suburbs",
        "phone": "",
        "fuel_types": "CNG",
        "amenity": "cng",
        "source": "mahanagargas.com"
      },
      "geometry": {
        "type": "Point",
        "coordinates": [
          72.94845137,
          19.18366816
        ]
      }
    },
    {
      "type": "Feature",
      "properties": {
        "name": "Automobile Centre; Santacruz",
        "brand": "MGL",
        "brand_code": "CNG",
        "operator": "Mahanagar Gas Limited",
        "address": "",
        "state": "Maharashtra",
        "city": "Mumbai Suburbs",
        "phone": "",
        "fuel_types": "CNG",
        "amenity": "cng",
        "source": "mahanagargas.com"
      },
      "geometry": {
        "type": "Point",
        "coordinates": [
          72.83836744,
          19.08576237
        ]
      }
    },
    {
      "type": "Feature",
      "properties": {
        "name": "Inspire Engineering; Uttan",
        "brand": "MGL",
        "brand_code": "CNG",
        "operator": "Mahanagar Gas Limited",
        "address": "",
        "state": "Maharashtra",
        "city": "Mumbai Suburbs",
        "phone": "",
        "fuel_types": "CNG",
        "amenity": "cng",
        "source": "mahanagargas.com"
      },
      "geometry": {
        "type": "Point",
        "coordinates": [
          72.81658003,
          19.29405252
        ]
      }
    },
    {
      "type": "Feature",
      "properties": {
        "name": "Hind Auto; Parel",
        "brand": "MGL",
        "brand_code": "CNG",
        "operator": "Mahanagar Gas Limited",
        "address": "",
        "state": "Maharashtra",
        "city": "Mumbai Suburbs",
        "phone": "",
        "fuel_types": "CNG",
        "amenity": "cng",
        "source": "mahanagargas.com"
      },
      "geometry": {
        "type": "Point",
        "coordinates": [
          72.84085394,
          19.00595438
        ]
      }
    },
    {
      "type": "Feature",
      "properties": {
        "name": "Rameshwar CNG Centre",
        "brand": "MGL",
        "brand_code": "CNG",
        "operator": "Mahanagar Gas Limited",
        "address": "",
        "state": "Maharashtra",
        "city": "Raigad",
        "phone": "",
        "fuel_types": "CNG",
        "amenity": "cng",
        "source": "mahanagargas.com"
      },
      "geometry": {
        "type": "Point",
        "coordinates": [
          73.14630194,
          18.73021628
        ]
      }
    },
    {
      "type": "Feature",
      "properties": {
        "name": "Indapur Service Station (BPCL)",
        "brand": "MGL",
        "brand_code": "CNG",
        "operator": "Mahanagar Gas Limited",
        "address": "",
        "state": "Maharashtra",
        "city": "Raigad",
        "phone": "",
        "fuel_types": "CNG",
        "amenity": "cng",
        "source": "mahanagargas.com"
      },
      "geometry": {
        "type": "Point",
        "coordinates": [
          73.23566142,
          18.32613285
        ]
      }
    },
    {
      "type": "Feature",
      "properties": {
        "name": "Amar Automobiles; Matunga",
        "brand": "MGL",
        "brand_code": "CNG",
        "operator": "Mahanagar Gas Limited",
        "address": "",
        "state": "Maharashtra",
        "city": "Mumbai Suburbs",
        "phone": "",
        "fuel_types": "CNG",
        "amenity": "cng",
        "source": "mahanagargas.com"
      },
      "geometry": {
        "type": "Point",
        "coordinates": [
          72.854609,
          19.02652053
        ]
      }
    },
    {
      "type": "Feature",
      "properties": {
        "name": "BEST Poisar Depot; Kandivali (W)",
        "brand": "MGL",
        "brand_code": "CNG",
        "operator": "Mahanagar Gas Limited",
        "address": "",
        "state": "Maharashtra",
        "city": "Mumbai Suburbs",
        "phone": "",
        "fuel_types": "CNG",
        "amenity": "cng",
        "source": "mahanagargas.com"
      },
      "geometry": {
        "type": "Point",
        "coordinates": [
          72.85051846,
          19.2137168
        ]
      }
    },
    {
      "type": "Feature",
      "properties": {
        "name": "COCO Sahar; Andheri ('E)",
        "brand": "MGL",
        "brand_code": "CNG",
        "operator": "Mahanagar Gas Limited",
        "address": "",
        "state": "Maharashtra",
        "city": "Mumbai Suburbs",
        "phone": "",
        "fuel_types": "CNG",
        "amenity": "cng",
        "source": "mahanagargas.com"
      },
      "geometry": {
        "type": "Point",
        "coordinates": [
          72.86443185,
          19.10047359
        ]
      }
    },
    {
      "type": "Feature",
      "properties": {
        "name": "Aswad Petroleum; Shirdhon",
        "brand": "MGL",
        "brand_code": "CNG",
        "operator": "Mahanagar Gas Limited",
        "address": "",
        "state": "Maharashtra",
        "city": "Raigad",
        "phone": "",
        "fuel_types": "CNG",
        "amenity": "cng",
        "source": "mahanagargas.com"
      },
      "geometry": {
        "type": "Point",
        "coordinates": [
          73.12612732,
          18.92098151
        ]
      }
    },
    {
      "type": "Feature",
      "properties": {
        "name": "BEST Majas Depot; Jogeshwari (E)",
        "brand": "MGL",
        "brand_code": "CNG",
        "operator": "Mahanagar Gas Limited",
        "address": "",
        "state": "Maharashtra",
        "city": "Mumbai Suburbs",
        "phone": "",
        "fuel_types": "CNG",
        "amenity": "cng",
        "source": "mahanagargas.com"
      },
      "geometry": {
        "type": "Point",
        "coordinates": [
          72.86621723,
          19.13857561
        ]
      }
    },
    {
      "type": "Feature",
      "properties": {
        "name": "Pushpak Auto; Jogeshwari (E)",
        "brand": "MGL",
        "brand_code": "CNG",
        "operator": "Mahanagar Gas Limited",
        "address": "",
        "state": "Maharashtra",
        "city": "Mumbai Suburbs",
        "phone": "",
        "fuel_types": "CNG",
        "amenity": "cng",
        "source": "mahanagargas.com"
      },
      "geometry": {
        "type": "Point",
        "coordinates": [
          72.86476706,
          19.13945236
        ]
      }
    },
    {
      "type": "Feature",
      "properties": {
        "name": "Kaka Automobiles; Bhandup (W)",
        "brand": "MGL",
        "brand_code": "CNG",
        "operator": "Mahanagar Gas Limited",
        "address": "",
        "state": "Maharashtra",
        "city": "Mumbai Suburbs",
        "phone": "",
        "fuel_types": "CNG",
        "amenity": "cng",
        "source": "mahanagargas.com"
      },
      "geometry": {
        "type": "Point",
        "coordinates": [
          72.93274624,
          19.1427484
        ]
      }
    },
    {
      "type": "Feature",
      "properties": {
        "name": "M/s Shree Samarth Krupa Gas Services",
        "brand": "MGL",
        "brand_code": "CNG",
        "operator": "Mahanagar Gas Limited",
        "address": "",
        "state": "Maharashtra",
        "city": "Kalyan",
        "phone": "",
        "fuel_types": "CNG",
        "amenity": "cng",
        "source": "mahanagargas.com"
      },
      "geometry": {
        "type": "Point",
        "coordinates": [
          73.0609893,
          19.15212414
        ]
      }
    },
    {
      "type": "Feature",
      "properties": {
        "name": "Joquim Petroleum; Deonar",
        "brand": "MGL",
        "brand_code": "CNG",
        "operator": "Mahanagar Gas Limited",
        "address": "",
        "state": "Maharashtra",
        "city": "Mumbai Suburbs",
        "phone": "",
        "fuel_types": "CNG",
        "amenity": "cng",
        "source": "mahanagargas.com"
      },
      "geometry": {
        "type": "Point",
        "coordinates": [
          72.9162323,
          19.04453741
        ]
      }
    },
    {
      "type": "Feature",
      "properties": {
        "name": "BP Mahape",
        "brand": "MGL",
        "brand_code": "CNG",
        "operator": "Mahanagar Gas Limited",
        "address": "",
        "state": "Maharashtra",
        "city": "Navi Mumbai",
        "phone": "",
        "fuel_types": "CNG",
        "amenity": "cng",
        "source": "mahanagargas.com"
      },
      "geometry": {
        "type": "Point",
        "coordinates": [
          73.01591909,
          19.11482334
        ]
      }
    },
    {
      "type": "Feature",
      "properties": {
        "name": "Mahaveer Auto; Kurla (W)",
        "brand": "MGL",
        "brand_code": "CNG",
        "operator": "Mahanagar Gas Limited",
        "address": "",
        "state": "Maharashtra",
        "city": "Mumbai Suburbs",
        "phone": "",
        "fuel_types": "CNG",
        "amenity": "cng",
        "source": "mahanagargas.com"
      },
      "geometry": {
        "type": "Point",
        "coordinates": [
          72.8750695,
          19.0653281
        ]
      }
    },
    {
      "type": "Feature",
      "properties": {
        "name": "Kapadia Brothers; Malad (W)",
        "brand": "MGL",
        "brand_code": "CNG",
        "operator": "Mahanagar Gas Limited",
        "address": "",
        "state": "Maharashtra",
        "city": "Mumbai Suburbs",
        "phone": "",
        "fuel_types": "CNG",
        "amenity": "cng",
        "source": "mahanagargas.com"
      },
      "geometry": {
        "type": "Point",
        "coordinates": [
          72.84685343,
          19.19547509
        ]
      }
    },
    {
      "type": "Feature",
      "properties": {
        "name": "Sageer Brothers",
        "brand": "MGL",
        "brand_code": "CNG",
        "operator": "Mahanagar Gas Limited",
        "address": "",
        "state": "Maharashtra",
        "city": "Navi Mumbai",
        "phone": "",
        "fuel_types": "CNG",
        "amenity": "cng",
        "source": "mahanagargas.com"
      },
      "geometry": {
        "type": "Point",
        "coordinates": [
          72.94642483,
          18.88008402
        ]
      }
    },
    {
      "type": "Feature",
      "properties": {
        "name": "Magathane (Outside); Borivali-E",
        "brand": "MGL",
        "brand_code": "CNG",
        "operator": "Mahanagar Gas Limited",
        "address": "",
        "state": "Maharashtra",
        "city": "Mumbai Suburbs",
        "phone": "",
        "fuel_types": "CNG",
        "amenity": "cng",
        "source": "mahanagargas.com"
      },
      "geometry": {
        "type": "Point",
        "coordinates": [
          72.86745588,
          19.22035397
        ]
      }
    },
    {
      "type": "Feature",
      "properties": {
        "name": "Roshan Auto; Kalyan",
        "brand": "MGL",
        "brand_code": "CNG",
        "operator": "Mahanagar Gas Limited",
        "address": "",
        "state": "Maharashtra",
        "city": "Kalyan",
        "phone": "",
        "fuel_types": "CNG",
        "amenity": "cng",
        "source": "mahanagargas.com"
      },
      "geometry": {
        "type": "Point",
        "coordinates": [
          73.14889475,
          19.24143701
        ]
      }
    },
    {
      "type": "Feature",
      "properties": {
        "name": "Mahape Automobile; Mahape",
        "brand": "MGL",
        "brand_code": "CNG",
        "operator": "Mahanagar Gas Limited",
        "address": "",
        "state": "Maharashtra",
        "city": "Raigad",
        "phone": "",
        "fuel_types": "CNG",
        "amenity": "cng",
        "source": "mahanagargas.com"
      },
      "geometry": {
        "type": "Point",
        "coordinates": [
          73.01303101,
          19.11431856
        ]
      }
    },
    {
      "type": "Feature",
      "properties": {
        "name": "SK CNG(Gajanan Build);Jogeshwari",
        "brand": "MGL",
        "brand_code": "CNG",
        "operator": "Mahanagar Gas Limited",
        "address": "",
        "state": "Maharashtra",
        "city": "Mumbai Suburbs",
        "phone": "",
        "fuel_types": "CNG",
        "amenity": "cng",
        "source": "mahanagargas.com"
      },
      "geometry": {
        "type": "Point",
        "coordinates": [
          72.83993244,
          19.14907402
        ]
      }
    },
    {
      "type": "Feature",
      "properties": {
        "name": "Gulati Sercive Centre; Vikhroli",
        "brand": "MGL",
        "brand_code": "CNG",
        "operator": "Mahanagar Gas Limited",
        "address": "",
        "state": "Maharashtra",
        "city": "Mumbai Suburbs",
        "phone": "",
        "fuel_types": "CNG",
        "amenity": "cng",
        "source": "mahanagargas.com"
      },
      "geometry": {
        "type": "Point",
        "coordinates": [
          72.91957472,
          19.10244438
        ]
      }
    },
    {
      "type": "Feature",
      "properties": {
        "name": "Gaurav Auto care; Vadape; Bhiwandi",
        "brand": "MGL",
        "brand_code": "CNG",
        "operator": "Mahanagar Gas Limited",
        "address": "",
        "state": "Maharashtra",
        "city": "Mumbai Suburbs",
        "phone": "",
        "fuel_types": "CNG",
        "amenity": "cng",
        "source": "mahanagargas.com"
      },
      "geometry": {
        "type": "Point",
        "coordinates": [
          73.11207719,
          19.33392666
        ]
      }
    },
    {
      "type": "Feature",
      "properties": {
        "name": "Universal Service Centre; Thane",
        "brand": "MGL",
        "brand_code": "CNG",
        "operator": "Mahanagar Gas Limited",
        "address": "",
        "state": "Maharashtra",
        "city": "Thane",
        "phone": "",
        "fuel_types": "CNG",
        "amenity": "cng",
        "source": "mahanagargas.com"
      },
      "geometry": {
        "type": "Point",
        "coordinates": [
          72.97717307,
          19.21520237
        ]
      }
    },
    {
      "type": "Feature",
      "properties": {
        "name": "Marol Auto Service; Marol Naka",
        "brand": "MGL",
        "brand_code": "CNG",
        "operator": "Mahanagar Gas Limited",
        "address": "",
        "state": "Maharashtra",
        "city": "Mumbai Suburbs",
        "phone": "",
        "fuel_types": "CNG",
        "amenity": "cng",
        "source": "mahanagargas.com"
      },
      "geometry": {
        "type": "Point",
        "coordinates": [
          72.87823359,
          19.10813815
        ]
      }
    },
    {
      "type": "Feature",
      "properties": {
        "name": "Chamundi Petroleum; Kandivali",
        "brand": "MGL",
        "brand_code": "CNG",
        "operator": "Mahanagar Gas Limited",
        "address": "",
        "state": "Maharashtra",
        "city": "Mumbai Suburbs",
        "phone": "",
        "fuel_types": "CNG",
        "amenity": "cng",
        "source": "mahanagargas.com"
      },
      "geometry": {
        "type": "Point",
        "coordinates": [
          72.85145415,
          19.21599954
        ]
      }
    },
    {
      "type": "Feature",
      "properties": {
        "name": "Vashi Fuel Centre; Vashi",
        "brand": "MGL",
        "brand_code": "CNG",
        "operator": "Mahanagar Gas Limited",
        "address": "",
        "state": "Maharashtra",
        "city": "Navi Mumbai",
        "phone": "",
        "fuel_types": "CNG",
        "amenity": "cng",
        "source": "mahanagargas.com"
      },
      "geometry": {
        "type": "Point",
        "coordinates": [
          73.00130721,
          19.08316846
        ]
      }
    },
    {
      "type": "Feature",
      "properties": {
        "name": "M/s.Koreshwar Petroleum;Bambavi",
        "brand": "MGL",
        "brand_code": "CNG",
        "operator": "Mahanagar Gas Limited",
        "address": "",
        "state": "Maharashtra",
        "city": "Raigad",
        "phone": "",
        "fuel_types": "CNG",
        "amenity": "cng",
        "source": "mahanagargas.com"
      },
      "geometry": {
        "type": "Point",
        "coordinates": [
          73.05511111,
          18.9648333
        ]
      }
    },
    {
      "type": "Feature",
      "properties": {
        "name": "R K CNG (Hind); Shelar; Bhiwandi",
        "brand": "MGL",
        "brand_code": "CNG",
        "operator": "Mahanagar Gas Limited",
        "address": "",
        "state": "Maharashtra",
        "city": "Mumbai Suburbs",
        "phone": "",
        "fuel_types": "CNG",
        "amenity": "cng",
        "source": "mahanagargas.com"
      },
      "geometry": {
        "type": "Point",
        "coordinates": [
          73.06608884,
          19.31745502
        ]
      }
    },
    {
      "type": "Feature",
      "properties": {
        "name": "Diamond Auto; Chembur",
        "brand": "MGL",
        "brand_code": "CNG",
        "operator": "Mahanagar Gas Limited",
        "address": "",
        "state": "Maharashtra",
        "city": "Mumbai Suburbs",
        "phone": "",
        "fuel_types": "CNG",
        "amenity": "cng",
        "source": "mahanagargas.com"
      },
      "geometry": {
        "type": "Point",
        "coordinates": [
          72.89245453,
          19.05349253
        ]
      }
    },
    {
      "type": "Feature",
      "properties": {
        "name": "Hemant Automobile; Chembur",
        "brand": "MGL",
        "brand_code": "CNG",
        "operator": "Mahanagar Gas Limited",
        "address": "",
        "state": "Maharashtra",
        "city": "Mumbai Suburbs",
        "phone": "",
        "fuel_types": "CNG",
        "amenity": "cng",
        "source": "mahanagargas.com"
      },
      "geometry": {
        "type": "Point",
        "coordinates": [
          72.89451884,
          19.03890508
        ]
      }
    },
    {
      "type": "Feature",
      "properties": {
        "name": "Bharati Auto Care Centre; Palidevad-New Panvel",
        "brand": "MGL",
        "brand_code": "CNG",
        "operator": "Mahanagar Gas Limited",
        "address": "",
        "state": "Maharashtra",
        "city": "Raigad",
        "phone": "",
        "fuel_types": "CNG",
        "amenity": "cng",
        "source": "mahanagargas.com"
      },
      "geometry": {
        "type": "Point",
        "coordinates": [
          73.13074953,
          19.00042069
        ]
      }
    },
    {
      "type": "Feature",
      "properties": {
        "name": "New Bombay Service Centre",
        "brand": "MGL",
        "brand_code": "CNG",
        "operator": "Mahanagar Gas Limited",
        "address": "",
        "state": "Maharashtra",
        "city": "Navi Mumbai",
        "phone": "",
        "fuel_types": "CNG",
        "amenity": "cng",
        "source": "mahanagargas.com"
      },
      "geometry": {
        "type": "Point",
        "coordinates": [
          73.00178543,
          19.10787479
        ]
      }
    },
    {
      "type": "Feature",
      "properties": {
        "name": "Uganda Service Station; Wadala",
        "brand": "MGL",
        "brand_code": "CNG",
        "operator": "Mahanagar Gas Limited",
        "address": "",
        "state": "Maharashtra",
        "city": "Mumbai Suburbs",
        "phone": "",
        "fuel_types": "CNG",
        "amenity": "cng",
        "source": "mahanagargas.com"
      },
      "geometry": {
        "type": "Point",
        "coordinates": [
          72.8549743,
          19.01421228
        ]
      }
    },
    {
      "type": "Feature",
      "properties": {
        "name": "Mukund Super; Jogeshwari (W)",
        "brand": "MGL",
        "brand_code": "CNG",
        "operator": "Mahanagar Gas Limited",
        "address": "",
        "state": "Maharashtra",
        "city": "Mumbai Suburbs",
        "phone": "",
        "fuel_types": "CNG",
        "amenity": "cng",
        "source": "mahanagargas.com"
      },
      "geometry": {
        "type": "Point",
        "coordinates": [
          72.84257894,
          19.14280867
        ]
      }
    },
    {
      "type": "Feature",
      "properties": {
        "name": "Police Fuel Station; Ghatkopar",
        "brand": "MGL",
        "brand_code": "CNG",
        "operator": "Mahanagar Gas Limited",
        "address": "",
        "state": "Maharashtra",
        "city": "Mumbai Suburbs",
        "phone": "",
        "fuel_types": "CNG",
        "amenity": "cng",
        "source": "mahanagargas.com"
      },
      "geometry": {
        "type": "Point",
        "coordinates": [
          72.91599678,
          19.079527
        ]
      }
    },
    {
      "type": "Feature",
      "properties": {
        "name": "Krishna Petroleum; Khalapur",
        "brand": "MGL",
        "brand_code": "CNG",
        "operator": "Mahanagar Gas Limited",
        "address": "",
        "state": "Maharashtra",
        "city": "Raigad",
        "phone": "",
        "fuel_types": "CNG",
        "amenity": "cng",
        "source": "mahanagargas.com"
      },
      "geometry": {
        "type": "Point",
        "coordinates": [
          73.28723118,
          18.83444086
        ]
      }
    },
    {
      "type": "Feature",
      "properties": {
        "name": "Usma Automobiles; Dombivali",
        "brand": "MGL",
        "brand_code": "CNG",
        "operator": "Mahanagar Gas Limited",
        "address": "",
        "state": "Maharashtra",
        "city": "Mumbai Suburbs",
        "phone": "",
        "fuel_types": "CNG",
        "amenity": "cng",
        "source": "mahanagargas.com"
      },
      "geometry": {
        "type": "Point",
        "coordinates": [
          73.10903202,
          19.21086934
        ]
      }
    },
    {
      "type": "Feature",
      "properties": {
        "name": "Ravi Auto; Shilphata",
        "brand": "MGL",
        "brand_code": "CNG",
        "operator": "Mahanagar Gas Limited",
        "address": "",
        "state": "Maharashtra",
        "city": "Mumbai Suburbs",
        "phone": "",
        "fuel_types": "CNG",
        "amenity": "cng",
        "source": "mahanagargas.com"
      },
      "geometry": {
        "type": "Point",
        "coordinates": [
          73.0563669,
          19.11958181
        ]
      }
    },
    {
      "type": "Feature",
      "properties": {
        "name": "Goregaon Auto Centre; Goregaon",
        "brand": "MGL",
        "brand_code": "CNG",
        "operator": "Mahanagar Gas Limited",
        "address": "",
        "state": "Maharashtra",
        "city": "Mumbai Suburbs",
        "phone": "",
        "fuel_types": "CNG",
        "amenity": "cng",
        "source": "mahanagargas.com"
      },
      "geometry": {
        "type": "Point",
        "coordinates": [
          72.85678207,
          19.15717765
        ]
      }
    },
    {
      "type": "Feature",
      "properties": {
        "name": "COCO Bhandup (Autocare)",
        "brand": "MGL",
        "brand_code": "CNG",
        "operator": "Mahanagar Gas Limited",
        "address": "",
        "state": "Maharashtra",
        "city": "Mumbai Suburbs",
        "phone": "",
        "fuel_types": "CNG",
        "amenity": "cng",
        "source": "mahanagargas.com"
      },
      "geometry": {
        "type": "Point",
        "coordinates": [
          72.93789472,
          19.15703291
        ]
      }
    },
    {
      "type": "Feature",
      "properties": {
        "name": "Jaya CNG; Mira Road",
        "brand": "MGL",
        "brand_code": "CNG",
        "operator": "Mahanagar Gas Limited",
        "address": "",
        "state": "Maharashtra",
        "city": "Mumbai Suburbs",
        "phone": "",
        "fuel_types": "CNG",
        "amenity": "cng",
        "source": "mahanagargas.com"
      },
      "geometry": {
        "type": "Point",
        "coordinates": [
          72.8752058,
          19.26942603
        ]
      }
    },
    {
      "type": "Feature",
      "properties": {
        "name": "Samarth Petroleum; Kalyan",
        "brand": "MGL",
        "brand_code": "CNG",
        "operator": "Mahanagar Gas Limited",
        "address": "",
        "state": "Maharashtra",
        "city": "Kalyan",
        "phone": "",
        "fuel_types": "CNG",
        "amenity": "cng",
        "source": "mahanagargas.com"
      },
      "geometry": {
        "type": "Point",
        "coordinates": [
          73.1321944,
          19.21155554
        ]
      }
    },
    {
      "type": "Feature",
      "properties": {
        "name": "Ramchand Kakrani HUF",
        "brand": "MGL",
        "brand_code": "CNG",
        "operator": "Mahanagar Gas Limited",
        "address": "",
        "state": "Maharashtra",
        "city": "Mumbai Suburbs",
        "phone": "",
        "fuel_types": "CNG",
        "amenity": "cng",
        "source": "mahanagargas.com"
      },
      "geometry": {
        "type": "Point",
        "coordinates": [
          73.19876073,
          19.20562978
        ]
      }
    },
    {
      "type": "Feature",
      "properties": {
        "name": "Autocare Centre (COMCO); Sajgaon",
        "brand": "MGL",
        "brand_code": "CNG",
        "operator": "Mahanagar Gas Limited",
        "address": "",
        "state": "Maharashtra",
        "city": "Raigad",
        "phone": "",
        "fuel_types": "CNG",
        "amenity": "cng",
        "source": "mahanagargas.com"
      },
      "geometry": {
        "type": "Point",
        "coordinates": [
          73.29753104,
          18.79293884
        ]
      }
    },
    {
      "type": "Feature",
      "properties": {
        "name": "Turbhe Service Station; Turbhe",
        "brand": "MGL",
        "brand_code": "CNG",
        "operator": "Mahanagar Gas Limited",
        "address": "",
        "state": "Maharashtra",
        "city": "Navi Mumbai",
        "phone": "",
        "fuel_types": "CNG",
        "amenity": "cng",
        "source": "mahanagargas.com"
      },
      "geometry": {
        "type": "Point",
        "coordinates": [
          73.01418334,
          19.06800986
        ]
      }
    },
    {
      "type": "Feature",
      "properties": {
        "name": "Police Petrol Pump; Ambernath",
        "brand": "MGL",
        "brand_code": "CNG",
        "operator": "Mahanagar Gas Limited",
        "address": "",
        "state": "Maharashtra",
        "city": "Mumbai Suburbs",
        "phone": "",
        "fuel_types": "CNG",
        "amenity": "cng",
        "source": "mahanagargas.com"
      },
      "geometry": {
        "type": "Point",
        "coordinates": [
          73.18930938,
          19.21045399
        ]
      }
    },
    {
      "type": "Feature",
      "properties": {
        "name": "MSRTC Roha Captive CNG Station; Roha",
        "brand": "MGL",
        "brand_code": "CNG",
        "operator": "Mahanagar Gas Limited",
        "address": "",
        "state": "Maharashtra",
        "city": "Raigad",
        "phone": "",
        "fuel_types": "CNG",
        "amenity": "cng",
        "source": "mahanagargas.com"
      },
      "geometry": {
        "type": "Point",
        "coordinates": [
          73.11032985,
          18.4414838
        ]
      }
    },
    {
      "type": "Feature",
      "properties": {
        "name": "M/s MGL MIDC Dombivali",
        "brand": "MGL",
        "brand_code": "CNG",
        "operator": "Mahanagar Gas Limited",
        "address": "",
        "state": "Maharashtra",
        "city": "Mumbai Suburbs",
        "phone": "",
        "fuel_types": "CNG",
        "amenity": "cng",
        "source": "mahanagargas.com"
      },
      "geometry": {
        "type": "Point",
        "coordinates": [
          73.09636832,
          19.20079047
        ]
      }
    },
    {
      "type": "Feature",
      "properties": {
        "name": "(R.V. Automobiles)NRO Bhayanderpada;Thane",
        "brand": "MGL",
        "brand_code": "CNG",
        "operator": "Mahanagar Gas Limited",
        "address": "",
        "state": "Maharashtra",
        "city": "Thane",
        "phone": "",
        "fuel_types": "CNG",
        "amenity": "cng",
        "source": "mahanagargas.com"
      },
      "geometry": {
        "type": "Point",
        "coordinates": [
          72.94357464,
          19.28427693
        ]
      }
    },
    {
      "type": "Feature",
      "properties": {
        "name": "Chintamani Petroleum; Thane",
        "brand": "MGL",
        "brand_code": "CNG",
        "operator": "Mahanagar Gas Limited",
        "address": "",
        "state": "Maharashtra",
        "city": "Thane",
        "phone": "",
        "fuel_types": "CNG",
        "amenity": "cng",
        "source": "mahanagargas.com"
      },
      "geometry": {
        "type": "Point",
        "coordinates": [
          72.94285289,
          19.28436274
        ]
      }
    },
    {
      "type": "Feature",
      "properties": {
        "name": "M/s Shiv Petrolium; Shindekond",
        "brand": "MGL",
        "brand_code": "CNG",
        "operator": "Mahanagar Gas Limited",
        "address": "",
        "state": "Maharashtra",
        "city": "Raigad",
        "phone": "",
        "fuel_types": "CNG",
        "amenity": "cng",
        "source": "mahanagargas.com"
      },
      "geometry": {
        "type": "Point",
        "coordinates": [
          73.46989262,
          18.07472795
        ]
      }
    },
    {
      "type": "Feature",
      "properties": {
        "name": "BP Kandivali; Charkop",
        "brand": "MGL",
        "brand_code": "CNG",
        "operator": "Mahanagar Gas Limited",
        "address": "",
        "state": "Maharashtra",
        "city": "Mumbai Suburbs",
        "phone": "",
        "fuel_types": "CNG",
        "amenity": "cng",
        "source": "mahanagargas.com"
      },
      "geometry": {
        "type": "Point",
        "coordinates": [
          72.83737923,
          19.21378137
        ]
      }
    },
    {
      "type": "Feature",
      "properties": {
        "name": "Dhiraj Jethani ; Shahad",
        "brand": "MGL",
        "brand_code": "CNG",
        "operator": "Mahanagar Gas Limited",
        "address": "",
        "state": "Maharashtra",
        "city": "Mumbai Suburbs",
        "phone": "",
        "fuel_types": "CNG",
        "amenity": "cng",
        "source": "mahanagargas.com"
      },
      "geometry": {
        "type": "Point",
        "coordinates": [
          73.15066879,
          19.2353036
        ]
      }
    },
    {
      "type": "Feature",
      "properties": {
        "name": "BEST Ghatkopar Bus Depot",
        "brand": "MGL",
        "brand_code": "CNG",
        "operator": "Mahanagar Gas Limited",
        "address": "",
        "state": "Maharashtra",
        "city": "Mumbai Suburbs",
        "phone": "",
        "fuel_types": "CNG",
        "amenity": "cng",
        "source": "mahanagargas.com"
      },
      "geometry": {
        "type": "Point",
        "coordinates": [
          72.91813973,
          19.08671972
        ]
      }
    },
    {
      "type": "Feature",
      "properties": {
        "name": "COCO Turbhe (IOCL)",
        "brand": "MGL",
        "brand_code": "CNG",
        "operator": "Mahanagar Gas Limited",
        "address": "",
        "state": "Maharashtra",
        "city": "Navi Mumbai",
        "phone": "",
        "fuel_types": "CNG",
        "amenity": "cng",
        "source": "mahanagargas.com"
      },
      "geometry": {
        "type": "Point",
        "coordinates": [
          73.01773295,
          19.07989292
        ]
      }
    },
    {
      "type": "Feature",
      "properties": {
        "name": "New Bombay Auto; Bandra (W)",
        "brand": "MGL",
        "brand_code": "CNG",
        "operator": "Mahanagar Gas Limited",
        "address": "",
        "state": "Maharashtra",
        "city": "Mumbai Suburbs",
        "phone": "",
        "fuel_types": "CNG",
        "amenity": "cng",
        "source": "mahanagargas.com"
      },
      "geometry": {
        "type": "Point",
        "coordinates": [
          72.83562544,
          19.06156234
        ]
      }
    },
    {
      "type": "Feature",
      "properties": {
        "name": "Jio BP Navda",
        "brand": "MGL",
        "brand_code": "CNG",
        "operator": "Mahanagar Gas Limited",
        "address": "",
        "state": "Maharashtra",
        "city": "Raigad",
        "phone": "",
        "fuel_types": "CNG",
        "amenity": "cng",
        "source": "mahanagargas.com"
      },
      "geometry": {
        "type": "Point",
        "coordinates": [
          73.07950561,
          19.08711039
        ]
      }
    },
    {
      "type": "Feature",
      "properties": {
        "name": "M/s Jay Gajanan Maharaj Enterprise",
        "brand": "MGL",
        "brand_code": "CNG",
        "operator": "Mahanagar Gas Limited",
        "address": "",
        "state": "Maharashtra",
        "city": "Raigad",
        "phone": "",
        "fuel_types": "CNG",
        "amenity": "cng",
        "source": "mahanagargas.com"
      },
      "geometry": {
        "type": "Point",
        "coordinates": [
          73.31308334,
          18.88264221
        ]
      }
    },
    {
      "type": "Feature",
      "properties": {
        "name": "Aashirwad Enterprises; Kamba",
        "brand": "MGL",
        "brand_code": "CNG",
        "operator": "Mahanagar Gas Limited",
        "address": "",
        "state": "Maharashtra",
        "city": "Kalyan",
        "phone": "",
        "fuel_types": "CNG",
        "amenity": "cng",
        "source": "mahanagargas.com"
      },
      "geometry": {
        "type": "Point",
        "coordinates": [
          73.19780992,
          19.25049101
        ]
      }
    },
    {
      "type": "Feature",
      "properties": {
        "name": "Radiant Petroleum; Chembur",
        "brand": "MGL",
        "brand_code": "CNG",
        "operator": "Mahanagar Gas Limited",
        "address": "",
        "state": "Maharashtra",
        "city": "Mumbai Suburbs",
        "phone": "",
        "fuel_types": "CNG",
        "amenity": "cng",
        "source": "mahanagargas.com"
      },
      "geometry": {
        "type": "Point",
        "coordinates": [
          72.89350846,
          19.05371828
        ]
      }
    },
    {
      "type": "Feature",
      "properties": {
        "name": "Chheda Service Station; Mulund",
        "brand": "MGL",
        "brand_code": "CNG",
        "operator": "Mahanagar Gas Limited",
        "address": "",
        "state": "Maharashtra",
        "city": "Mumbai Suburbs",
        "phone": "",
        "fuel_types": "CNG",
        "amenity": "cng",
        "source": "mahanagargas.com"
      },
      "geometry": {
        "type": "Point",
        "coordinates": [
          72.94349604,
          19.17759405
        ]
      }
    },
    {
      "type": "Feature",
      "properties": {
        "name": "Green Gas Allied; Ulhasnagar",
        "brand": "MGL",
        "brand_code": "CNG",
        "operator": "Mahanagar Gas Limited",
        "address": "",
        "state": "Maharashtra",
        "city": "Mumbai Suburbs",
        "phone": "",
        "fuel_types": "CNG",
        "amenity": "cng",
        "source": "mahanagargas.com"
      },
      "geometry": {
        "type": "Point",
        "coordinates": [
          73.15502686,
          19.21879519
        ]
      }
    },
    {
      "type": "Feature",
      "properties": {
        "name": "BP Kalamboli-1",
        "brand": "MGL",
        "brand_code": "CNG",
        "operator": "Mahanagar Gas Limited",
        "address": "",
        "state": "Maharashtra",
        "city": "Raigad",
        "phone": "",
        "fuel_types": "CNG",
        "amenity": "cng",
        "source": "mahanagargas.com"
      },
      "geometry": {
        "type": "Point",
        "coordinates": [
          73.10174713,
          19.0321918
        ]
      }
    },
    {
      "type": "Feature",
      "properties": {
        "name": "J K Petroleum; Kawad; Bhiwandi",
        "brand": "MGL",
        "brand_code": "CNG",
        "operator": "Mahanagar Gas Limited",
        "address": "",
        "state": "Maharashtra",
        "city": "Mumbai Suburbs",
        "phone": "",
        "fuel_types": "CNG",
        "amenity": "cng",
        "source": "mahanagargas.com"
      },
      "geometry": {
        "type": "Point",
        "coordinates": [
          73.07236112,
          19.3513333
        ]
      }
    },
    {
      "type": "Feature",
      "properties": {
        "name": "Mansha Auto Services; Panvel",
        "brand": "MGL",
        "brand_code": "CNG",
        "operator": "Mahanagar Gas Limited",
        "address": "",
        "state": "Maharashtra",
        "city": "Raigad",
        "phone": "",
        "fuel_types": "CNG",
        "amenity": "cng",
        "source": "mahanagargas.com"
      },
      "geometry": {
        "type": "Point",
        "coordinates": [
          73.11245585,
          18.99761184
        ]
      }
    },
    {
      "type": "Feature",
      "properties": {
        "name": "Niru Engineering; Ghansoli",
        "brand": "MGL",
        "brand_code": "CNG",
        "operator": "Mahanagar Gas Limited",
        "address": "",
        "state": "Maharashtra",
        "city": "Navi Mumbai",
        "phone": "",
        "fuel_types": "CNG",
        "amenity": "cng",
        "source": "mahanagargas.com"
      },
      "geometry": {
        "type": "Point",
        "coordinates": [
          72.9986196,
          19.12175118
        ]
      }
    },
    {
      "type": "Feature",
      "properties": {
        "name": "Gurukrupa CNG Station; Roha",
        "brand": "MGL",
        "brand_code": "CNG",
        "operator": "Mahanagar Gas Limited",
        "address": "",
        "state": "Maharashtra",
        "city": "Raigad",
        "phone": "",
        "fuel_types": "CNG",
        "amenity": "cng",
        "source": "mahanagargas.com"
      },
      "geometry": {
        "type": "Point",
        "coordinates": [
          73.12126606,
          18.44569417
        ]
      }
    },
    {
      "type": "Feature",
      "properties": {
        "name": "M/s M.K.AUTOMOBILES",
        "brand": "MGL",
        "brand_code": "CNG",
        "operator": "Mahanagar Gas Limited",
        "address": "",
        "state": "Maharashtra",
        "city": "Mumbai Suburbs",
        "phone": "",
        "fuel_types": "CNG",
        "amenity": "cng",
        "source": "mahanagargas.com"
      },
      "geometry": {
        "type": "Point",
        "coordinates": [
          73.07637075,
          19.31707849
        ]
      }
    },
    {
      "type": "Feature",
      "properties": {
        "name": "Sachdeva Automobiles; Malad (W)",
        "brand": "MGL",
        "brand_code": "CNG",
        "operator": "Mahanagar Gas Limited",
        "address": "",
        "state": "Maharashtra",
        "city": "Mumbai Suburbs",
        "phone": "",
        "fuel_types": "CNG",
        "amenity": "cng",
        "source": "mahanagargas.com"
      },
      "geometry": {
        "type": "Point",
        "coordinates": [
          72.84607946,
          19.17894616
        ]
      }
    },
    {
      "type": "Feature",
      "properties": {
        "name": "Shiv Petroleum; Badlapur (HPCL)",
        "brand": "MGL",
        "brand_code": "CNG",
        "operator": "Mahanagar Gas Limited",
        "address": "",
        "state": "Maharashtra",
        "city": "Mumbai Suburbs",
        "phone": "",
        "fuel_types": "CNG",
        "amenity": "cng",
        "source": "mahanagargas.com"
      },
      "geometry": {
        "type": "Point",
        "coordinates": [
          73.22674766,
          19.17280471
        ]
      }
    },
    {
      "type": "Feature",
      "properties": {
        "name": "M/s. R V CNG Station;Nagothane",
        "brand": "MGL",
        "brand_code": "CNG",
        "operator": "Mahanagar Gas Limited",
        "address": "",
        "state": "Maharashtra",
        "city": "Mumbai Suburbs",
        "phone": "",
        "fuel_types": "CNG",
        "amenity": "cng",
        "source": "mahanagargas.com"
      },
      "geometry": {
        "type": "Point",
        "coordinates": [
          73.14789632,
          18.52919925
        ]
      }
    },
    {
      "type": "Feature",
      "properties": {
        "name": "MSRTC Karjat Private CNG Station",
        "brand": "MGL",
        "brand_code": "CNG",
        "operator": "Mahanagar Gas Limited",
        "address": "",
        "state": "Maharashtra",
        "city": "Raigad",
        "phone": "",
        "fuel_types": "CNG",
        "amenity": "cng",
        "source": "mahanagargas.com"
      },
      "geometry": {
        "type": "Point",
        "coordinates": [
          73.31741391,
          18.91124813
        ]
      }
    },
    {
      "type": "Feature",
      "properties": {
        "name": "Om Namah Petroleum (NRO Borivali; BPCL)",
        "brand": "MGL",
        "brand_code": "CNG",
        "operator": "Mahanagar Gas Limited",
        "address": "",
        "state": "Maharashtra",
        "city": "Mumbai Suburbs",
        "phone": "",
        "fuel_types": "CNG",
        "amenity": "cng",
        "source": "mahanagargas.com"
      },
      "geometry": {
        "type": "Point",
        "coordinates": [
          72.83957825,
          19.23545085
        ]
      }
    },
    {
      "type": "Feature",
      "properties": {
        "name": "Chris Enterprises; Mira Road",
        "brand": "MGL",
        "brand_code": "CNG",
        "operator": "Mahanagar Gas Limited",
        "address": "",
        "state": "Maharashtra",
        "city": "Mumbai Suburbs",
        "phone": "",
        "fuel_types": "CNG",
        "amenity": "cng",
        "source": "mahanagargas.com"
      },
      "geometry": {
        "type": "Point",
        "coordinates": [
          72.87679522,
          19.28870285
        ]
      }
    },
    {
      "type": "Feature",
      "properties": {
        "name": "Highway Automobiles; Ghatkopar",
        "brand": "MGL",
        "brand_code": "CNG",
        "operator": "Mahanagar Gas Limited",
        "address": "",
        "state": "Maharashtra",
        "city": "Mumbai Suburbs",
        "phone": "",
        "fuel_types": "CNG",
        "amenity": "cng",
        "source": "mahanagargas.com"
      },
      "geometry": {
        "type": "Point",
        "coordinates": [
          72.91524549,
          19.09541427
        ]
      }
    },
    {
      "type": "Feature",
      "properties": {
        "name": "Dindoshi (Outside); Goregaon (E)",
        "brand": "MGL",
        "brand_code": "CNG",
        "operator": "Mahanagar Gas Limited",
        "address": "",
        "state": "Maharashtra",
        "city": "Mumbai Suburbs",
        "phone": "",
        "fuel_types": "CNG",
        "amenity": "cng",
        "source": "mahanagargas.com"
      },
      "geometry": {
        "type": "Point",
        "coordinates": [
          72.86427535,
          19.1756006
        ]
      }
    },
    {
      "type": "Feature",
      "properties": {
        "name": "Autopet; Santacruz",
        "brand": "MGL",
        "brand_code": "CNG",
        "operator": "Mahanagar Gas Limited",
        "address": "",
        "state": "Maharashtra",
        "city": "Mumbai Suburbs",
        "phone": "",
        "fuel_types": "CNG",
        "amenity": "cng",
        "source": "mahanagargas.com"
      },
      "geometry": {
        "type": "Point",
        "coordinates": [
          72.83795158,
          19.08815616
        ]
      }
    },
    {
      "type": "Feature",
      "properties": {
        "name": "Gujrat Service Centre; Mahalaxmi",
        "brand": "MGL",
        "brand_code": "CNG",
        "operator": "Mahanagar Gas Limited",
        "address": "",
        "state": "Maharashtra",
        "city": "Raigad",
        "phone": "",
        "fuel_types": "CNG",
        "amenity": "cng",
        "source": "mahanagargas.com"
      },
      "geometry": {
        "type": "Point",
        "coordinates": [
          72.83113851,
          18.98529919
        ]
      }
    },
    {
      "type": "Feature",
      "properties": {
        "name": "Chintamani Enterprises; Kalwa",
        "brand": "MGL",
        "brand_code": "CNG",
        "operator": "Mahanagar Gas Limited",
        "address": "",
        "state": "Maharashtra",
        "city": "Mumbai Suburbs",
        "phone": "",
        "fuel_types": "CNG",
        "amenity": "cng",
        "source": "mahanagargas.com"
      },
      "geometry": {
        "type": "Point",
        "coordinates": [
          73.01129929,
          19.20840189
        ]
      }
    },
    {
      "type": "Feature",
      "properties": {
        "name": "Jite Fuel Plaza; Jite",
        "brand": "MGL",
        "brand_code": "CNG",
        "operator": "Mahanagar Gas Limited",
        "address": "",
        "state": "Maharashtra",
        "city": "Raigad",
        "phone": "",
        "fuel_types": "CNG",
        "amenity": "cng",
        "source": "mahanagargas.com"
      },
      "geometry": {
        "type": "Point",
        "coordinates": [
          73.08984267,
          18.81590789
        ]
      }
    },
    {
      "type": "Feature",
      "properties": {
        "name": "Manhas Auto; Sewree",
        "brand": "MGL",
        "brand_code": "CNG",
        "operator": "Mahanagar Gas Limited",
        "address": "",
        "state": "Maharashtra",
        "city": "Mumbai Suburbs",
        "phone": "",
        "fuel_types": "CNG",
        "amenity": "cng",
        "source": "mahanagargas.com"
      },
      "geometry": {
        "type": "Point",
        "coordinates": [
          72.84935779,
          18.99865596
        ]
      }
    },
    {
      "type": "Feature",
      "properties": {
        "name": "MSRTC Mahad Captive CNG Station",
        "brand": "MGL",
        "brand_code": "CNG",
        "operator": "Mahanagar Gas Limited",
        "address": "",
        "state": "Maharashtra",
        "city": "Raigad",
        "phone": "",
        "fuel_types": "CNG",
        "amenity": "cng",
        "source": "mahanagargas.com"
      },
      "geometry": {
        "type": "Point",
        "coordinates": [
          73.42855442,
          18.08531625
        ]
      }
    },
    {
      "type": "Feature",
      "properties": {
        "name": "MSRTC KARJAT CAPTIVE CNG STATION",
        "brand": "MGL",
        "brand_code": "CNG",
        "operator": "Mahanagar Gas Limited",
        "address": "",
        "state": "Maharashtra",
        "city": "Raigad",
        "phone": "",
        "fuel_types": "CNG",
        "amenity": "cng",
        "source": "mahanagargas.com"
      },
      "geometry": {
        "type": "Point",
        "coordinates": [
          73.31737898,
          18.91132299
        ]
      }
    },
    {
      "type": "Feature",
      "properties": {
        "name": "Heera Associates; Khoni",
        "brand": "MGL",
        "brand_code": "CNG",
        "operator": "Mahanagar Gas Limited",
        "address": "",
        "state": "Maharashtra",
        "city": "Thane",
        "phone": "",
        "fuel_types": "CNG",
        "amenity": "cng",
        "source": "mahanagargas.com"
      },
      "geometry": {
        "type": "Point",
        "coordinates": [
          73.11467502,
          19.17424903
        ]
      }
    },
    {
      "type": "Feature",
      "properties": {
        "name": "Shah & Cheda (Gaurav Gas); Nerul",
        "brand": "MGL",
        "brand_code": "CNG",
        "operator": "Mahanagar Gas Limited",
        "address": "",
        "state": "Maharashtra",
        "city": "Navi Mumbai",
        "phone": "",
        "fuel_types": "CNG",
        "amenity": "cng",
        "source": "mahanagargas.com"
      },
      "geometry": {
        "type": "Point",
        "coordinates": [
          73.02864724,
          19.03442325
        ]
      }
    },
    {
      "type": "Feature",
      "properties": {
        "name": "Golden Auto; Byculla",
        "brand": "MGL",
        "brand_code": "CNG",
        "operator": "Mahanagar Gas Limited",
        "address": "",
        "state": "Maharashtra",
        "city": "Mumbai Suburbs",
        "phone": "",
        "fuel_types": "CNG",
        "amenity": "cng",
        "source": "mahanagargas.com"
      },
      "geometry": {
        "type": "Point",
        "coordinates": [
          72.83520398,
          18.98219072
        ]
      }
    },
    {
      "type": "Feature",
      "properties": {
        "name": "Shetkari Auto; Parel",
        "brand": "MGL",
        "brand_code": "CNG",
        "operator": "Mahanagar Gas Limited",
        "address": "",
        "state": "Maharashtra",
        "city": "Mumbai Suburbs",
        "phone": "",
        "fuel_types": "CNG",
        "amenity": "cng",
        "source": "mahanagargas.com"
      },
      "geometry": {
        "type": "Point",
        "coordinates": [
          72.84461313,
          19.00517827
        ]
      }
    },
    {
      "type": "Feature",
      "properties": {
        "name": "Laxmi Automobiles; Manpada",
        "brand": "MGL",
        "brand_code": "CNG",
        "operator": "Mahanagar Gas Limited",
        "address": "",
        "state": "Maharashtra",
        "city": "Mumbai Suburbs",
        "phone": "",
        "fuel_types": "CNG",
        "amenity": "cng",
        "source": "mahanagargas.com"
      },
      "geometry": {
        "type": "Point",
        "coordinates": [
          72.97652258,
          19.23486911
        ]
      }
    },
    {
      "type": "Feature",
      "properties": {
        "name": "Bajrang Auto; Marol",
        "brand": "MGL",
        "brand_code": "CNG",
        "operator": "Mahanagar Gas Limited",
        "address": "",
        "state": "Maharashtra",
        "city": "Mumbai Suburbs",
        "phone": "",
        "fuel_types": "CNG",
        "amenity": "cng",
        "source": "mahanagargas.com"
      },
      "geometry": {
        "type": "Point",
        "coordinates": [
          72.88108641,
          19.10808828
        ]
      }
    },
    {
      "type": "Feature",
      "properties": {
        "name": "Laxman Fuel Station; Kashene",
        "brand": "MGL",
        "brand_code": "CNG",
        "operator": "Mahanagar Gas Limited",
        "address": "",
        "state": "Maharashtra",
        "city": "Raigad",
        "phone": "",
        "fuel_types": "CNG",
        "amenity": "cng",
        "source": "mahanagargas.com"
      },
      "geometry": {
        "type": "Point",
        "coordinates": [
          73.24558573,
          18.28621647
        ]
      }
    },
    {
      "type": "Feature",
      "properties": {
        "name": "Mangatram & Sons; Bhandup",
        "brand": "MGL",
        "brand_code": "CNG",
        "operator": "Mahanagar Gas Limited",
        "address": "",
        "state": "Maharashtra",
        "city": "Mumbai Suburbs",
        "phone": "",
        "fuel_types": "CNG",
        "amenity": "cng",
        "source": "mahanagargas.com"
      },
      "geometry": {
        "type": "Point",
        "coordinates": [
          72.93064076,
          19.13961974
        ]
      }
    },
    {
      "type": "Feature",
      "properties": {
        "name": "M/s Jio BP; Anjur",
        "brand": "MGL",
        "brand_code": "CNG",
        "operator": "Mahanagar Gas Limited",
        "address": "",
        "state": "Maharashtra",
        "city": "Mumbai Suburbs",
        "phone": "",
        "fuel_types": "CNG",
        "amenity": "cng",
        "source": "mahanagargas.com"
      },
      "geometry": {
        "type": "Point",
        "coordinates": [
          73.09822039,
          19.27824997
        ]
      }
    },
    {
      "type": "Feature",
      "properties": {
        "name": "Gurukirpa Gas Station; Shilphata",
        "brand": "MGL",
        "brand_code": "CNG",
        "operator": "Mahanagar Gas Limited",
        "address": "",
        "state": "Maharashtra",
        "city": "Kalyan",
        "phone": "",
        "fuel_types": "CNG",
        "amenity": "cng",
        "source": "mahanagargas.com"
      },
      "geometry": {
        "type": "Point",
        "coordinates": [
          73.05010993,
          19.13887115
        ]
      }
    },
    {
      "type": "Feature",
      "properties": {
        "name": "NMMT Ghansoli",
        "brand": "MGL",
        "brand_code": "CNG",
        "operator": "Mahanagar Gas Limited",
        "address": "",
        "state": "Maharashtra",
        "city": "Navi Mumbai",
        "phone": "",
        "fuel_types": "CNG",
        "amenity": "cng",
        "source": "mahanagargas.com"
      },
      "geometry": {
        "type": "Point",
        "coordinates": [
          72.99077781,
          19.12183334
        ]
      }
    },
    {
      "type": "Feature",
      "properties": {
        "name": "Fort Motors; Goregaon",
        "brand": "MGL",
        "brand_code": "CNG",
        "operator": "Mahanagar Gas Limited",
        "address": "",
        "state": "Maharashtra",
        "city": "Mumbai Suburbs",
        "phone": "",
        "fuel_types": "CNG",
        "amenity": "cng",
        "source": "mahanagargas.com"
      },
      "geometry": {
        "type": "Point",
        "coordinates": [
          72.85865526,
          19.16022829
        ]
      }
    },
    {
      "type": "Feature",
      "properties": {
        "name": "Excel Service Stn-2; Vileparle",
        "brand": "MGL",
        "brand_code": "CNG",
        "operator": "Mahanagar Gas Limited",
        "address": "",
        "state": "Maharashtra",
        "city": "Mumbai Suburbs",
        "phone": "",
        "fuel_types": "CNG",
        "amenity": "cng",
        "source": "mahanagargas.com"
      },
      "geometry": {
        "type": "Point",
        "coordinates": [
          72.83364889,
          19.10274988
        ]
      }
    },
    {
      "type": "Feature",
      "properties": {
        "name": "Satyashanti Auto; Dahisar",
        "brand": "MGL",
        "brand_code": "CNG",
        "operator": "Mahanagar Gas Limited",
        "address": "",
        "state": "Maharashtra",
        "city": "Mumbai Suburbs",
        "phone": "",
        "fuel_types": "CNG",
        "amenity": "cng",
        "source": "mahanagargas.com"
      },
      "geometry": {
        "type": "Point",
        "coordinates": [
          72.86618159,
          19.25380513
        ]
      }
    },
    {
      "type": "Feature",
      "properties": {
        "name": "M/s. Radharama Petroleum;Dahisar(E)",
        "brand": "MGL",
        "brand_code": "CNG",
        "operator": "Mahanagar Gas Limited",
        "address": "",
        "state": "Maharashtra",
        "city": "Mumbai Suburbs",
        "phone": "",
        "fuel_types": "CNG",
        "amenity": "cng",
        "source": "mahanagargas.com"
      },
      "geometry": {
        "type": "Point",
        "coordinates": [
          72.86724089,
          19.25439277
        ]
      }
    },
    {
      "type": "Feature",
      "properties": {
        "name": "Ketki Enterprise; Dahisar (E)",
        "brand": "MGL",
        "brand_code": "CNG",
        "operator": "Mahanagar Gas Limited",
        "address": "",
        "state": "Maharashtra",
        "city": "Mumbai Suburbs",
        "phone": "",
        "fuel_types": "CNG",
        "amenity": "cng",
        "source": "mahanagargas.com"
      },
      "geometry": {
        "type": "Point",
        "coordinates": [
          72.87168827,
          19.25674725
        ]
      }
    },
    {
      "type": "Feature",
      "properties": {
        "name": "Universal Auto; Koparkhairane",
        "brand": "MGL",
        "brand_code": "CNG",
        "operator": "Mahanagar Gas Limited",
        "address": "",
        "state": "Maharashtra",
        "city": "Navi Mumbai",
        "phone": "",
        "fuel_types": "CNG",
        "amenity": "cng",
        "source": "mahanagargas.com"
      },
      "geometry": {
        "type": "Point",
        "coordinates": [
          73.00621519,
          19.09616008
        ]
      }
    },
    {
      "type": "Feature",
      "properties": {
        "name": "Shree Agencies; Poladpur",
        "brand": "MGL",
        "brand_code": "CNG",
        "operator": "Mahanagar Gas Limited",
        "address": "",
        "state": "Maharashtra",
        "city": "Raigad",
        "phone": "",
        "fuel_types": "CNG",
        "amenity": "cng",
        "source": "mahanagargas.com"
      },
      "geometry": {
        "type": "Point",
        "coordinates": [
          73.46795927,
          18.0202157
        ]
      }
    },
    {
      "type": "Feature",
      "properties": {
        "name": "Shree Ganesh Krupa; Badlapur",
        "brand": "MGL",
        "brand_code": "CNG",
        "operator": "Mahanagar Gas Limited",
        "address": "",
        "state": "Maharashtra",
        "city": "Mumbai Suburbs",
        "phone": "",
        "fuel_types": "CNG",
        "amenity": "cng",
        "source": "mahanagargas.com"
      },
      "geometry": {
        "type": "Point",
        "coordinates": [
          73.24591754,
          19.15113595
        ]
      }
    },
    {
      "type": "Feature",
      "properties": {
        "name": "Sai Ram; Kandivali (E)",
        "brand": "MGL",
        "brand_code": "CNG",
        "operator": "Mahanagar Gas Limited",
        "address": "",
        "state": "Maharashtra",
        "city": "Mumbai Suburbs",
        "phone": "",
        "fuel_types": "CNG",
        "amenity": "cng",
        "source": "mahanagargas.com"
      },
      "geometry": {
        "type": "Point",
        "coordinates": [
          72.86010762,
          19.1969996
        ]
      }
    },
    {
      "type": "Feature",
      "properties": {
        "name": "Abhishek Service; Chandivali",
        "brand": "MGL",
        "brand_code": "CNG",
        "operator": "Mahanagar Gas Limited",
        "address": "",
        "state": "Maharashtra",
        "city": "Mumbai Suburbs",
        "phone": "",
        "fuel_types": "CNG",
        "amenity": "cng",
        "source": "mahanagargas.com"
      },
      "geometry": {
        "type": "Point",
        "coordinates": [
          72.8887408,
          19.11261918
        ]
      }
    },
    {
      "type": "Feature",
      "properties": {
        "name": "Milan Auto; Bhiwandi",
        "brand": "MGL",
        "brand_code": "CNG",
        "operator": "Mahanagar Gas Limited",
        "address": "",
        "state": "Maharashtra",
        "city": "Mumbai Suburbs",
        "phone": "",
        "fuel_types": "CNG",
        "amenity": "cng",
        "source": "mahanagargas.com"
      },
      "geometry": {
        "type": "Point",
        "coordinates": [
          73.06510451,
          19.30614254
        ]
      }
    },
    {
      "type": "Feature",
      "properties": {
        "name": "Kausar Auto; Jacob Circle",
        "brand": "MGL",
        "brand_code": "CNG",
        "operator": "Mahanagar Gas Limited",
        "address": "",
        "state": "Maharashtra",
        "city": "Mumbai Suburbs",
        "phone": "",
        "fuel_types": "CNG",
        "amenity": "cng",
        "source": "mahanagargas.com"
      },
      "geometry": {
        "type": "Point",
        "coordinates": [
          72.82484867,
          18.97926082
        ]
      }
    },
    {
      "type": "Feature",
      "properties": {
        "name": "Chaman Auto; Reay Road",
        "brand": "MGL",
        "brand_code": "CNG",
        "operator": "Mahanagar Gas Limited",
        "address": "",
        "state": "Maharashtra",
        "city": "Mumbai Suburbs",
        "phone": "",
        "fuel_types": "CNG",
        "amenity": "cng",
        "source": "mahanagargas.com"
      },
      "geometry": {
        "type": "Point",
        "coordinates": [
          72.84544042,
          18.96863729
        ]
      }
    },
    {
      "type": "Feature",
      "properties": {
        "name": "Sai Kripa Gas Station; Malad",
        "brand": "MGL",
        "brand_code": "CNG",
        "operator": "Mahanagar Gas Limited",
        "address": "",
        "state": "Maharashtra",
        "city": "Mumbai Suburbs",
        "phone": "",
        "fuel_types": "CNG",
        "amenity": "cng",
        "source": "mahanagargas.com"
      },
      "geometry": {
        "type": "Point",
        "coordinates": [
          72.81474803,
          19.19697529
        ]
      }
    },
    {
      "type": "Feature",
      "properties": {
        "name": "MSRTC MAHAD PRIVATE CNG STATION",
        "brand": "MGL",
        "brand_code": "CNG",
        "operator": "Mahanagar Gas Limited",
        "address": "",
        "state": "Maharashtra",
        "city": "Raigad",
        "phone": "",
        "fuel_types": "CNG",
        "amenity": "cng",
        "source": "mahanagargas.com"
      },
      "geometry": {
        "type": "Point",
        "coordinates": [
          73.42861304,
          18.08519411
        ]
      }
    },
    {
      "type": "Feature",
      "properties": {
        "name": "Saideep Petroleum (HPCL)",
        "brand": "MGL",
        "brand_code": "CNG",
        "operator": "Mahanagar Gas Limited",
        "address": "",
        "state": "Maharashtra",
        "city": "Mumbai Suburbs",
        "phone": "",
        "fuel_types": "CNG",
        "amenity": "cng",
        "source": "mahanagargas.com"
      },
      "geometry": {
        "type": "Point",
        "coordinates": [
          72.82192407,
          19.29760724
        ]
      }
    },
    {
      "type": "Feature",
      "properties": {
        "name": "K M Suchak; Ghansoli",
        "brand": "MGL",
        "brand_code": "CNG",
        "operator": "Mahanagar Gas Limited",
        "address": "",
        "state": "Maharashtra",
        "city": "Navi Mumbai",
        "phone": "",
        "fuel_types": "CNG",
        "amenity": "cng",
        "source": "mahanagargas.com"
      },
      "geometry": {
        "type": "Point",
        "coordinates": [
          73.00648888,
          19.11801611
        ]
      }
    },
    {
      "type": "Feature",
      "properties": {
        "name": "Momin Petroleum; Shil (HPCL)",
        "brand": "MGL",
        "brand_code": "CNG",
        "operator": "Mahanagar Gas Limited",
        "address": "",
        "state": "Maharashtra",
        "city": "Mumbai Suburbs",
        "phone": "",
        "fuel_types": "CNG",
        "amenity": "cng",
        "source": "mahanagargas.com"
      },
      "geometry": {
        "type": "Point",
        "coordinates": [
          73.03845841,
          19.14440911
        ]
      }
    },
    {
      "type": "Feature",
      "properties": {
        "name": "KG Rathod; Mira Road",
        "brand": "MGL",
        "brand_code": "CNG",
        "operator": "Mahanagar Gas Limited",
        "address": "",
        "state": "Maharashtra",
        "city": "Mumbai Suburbs",
        "phone": "",
        "fuel_types": "CNG",
        "amenity": "cng",
        "source": "mahanagargas.com"
      },
      "geometry": {
        "type": "Point",
        "coordinates": [
          72.86464832,
          19.28970985
        ]
      }
    },
    {
      "type": "Feature",
      "properties": {
        "name": "Garuda Auto Service; Kandivali",
        "brand": "MGL",
        "brand_code": "CNG",
        "operator": "Mahanagar Gas Limited",
        "address": "",
        "state": "Maharashtra",
        "city": "Mumbai Suburbs",
        "phone": "",
        "fuel_types": "CNG",
        "amenity": "cng",
        "source": "mahanagargas.com"
      },
      "geometry": {
        "type": "Point",
        "coordinates": [
          72.82824257,
          19.20520318
        ]
      }
    },
    {
      "type": "Feature",
      "properties": {
        "name": "Green Energy Station; Ambernath",
        "brand": "MGL",
        "brand_code": "CNG",
        "operator": "Mahanagar Gas Limited",
        "address": "",
        "state": "Maharashtra",
        "city": "Mumbai Suburbs",
        "phone": "",
        "fuel_types": "CNG",
        "amenity": "cng",
        "source": "mahanagargas.com"
      },
      "geometry": {
        "type": "Point",
        "coordinates": [
          73.19662939,
          19.19072103
        ]
      }
    },
    {
      "type": "Feature",
      "properties": {
        "name": "Murlidhar Automobile; Chene Village; Thane",
        "brand": "MGL",
        "brand_code": "CNG",
        "operator": "Mahanagar Gas Limited",
        "address": "",
        "state": "Maharashtra",
        "city": "Thane",
        "phone": "",
        "fuel_types": "CNG",
        "amenity": "cng",
        "source": "mahanagargas.com"
      },
      "geometry": {
        "type": "Point",
        "coordinates": [
          72.92601344,
          19.27997648
        ]
      }
    },
    {
      "type": "Feature",
      "properties": {
        "name": "NMMT Bus Depot; Turbhe",
        "brand": "MGL",
        "brand_code": "CNG",
        "operator": "Mahanagar Gas Limited",
        "address": "",
        "state": "Maharashtra",
        "city": "Navi Mumbai",
        "phone": "",
        "fuel_types": "CNG",
        "amenity": "cng",
        "source": "mahanagargas.com"
      },
      "geometry": {
        "type": "Point",
        "coordinates": [
          73.01728675,
          19.07342794
        ]
      }
    },
    {
      "type": "Feature",
      "properties": {
        "name": "Sahil Service Centre; Khalapur",
        "brand": "MGL",
        "brand_code": "CNG",
        "operator": "Mahanagar Gas Limited",
        "address": "",
        "state": "Maharashtra",
        "city": "Raigad",
        "phone": "",
        "fuel_types": "CNG",
        "amenity": "cng",
        "source": "mahanagargas.com"
      },
      "geometry": {
        "type": "Point",
        "coordinates": [
          73.29415877,
          18.80038886
        ]
      }
    },
    {
      "type": "Feature",
      "properties": {
        "name": "M/s. Mahanand Fuel Station (BPCL) Goregaon",
        "brand": "MGL",
        "brand_code": "CNG",
        "operator": "Mahanagar Gas Limited",
        "address": "",
        "state": "Maharashtra",
        "city": "Mumbai Suburbs",
        "phone": "",
        "fuel_types": "CNG",
        "amenity": "cng",
        "source": "mahanagargas.com"
      },
      "geometry": {
        "type": "Point",
        "coordinates": [
          72.85730565,
          19.15050076
        ]
      }
    },
    {
      "type": "Feature",
      "properties": {
        "name": "Sadanand Petroleum; Bhiwandi",
        "brand": "MGL",
        "brand_code": "CNG",
        "operator": "Mahanagar Gas Limited",
        "address": "",
        "state": "Maharashtra",
        "city": "Mumbai Suburbs",
        "phone": "",
        "fuel_types": "CNG",
        "amenity": "cng",
        "source": "mahanagargas.com"
      },
      "geometry": {
        "type": "Point",
        "coordinates": [
          73.06633552,
          19.33257797
        ]
      }
    },
    {
      "type": "Feature",
      "properties": {
        "name": "Shiv Shankar Auto Care; Karjat",
        "brand": "MGL",
        "brand_code": "CNG",
        "operator": "Mahanagar Gas Limited",
        "address": "",
        "state": "Maharashtra",
        "city": "Raigad",
        "phone": "",
        "fuel_types": "CNG",
        "amenity": "cng",
        "source": "mahanagargas.com"
      },
      "geometry": {
        "type": "Point",
        "coordinates": [
          73.31841671,
          18.92291664
        ]
      }
    },
    {
      "type": "Feature",
      "properties": {
        "name": "Noble Automobile; Khoni",
        "brand": "MGL",
        "brand_code": "CNG",
        "operator": "Mahanagar Gas Limited",
        "address": "",
        "state": "Maharashtra",
        "city": "Thane",
        "phone": "",
        "fuel_types": "CNG",
        "amenity": "cng",
        "source": "mahanagargas.com"
      },
      "geometry": {
        "type": "Point",
        "coordinates": [
          73.11589139,
          19.16790689
        ]
      }
    },
    {
      "type": "Feature",
      "properties": {
        "name": "Western Petroleum; Vikhroli (W)",
        "brand": "MGL",
        "brand_code": "CNG",
        "operator": "Mahanagar Gas Limited",
        "address": "",
        "state": "Maharashtra",
        "city": "Mumbai Suburbs",
        "phone": "",
        "fuel_types": "CNG",
        "amenity": "cng",
        "source": "mahanagargas.com"
      },
      "geometry": {
        "type": "Point",
        "coordinates": [
          72.92561107,
          19.11027248
        ]
      }
    },
    {
      "type": "Feature",
      "properties": {
        "name": "Vikhroli Automobiles; Vikhroli",
        "brand": "MGL",
        "brand_code": "CNG",
        "operator": "Mahanagar Gas Limited",
        "address": "",
        "state": "Maharashtra",
        "city": "Mumbai Suburbs",
        "phone": "",
        "fuel_types": "CNG",
        "amenity": "cng",
        "source": "mahanagargas.com"
      },
      "geometry": {
        "type": "Point",
        "coordinates": [
          72.92491123,
          19.12479407
        ]
      }
    },
    {
      "type": "Feature",
      "properties": {
        "name": "Jay Hind; Purna-Bhiwandi",
        "brand": "MGL",
        "brand_code": "CNG",
        "operator": "Mahanagar Gas Limited",
        "address": "",
        "state": "Maharashtra",
        "city": "Mumbai Suburbs",
        "phone": "",
        "fuel_types": "CNG",
        "amenity": "cng",
        "source": "mahanagargas.com"
      },
      "geometry": {
        "type": "Point",
        "coordinates": [
          73.03237217,
          19.26396854
        ]
      }
    },
    {
      "type": "Feature",
      "properties": {
        "name": "Shree Gajanan Petroleum; Kamba",
        "brand": "MGL",
        "brand_code": "CNG",
        "operator": "Mahanagar Gas Limited",
        "address": "",
        "state": "Maharashtra",
        "city": "Kalyan",
        "phone": "",
        "fuel_types": "CNG",
        "amenity": "cng",
        "source": "mahanagargas.com"
      },
      "geometry": {
        "type": "Point",
        "coordinates": [
          73.19396949,
          19.24893887
        ]
      }
    },
    {
      "type": "Feature",
      "properties": {
        "name": "BEST Mulund Bus Depot",
        "brand": "MGL",
        "brand_code": "CNG",
        "operator": "Mahanagar Gas Limited",
        "address": "",
        "state": "Maharashtra",
        "city": "Mumbai Suburbs",
        "phone": "",
        "fuel_types": "CNG",
        "amenity": "cng",
        "source": "mahanagargas.com"
      },
      "geometry": {
        "type": "Point",
        "coordinates": [
          72.94747401,
          19.17531767
        ]
      }
    },
    {
      "type": "Feature",
      "properties": {
        "name": "Interstate Automobiles; Reay Road",
        "brand": "MGL",
        "brand_code": "CNG",
        "operator": "Mahanagar Gas Limited",
        "address": "",
        "state": "Maharashtra",
        "city": "Mumbai Suburbs",
        "phone": "",
        "fuel_types": "CNG",
        "amenity": "cng",
        "source": "mahanagargas.com"
      },
      "geometry": {
        "type": "Point",
        "coordinates": [
          72.84392175,
          18.97661431
        ]
      }
    },
    {
      "type": "Feature",
      "properties": {
        "name": "Shree Samarth Krupa (Kalyan Martyr); Dombivali",
        "brand": "MGL",
        "brand_code": "CNG",
        "operator": "Mahanagar Gas Limited",
        "address": "",
        "state": "Maharashtra",
        "city": "Mumbai Suburbs",
        "phone": "",
        "fuel_types": "CNG",
        "amenity": "cng",
        "source": "mahanagargas.com"
      },
      "geometry": {
        "type": "Point",
        "coordinates": [
          73.11931968,
          19.21730103
        ]
      }
    },
    {
      "type": "Feature",
      "properties": {
        "name": "M/s Doshi Automobiles; Mahad",
        "brand": "MGL",
        "brand_code": "CNG",
        "operator": "Mahanagar Gas Limited",
        "address": "",
        "state": "Maharashtra",
        "city": "Raigad",
        "phone": "",
        "fuel_types": "CNG",
        "amenity": "cng",
        "source": "mahanagargas.com"
      },
      "geometry": {
        "type": "Point",
        "coordinates": [
          73.42772224,
          18.08602782
        ]
      }
    },
    {
      "type": "Feature",
      "properties": {
        "name": "M/s. Kedareshwar CNG LLP;Sudhagad",
        "brand": "MGL",
        "brand_code": "CNG",
        "operator": "Mahanagar Gas Limited",
        "address": "",
        "state": "Maharashtra",
        "city": "Raigad",
        "phone": "",
        "fuel_types": "CNG",
        "amenity": "cng",
        "source": "mahanagargas.com"
      },
      "geometry": {
        "type": "Point",
        "coordinates": [
          73.25327776,
          18.58191666
        ]
      }
    },
    {
      "type": "Feature",
      "properties": {
        "name": "Raj Auto; Vile Parle",
        "brand": "MGL",
        "brand_code": "CNG",
        "operator": "Mahanagar Gas Limited",
        "address": "",
        "state": "Maharashtra",
        "city": "Mumbai Suburbs",
        "phone": "",
        "fuel_types": "CNG",
        "amenity": "cng",
        "source": "mahanagargas.com"
      },
      "geometry": {
        "type": "Point",
        "coordinates": [
          72.8392926,
          19.09727025
        ]
      }
    },
    {
      "type": "Feature",
      "properties": {
        "name": "M/s. Shree Samarth Krupa CNG Pump Pvt Ltd",
        "brand": "MGL",
        "brand_code": "CNG",
        "operator": "Mahanagar Gas Limited",
        "address": "",
        "state": "Maharashtra",
        "city": "Kalyan",
        "phone": "",
        "fuel_types": "CNG",
        "amenity": "cng",
        "source": "mahanagargas.com"
      },
      "geometry": {
        "type": "Point",
        "coordinates": [
          73.04819354,
          19.14390301
        ]
      }
    },
    {
      "type": "Feature",
      "properties": {
        "name": "BEST Wadala Bus Depot",
        "brand": "MGL",
        "brand_code": "CNG",
        "operator": "Mahanagar Gas Limited",
        "address": "",
        "state": "Maharashtra",
        "city": "Mumbai Suburbs",
        "phone": "",
        "fuel_types": "CNG",
        "amenity": "cng",
        "source": "mahanagargas.com"
      },
      "geometry": {
        "type": "Point",
        "coordinates": [
          72.85261325,
          19.01374461
        ]
      }
    },
    {
      "type": "Feature",
      "properties": {
        "name": "Chhagan Mitha Auto Hires; Mumbai Central",
        "brand": "MGL",
        "brand_code": "CNG",
        "operator": "Mahanagar Gas Limited",
        "address": "",
        "state": "Maharashtra",
        "city": "Raigad",
        "phone": "",
        "fuel_types": "CNG",
        "amenity": "cng",
        "source": "mahanagargas.com"
      },
      "geometry": {
        "type": "Point",
        "coordinates": [
          72.82228779,
          18.9718757
        ]
      }
    },
    {
      "type": "Feature",
      "properties": {
        "name": "Sun Automobile (TOSHIO CNG); Thane",
        "brand": "MGL",
        "brand_code": "CNG",
        "operator": "Mahanagar Gas Limited",
        "address": "",
        "state": "Maharashtra",
        "city": "Thane",
        "phone": "",
        "fuel_types": "CNG",
        "amenity": "cng",
        "source": "mahanagargas.com"
      },
      "geometry": {
        "type": "Point",
        "coordinates": [
          72.94979821,
          19.193633
        ]
      }
    },
    {
      "type": "Feature",
      "properties": {
        "name": "M/s MGL CIDCO New Panvel",
        "brand": "MGL",
        "brand_code": "CNG",
        "operator": "Mahanagar Gas Limited",
        "address": "",
        "state": "Maharashtra",
        "city": "Raigad",
        "phone": "",
        "fuel_types": "CNG",
        "amenity": "cng",
        "source": "mahanagargas.com"
      },
      "geometry": {
        "type": "Point",
        "coordinates": [
          73.12849407,
          18.98814344
        ]
      }
    },
    {
      "type": "Feature",
      "properties": {
        "name": "Tardeo Service Station; Tardeo",
        "brand": "MGL",
        "brand_code": "CNG",
        "operator": "Mahanagar Gas Limited",
        "address": "",
        "state": "Maharashtra",
        "city": "Mumbai Suburbs",
        "phone": "",
        "fuel_types": "CNG",
        "amenity": "cng",
        "source": "mahanagargas.com"
      },
      "geometry": {
        "type": "Point",
        "coordinates": [
          72.81403845,
          18.97388983
        ]
      }
    },
    {
      "type": "Feature",
      "properties": {
        "name": "M/s.Konkan Motorway Services LLP;Repoli",
        "brand": "MGL",
        "brand_code": "CNG",
        "operator": "Mahanagar Gas Limited",
        "address": "",
        "state": "Maharashtra",
        "city": "Raigad",
        "phone": "",
        "fuel_types": "CNG",
        "amenity": "cng",
        "source": "mahanagargas.com"
      },
      "geometry": {
        "type": "Point",
        "coordinates": [
          73.31562739,
          18.18765672
        ]
      }
    },
    {
      "type": "Feature",
      "properties": {
        "name": "Pure Gas Services LLP; Digha",
        "brand": "MGL",
        "brand_code": "CNG",
        "operator": "Mahanagar Gas Limited",
        "address": "",
        "state": "Maharashtra",
        "city": "Navi Mumbai",
        "phone": "",
        "fuel_types": "CNG",
        "amenity": "cng",
        "source": "mahanagargas.com"
      },
      "geometry": {
        "type": "Point",
        "coordinates": [
          73.00238583,
          19.17532377
        ]
      }
    },
    {
      "type": "Feature",
      "properties": {
        "name": "GOM - Ghatkopar",
        "brand": "MGL",
        "brand_code": "CNG",
        "operator": "Mahanagar Gas Limited",
        "address": "",
        "state": "Maharashtra",
        "city": "Mumbai Suburbs",
        "phone": "",
        "fuel_types": "CNG",
        "amenity": "cng",
        "source": "mahanagargas.com"
      },
      "geometry": {
        "type": "Point",
        "coordinates": [
          72.90887915,
          19.07099289
        ]
      }
    },
    {
      "type": "Feature",
      "properties": {
        "name": "Parshuram Munde Gas Station",
        "brand": "MGL",
        "brand_code": "CNG",
        "operator": "Mahanagar Gas Limited",
        "address": "",
        "state": "Maharashtra",
        "city": "Kalyan",
        "phone": "",
        "fuel_types": "CNG",
        "amenity": "cng",
        "source": "mahanagargas.com"
      },
      "geometry": {
        "type": "Point",
        "coordinates": [
          73.04668917,
          19.15913891
        ]
      }
    },
    {
      "type": "Feature",
      "properties": {
        "name": "Vijay Automobiles; Kalamboli",
        "brand": "MGL",
        "brand_code": "CNG",
        "operator": "Mahanagar Gas Limited",
        "address": "",
        "state": "Maharashtra",
        "city": "Raigad",
        "phone": "",
        "fuel_types": "CNG",
        "amenity": "cng",
        "source": "mahanagargas.com"
      },
      "geometry": {
        "type": "Point",
        "coordinates": [
          73.107423,
          19.01556164
        ]
      }
    },
    {
      "type": "Feature",
      "properties": {
        "name": "Vighnaharta Petroleum; Bhiwandi",
        "brand": "MGL",
        "brand_code": "CNG",
        "operator": "Mahanagar Gas Limited",
        "address": "",
        "state": "Maharashtra",
        "city": "Mumbai Suburbs",
        "phone": "",
        "fuel_types": "CNG",
        "amenity": "cng",
        "source": "mahanagargas.com"
      },
      "geometry": {
        "type": "Point",
        "coordinates": [
          73.07260381,
          19.35338264
        ]
      }
    },
    {
      "type": "Feature",
      "properties": {
        "name": "Universal Motors; Mazgaon",
        "brand": "MGL",
        "brand_code": "CNG",
        "operator": "Mahanagar Gas Limited",
        "address": "",
        "state": "Maharashtra",
        "city": "Mumbai Suburbs",
        "phone": "",
        "fuel_types": "CNG",
        "amenity": "cng",
        "source": "mahanagargas.com"
      },
      "geometry": {
        "type": "Point",
        "coordinates": [
          72.84084553,
          18.97079975
        ]
      }
    },
    {
      "type": "Feature",
      "properties": {
        "name": "Janseva Petrol Service; Kurla",
        "brand": "MGL",
        "brand_code": "CNG",
        "operator": "Mahanagar Gas Limited",
        "address": "",
        "state": "Maharashtra",
        "city": "Mumbai Suburbs",
        "phone": "",
        "fuel_types": "CNG",
        "amenity": "cng",
        "source": "mahanagargas.com"
      },
      "geometry": {
        "type": "Point",
        "coordinates": [
          72.88503256,
          19.08489212
        ]
      }
    },
    {
      "type": "Feature",
      "properties": {
        "name": "Supreme Auto; Bhiwandi",
        "brand": "MGL",
        "brand_code": "CNG",
        "operator": "Mahanagar Gas Limited",
        "address": "",
        "state": "Maharashtra",
        "city": "Mumbai Suburbs",
        "phone": "",
        "fuel_types": "CNG",
        "amenity": "cng",
        "source": "mahanagargas.com"
      },
      "geometry": {
        "type": "Point",
        "coordinates": [
          73.07315509,
          19.31455559
        ]
      }
    },
    {
      "type": "Feature",
      "properties": {
        "name": "Shelar Automobiles; Bhiwandi",
        "brand": "MGL",
        "brand_code": "CNG",
        "operator": "Mahanagar Gas Limited",
        "address": "",
        "state": "Maharashtra",
        "city": "Mumbai Suburbs",
        "phone": "",
        "fuel_types": "CNG",
        "amenity": "cng",
        "source": "mahanagargas.com"
      },
      "geometry": {
        "type": "Point",
        "coordinates": [
          73.06582933,
          19.31681109
        ]
      }
    },
    {
      "type": "Feature",
      "properties": {
        "name": "Rameshwar Engineering; Dombivali",
        "brand": "MGL",
        "brand_code": "CNG",
        "operator": "Mahanagar Gas Limited",
        "address": "",
        "state": "Maharashtra",
        "city": "Mumbai Suburbs",
        "phone": "",
        "fuel_types": "CNG",
        "amenity": "cng",
        "source": "mahanagargas.com"
      },
      "geometry": {
        "type": "Point",
        "coordinates": [
          73.09599218,
          19.19328464
        ]
      }
    },
    {
      "type": "Feature",
      "properties": {
        "name": "NGB Auto Service; Nerul",
        "brand": "MGL",
        "brand_code": "CNG",
        "operator": "Mahanagar Gas Limited",
        "address": "",
        "state": "Maharashtra",
        "city": "Navi Mumbai",
        "phone": "",
        "fuel_types": "CNG",
        "amenity": "cng",
        "source": "mahanagargas.com"
      },
      "geometry": {
        "type": "Point",
        "coordinates": [
          73.01330801,
          19.01335097
        ]
      }
    },
    {
      "type": "Feature",
      "properties": {
        "name": "Shree Samarth CNG; Dombivli",
        "brand": "MGL",
        "brand_code": "CNG",
        "operator": "Mahanagar Gas Limited",
        "address": "",
        "state": "Maharashtra",
        "city": "Mumbai Suburbs",
        "phone": "",
        "fuel_types": "CNG",
        "amenity": "cng",
        "source": "mahanagargas.com"
      },
      "geometry": {
        "type": "Point",
        "coordinates": [
          73.0860671,
          19.19481322
        ]
      }
    },
    {
      "type": "Feature",
      "properties": {
        "name": "Shree Uma CNG Station; Palaspe; Panvel",
        "brand": "MGL",
        "brand_code": "CNG",
        "operator": "Mahanagar Gas Limited",
        "address": "",
        "state": "Maharashtra",
        "city": "Raigad",
        "phone": "",
        "fuel_types": "CNG",
        "amenity": "cng",
        "source": "mahanagargas.com"
      },
      "geometry": {
        "type": "Point",
        "coordinates": [
          73.1287635,
          18.96757385
        ]
      }
    },
    {
      "type": "Feature",
      "properties": {
        "name": "M/s Nirupa CNG Station; Khalapur",
        "brand": "MGL",
        "brand_code": "CNG",
        "operator": "Mahanagar Gas Limited",
        "address": "",
        "state": "Maharashtra",
        "city": "Raigad",
        "phone": "",
        "fuel_types": "CNG",
        "amenity": "cng",
        "source": "mahanagargas.com"
      },
      "geometry": {
        "type": "Point",
        "coordinates": [
          73.28679521,
          18.8372169
        ]
      }
    },
    {
      "type": "Feature",
      "properties": {
        "name": "COCO Top Gear; Malabar Hill",
        "brand": "MGL",
        "brand_code": "CNG",
        "operator": "Mahanagar Gas Limited",
        "address": "",
        "state": "Maharashtra",
        "city": "Mumbai Suburbs",
        "phone": "",
        "fuel_types": "CNG",
        "amenity": "cng",
        "source": "mahanagargas.com"
      },
      "geometry": {
        "type": "Point",
        "coordinates": [
          72.80311262,
          18.96566148
        ]
      }
    },
    {
      "type": "Feature",
      "properties": {
        "name": "Taj Auto; Grant Road",
        "brand": "MGL",
        "brand_code": "CNG",
        "operator": "Mahanagar Gas Limited",
        "address": "",
        "state": "Maharashtra",
        "city": "Mumbai Suburbs",
        "phone": "",
        "fuel_types": "CNG",
        "amenity": "cng",
        "source": "mahanagargas.com"
      },
      "geometry": {
        "type": "Point",
        "coordinates": [
          72.81935337,
          18.96683028
        ]
      }
    },
    {
      "type": "Feature",
      "properties": {
        "name": "Kailash Automobiles; Thane",
        "brand": "MGL",
        "brand_code": "CNG",
        "operator": "Mahanagar Gas Limited",
        "address": "",
        "state": "Maharashtra",
        "city": "Thane",
        "phone": "",
        "fuel_types": "CNG",
        "amenity": "cng",
        "source": "mahanagargas.com"
      },
      "geometry": {
        "type": "Point",
        "coordinates": [
          72.97694098,
          19.22362184
        ]
      }
    },
    {
      "type": "Feature",
      "properties": {
        "name": "H. Irani.; Lalbaug",
        "brand": "MGL",
        "brand_code": "CNG",
        "operator": "Mahanagar Gas Limited",
        "address": "",
        "state": "Maharashtra",
        "city": "Mumbai Suburbs",
        "phone": "",
        "fuel_types": "CNG",
        "amenity": "cng",
        "source": "mahanagargas.com"
      },
      "geometry": {
        "type": "Point",
        "coordinates": [
          72.83548959,
          18.98943358
        ]
      }
    },
    {
      "type": "Feature",
      "properties": {
        "name": "Star Service Station; Ghatkopar",
        "brand": "MGL",
        "brand_code": "CNG",
        "operator": "Mahanagar Gas Limited",
        "address": "",
        "state": "Maharashtra",
        "city": "Mumbai Suburbs",
        "phone": "",
        "fuel_types": "CNG",
        "amenity": "cng",
        "source": "mahanagargas.com"
      },
      "geometry": {
        "type": "Point",
        "coordinates": [
          72.89481439,
          19.08618727
        ]
      }
    },
    {
      "type": "Feature",
      "properties": {
        "name": "M/s Adhoc Shri Siddhivinayak Petroleum",
        "brand": "MGL",
        "brand_code": "CNG",
        "operator": "Mahanagar Gas Limited",
        "address": "",
        "state": "Maharashtra",
        "city": "Raigad",
        "phone": "",
        "fuel_types": "CNG",
        "amenity": "cng",
        "source": "mahanagargas.com"
      },
      "geometry": {
        "type": "Point",
        "coordinates": [
          73.28699009,
          18.79452557
        ]
      }
    },
    {
      "type": "Feature",
      "properties": {
        "name": "Dronagiri Service Centre; Uran",
        "brand": "MGL",
        "brand_code": "CNG",
        "operator": "Mahanagar Gas Limited",
        "address": "",
        "state": "Maharashtra",
        "city": "Raigad",
        "phone": "",
        "fuel_types": "CNG",
        "amenity": "cng",
        "source": "mahanagargas.com"
      },
      "geometry": {
        "type": "Point",
        "coordinates": [
          72.97572666,
          18.89246238
        ]
      }
    },
    {
      "type": "Feature",
      "properties": {
        "name": "A.D Adhjania; Grant Road",
        "brand": "MGL",
        "brand_code": "CNG",
        "operator": "Mahanagar Gas Limited",
        "address": "",
        "state": "Maharashtra",
        "city": "Mumbai Suburbs",
        "phone": "",
        "fuel_types": "CNG",
        "amenity": "cng",
        "source": "mahanagargas.com"
      },
      "geometry": {
        "type": "Point",
        "coordinates": [
          72.82020153,
          18.96094681
        ]
      }
    },
    {
      "type": "Feature",
      "properties": {
        "name": "Deonar BEST (Outside)",
        "brand": "MGL",
        "brand_code": "CNG",
        "operator": "Mahanagar Gas Limited",
        "address": "",
        "state": "Maharashtra",
        "city": "Mumbai Suburbs",
        "phone": "",
        "fuel_types": "CNG",
        "amenity": "cng",
        "source": "mahanagargas.com"
      },
      "geometry": {
        "type": "Point",
        "coordinates": [
          72.91396486,
          19.04629191
        ]
      }
    },
    {
      "type": "Feature",
      "properties": {
        "name": "Vikram Auto; Versova",
        "brand": "MGL",
        "brand_code": "CNG",
        "operator": "Mahanagar Gas Limited",
        "address": "",
        "state": "Maharashtra",
        "city": "Mumbai Suburbs",
        "phone": "",
        "fuel_types": "CNG",
        "amenity": "cng",
        "source": "mahanagargas.com"
      },
      "geometry": {
        "type": "Point",
        "coordinates": [
          72.82343269,
          19.12454743
        ]
      }
    },
    {
      "type": "Feature",
      "properties": {
        "name": "Om Fuels; Apti; Khopoli",
        "brand": "MGL",
        "brand_code": "CNG",
        "operator": "Mahanagar Gas Limited",
        "address": "",
        "state": "Maharashtra",
        "city": "Raigad",
        "phone": "",
        "fuel_types": "CNG",
        "amenity": "cng",
        "source": "mahanagargas.com"
      },
      "geometry": {
        "type": "Point",
        "coordinates": [
          73.24000468,
          18.77791196
        ]
      }
    },
    {
      "type": "Feature",
      "properties": {
        "name": "Shree Om Sai Auto Care Center; Digha",
        "brand": "MGL",
        "brand_code": "CNG",
        "operator": "Mahanagar Gas Limited",
        "address": "",
        "state": "Maharashtra",
        "city": "Navi Mumbai",
        "phone": "",
        "fuel_types": "CNG",
        "amenity": "cng",
        "source": "mahanagargas.com"
      },
      "geometry": {
        "type": "Point",
        "coordinates": [
          72.99391674,
          19.18482385
        ]
      }
    },
    {
      "type": "Feature",
      "properties": {
        "name": "RB Traders; Dockyard Road",
        "brand": "MGL",
        "brand_code": "CNG",
        "operator": "Mahanagar Gas Limited",
        "address": "",
        "state": "Maharashtra",
        "city": "Mumbai Suburbs",
        "phone": "",
        "fuel_types": "CNG",
        "amenity": "cng",
        "source": "mahanagargas.com"
      },
      "geometry": {
        "type": "Point",
        "coordinates": [
          72.84439538,
          18.96562701
        ]
      }
    },
    {
      "type": "Feature",
      "properties": {
        "name": "M/s Avdhoot Enterprises; Jite; Pen",
        "brand": "MGL",
        "brand_code": "CNG",
        "operator": "Mahanagar Gas Limited",
        "address": "",
        "state": "Maharashtra",
        "city": "Raigad",
        "phone": "",
        "fuel_types": "CNG",
        "amenity": "cng",
        "source": "mahanagargas.com"
      },
      "geometry": {
        "type": "Point",
        "coordinates": [
          73.09128245,
          18.81588334
        ]
      }
    },
    {
      "type": "Feature",
      "properties": {
        "name": "CGS; Ambernath",
        "brand": "MGL",
        "brand_code": "CNG",
        "operator": "Mahanagar Gas Limited",
        "address": "",
        "state": "Maharashtra",
        "city": "Mumbai Suburbs",
        "phone": "",
        "fuel_types": "CNG",
        "amenity": "cng",
        "source": "mahanagargas.com"
      },
      "geometry": {
        "type": "Point",
        "coordinates": [
          73.2112595,
          19.19511925
        ]
      }
    },
    {
      "type": "Feature",
      "properties": {
        "name": "M/s MGL NMMT Asudgaon CNG Station",
        "brand": "MGL",
        "brand_code": "CNG",
        "operator": "Mahanagar Gas Limited",
        "address": "",
        "state": "Maharashtra",
        "city": "Mumbai Suburbs",
        "phone": "",
        "fuel_types": "CNG",
        "amenity": "cng",
        "source": "mahanagargas.com"
      },
      "geometry": {
        "type": "Point",
        "coordinates": [
          73.10758635,
          19.01341463
        ]
      }
    },
    {
      "type": "Feature",
      "properties": {
        "name": "BEST Pratiksha Nagar Depot; Sion",
        "brand": "MGL",
        "brand_code": "CNG",
        "operator": "Mahanagar Gas Limited",
        "address": "",
        "state": "Maharashtra",
        "city": "Mumbai Suburbs",
        "phone": "",
        "fuel_types": "CNG",
        "amenity": "cng",
        "source": "mahanagargas.com"
      },
      "geometry": {
        "type": "Point",
        "coordinates": [
          72.87624135,
          19.0424172
        ]
      }
    },
    {
      "type": "Feature",
      "properties": {
        "name": "BEST Dindoshi Depot; Goregaon(E)",
        "brand": "MGL",
        "brand_code": "CNG",
        "operator": "Mahanagar Gas Limited",
        "address": "",
        "state": "Maharashtra",
        "city": "Mumbai Suburbs",
        "phone": "",
        "fuel_types": "CNG",
        "amenity": "cng",
        "source": "mahanagargas.com"
      },
      "geometry": {
        "type": "Point",
        "coordinates": [
          72.86537174,
          19.1762964
        ]
      }
    },
    {
      "type": "Feature",
      "properties": {
        "name": "BEST Goregaon-Oshiwara Depot",
        "brand": "MGL",
        "brand_code": "CNG",
        "operator": "Mahanagar Gas Limited",
        "address": "",
        "state": "Maharashtra",
        "city": "Mumbai Suburbs",
        "phone": "",
        "fuel_types": "CNG",
        "amenity": "cng",
        "source": "mahanagargas.com"
      },
      "geometry": {
        "type": "Point",
        "coordinates": [
          72.83874952,
          19.15327664
        ]
      }
    },
    {
      "type": "Feature",
      "properties": {
        "name": "MGL CGS; Mahape",
        "brand": "MGL",
        "brand_code": "CNG",
        "operator": "Mahanagar Gas Limited",
        "address": "",
        "state": "Maharashtra",
        "city": "Navi Mumbai",
        "phone": "",
        "fuel_types": "CNG",
        "amenity": "cng",
        "source": "mahanagargas.com"
      },
      "geometry": {
        "type": "Point",
        "coordinates": [
          73.01554008,
          19.11441158
        ]
      }
    },
    {
      "type": "Feature",
      "properties": {
        "name": "TMT Bus Depot; Wagale Estate",
        "brand": "MGL",
        "brand_code": "CNG",
        "operator": "Mahanagar Gas Limited",
        "address": "",
        "state": "Maharashtra",
        "city": "Thane",
        "phone": "",
        "fuel_types": "CNG",
        "amenity": "cng",
        "source": "mahanagargas.com"
      },
      "geometry": {
        "type": "Point",
        "coordinates": [
          72.9450908,
          19.20169375
        ]
      }
    },
    {
      "type": "Feature",
      "properties": {
        "name": "BP Belapur; Sec-15",
        "brand": "MGL",
        "brand_code": "CNG",
        "operator": "Mahanagar Gas Limited",
        "address": "",
        "state": "Maharashtra",
        "city": "Navi Mumbai",
        "phone": "",
        "fuel_types": "CNG",
        "amenity": "cng",
        "source": "mahanagargas.com"
      },
      "geometry": {
        "type": "Point",
        "coordinates": [
          73.03585521,
          19.01211408
        ]
      }
    },
    {
      "type": "Feature",
      "properties": {
        "name": "CGS; Taloja",
        "brand": "MGL",
        "brand_code": "CNG",
        "operator": "Mahanagar Gas Limited",
        "address": "",
        "state": "Maharashtra",
        "city": "Raigad",
        "phone": "",
        "fuel_types": "CNG",
        "amenity": "cng",
        "source": "mahanagargas.com"
      },
      "geometry": {
        "type": "Point",
        "coordinates": [
          73.13073879,
          19.06547247
        ]
      }
    },
    {
      "type": "Feature",
      "properties": {
        "name": "MGL CNG PLOT;BADLAPUR",
        "brand": "MGL",
        "brand_code": "CNG",
        "operator": "Mahanagar Gas Limited",
        "address": "",
        "state": "Maharashtra",
        "city": "Mumbai Suburbs",
        "phone": "",
        "fuel_types": "CNG",
        "amenity": "cng",
        "source": "mahanagargas.com"
      },
      "geometry": {
        "type": "Point",
        "coordinates": [
          73.23988555,
          19.15506657
        ]
      }
    },
    {
      "type": "Feature",
      "properties": {
        "name": "MGL Savroli",
        "brand": "MGL",
        "brand_code": "CNG",
        "operator": "Mahanagar Gas Limited",
        "address": "",
        "state": "Maharashtra",
        "city": "Raigad",
        "phone": "",
        "fuel_types": "CNG",
        "amenity": "cng",
        "source": "mahanagargas.com"
      },
      "geometry": {
        "type": "Point",
        "coordinates": [
          73.28197774,
          18.80165084
        ]
      }
    },
    {
      "type": "Feature",
      "properties": {
        "name": "BEST Deonar Bus Depot; Deonar",
        "brand": "MGL",
        "brand_code": "CNG",
        "operator": "Mahanagar Gas Limited",
        "address": "",
        "state": "Maharashtra",
        "city": "Mumbai Suburbs",
        "phone": "",
        "fuel_types": "CNG",
        "amenity": "cng",
        "source": "mahanagargas.com"
      },
      "geometry": {
        "type": "Point",
        "coordinates": [
          72.91396294,
          19.04627861
        ]
      }
    },
    {
      "type": "Feature",
      "properties": {
        "name": "BKC MGL; Bandra (E)",
        "brand": "MGL",
        "brand_code": "CNG",
        "operator": "Mahanagar Gas Limited",
        "address": "",
        "state": "Maharashtra",
        "city": "Mumbai Suburbs",
        "phone": "",
        "fuel_types": "CNG",
        "amenity": "cng",
        "source": "mahanagargas.com"
      },
      "geometry": {
        "type": "Point",
        "coordinates": [
          72.85987305,
          19.06434122
        ]
      }
    },
    {
      "type": "Feature",
      "properties": {
        "name": "BEST Santacruz Depot; Santacruz",
        "brand": "MGL",
        "brand_code": "CNG",
        "operator": "Mahanagar Gas Limited",
        "address": "",
        "state": "Maharashtra",
        "city": "Mumbai Suburbs",
        "phone": "",
        "fuel_types": "CNG",
        "amenity": "cng",
        "source": "mahanagargas.com"
      },
      "geometry": {
        "type": "Point",
        "coordinates": [
          72.83703951,
          19.09042219
        ]
      }
    },
    {
      "type": "Feature",
      "properties": {
        "name": "Panvel Fasteners; Kamothe",
        "brand": "MGL",
        "brand_code": "CNG",
        "operator": "Mahanagar Gas Limited",
        "address": "",
        "state": "Maharashtra",
        "city": "Raigad",
        "phone": "",
        "fuel_types": "CNG",
        "amenity": "cng",
        "source": "mahanagargas.com"
      },
      "geometry": {
        "type": "Point",
        "coordinates": [
          73.09904759,
          19.02219515
        ]
      }
    },
    {
      "type": "Feature",
      "properties": {
        "name": "Maya Traders; Ulhasnagar",
        "brand": "MGL",
        "brand_code": "CNG",
        "operator": "Mahanagar Gas Limited",
        "address": "",
        "state": "Maharashtra",
        "city": "Mumbai Suburbs",
        "phone": "",
        "fuel_types": "CNG",
        "amenity": "cng",
        "source": "mahanagargas.com"
      },
      "geometry": {
        "type": "Point",
        "coordinates": [
          73.15528346,
          19.21986629
        ]
      }
    },
    {
      "type": "Feature",
      "properties": {
        "name": "NMMT Turbhe (Outside); Turbhe",
        "brand": "MGL",
        "brand_code": "CNG",
        "operator": "Mahanagar Gas Limited",
        "address": "",
        "state": "Maharashtra",
        "city": "Navi Mumbai",
        "phone": "",
        "fuel_types": "CNG",
        "amenity": "cng",
        "source": "mahanagargas.com"
      },
      "geometry": {
        "type": "Point",
        "coordinates": [
          73.01729082,
          19.07339754
        ]
      }
    },
    {
      "type": "Feature",
      "properties": {
        "name": "Khopat (Outside); Thane",
        "brand": "MGL",
        "brand_code": "CNG",
        "operator": "Mahanagar Gas Limited",
        "address": "",
        "state": "Maharashtra",
        "city": "Thane",
        "phone": "",
        "fuel_types": "CNG",
        "amenity": "cng",
        "source": "mahanagargas.com"
      },
      "geometry": {
        "type": "Point",
        "coordinates": [
          72.97255347,
          19.20199001
        ]
      }
    },
    {
      "type": "Feature",
      "properties": {
        "name": "BEST Mumbai Central Depot",
        "brand": "MGL",
        "brand_code": "CNG",
        "operator": "Mahanagar Gas Limited",
        "address": "",
        "state": "Maharashtra",
        "city": "Mumbai Suburbs",
        "phone": "",
        "fuel_types": "CNG",
        "amenity": "cng",
        "source": "mahanagargas.com"
      },
      "geometry": {
        "type": "Point",
        "coordinates": [
          72.82453149,
          18.9691364
        ]
      }
    },
    {
      "type": "Feature",
      "properties": {
        "name": "Bharat Coal Tar; Goregaon (E)",
        "brand": "MGL",
        "brand_code": "CNG",
        "operator": "Mahanagar Gas Limited",
        "address": "",
        "state": "Maharashtra",
        "city": "Mumbai Suburbs",
        "phone": "",
        "fuel_types": "CNG",
        "amenity": "cng",
        "source": "mahanagargas.com"
      },
      "geometry": {
        "type": "Point",
        "coordinates": [
          72.85712143,
          19.15984494
        ]
      }
    },
    {
      "type": "Feature",
      "properties": {
        "name": "M/s.Shree Omkar Filling Station;Shirdhon",
        "brand": "MGL",
        "brand_code": "CNG",
        "operator": "Mahanagar Gas Limited",
        "address": "",
        "state": "Maharashtra",
        "city": "Mumbai Suburbs",
        "phone": "",
        "fuel_types": "CNG",
        "amenity": "cng",
        "source": "mahanagargas.com"
      },
      "geometry": {
        "type": "Point",
        "coordinates": [
          73.12764912,
          18.93035981
        ]
      }
    },
    {
      "type": "Feature",
      "properties": {
        "name": "MGL MSRTC; Vithalwadi",
        "brand": "MGL",
        "brand_code": "CNG",
        "operator": "Mahanagar Gas Limited",
        "address": "",
        "state": "Maharashtra",
        "city": "Kalyan",
        "phone": "",
        "fuel_types": "CNG",
        "amenity": "cng",
        "source": "mahanagargas.com"
      },
      "geometry": {
        "type": "Point",
        "coordinates": [
          73.14920095,
          19.22760105
        ]
      }
    },
    {
      "type": "Feature",
      "properties": {
        "name": "BEST Magathane Depot; Borivali-E",
        "brand": "MGL",
        "brand_code": "CNG",
        "operator": "Mahanagar Gas Limited",
        "address": "",
        "state": "Maharashtra",
        "city": "Mumbai Suburbs",
        "phone": "",
        "fuel_types": "CNG",
        "amenity": "cng",
        "source": "mahanagargas.com"
      },
      "geometry": {
        "type": "Point",
        "coordinates": [
          72.86745731,
          19.22030901
        ]
      }
    },
    {
      "type": "Feature",
      "properties": {
        "name": "Hind CNG filling Station; Kalyan",
        "brand": "MGL",
        "brand_code": "CNG",
        "operator": "Mahanagar Gas Limited",
        "address": "",
        "state": "Maharashtra",
        "city": "Kalyan",
        "phone": "",
        "fuel_types": "CNG",
        "amenity": "cng",
        "source": "mahanagargas.com"
      },
      "geometry": {
        "type": "Point",
        "coordinates": [
          73.09122221,
          19.26114527
        ]
      }
    },
    {
      "type": "Feature",
      "properties": {
        "name": "Dhanlaxmi Enterprises; Thane",
        "brand": "MGL",
        "brand_code": "CNG",
        "operator": "Mahanagar Gas Limited",
        "address": "",
        "state": "Maharashtra",
        "city": "Thane",
        "phone": "",
        "fuel_types": "CNG",
        "amenity": "cng",
        "source": "mahanagargas.com"
      },
      "geometry": {
        "type": "Point",
        "coordinates": [
          72.94243317,
          19.28460054
        ]
      }
    },
    {
      "type": "Feature",
      "properties": {
        "name": "CGS; Sion",
        "brand": "MGL",
        "brand_code": "CNG",
        "operator": "Mahanagar Gas Limited",
        "address": "",
        "state": "Maharashtra",
        "city": "Mumbai Suburbs",
        "phone": "",
        "fuel_types": "CNG",
        "amenity": "cng",
        "source": "mahanagargas.com"
      },
      "geometry": {
        "type": "Point",
        "coordinates": [
          72.8787582,
          19.04731651
        ]
      }
    },
    {
      "type": "Feature",
      "properties": {
        "name": "MGL CNG Usarghar",
        "brand": "MGL",
        "brand_code": "CNG",
        "operator": "Mahanagar Gas Limited",
        "address": "",
        "state": "Maharashtra",
        "city": "Raigad",
        "phone": "",
        "fuel_types": "CNG",
        "amenity": "cng",
        "source": "mahanagargas.com"
      },
      "geometry": {
        "type": "Point",
        "coordinates": [
          73.3179611,
          18.17569943
        ]
      }
    },
    {
      "type": "Feature",
      "properties": {
        "name": "MIDC Patalganga CNG station",
        "brand": "MGL",
        "brand_code": "CNG",
        "operator": "Mahanagar Gas Limited",
        "address": "",
        "state": "Maharashtra",
        "city": "Raigad",
        "phone": "",
        "fuel_types": "CNG",
        "amenity": "cng",
        "source": "mahanagargas.com"
      },
      "geometry": {
        "type": "Point",
        "coordinates": [
          73.1862425,
          18.89623966
        ]
      }
    },
    {
      "type": "Feature",
      "properties": {
        "name": "Vicky & Tejas Automobiles; Lodhivali",
        "brand": "MGL",
        "brand_code": "CNG",
        "operator": "Mahanagar Gas Limited",
        "address": "",
        "state": "Maharashtra",
        "city": "Raigad",
        "phone": "",
        "fuel_types": "CNG",
        "amenity": "cng",
        "source": "mahanagargas.com"
      },
      "geometry": {
        "type": "Point",
        "coordinates": [
          73.21349373,
          18.90178512
        ]
      }
    },
    {
      "type": "Feature",
      "properties": {
        "name": "Sanjay Kadam; Owala",
        "brand": "MGL",
        "brand_code": "CNG",
        "operator": "Mahanagar Gas Limited",
        "address": "",
        "state": "Maharashtra",
        "city": "Raigad",
        "phone": "",
        "fuel_types": "CNG",
        "amenity": "cng",
        "source": "mahanagargas.com"
      },
      "geometry": {
        "type": "Point",
        "coordinates": [
          72.9578873,
          19.27785003
        ]
      }
    },
    {
      "type": "Feature",
      "properties": {
        "name": "BEST Anik Bus Depot; Sion",
        "brand": "MGL",
        "brand_code": "CNG",
        "operator": "Mahanagar Gas Limited",
        "address": "",
        "state": "Maharashtra",
        "city": "Mumbai Suburbs",
        "phone": "",
        "fuel_types": "CNG",
        "amenity": "cng",
        "source": "mahanagargas.com"
      },
      "geometry": {
        "type": "Point",
        "coordinates": [
          72.87877257,
          19.04338346
        ]
      }
    },
    {
      "type": "Feature",
      "properties": {
        "name": "CIDCO ULWE",
        "brand": "MGL",
        "brand_code": "CNG",
        "operator": "Mahanagar Gas Limited",
        "address": "",
        "state": "Maharashtra",
        "city": "Raigad",
        "phone": "",
        "fuel_types": "CNG",
        "amenity": "cng",
        "source": "mahanagargas.com"
      },
      "geometry": {
        "type": "Point",
        "coordinates": [
          73.02778784,
          18.98395469
        ]
      }
    },
    {
      "type": "Feature",
      "properties": {
        "name": "Tardeo RTO; Tardeo",
        "brand": "MGL",
        "brand_code": "CNG",
        "operator": "Mahanagar Gas Limited",
        "address": "",
        "state": "Maharashtra",
        "city": "Mumbai Suburbs",
        "phone": "",
        "fuel_types": "CNG",
        "amenity": "cng",
        "source": "mahanagargas.com"
      },
      "geometry": {
        "type": "Point",
        "coordinates": [
          72.81573944,
          18.97431222
        ]
      }
    },
    {
      "type": "Feature",
      "properties": {
        "name": "Shivsai Enterprises;Khalapur",
        "brand": "MGL",
        "brand_code": "CNG",
        "operator": "Mahanagar Gas Limited",
        "address": "",
        "state": "Maharashtra",
        "city": "Raigad",
        "phone": "",
        "fuel_types": "CNG",
        "amenity": "cng",
        "source": "mahanagargas.com"
      },
      "geometry": {
        "type": "Point",
        "coordinates": [
          73.21332062,
          18.90380262
        ]
      }
    },
    {
      "type": "Feature",
      "properties": {
        "name": "MGL Dingani Kuran COCO",
        "brand": "MGL",
        "brand_code": "CNG",
        "operator": "Mahanagar Gas Limited",
        "address": "",
        "state": "Maharashtra",
        "city": "Ratnagiri",
        "phone": "",
        "fuel_types": "CNG",
        "amenity": "cng",
        "source": "mahanagargas.com"
      },
      "geometry": {
        "type": "Point",
        "coordinates": [
          73.480966,
          17.167541
        ]
      }
    },
    {
      "type": "Feature",
      "properties": {
        "name": "Lote LCNG, Khed",
        "brand": "MGL",
        "brand_code": "CNG",
        "operator": "Mahanagar Gas Limited",
        "address": "",
        "state": "Maharashtra",
        "city": "Ratnagiri",
        "phone": "",
        "fuel_types": "CNG",
        "amenity": "cng",
        "source": "mahanagargas.com"
      },
      "geometry": {
        "type": "Point",
        "coordinates": [
          73.486481,
          17.606816
        ]
      }
    },
    {
      "type": "Feature",
      "properties": {
        "name": "A3-MIDC Mirjole, Ratnagiri, Mirjole",
        "brand": "MGL",
        "brand_code": "CNG",
        "operator": "Mahanagar Gas Limited",
        "address": "",
        "state": "Maharashtra",
        "city": "Ratnagiri",
        "phone": "",
        "fuel_types": "CNG",
        "amenity": "cng",
        "source": "mahanagargas.com"
      },
      "geometry": {
        "type": "Point",
        "coordinates": [
          73.330561,
          16.997661
        ]
      }
    },
    {
      "type": "Feature",
      "properties": {
        "name": "Shri Marleshwar Petroleum, Devrukh",
        "brand": "MGL",
        "brand_code": "CNG",
        "operator": "Mahanagar Gas Limited",
        "address": "",
        "state": "Maharashtra",
        "city": "Ratnagiri",
        "phone": "",
        "fuel_types": "CNG",
        "amenity": "cng",
        "source": "mahanagargas.com"
      },
      "geometry": {
        "type": "Point",
        "coordinates": [
          73.614977,
          17.068711
        ]
      }
    },
    {
      "type": "Feature",
      "properties": {
        "name": "M/s Sahil Shanti Automobile, Hathkhamba",
        "brand": "MGL",
        "brand_code": "CNG",
        "operator": "Mahanagar Gas Limited",
        "address": "",
        "state": "Maharashtra",
        "city": "Ratnagiri",
        "phone": "",
        "fuel_types": "CNG",
        "amenity": "cng",
        "source": "mahanagargas.com"
      },
      "geometry": {
        "type": "Point",
        "coordinates": [
          73.415238,
          17.033757
        ]
      }
    },
    {
      "type": "Feature",
      "properties": {
        "name": "M/s Sanshora Automobile, Khed",
        "brand": "MGL",
        "brand_code": "CNG",
        "operator": "Mahanagar Gas Limited",
        "address": "",
        "state": "Maharashtra",
        "city": "Ratnagiri",
        "phone": "",
        "fuel_types": "CNG",
        "amenity": "cng",
        "source": "mahanagargas.com"
      },
      "geometry": {
        "type": "Point",
        "coordinates": [
          73.479728,
          17.614658
        ]
      }
    },
    {
      "type": "Feature",
      "properties": {
        "name": "M/s Siddhnath Automobile, Ratnagiri",
        "brand": "MGL",
        "brand_code": "CNG",
        "operator": "Mahanagar Gas Limited",
        "address": "",
        "state": "Maharashtra",
        "city": "Ratnagiri",
        "phone": "",
        "fuel_types": "CNG",
        "amenity": "cng",
        "source": "mahanagargas.com"
      },
      "geometry": {
        "type": "Point",
        "coordinates": [
          73.358795,
          16.998923
        ]
      }
    },
    {
      "type": "Feature",
      "properties": {
        "name": "M/s Atharva Automobile, Khed",
        "brand": "MGL",
        "brand_code": "CNG",
        "operator": "Mahanagar Gas Limited",
        "address": "",
        "state": "Maharashtra",
        "city": "Ratnagiri",
        "phone": "",
        "fuel_types": "CNG",
        "amenity": "cng",
        "source": "mahanagargas.com"
      },
      "geometry": {
        "type": "Point",
        "coordinates": [
          73.459163,
          17.641716
        ]
      }
    },
    {
      "type": "Feature",
      "properties": {
        "name": "M/s Samarth Tredars, Dhamani",
        "brand": "MGL",
        "brand_code": "CNG",
        "operator": "Mahanagar Gas Limited",
        "address": "",
        "state": "Maharashtra",
        "city": "Ratnagiri",
        "phone": "",
        "fuel_types": "CNG",
        "amenity": "cng",
        "source": "mahanagargas.com"
      },
      "geometry": {
        "type": "Point",
        "coordinates": [
          73.546095,
          17.214653
        ]
      }
    },
    {
      "type": "Feature",
      "properties": {
        "name": "M/s Nobel Auto , Ratnagiri",
        "brand": "MGL",
        "brand_code": "CNG",
        "operator": "Mahanagar Gas Limited",
        "address": "",
        "state": "Maharashtra",
        "city": "Ratnagiri",
        "phone": "",
        "fuel_types": "CNG",
        "amenity": "cng",
        "source": "mahanagargas.com"
      },
      "geometry": {
        "type": "Point",
        "coordinates": [
          73.255827,
          17.980822
        ]
      }
    },
    {
      "type": "Feature",
      "properties": {
        "name": "M/s GB Mehta, Chiplun",
        "brand": "MGL",
        "brand_code": "CNG",
        "operator": "Mahanagar Gas Limited",
        "address": "",
        "state": "Maharashtra",
        "city": "Ratnagiri",
        "phone": "",
        "fuel_types": "CNG",
        "amenity": "cng",
        "source": "mahanagargas.com"
      },
      "geometry": {
        "type": "Point",
        "coordinates": [
          73.532679,
          17.522855
        ]
      }
    },
    {
      "type": "Feature",
      "properties": {
        "name": "M/s Advait Petroleum, Lanja",
        "brand": "MGL",
        "brand_code": "CNG",
        "operator": "Mahanagar Gas Limited",
        "address": "",
        "state": "Maharashtra",
        "city": "Ratnagiri",
        "phone": "",
        "fuel_types": "CNG",
        "amenity": "cng",
        "source": "mahanagargas.com"
      },
      "geometry": {
        "type": "Point",
        "coordinates": [
          73.548382,
          16.8472
        ]
      }
    },
    {
      "type": "Feature",
      "properties": {
        "name": "M/s Shardha Automobile, Dapoli",
        "brand": "MGL",
        "brand_code": "CNG",
        "operator": "Mahanagar Gas Limited",
        "address": "",
        "state": "Maharashtra",
        "city": "Ratnagiri",
        "phone": "",
        "fuel_types": "CNG",
        "amenity": "cng",
        "source": "mahanagargas.com"
      },
      "geometry": {
        "type": "Point",
        "coordinates": [
          73.187985,
          17.753439
        ]
      }
    },
    {
      "type": "Feature",
      "properties": {
        "name": "M/s Mamta Green Gas Services, Chiplun",
        "brand": "MGL",
        "brand_code": "CNG",
        "operator": "Mahanagar Gas Limited",
        "address": "",
        "state": "Maharashtra",
        "city": "Ratnagiri",
        "phone": "",
        "fuel_types": "CNG",
        "amenity": "cng",
        "source": "mahanagargas.com"
      },
      "geometry": {
        "type": "Point",
        "coordinates": [
          73.52056,
          17.546253
        ]
      }
    },
    {
      "type": "Feature",
      "properties": {
        "name": "M/s Shri Datt Enterprises, Khed",
        "brand": "MGL",
        "brand_code": "CNG",
        "operator": "Mahanagar Gas Limited",
        "address": "",
        "state": "Maharashtra",
        "city": "Ratnagiri",
        "phone": "",
        "fuel_types": "CNG",
        "amenity": "cng",
        "source": "mahanagargas.com"
      },
      "geometry": {
        "type": "Point",
        "coordinates": [
          73.414589,
          17.751609
        ]
      }
    },
    {
      "type": "Feature",
      "properties": {
        "name": "M/s Vinayak Automobile, Guhagar",
        "brand": "MGL",
        "brand_code": "CNG",
        "operator": "Mahanagar Gas Limited",
        "address": "",
        "state": "Maharashtra",
        "city": "Ratnagiri",
        "phone": "",
        "fuel_types": "CNG",
        "amenity": "cng",
        "source": "mahanagargas.com"
      },
      "geometry": {
        "type": "Point",
        "coordinates": [
          73.267864,
          17.489549
        ]
      }
    },
    {
      "type": "Feature",
      "properties": {
        "name": "M/s M K Santosh, Chiplun",
        "brand": "MGL",
        "brand_code": "CNG",
        "operator": "Mahanagar Gas Limited",
        "address": "",
        "state": "Maharashtra",
        "city": "Ratnagiri",
        "phone": "",
        "fuel_types": "CNG",
        "amenity": "cng",
        "source": "mahanagargas.com"
      },
      "geometry": {
        "type": "Point",
        "coordinates": [
          73.539116,
          17.405529
        ]
      }
    },
    {
      "type": "Feature",
      "properties": {
        "name": "MSRTC Chiplun, Chiplun",
        "brand": "MGL",
        "brand_code": "CNG",
        "operator": "Mahanagar Gas Limited",
        "address": "",
        "state": "Maharashtra",
        "city": "Ratnagiri",
        "phone": "",
        "fuel_types": "CNG",
        "amenity": "cng",
        "source": "mahanagargas.com"
      },
      "geometry": {
        "type": "Point",
        "coordinates": [
          73.523451,
          17.525539
        ]
      }
    },
    {
      "type": "Feature",
      "properties": {
        "name": "M/s Reliable Fuel Agency, Rajapur",
        "brand": "MGL",
        "brand_code": "CNG",
        "operator": "Mahanagar Gas Limited",
        "address": "",
        "state": "Maharashtra",
        "city": "Ratnagiri",
        "phone": "",
        "fuel_types": "CNG",
        "amenity": "cng",
        "source": "mahanagargas.com"
      },
      "geometry": {
        "type": "Point",
        "coordinates": [
          73.52811,
          16.667399
        ]
      }
    },
    {
      "type": "Feature",
      "properties": {
        "name": "MSRTC Ratnagiri, Zadgaon",
        "brand": "MGL",
        "brand_code": "CNG",
        "operator": "Mahanagar Gas Limited",
        "address": "",
        "state": "Maharashtra",
        "city": "Ratnagiri",
        "phone": "",
        "fuel_types": "CNG",
        "amenity": "cng",
        "source": "mahanagargas.com"
      },
      "geometry": {
        "type": "Point",
        "coordinates": [
          73.308875,
          16.989529
        ]
      }
    },
    {
      "type": "Feature",
      "properties": {
        "name": "M/s Chougle CNG Station, Dapoli",
        "brand": "MGL",
        "brand_code": "CNG",
        "operator": "Mahanagar Gas Limited",
        "address": "",
        "state": "Maharashtra",
        "city": "Ratnagiri",
        "phone": "",
        "fuel_types": "CNG",
        "amenity": "cng",
        "source": "mahanagargas.com"
      },
      "geometry": {
        "type": "Point",
        "coordinates": [
          73.210391,
          17.777543
        ]
      }
    },
    {
      "type": "Feature",
      "properties": {
        "name": "MGL Ausa COCO",
        "brand": "MGL",
        "brand_code": "CNG",
        "operator": "Mahanagar Gas Limited",
        "address": "",
        "state": "Maharashtra",
        "city": "Latur",
        "phone": "",
        "fuel_types": "CNG",
        "amenity": "cng",
        "source": "mahanagargas.com"
      },
      "geometry": {
        "type": "Point",
        "coordinates": [
          76.368545,
          18.140674
        ]
      }
    },
    {
      "type": "Feature",
      "properties": {
        "name": "M/s Mantri Petroleum, Latur",
        "brand": "MGL",
        "brand_code": "CNG",
        "operator": "Mahanagar Gas Limited",
        "address": "",
        "state": "Maharashtra",
        "city": "Latur",
        "phone": "",
        "fuel_types": "CNG",
        "amenity": "cng",
        "source": "mahanagargas.com"
      },
      "geometry": {
        "type": "Point",
        "coordinates": [
          76.592618,
          18.416415
        ]
      }
    },
    {
      "type": "Feature",
      "properties": {
        "name": "M/s Abhinav Petroleum, Tuljapur",
        "brand": "MGL",
        "brand_code": "CNG",
        "operator": "Mahanagar Gas Limited",
        "address": "",
        "state": "Maharashtra",
        "city": "Osmanabad",
        "phone": "",
        "fuel_types": "CNG",
        "amenity": "cng",
        "source": "mahanagargas.com"
      },
      "geometry": {
        "type": "Point",
        "coordinates": [
          76.197849,
          17.80202
        ]
      }
    },
    {
      "type": "Feature",
      "properties": {
        "name": "M/s Jayash Petroleum, Tuljapur",
        "brand": "MGL",
        "brand_code": "CNG",
        "operator": "Mahanagar Gas Limited",
        "address": "",
        "state": "Maharashtra",
        "city": "Osmanabad",
        "phone": "",
        "fuel_types": "CNG",
        "amenity": "cng",
        "source": "mahanagargas.com"
      },
      "geometry": {
        "type": "Point",
        "coordinates": [
          76.083346,
          17.993888
        ]
      }
    },
    {
      "type": "Feature",
      "properties": {
        "name": "M/s Rajlaxmi Petroleum, Osmanabad",
        "brand": "MGL",
        "brand_code": "CNG",
        "operator": "Mahanagar Gas Limited",
        "address": "",
        "state": "Maharashtra",
        "city": "Osmanabad",
        "phone": "",
        "fuel_types": "CNG",
        "amenity": "cng",
        "source": "mahanagargas.com"
      },
      "geometry": {
        "type": "Point",
        "coordinates": [
          76.051009,
          18.187868
        ]
      }
    },
    {
      "type": "Feature",
      "properties": {
        "name": "M/s Uma-Mahesh Auto Care Centre, Udgir",
        "brand": "MGL",
        "brand_code": "CNG",
        "operator": "Mahanagar Gas Limited",
        "address": "",
        "state": "Maharashtra",
        "city": "Latur",
        "phone": "",
        "fuel_types": "CNG",
        "amenity": "cng",
        "source": "mahanagargas.com"
      },
      "geometry": {
        "type": "Point",
        "coordinates": [
          77.130311,
          18.359692
        ]
      }
    },
    {
      "type": "Feature",
      "properties": {
        "name": "M/s Gajanan Agencies Petroleum, Nilanga",
        "brand": "MGL",
        "brand_code": "CNG",
        "operator": "Mahanagar Gas Limited",
        "address": "",
        "state": "Maharashtra",
        "city": "Latur",
        "phone": "",
        "fuel_types": "CNG",
        "amenity": "cng",
        "source": "mahanagargas.com"
      },
      "geometry": {
        "type": "Point",
        "coordinates": [
          76.761678,
          18.126435
        ]
      }
    },
    {
      "type": "Feature",
      "properties": {
        "name": "COCO CNG Filling Station, Khadgaon",
        "brand": "MGL",
        "brand_code": "CNG",
        "operator": "Mahanagar Gas Limited",
        "address": "",
        "state": "Maharashtra",
        "city": "Latur",
        "phone": "",
        "fuel_types": "CNG",
        "amenity": "cng",
        "source": "mahanagargas.com"
      },
      "geometry": {
        "type": "Point",
        "coordinates": [
          76.550944,
          18.385913
        ]
      }
    },
    {
      "type": "Feature",
      "properties": {
        "name": "M/s Tatya Petroleum, Ahmadpur",
        "brand": "MGL",
        "brand_code": "CNG",
        "operator": "Mahanagar Gas Limited",
        "address": "",
        "state": "Maharashtra",
        "city": "Latur",
        "phone": "",
        "fuel_types": "CNG",
        "amenity": "cng",
        "source": "mahanagargas.com"
      },
      "geometry": {
        "type": "Point",
        "coordinates": [
          76.950006,
          18.685196
        ]
      }
    },
    {
      "type": "Feature",
      "properties": {
        "name": "M/s Snehshree Enterprise, Ausa",
        "brand": "MGL",
        "brand_code": "CNG",
        "operator": "Mahanagar Gas Limited",
        "address": "",
        "state": "Maharashtra",
        "city": "Latur",
        "phone": "",
        "fuel_types": "CNG",
        "amenity": "cng",
        "source": "mahanagargas.com"
      },
      "geometry": {
        "type": "Point",
        "coordinates": [
          76.515742,
          18.254689
        ]
      }
    },
    {
      "type": "Feature",
      "properties": {
        "name": "M/s S M Bidve Enterprises, Ausa",
        "brand": "MGL",
        "brand_code": "CNG",
        "operator": "Mahanagar Gas Limited",
        "address": "",
        "state": "Maharashtra",
        "city": "Latur",
        "phone": "",
        "fuel_types": "CNG",
        "amenity": "cng",
        "source": "mahanagargas.com"
      },
      "geometry": {
        "type": "Point",
        "coordinates": [
          76.558302,
          18.376864
        ]
      }
    },
    {
      "type": "Feature",
      "properties": {
        "name": "M/s Narshingh Petroleum, Dhoki",
        "brand": "MGL",
        "brand_code": "CNG",
        "operator": "Mahanagar Gas Limited",
        "address": "",
        "state": "Maharashtra",
        "city": "Osmanabad",
        "phone": "",
        "fuel_types": "CNG",
        "amenity": "cng",
        "source": "mahanagargas.com"
      },
      "geometry": {
        "type": "Point",
        "coordinates": [
          76.113585,
          18.374375
        ]
      }
    },
    {
      "type": "Feature",
      "properties": {
        "name": "M/s Rajdhani Highway Services, Umarga",
        "brand": "MGL",
        "brand_code": "CNG",
        "operator": "Mahanagar Gas Limited",
        "address": "",
        "state": "Maharashtra",
        "city": "Osmanabad",
        "phone": "",
        "fuel_types": "CNG",
        "amenity": "cng",
        "source": "mahanagargas.com"
      },
      "geometry": {
        "type": "Point",
        "coordinates": [
          76.629579,
          17.84924
        ]
      }
    },
    {
      "type": "Feature",
      "properties": {
        "name": "M/s Guru Mauli Petroleum, Deoni",
        "brand": "MGL",
        "brand_code": "CNG",
        "operator": "Mahanagar Gas Limited",
        "address": "",
        "state": "Maharashtra",
        "city": "Latur",
        "phone": "",
        "fuel_types": "CNG",
        "amenity": "cng",
        "source": "mahanagargas.com"
      },
      "geometry": {
        "type": "Point",
        "coordinates": [
          77.092455,
          18.261503
        ]
      }
    },
    {
      "type": "Feature",
      "properties": {
        "name": "M/s Uday Trading Company, Udgir",
        "brand": "MGL",
        "brand_code": "CNG",
        "operator": "Mahanagar Gas Limited",
        "address": "",
        "state": "Maharashtra",
        "city": "Latur",
        "phone": "",
        "fuel_types": "CNG",
        "amenity": "cng",
        "source": "mahanagargas.com"
      },
      "geometry": {
        "type": "Point",
        "coordinates": [
          77.104185,
          18.402142
        ]
      }
    },
    {
      "type": "Feature",
      "properties": {
        "name": "M/s Baba Petroleum , Kalamb",
        "brand": "MGL",
        "brand_code": "CNG",
        "operator": "Mahanagar Gas Limited",
        "address": "",
        "state": "Maharashtra",
        "city": "Osmanabad",
        "phone": "",
        "fuel_types": "CNG",
        "amenity": "cng",
        "source": "mahanagargas.com"
      },
      "geometry": {
        "type": "Point",
        "coordinates": [
          76.038662,
          18.560709
        ]
      }
    },
    {
      "type": "Feature",
      "properties": {
        "name": "M/s Balaji Tatya CNG Gas Pump, Umarga",
        "brand": "MGL",
        "brand_code": "CNG",
        "operator": "Mahanagar Gas Limited",
        "address": "",
        "state": "Maharashtra",
        "city": "Osmanabad",
        "phone": "",
        "fuel_types": "CNG",
        "amenity": "cng",
        "source": "mahanagargas.com"
      },
      "geometry": {
        "type": "Point",
        "coordinates": [
          76.607472,
          17.845592
        ]
      }
    },
    {
      "type": "Feature",
      "properties": {
        "name": "M/s Om Sai Enterprises, Malkapur-Udgir",
        "brand": "MGL",
        "brand_code": "CNG",
        "operator": "Mahanagar Gas Limited",
        "address": "",
        "state": "Maharashtra",
        "city": "Latur",
        "phone": "",
        "fuel_types": "CNG",
        "amenity": "cng",
        "source": "mahanagargas.com"
      },
      "geometry": {
        "type": "Point",
        "coordinates": [
          77.084512,
          18.393587
        ]
      }
    },
    {
      "type": "Feature",
      "properties": {
        "name": "M/s S. G. Gas, Nilanga",
        "brand": "MGL",
        "brand_code": "CNG",
        "operator": "Mahanagar Gas Limited",
        "address": "",
        "state": "Maharashtra",
        "city": "Latur",
        "phone": "",
        "fuel_types": "CNG",
        "amenity": "cng",
        "source": "mahanagargas.com"
      },
      "geometry": {
        "type": "Point",
        "coordinates": [
          76.774283,
          18.123557
        ]
      }
    },
    {
      "type": "Feature",
      "properties": {
        "name": "M/s A.V. Enterprises, Renapur",
        "brand": "MGL",
        "brand_code": "CNG",
        "operator": "Mahanagar Gas Limited",
        "address": "",
        "state": "Maharashtra",
        "city": "Latur",
        "phone": "",
        "fuel_types": "CNG",
        "amenity": "cng",
        "source": "mahanagargas.com"
      },
      "geometry": {
        "type": "Point",
        "coordinates": [
          76.579222,
          18.503833
        ]
      }
    },
    {
      "type": "Feature",
      "properties": {
        "name": "M/s Savitri Petroleum, Latur",
        "brand": "MGL",
        "brand_code": "CNG",
        "operator": "Mahanagar Gas Limited",
        "address": "",
        "state": "Maharashtra",
        "city": "Latur",
        "phone": "",
        "fuel_types": "CNG",
        "amenity": "cng",
        "source": "mahanagargas.com"
      },
      "geometry": {
        "type": "Point",
        "coordinates": [
          76.48879,
          18.388421
        ]
      }
    },
    {
      "type": "Feature",
      "properties": {
        "name": "M/s Moreshwar Petroleum, Tuljapur",
        "brand": "MGL",
        "brand_code": "CNG",
        "operator": "Mahanagar Gas Limited",
        "address": "",
        "state": "Maharashtra",
        "city": "Osmanabad",
        "phone": "",
        "fuel_types": "CNG",
        "amenity": "cng",
        "source": "mahanagargas.com"
      },
      "geometry": {
        "type": "Point",
        "coordinates": [
          76.033947,
          17.961207
        ]
      }
    },
    {
      "type": "Feature",
      "properties": {
        "name": "M/s Shriram Highway Services, Osmanabad",
        "brand": "MGL",
        "brand_code": "CNG",
        "operator": "Mahanagar Gas Limited",
        "address": "",
        "state": "Maharashtra",
        "city": "Osmanabad",
        "phone": "",
        "fuel_types": "CNG",
        "amenity": "cng",
        "source": "mahanagargas.com"
      },
      "geometry": {
        "type": "Point",
        "coordinates": [
          76.051694,
          18.20576
        ]
      }
    },
    {
      "type": "Feature",
      "properties": {
        "name": "M/s Tawale Highway Service, Ausa",
        "brand": "MGL",
        "brand_code": "CNG",
        "operator": "Mahanagar Gas Limited",
        "address": "",
        "state": "Maharashtra",
        "city": "Latur",
        "phone": "",
        "fuel_types": "CNG",
        "amenity": "cng",
        "source": "mahanagargas.com"
      },
      "geometry": {
        "type": "Point",
        "coordinates": [
          76.262204,
          18.405842
        ]
      }
    },
    {
      "type": "Feature",
      "properties": {
        "name": "MGL G.R. Halli COCO",
        "brand": "MGL",
        "brand_code": "CNG",
        "operator": "Mahanagar Gas Limited",
        "address": "",
        "state": "Maharashtra",
        "city": "Chitradurga",
        "phone": "",
        "fuel_types": "CNG",
        "amenity": "cng",
        "source": "mahanagargas.com"
      },
      "geometry": {
        "type": "Point",
        "coordinates": [
          76.401044,
          14.277593
        ]
      }
    },
    {
      "type": "Feature",
      "properties": {
        "name": "M/s GHR Fuel Filling Station, Chitradurga",
        "brand": "MGL",
        "brand_code": "CNG",
        "operator": "Mahanagar Gas Limited",
        "address": "",
        "state": "Maharashtra",
        "city": "Chitradurga",
        "phone": "",
        "fuel_types": "CNG",
        "amenity": "cng",
        "source": "mahanagargas.com"
      },
      "geometry": {
        "type": "Point",
        "coordinates": [
          76.385296,
          14.234201
        ]
      }
    },
    {
      "type": "Feature",
      "properties": {
        "name": "M/s Vishwas Fuels & Service, Davanagere",
        "brand": "MGL",
        "brand_code": "CNG",
        "operator": "Mahanagar Gas Limited",
        "address": "",
        "state": "Maharashtra",
        "city": "Davanagere",
        "phone": "",
        "fuel_types": "CNG",
        "amenity": "cng",
        "source": "mahanagargas.com"
      },
      "geometry": {
        "type": "Point",
        "coordinates": [
          75.932182,
          14.458713
        ]
      }
    },
    {
      "type": "Feature",
      "properties": {
        "name": "M/s Shri Siddharameshwara Service Station, Hiriyur",
        "brand": "MGL",
        "brand_code": "CNG",
        "operator": "Mahanagar Gas Limited",
        "address": "",
        "state": "Maharashtra",
        "city": "Chitradurga",
        "phone": "",
        "fuel_types": "CNG",
        "amenity": "cng",
        "source": "mahanagargas.com"
      },
      "geometry": {
        "type": "Point",
        "coordinates": [
          76.62238,
          13.95375
        ]
      }
    },
    {
      "type": "Feature",
      "properties": {
        "name": "M/s Shankarleela Fuel Station, Davanagere",
        "brand": "MGL",
        "brand_code": "CNG",
        "operator": "Mahanagar Gas Limited",
        "address": "",
        "state": "Maharashtra",
        "city": "Davanagere",
        "phone": "",
        "fuel_types": "CNG",
        "amenity": "cng",
        "source": "mahanagargas.com"
      },
      "geometry": {
        "type": "Point",
        "coordinates": [
          75.954066,
          14.439125
        ]
      }
    },
    {
      "type": "Feature",
      "properties": {
        "name": "M/s Sreenithya Petroleum, Challakere",
        "brand": "MGL",
        "brand_code": "CNG",
        "operator": "Mahanagar Gas Limited",
        "address": "",
        "state": "Maharashtra",
        "city": "Chitradurga",
        "phone": "",
        "fuel_types": "CNG",
        "amenity": "cng",
        "source": "mahanagargas.com"
      },
      "geometry": {
        "type": "Point",
        "coordinates": [
          76.6532,
          14.32988
        ]
      }
    },
    {
      "type": "Feature",
      "properties": {
        "name": "M/s Narayan Shetty Service and Filling Station, Chitradurga",
        "brand": "MGL",
        "brand_code": "CNG",
        "operator": "Mahanagar Gas Limited",
        "address": "",
        "state": "Maharashtra",
        "city": "Chitradurga",
        "phone": "",
        "fuel_types": "CNG",
        "amenity": "cng",
        "source": "mahanagargas.com"
      },
      "geometry": {
        "type": "Point",
        "coordinates": [
          76.413185,
          14.229868
        ]
      }
    },
    {
      "type": "Feature",
      "properties": {
        "name": "M/s HPC Sales & Service, Harihar",
        "brand": "MGL",
        "brand_code": "CNG",
        "operator": "Mahanagar Gas Limited",
        "address": "",
        "state": "Maharashtra",
        "city": "Davanagere",
        "phone": "",
        "fuel_types": "CNG",
        "amenity": "cng",
        "source": "mahanagargas.com"
      },
      "geometry": {
        "type": "Point",
        "coordinates": [
          75.812648,
          14.532987
        ]
      }
    },
    {
      "type": "Feature",
      "properties": {
        "name": "M/s M M Krishna & Associates, Davanagere",
        "brand": "MGL",
        "brand_code": "CNG",
        "operator": "Mahanagar Gas Limited",
        "address": "",
        "state": "Maharashtra",
        "city": "Davanagere",
        "phone": "",
        "fuel_types": "CNG",
        "amenity": "cng",
        "source": "mahanagargas.com"
      },
      "geometry": {
        "type": "Point",
        "coordinates": [
          75.921332,
          14.443997
        ]
      }
    },
    {
      "type": "Feature",
      "properties": {
        "name": "M/s Shri Guru Raghavendra Petrol Pump, Kalkunte",
        "brand": "MGL",
        "brand_code": "CNG",
        "operator": "Mahanagar Gas Limited",
        "address": "",
        "state": "Maharashtra",
        "city": "Chitradurga",
        "phone": "",
        "fuel_types": "CNG",
        "amenity": "cng",
        "source": "mahanagargas.com"
      },
      "geometry": {
        "type": "Point",
        "coordinates": [
          76.254003,
          14.307295
        ]
      }
    },
    {
      "type": "Feature",
      "properties": {
        "name": "M/s Vijay Sarthi, Hiriyur",
        "brand": "MGL",
        "brand_code": "CNG",
        "operator": "Mahanagar Gas Limited",
        "address": "",
        "state": "Maharashtra",
        "city": "Chitradurga",
        "phone": "",
        "fuel_types": "CNG",
        "amenity": "cng",
        "source": "mahanagargas.com"
      },
      "geometry": {
        "type": "Point",
        "coordinates": [
          76.733953,
          13.841629
        ]
      }
    },
    {
      "type": "Feature",
      "properties": {
        "name": "M/s Nanda Fuels, Harihar City",
        "brand": "MGL",
        "brand_code": "CNG",
        "operator": "Mahanagar Gas Limited",
        "address": "",
        "state": "Maharashtra",
        "city": "Davanagere",
        "phone": "",
        "fuel_types": "CNG",
        "amenity": "cng",
        "source": "mahanagargas.com"
      },
      "geometry": {
        "type": "Point",
        "coordinates": [
          75.81558,
          14.51213
        ]
      }
    },
    {
      "type": "Feature",
      "properties": {
        "name": "M/s Vijay Bharath, Hosdurga",
        "brand": "MGL",
        "brand_code": "CNG",
        "operator": "Mahanagar Gas Limited",
        "address": "",
        "state": "Maharashtra",
        "city": "Chitradurga",
        "phone": "",
        "fuel_types": "CNG",
        "amenity": "cng",
        "source": "mahanagargas.com"
      },
      "geometry": {
        "type": "Point",
        "coordinates": [
          76.29897,
          13.79136
        ]
      }
    },
    {
      "type": "Feature",
      "properties": {
        "name": "M/s Bhavani filling station, Channagiri",
        "brand": "MGL",
        "brand_code": "CNG",
        "operator": "Mahanagar Gas Limited",
        "address": "",
        "state": "Maharashtra",
        "city": "Davanagere",
        "phone": "",
        "fuel_types": "CNG",
        "amenity": "cng",
        "source": "mahanagargas.com"
      },
      "geometry": {
        "type": "Point",
        "coordinates": [
          75.93141,
          14.01831
        ]
      }
    },
    {
      "type": "Feature",
      "properties": {
        "name": "M/s Kanakuppe Petroleums, Davangere",
        "brand": "MGL",
        "brand_code": "CNG",
        "operator": "Mahanagar Gas Limited",
        "address": "",
        "state": "Maharashtra",
        "city": "Davanagere",
        "phone": "",
        "fuel_types": "CNG",
        "amenity": "cng",
        "source": "mahanagargas.com"
      },
      "geometry": {
        "type": "Point",
        "coordinates": [
          76.32417,
          14.51606
        ]
      }
    },
    {
      "type": "Feature",
      "properties": {
        "name": "M/s Saanvith CNG Station, Chitradurga",
        "brand": "MGL",
        "brand_code": "CNG",
        "operator": "Mahanagar Gas Limited",
        "address": "",
        "state": "Maharashtra",
        "city": "Chitradurga",
        "phone": "",
        "fuel_types": "CNG",
        "amenity": "cng",
        "source": "mahanagargas.com"
      },
      "geometry": {
        "type": "Point",
        "coordinates": [
          76.211645,
          14.338313
        ]
      }
    },
    {
      "type": "Feature",
      "properties": {
        "name": "M/s VG Shetru, Holalkere",
        "brand": "MGL",
        "brand_code": "CNG",
        "operator": "Mahanagar Gas Limited",
        "address": "",
        "state": "Maharashtra",
        "city": "Chitradurga",
        "phone": "",
        "fuel_types": "CNG",
        "amenity": "cng",
        "source": "mahanagargas.com"
      },
      "geometry": {
        "type": "Point",
        "coordinates": [
          76.189789,
          14.042747
        ]
      }
    },
    {
      "type": "Feature",
      "properties": {
        "name": "M/s Samarth Fuel Station, Davanagere",
        "brand": "MGL",
        "brand_code": "CNG",
        "operator": "Mahanagar Gas Limited",
        "address": "",
        "state": "Maharashtra",
        "city": "Davanagere",
        "phone": "",
        "fuel_types": "CNG",
        "amenity": "cng",
        "source": "mahanagargas.com"
      },
      "geometry": {
        "type": "Point",
        "coordinates": [
          75.930872,
          14.534589
        ]
      }
    },
    {
      "type": "Feature",
      "properties": {
        "name": "M/s Mahadevi fuels, Harihar",
        "brand": "MGL",
        "brand_code": "CNG",
        "operator": "Mahanagar Gas Limited",
        "address": "",
        "state": "Maharashtra",
        "city": "Davanagere",
        "phone": "",
        "fuel_types": "CNG",
        "amenity": "cng",
        "source": "mahanagargas.com"
      },
      "geometry": {
        "type": "Point",
        "coordinates": [
          75.813724,
          14.47897
        ]
      }
    },
    {
      "type": "Feature",
      "properties": {
        "name": "M/s Krupasindhu CNG Filling Station, Ganpatiphule",
        "brand": "MGL",
        "brand_code": "CNG",
        "operator": "Mahanagar Gas Limited",
        "address": "",
        "state": "Maharashtra",
        "city": "Ratnagiri",
        "phone": "",
        "fuel_types": "CNG",
        "amenity": "cng",
        "source": "mahanagargas.com"
      },
      "geometry": {
        "type": "Point",
        "coordinates": [
          73.341347,
          17.157188
        ]
      }
    },
    {
      "type": "Feature",
      "properties": {
        "name": "M/s Saanj Petroleum, Latur City",
        "brand": "MGL",
        "brand_code": "CNG",
        "operator": "Mahanagar Gas Limited",
        "address": "",
        "state": "Maharashtra",
        "city": "Latur",
        "phone": "",
        "fuel_types": "CNG",
        "amenity": "cng",
        "source": "mahanagargas.com"
      },
      "geometry": {
        "type": "Point",
        "coordinates": [
          76.613241,
          18.390916
        ]
      }
    },
    {
      "type": "Feature",
      "properties": {
        "name": "M/s Baliraja Seva Kendra, Nilanga",
        "brand": "MGL",
        "brand_code": "CNG",
        "operator": "Mahanagar Gas Limited",
        "address": "",
        "state": "Maharashtra",
        "city": "Latur",
        "phone": "",
        "fuel_types": "CNG",
        "amenity": "cng",
        "source": "mahanagargas.com"
      },
      "geometry": {
        "type": "Point",
        "coordinates": [
          76.761872,
          17.932123
        ]
      }
    },
    {
      "type": "Feature",
      "properties": {
        "name": "M/s Shri Giriraj petroleum service, Jaljot",
        "brand": "MGL",
        "brand_code": "CNG",
        "operator": "Mahanagar Gas Limited",
        "address": "",
        "state": "Maharashtra",
        "city": "Latur",
        "phone": "",
        "fuel_types": "CNG",
        "amenity": "cng",
        "source": "mahanagargas.com"
      },
      "geometry": {
        "type": "Point",
        "coordinates": [
          77.180242,
          18.647595
        ]
      }
    },
    {
      "type": "Feature",
      "properties": {
        "name": "M/s Parth Petroleum, Kolpa",
        "brand": "MGL",
        "brand_code": "CNG",
        "operator": "Mahanagar Gas Limited",
        "address": "",
        "state": "Maharashtra",
        "city": "Latur",
        "phone": "",
        "fuel_types": "CNG",
        "amenity": "cng",
        "source": "mahanagargas.com"
      },
      "geometry": {
        "type": "Point",
        "coordinates": [
          76.627438,
          18.420166
        ]
      }
    },
    {
      "type": "Feature",
      "properties": {
        "name": "M/s Purohit services, Tajband",
        "brand": "MGL",
        "brand_code": "CNG",
        "operator": "Mahanagar Gas Limited",
        "address": "",
        "state": "Maharashtra",
        "city": "Latur",
        "phone": "",
        "fuel_types": "CNG",
        "amenity": "cng",
        "source": "mahanagargas.com"
      },
      "geometry": {
        "type": "Point",
        "coordinates": [
          76.968418,
          18.633178
        ]
      }
    },
    {
      "type": "Feature",
      "properties": {
        "name": "M/s Saileela petroleum, Paranda",
        "brand": "MGL",
        "brand_code": "CNG",
        "operator": "Mahanagar Gas Limited",
        "address": "",
        "state": "Maharashtra",
        "city": "Latur",
        "phone": "",
        "fuel_types": "CNG",
        "amenity": "cng",
        "source": "mahanagargas.com"
      },
      "geometry": {
        "type": "Point",
        "coordinates": [
          75.459047,
          18.272562
        ]
      }
    },
    {
      "type": "Feature",
      "properties": {
        "name": "M/s Hake petroleum, Budhoda",
        "brand": "MGL",
        "brand_code": "CNG",
        "operator": "Mahanagar Gas Limited",
        "address": "",
        "state": "Maharashtra",
        "city": "Latur",
        "phone": "",
        "fuel_types": "CNG",
        "amenity": "cng",
        "source": "mahanagargas.com"
      },
      "geometry": {
        "type": "Point",
        "coordinates": [
          76.534063,
          18.298736
        ]
      }
    },
    {
      "type": "Feature",
      "properties": {
        "name": "M/s Sai Samarth Petroleum, Rajapur",
        "brand": "MGL",
        "brand_code": "CNG",
        "operator": "Mahanagar Gas Limited",
        "address": "",
        "state": "Maharashtra",
        "city": "Ratnagiri",
        "phone": "",
        "fuel_types": "CNG",
        "amenity": "cng",
        "source": "mahanagargas.com"
      },
      "geometry": {
        "type": "Point",
        "coordinates": [
          73.65298,
          16.704318
        ]
      }
    },
    {
      "type": "Feature",
      "properties": {
        "name": "M/s Venkatesh Petroleum, Chakur",
        "brand": "MGL",
        "brand_code": "CNG",
        "operator": "Mahanagar Gas Limited",
        "address": "",
        "state": "Maharashtra",
        "city": "Latur",
        "phone": "",
        "fuel_types": "CNG",
        "amenity": "cng",
        "source": "mahanagargas.com"
      },
      "geometry": {
        "type": "Point",
        "coordinates": [
          76.863685,
          18.510261
        ]
      }
    },
    {
      "type": "Feature",
      "properties": {
        "name": "M/s Basavapriya Filling Station, Chitradurga",
        "brand": "MGL",
        "brand_code": "CNG",
        "operator": "Mahanagar Gas Limited",
        "address": "",
        "state": "Maharashtra",
        "city": "Chitradurga",
        "phone": "",
        "fuel_types": "CNG",
        "amenity": "cng",
        "source": "mahanagargas.com"
      },
      "geometry": {
        "type": "Point",
        "coordinates": [
          76.390359,
          14.424971
        ]
      }
    },
    {
      "type": "Feature",
      "properties": {
        "name": "M/sMahapurush Petroleum, Sangmeshwar",
        "brand": "MGL",
        "brand_code": "CNG",
        "operator": "Mahanagar Gas Limited",
        "address": "",
        "state": "Maharashtra",
        "city": "Ratnagiri",
        "phone": "",
        "fuel_types": "CNG",
        "amenity": "cng",
        "source": "mahanagargas.com"
      },
      "geometry": {
        "type": "Point",
        "coordinates": [
          73.690056,
          16.988721
        ]
      }
    },
    {
      "type": "Feature",
      "properties": {
        "name": "M/s Kalyana Enterprises  , Molakolmuru",
        "brand": "MGL",
        "brand_code": "CNG",
        "operator": "Mahanagar Gas Limited",
        "address": "",
        "state": "Maharashtra",
        "city": "Chitradurga",
        "phone": "",
        "fuel_types": "CNG",
        "amenity": "cng",
        "source": "mahanagargas.com"
      },
      "geometry": {
        "type": "Point",
        "coordinates": [
          76.669131,
          14.612006
        ]
      }
    },
    {
      "type": "Feature",
      "properties": {
        "name": "M/s Sanikere Fuel Station , Molakolmuru",
        "brand": "MGL",
        "brand_code": "CNG",
        "operator": "Mahanagar Gas Limited",
        "address": "",
        "state": "Maharashtra",
        "city": "Chitradurga",
        "phone": "",
        "fuel_types": "CNG",
        "amenity": "cng",
        "source": "mahanagargas.com"
      },
      "geometry": {
        "type": "Point",
        "coordinates": [
          76.669126,
          14.584425
        ]
      }
    },
    {
      "type": "Feature",
      "properties": {
        "name": "M/s Kamakshi Petroleum, Kalambani-Khed",
        "brand": "MGL",
        "brand_code": "CNG",
        "operator": "Mahanagar Gas Limited",
        "address": "",
        "state": "Maharashtra",
        "city": "Ratnagiri",
        "phone": "",
        "fuel_types": "CNG",
        "amenity": "cng",
        "source": "mahanagargas.com"
      },
      "geometry": {
        "type": "Point",
        "coordinates": [
          73.413294,
          17.775896
        ]
      }
    },
    {
      "type": "Feature",
      "properties": {
        "name": "M/s Ranganathan Swamy, Hiriyur",
        "brand": "MGL",
        "brand_code": "CNG",
        "operator": "Mahanagar Gas Limited",
        "address": "",
        "state": "Maharashtra",
        "city": "Chitradurga",
        "phone": "",
        "fuel_types": "CNG",
        "amenity": "cng",
        "source": "mahanagargas.com"
      },
      "geometry": {
        "type": "Point",
        "coordinates": [
          76.69796,
          13.876
        ]
      }
    },
    {
      "type": "Feature",
      "properties": {
        "name": "M/s Pramay Agency, Ratnagiri",
        "brand": "MGL",
        "brand_code": "CNG",
        "operator": "Mahanagar Gas Limited",
        "address": "",
        "state": "Maharashtra",
        "city": "Ratnagiri",
        "phone": "",
        "fuel_types": "CNG",
        "amenity": "cng",
        "source": "mahanagargas.com"
      },
      "geometry": {
        "type": "Point",
        "coordinates": [
          73.500126,
          16.968346
        ]
      }
    },
    {
      "type": "Feature",
      "properties": {
        "name": "M/s Shri Siddhivinayak Petroleum, Yermala",
        "brand": "MGL",
        "brand_code": "CNG",
        "operator": "Mahanagar Gas Limited",
        "address": "",
        "state": "Maharashtra",
        "city": "Osmanabad",
        "phone": "",
        "fuel_types": "CNG",
        "amenity": "cng",
        "source": "mahanagargas.com"
      },
      "geometry": {
        "type": "Point",
        "coordinates": [
          75.883922,
          18.389182
        ]
      }
    },
    {
      "type": "Feature",
      "properties": {
        "name": "M/s Pratik Petroleum, Bhum",
        "brand": "MGL",
        "brand_code": "CNG",
        "operator": "Mahanagar Gas Limited",
        "address": "",
        "state": "Maharashtra",
        "city": "Osmanabad",
        "phone": "",
        "fuel_types": "CNG",
        "amenity": "cng",
        "source": "mahanagargas.com"
      },
      "geometry": {
        "type": "Point",
        "coordinates": [
          75.660269,
          18.453635
        ]
      }
    },
    {
      "type": "Feature",
      "properties": {
        "name": "Shivshanti Highways Services , Washi",
        "brand": "MGL",
        "brand_code": "CNG",
        "operator": "Mahanagar Gas Limited",
        "address": "",
        "state": "Maharashtra",
        "city": "Osmanabad",
        "phone": "",
        "fuel_types": "CNG",
        "amenity": "cng",
        "source": "mahanagargas.com"
      },
      "geometry": {
        "type": "Point",
        "coordinates": [
          75.697878,
          18.644701
        ]
      }
    },
    {
      "type": "Feature",
      "properties": {
        "name": "M/s. Siddhi Petroleum, Mithgavane",
        "brand": "MGL",
        "brand_code": "CNG",
        "operator": "Mahanagar Gas Limited",
        "address": "",
        "state": "Maharashtra",
        "city": "Ratnagiri",
        "phone": "",
        "fuel_types": "CNG",
        "amenity": "cng",
        "source": "mahanagargas.com"
      },
      "geometry": {
        "type": "Point",
        "coordinates": [
          73.378485,
          16.595199
        ]
      }
    },
    {
      "type": "Feature",
      "properties": {
        "name": "M/s Srinivasa Service Station, Honnali",
        "brand": "MGL",
        "brand_code": "CNG",
        "operator": "Mahanagar Gas Limited",
        "address": "",
        "state": "Maharashtra",
        "city": "Davanagere",
        "phone": "",
        "fuel_types": "CNG",
        "amenity": "cng",
        "source": "mahanagargas.com"
      },
      "geometry": {
        "type": "Point",
        "coordinates": [
          75.665105,
          14.242899
        ]
      }
    },
    {
      "type": "Feature",
      "properties": {
        "name": "M/s SK Auradkar Petroleum, Lamjana",
        "brand": "MGL",
        "brand_code": "CNG",
        "operator": "Mahanagar Gas Limited",
        "address": "",
        "state": "Maharashtra",
        "city": "Latur",
        "phone": "",
        "fuel_types": "CNG",
        "amenity": "cng",
        "source": "mahanagargas.com"
      },
      "geometry": {
        "type": "Point",
        "coordinates": [
          76.591199,
          18.15952
        ]
      }
    },
    {
      "type": "Feature",
      "properties": {
        "name": "M/s Param Mangal Petroleum, Kerur",
        "brand": "MGL",
        "brand_code": "CNG",
        "operator": "Mahanagar Gas Limited",
        "address": "",
        "state": "Maharashtra",
        "city": "Osmanabad",
        "phone": "",
        "fuel_types": "CNG",
        "amenity": "cng",
        "source": "mahanagargas.com"
      },
      "geometry": {
        "type": "Point",
        "coordinates": [
          76.168243,
          17.790514
        ]
      }
    },
    {
      "type": "Feature",
      "properties": {
        "name": "M/s Tej Agency, Hatiwale",
        "brand": "MGL",
        "brand_code": "CNG",
        "operator": "Mahanagar Gas Limited",
        "address": "",
        "state": "Maharashtra",
        "city": "Ratnagiri",
        "phone": "",
        "fuel_types": "CNG",
        "amenity": "cng",
        "source": "mahanagargas.com"
      },
      "geometry": {
        "type": "Point",
        "coordinates": [
          73.557079,
          16.603429
        ]
      }
    },
    {
      "type": "Feature",
      "properties": {
        "name": "M/s Swamini Petroleum, Kamthe",
        "brand": "MGL",
        "brand_code": "CNG",
        "operator": "Mahanagar Gas Limited",
        "address": "",
        "state": "Maharashtra",
        "city": "Ratnagiri",
        "phone": "",
        "fuel_types": "CNG",
        "amenity": "cng",
        "source": "mahanagargas.com"
      },
      "geometry": {
        "type": "Point",
        "coordinates": [
          73.50927,
          17.491709
        ]
      }
    },
    {
      "type": "Feature",
      "properties": {
        "name": "M/s Mahalaxmi Highway Service, Yedshi",
        "brand": "MGL",
        "brand_code": "CNG",
        "operator": "Mahanagar Gas Limited",
        "address": "",
        "state": "Maharashtra",
        "city": "Osmanabad",
        "phone": "",
        "fuel_types": "CNG",
        "amenity": "cng",
        "source": "mahanagargas.com"
      },
      "geometry": {
        "type": "Point",
        "coordinates": [
          75.985848,
          18.309745
        ]
      }
    },
    {
      "type": "Feature",
      "properties": {
        "name": "M/s Gokarn Petroleum, Osmanabad",
        "brand": "MGL",
        "brand_code": "CNG",
        "operator": "Mahanagar Gas Limited",
        "address": "",
        "state": "Maharashtra",
        "city": "Osmanabad",
        "phone": "",
        "fuel_types": "CNG",
        "amenity": "cng",
        "source": "mahanagargas.com"
      },
      "geometry": {
        "type": "Point",
        "coordinates": [
          76.079834,
          18.098611
        ]
      }
    },
    {
      "type": "Feature",
      "properties": {
        "name": "M/s Tulkabhavani CNG Station, Tuljapur",
        "brand": "MGL",
        "brand_code": "CNG",
        "operator": "Mahanagar Gas Limited",
        "address": "",
        "state": "Maharashtra",
        "city": "Osmanabad",
        "phone": "",
        "fuel_types": "CNG",
        "amenity": "cng",
        "source": "mahanagargas.com"
      },
      "geometry": {
        "type": "Point",
        "coordinates": [
          76.080474,
          18.039462
        ]
      }
    },
    {
      "type": "Feature",
      "properties": {
        "name": "M/s Ronak CNG Station, Ausa",
        "brand": "MGL",
        "brand_code": "CNG",
        "operator": "Mahanagar Gas Limited",
        "address": "",
        "state": "Maharashtra",
        "city": "Latur",
        "phone": "",
        "fuel_types": "CNG",
        "amenity": "cng",
        "source": "mahanagargas.com"
      },
      "geometry": {
        "type": "Point",
        "coordinates": [
          76.487139,
          18.22553
        ]
      }
    },
    {
      "type": "Feature",
      "properties": {
        "name": "M/s Chitradurga Fuel Agency, Chitradurga",
        "brand": "MGL",
        "brand_code": "CNG",
        "operator": "Mahanagar Gas Limited",
        "address": "",
        "state": "Maharashtra",
        "city": "Chitradurga",
        "phone": "",
        "fuel_types": "CNG",
        "amenity": "cng",
        "source": "mahanagargas.com"
      },
      "geometry": {
        "type": "Point",
        "coordinates": [
          76.392369,
          14.228139
        ]
      }
    },
    {
      "type": "Feature",
      "properties": {
        "name": "M/s SV Bandi, Davanagere",
        "brand": "MGL",
        "brand_code": "CNG",
        "operator": "Mahanagar Gas Limited",
        "address": "",
        "state": "Maharashtra",
        "city": "Davanagere",
        "phone": "",
        "fuel_types": "CNG",
        "amenity": "cng",
        "source": "mahanagargas.com"
      },
      "geometry": {
        "type": "Point",
        "coordinates": [
          75.644809,
          14.234511
        ]
      }
    },
    {
      "type": "Feature",
      "properties": {
        "name": "Total Parco , F-10 Markaz",
        "brand": "CNG",
        "brand_code": "CNG",
        "operator": "",
        "address": "10th Avenue",
        "state": "",
        "city": "اسلام آباد",
        "phone": "",
        "fuel_types": "CNG",
        "amenity": "cng",
        "source": "openstreetmap.org"
      },
      "geometry": {
        "type": "Point",
        "coordinates": [
          73.0112495,
          33.6988403
        ]
      }
    },
    {
      "type": "Feature",
      "properties": {
        "name": "Caltex Filling Station",
        "brand": "CNG",
        "brand_code": "CNG",
        "operator": "",
        "address": "",
        "state": "",
        "city": "",
        "phone": "",
        "fuel_types": "CNG",
        "amenity": "cng",
        "source": "openstreetmap.org"
      },
      "geometry": {
        "type": "Point",
        "coordinates": [
          73.0944042,
          33.5846699
        ]
      }
    },
    {
      "type": "Feature",
      "properties": {
        "name": "CNG Station",
        "brand": "CNG",
        "brand_code": "CNG",
        "operator": "",
        "address": "",
        "state": "",
        "city": "",
        "phone": "",
        "fuel_types": "CNG",
        "amenity": "cng",
        "source": "openstreetmap.org"
      },
      "geometry": {
        "type": "Point",
        "coordinates": [
          73.0833662,
          33.7173095
        ]
      }
    },
    {
      "type": "Feature",
      "properties": {
        "name": "Total Station",
        "brand": "Caltex",
        "brand_code": "CNG",
        "operator": "",
        "address": "Kohistan Road",
        "state": "",
        "city": "اسلام آباد",
        "phone": "",
        "fuel_types": "CNG",
        "amenity": "cng",
        "source": "openstreetmap.org"
      },
      "geometry": {
        "type": "Point",
        "coordinates": [
          73.040259,
          33.7132584
        ]
      }
    },
    {
      "type": "Feature",
      "properties": {
        "name": "Safeway CNG",
        "brand": "CNG",
        "brand_code": "CNG",
        "operator": "",
        "address": "Murree Road",
        "state": "",
        "city": "راولپنڈی",
        "phone": "",
        "fuel_types": "CNG",
        "amenity": "cng",
        "source": "openstreetmap.org"
      },
      "geometry": {
        "type": "Point",
        "coordinates": [
          73.0619384,
          33.5991725
        ]
      }
    },
    {
      "type": "Feature",
      "properties": {
        "name": "CNG Station",
        "brand": "CNG",
        "brand_code": "CNG",
        "operator": "",
        "address": "",
        "state": "",
        "city": "",
        "phone": "",
        "fuel_types": "CNG",
        "amenity": "cng",
        "source": "openstreetmap.org"
      },
      "geometry": {
        "type": "Point",
        "coordinates": [
          73.0654227,
          33.6078269
        ]
      }
    },
    {
      "type": "Feature",
      "properties": {
        "name": "CNG Station",
        "brand": "CNG",
        "brand_code": "CNG",
        "operator": "",
        "address": "",
        "state": "",
        "city": "",
        "phone": "",
        "fuel_types": "CNG",
        "amenity": "cng",
        "source": "openstreetmap.org"
      },
      "geometry": {
        "type": "Point",
        "coordinates": [
          73.0526497,
          33.6594006
        ]
      }
    },
    {
      "type": "Feature",
      "properties": {
        "name": "Indian Oil",
        "brand": "Indian Oil",
        "brand_code": "CNG",
        "operator": "",
        "address": "",
        "state": "",
        "city": "",
        "phone": "",
        "fuel_types": "CNG",
        "amenity": "cng",
        "source": "openstreetmap.org"
      },
      "geometry": {
        "type": "Point",
        "coordinates": [
          77.1719993,
          28.5043431
        ]
      }
    },
    {
      "type": "Feature",
      "properties": {
        "name": "Panchshila Service Station",
        "brand": "Hindustan Petroleum",
        "brand_code": "CNG",
        "operator": "",
        "address": "",
        "state": "",
        "city": "",
        "phone": "",
        "fuel_types": "CNG",
        "amenity": "cng",
        "source": "openstreetmap.org"
      },
      "geometry": {
        "type": "Point",
        "coordinates": [
          77.2227829,
          28.5614441
        ]
      }
    },
    {
      "type": "Feature",
      "properties": {
        "name": "CNG Station",
        "brand": "CNG",
        "brand_code": "CNG",
        "operator": "",
        "address": "",
        "state": "",
        "city": "",
        "phone": "",
        "fuel_types": "CNG",
        "amenity": "cng",
        "source": "openstreetmap.org"
      },
      "geometry": {
        "type": "Point",
        "coordinates": [
          73.0774919,
          33.6681216
        ]
      }
    },
    {
      "type": "Feature",
      "properties": {
        "name": "Indraprastha Gas Limited",
        "brand": "CNG",
        "brand_code": "CNG",
        "operator": "",
        "address": "",
        "state": "",
        "city": "",
        "phone": "",
        "fuel_types": "CNG",
        "amenity": "cng",
        "source": "openstreetmap.org"
      },
      "geometry": {
        "type": "Point",
        "coordinates": [
          77.2297995,
          28.6818859
        ]
      }
    },
    {
      "type": "Feature",
      "properties": {
        "name": "CNG Station",
        "brand": "Gail",
        "brand_code": "CNG",
        "operator": "",
        "address": "",
        "state": "",
        "city": "",
        "phone": "",
        "fuel_types": "CNG",
        "amenity": "cng",
        "source": "openstreetmap.org"
      },
      "geometry": {
        "type": "Point",
        "coordinates": [
          77.0557264,
          29.0904004
        ]
      }
    },
    {
      "type": "Feature",
      "properties": {
        "name": "Indian Oil",
        "brand": "Indian Oil",
        "brand_code": "CNG",
        "operator": "",
        "address": "",
        "state": "",
        "city": "",
        "phone": "",
        "fuel_types": "CNG",
        "amenity": "cng",
        "source": "openstreetmap.org"
      },
      "geometry": {
        "type": "Point",
        "coordinates": [
          77.3092979,
          28.5855272
        ]
      }
    },
    {
      "type": "Feature",
      "properties": {
        "name": "Kedari Petrol Pump",
        "brand": "Bharat Petroleum",
        "brand_code": "CNG",
        "operator": "",
        "address": "Vitthal Shivarkar Marg",
        "state": "Maharashtra",
        "city": "Pune",
        "phone": "",
        "fuel_types": "CNG, Diesel",
        "amenity": "cng",
        "source": "openstreetmap.org"
      },
      "geometry": {
        "type": "Point",
        "coordinates": [
          73.8986607,
          18.4865476
        ]
      }
    },
    {
      "type": "Feature",
      "properties": {
        "name": "CNG Fuel Station",
        "brand": "IGL",
        "brand_code": "CNG",
        "operator": "IGL",
        "address": "",
        "state": "",
        "city": "",
        "phone": "",
        "fuel_types": "CNG",
        "amenity": "cng",
        "source": "openstreetmap.org"
      },
      "geometry": {
        "type": "Point",
        "coordinates": [
          77.0290084,
          28.5959237
        ]
      }
    },
    {
      "type": "Feature",
      "properties": {
        "name": "Bharat Petroleum",
        "brand": "Bharat Petroleum",
        "brand_code": "CNG",
        "operator": "Bharat Petroleum",
        "address": "",
        "state": "",
        "city": "",
        "phone": "",
        "fuel_types": "CNG, Diesel",
        "amenity": "cng",
        "source": "openstreetmap.org"
      },
      "geometry": {
        "type": "Point",
        "coordinates": [
          78.5089043,
          17.4397896
        ]
      }
    },
    {
      "type": "Feature",
      "properties": {
        "name": "Energetic CNG",
        "brand": "CNG",
        "brand_code": "CNG",
        "operator": "",
        "address": "",
        "state": "",
        "city": "",
        "phone": "",
        "fuel_types": "CNG",
        "amenity": "cng",
        "source": "openstreetmap.org"
      },
      "geometry": {
        "type": "Point",
        "coordinates": [
          72.4328369,
          34.044556
        ]
      }
    },
    {
      "type": "Feature",
      "properties": {
        "name": "CNG Station",
        "brand": "CNG",
        "brand_code": "CNG",
        "operator": "",
        "address": "",
        "state": "",
        "city": "",
        "phone": "",
        "fuel_types": "CNG",
        "amenity": "cng",
        "source": "openstreetmap.org"
      },
      "geometry": {
        "type": "Point",
        "coordinates": [
          73.1051536,
          33.5735063
        ]
      }
    },
    {
      "type": "Feature",
      "properties": {
        "name": "CNG Station",
        "brand": "CNG",
        "brand_code": "CNG",
        "operator": "",
        "address": "",
        "state": "",
        "city": "",
        "phone": "",
        "fuel_types": "CNG",
        "amenity": "cng",
        "source": "openstreetmap.org"
      },
      "geometry": {
        "type": "Point",
        "coordinates": [
          73.0953697,
          33.58408
        ]
      }
    },
    {
      "type": "Feature",
      "properties": {
        "name": "CNG Station",
        "brand": "CNG",
        "brand_code": "CNG",
        "operator": "",
        "address": "",
        "state": "",
        "city": "",
        "phone": "",
        "fuel_types": "CNG",
        "amenity": "cng",
        "source": "openstreetmap.org"
      },
      "geometry": {
        "type": "Point",
        "coordinates": [
          73.0965725,
          33.5830757
        ]
      }
    },
    {
      "type": "Feature",
      "properties": {
        "name": "CNG Station",
        "brand": "CNG",
        "brand_code": "CNG",
        "operator": "",
        "address": "",
        "state": "",
        "city": "",
        "phone": "",
        "fuel_types": "CNG",
        "amenity": "cng",
        "source": "openstreetmap.org"
      },
      "geometry": {
        "type": "Point",
        "coordinates": [
          73.0940479,
          33.5848651
        ]
      }
    },
    {
      "type": "Feature",
      "properties": {
        "name": "CNG Station",
        "brand": "CNG",
        "brand_code": "CNG",
        "operator": "",
        "address": "",
        "state": "",
        "city": "",
        "phone": "",
        "fuel_types": "CNG, Diesel",
        "amenity": "cng",
        "source": "openstreetmap.org"
      },
      "geometry": {
        "type": "Point",
        "coordinates": [
          72.8372671,
          19.2136942
        ]
      }
    },
    {
      "type": "Feature",
      "properties": {
        "name": "Classic Auto Gas",
        "brand": "Auto LPG",
        "brand_code": "CNG",
        "operator": "",
        "address": "",
        "state": "",
        "city": "",
        "phone": "",
        "fuel_types": "CNG",
        "amenity": "cng",
        "source": "openstreetmap.org"
      },
      "geometry": {
        "type": "Point",
        "coordinates": [
          77.6004616,
          12.9309662
        ]
      }
    },
    {
      "type": "Feature",
      "properties": {
        "name": "Attock Petrol Pump",
        "brand": "Attock",
        "brand_code": "CNG",
        "operator": "Attock",
        "address": "Lehtrar Road",
        "state": "",
        "city": "",
        "phone": "",
        "fuel_types": "CNG, Diesel",
        "amenity": "cng",
        "source": "openstreetmap.org"
      },
      "geometry": {
        "type": "Point",
        "coordinates": [
          73.1330695,
          33.6333323
        ]
      }
    },
    {
      "type": "Feature",
      "properties": {
        "name": "Irfan CNG",
        "brand": "CNG",
        "brand_code": "CNG",
        "operator": "",
        "address": "",
        "state": "",
        "city": "",
        "phone": "",
        "fuel_types": "CNG",
        "amenity": "cng",
        "source": "openstreetmap.org"
      },
      "geometry": {
        "type": "Point",
        "coordinates": [
          73.1646504,
          33.6440376
        ]
      }
    },
    {
      "type": "Feature",
      "properties": {
        "name": "Maganhalli Basappa Petrol Station",
        "brand": "Indian Oil",
        "brand_code": "CNG",
        "operator": "",
        "address": "",
        "state": "",
        "city": "",
        "phone": "",
        "fuel_types": "CNG, Diesel",
        "amenity": "cng",
        "source": "openstreetmap.org"
      },
      "geometry": {
        "type": "Point",
        "coordinates": [
          75.9227626,
          14.4415893
        ]
      }
    },
    {
      "type": "Feature",
      "properties": {
        "name": "BPCL Fuel Pump",
        "brand": "CNG",
        "brand_code": "CNG",
        "operator": "",
        "address": "",
        "state": "",
        "city": "",
        "phone": "",
        "fuel_types": "CNG, Diesel, Petrol",
        "amenity": "cng",
        "source": "openstreetmap.org"
      },
      "geometry": {
        "type": "Point",
        "coordinates": [
          72.9774444,
          19.2149383
        ]
      }
    },
    {
      "type": "Feature",
      "properties": {
        "name": "CNG Station",
        "brand": "CNG",
        "brand_code": "CNG",
        "operator": "",
        "address": "",
        "state": "",
        "city": "",
        "phone": "",
        "fuel_types": "CNG",
        "amenity": "cng",
        "source": "openstreetmap.org"
      },
      "geometry": {
        "type": "Point",
        "coordinates": [
          73.0815355,
          33.6527812
        ]
      }
    },
    {
      "type": "Feature",
      "properties": {
        "name": "CNG Station",
        "brand": "Petrol Pump",
        "brand_code": "CNG",
        "operator": "",
        "address": "",
        "state": "",
        "city": "",
        "phone": "",
        "fuel_types": "CNG, Diesel",
        "amenity": "cng",
        "source": "openstreetmap.org"
      },
      "geometry": {
        "type": "Point",
        "coordinates": [
          75.8020598,
          30.8910702
        ]
      }
    },
    {
      "type": "Feature",
      "properties": {
        "name": "CNG Station",
        "brand": "CNG",
        "brand_code": "CNG",
        "operator": "",
        "address": "",
        "state": "",
        "city": "",
        "phone": "",
        "fuel_types": "CNG",
        "amenity": "cng",
        "source": "openstreetmap.org"
      },
      "geometry": {
        "type": "Point",
        "coordinates": [
          73.0941298,
          33.6520206
        ]
      }
    },
    {
      "type": "Feature",
      "properties": {
        "name": "Bharat Petroleum",
        "brand": "Bharat Petroleum",
        "brand_code": "CNG",
        "operator": "",
        "address": "",
        "state": "",
        "city": "",
        "phone": "",
        "fuel_types": "CNG",
        "amenity": "cng",
        "source": "openstreetmap.org"
      },
      "geometry": {
        "type": "Point",
        "coordinates": [
          77.2647429,
          28.5632467
        ]
      }
    },
    {
      "type": "Feature",
      "properties": {
        "name": "Khatak CNG",
        "brand": "Khatak CNG",
        "brand_code": "CNG",
        "operator": "",
        "address": "",
        "state": "",
        "city": "",
        "phone": "",
        "fuel_types": "CNG",
        "amenity": "cng",
        "source": "openstreetmap.org"
      },
      "geometry": {
        "type": "Point",
        "coordinates": [
          73.0364283,
          33.6332018
        ]
      }
    },
    {
      "type": "Feature",
      "properties": {
        "name": "National Highway Trucking Centre",
        "brand": "Hindustan Petroleum",
        "brand_code": "CNG",
        "operator": "",
        "address": "",
        "state": "",
        "city": "",
        "phone": "",
        "fuel_types": "CNG, Diesel, Petrol",
        "amenity": "cng",
        "source": "openstreetmap.org"
      },
      "geometry": {
        "type": "Point",
        "coordinates": [
          72.9003277,
          19.0677432
        ]
      }
    },
    {
      "type": "Feature",
      "properties": {
        "name": "Jabed Filling Station",
        "brand": "CNG",
        "brand_code": "CNG",
        "operator": "Reznu, Zahid",
        "address": "",
        "state": "",
        "city": "",
        "phone": "",
        "fuel_types": "CNG, Diesel",
        "amenity": "cng",
        "source": "openstreetmap.org"
      },
      "geometry": {
        "type": "Point",
        "coordinates": [
          89.9500199,
          24.9022222
        ]
      }
    },
    {
      "type": "Feature",
      "properties": {
        "name": "CNG PETROL PUMP",
        "brand": "INDIAN OIL",
        "brand_code": "CNG",
        "operator": "",
        "address": "KATE VASTI",
        "state": "",
        "city": "PUNE",
        "phone": "",
        "fuel_types": "CNG, Diesel, Petrol",
        "amenity": "cng",
        "source": "openstreetmap.org"
      },
      "geometry": {
        "type": "Point",
        "coordinates": [
          73.8037493,
          18.5921702
        ]
      }
    },
    {
      "type": "Feature",
      "properties": {
        "name": "Byco Petroleum",
        "brand": "CNG",
        "brand_code": "CNG",
        "operator": "",
        "address": "",
        "state": "",
        "city": "",
        "phone": "",
        "fuel_types": "CNG",
        "amenity": "cng",
        "source": "openstreetmap.org"
      },
      "geometry": {
        "type": "Point",
        "coordinates": [
          72.9425196,
          33.6299752
        ]
      }
    },
    {
      "type": "Feature",
      "properties": {
        "name": "CNG Station",
        "brand": "Indraprastha Gas Limited",
        "brand_code": "CNG",
        "operator": "",
        "address": "",
        "state": "",
        "city": "",
        "phone": "",
        "fuel_types": "CNG",
        "amenity": "cng",
        "source": "openstreetmap.org"
      },
      "geometry": {
        "type": "Point",
        "coordinates": [
          77.1667456,
          28.5217581
        ]
      }
    },
    {
      "type": "Feature",
      "properties": {
        "name": "Badarpur Service Station",
        "brand": "Hindustan Petroleum",
        "brand_code": "CNG",
        "operator": "",
        "address": "",
        "state": "",
        "city": "",
        "phone": "",
        "fuel_types": "CNG, Diesel",
        "amenity": "cng",
        "source": "openstreetmap.org"
      },
      "geometry": {
        "type": "Point",
        "coordinates": [
          77.3411167,
          28.6196369
        ]
      }
    },
    {
      "type": "Feature",
      "properties": {
        "name": "CNG Station",
        "brand": "Indraprastha Gas Limited",
        "brand_code": "CNG",
        "operator": "",
        "address": "",
        "state": "",
        "city": "",
        "phone": "",
        "fuel_types": "CNG",
        "amenity": "cng",
        "source": "openstreetmap.org"
      },
      "geometry": {
        "type": "Point",
        "coordinates": [
          77.340798,
          28.6198358
        ]
      }
    },
    {
      "type": "Feature",
      "properties": {
        "name": "Gas Station",
        "brand": "CNG",
        "brand_code": "CNG",
        "operator": "",
        "address": "အထက်ကြည်မြင်တိုင်လမ်း",
        "state": "",
        "city": "ကြည့်မြင်တိုင်",
        "phone": "",
        "fuel_types": "CNG",
        "amenity": "cng",
        "source": "openstreetmap.org"
      },
      "geometry": {
        "type": "Point",
        "coordinates": [
          96.1257208,
          16.8166628
        ]
      }
    },
    {
      "type": "Feature",
      "properties": {
        "name": "AlQuddus CNG",
        "brand": "CNG",
        "brand_code": "CNG",
        "operator": "",
        "address": "",
        "state": "",
        "city": "",
        "phone": "",
        "fuel_types": "CNG",
        "amenity": "cng",
        "source": "openstreetmap.org"
      },
      "geometry": {
        "type": "Point",
        "coordinates": [
          74.1414634,
          32.3276232
        ]
      }
    },
    {
      "type": "Feature",
      "properties": {
        "name": "GreenLeaf Filling Station",
        "brand": "CNG",
        "brand_code": "CNG",
        "operator": "",
        "address": "",
        "state": "",
        "city": "",
        "phone": "",
        "fuel_types": "CNG",
        "amenity": "cng",
        "source": "openstreetmap.org"
      },
      "geometry": {
        "type": "Point",
        "coordinates": [
          90.8575974,
          22.942482
        ]
      }
    },
    {
      "type": "Feature",
      "properties": {
        "name": "CNG Station",
        "brand": "CNG",
        "brand_code": "CNG",
        "operator": "BP",
        "address": "",
        "state": "",
        "city": "",
        "phone": "",
        "fuel_types": "CNG, Diesel",
        "amenity": "cng",
        "source": "openstreetmap.org"
      },
      "geometry": {
        "type": "Point",
        "coordinates": [
          87.3250866,
          22.4187399
        ]
      }
    },
    {
      "type": "Feature",
      "properties": {
        "name": "Bharat Petroleum",
        "brand": "Bharat Petroleum",
        "brand_code": "CNG",
        "operator": "",
        "address": "Sinhagad Road",
        "state": "",
        "city": "",
        "phone": "02024345105",
        "fuel_types": "CNG, Diesel",
        "amenity": "cng",
        "source": "openstreetmap.org"
      },
      "geometry": {
        "type": "Point",
        "coordinates": [
          73.826623,
          18.4827024
        ]
      }
    },
    {
      "type": "Feature",
      "properties": {
        "name": "E. Nasservanji Petrol Pump",
        "brand": "Indian Oil",
        "brand_code": "CNG",
        "operator": "",
        "address": "",
        "state": "",
        "city": "",
        "phone": "",
        "fuel_types": "CNG, Diesel, Petrol",
        "amenity": "cng",
        "source": "openstreetmap.org"
      },
      "geometry": {
        "type": "Point",
        "coordinates": [
          72.8389981,
          20.4173417
        ]
      }
    },
    {
      "type": "Feature",
      "properties": {
        "name": "IGL",
        "brand": "IGL",
        "brand_code": "CNG",
        "operator": "",
        "address": "",
        "state": "",
        "city": "",
        "phone": "",
        "fuel_types": "CNG",
        "amenity": "cng",
        "source": "openstreetmap.org"
      },
      "geometry": {
        "type": "Point",
        "coordinates": [
          77.1374742,
          28.5721377
        ]
      }
    },
    {
      "type": "Feature",
      "properties": {
        "name": "Police Petrol pump",
        "brand": "CNG",
        "brand_code": "CNG",
        "operator": "Co operative Society of Police personals",
        "address": "Kila Maidan road",
        "state": "",
        "city": "Indore",
        "phone": "",
        "fuel_types": "CNG, Diesel",
        "amenity": "cng",
        "source": "openstreetmap.org"
      },
      "geometry": {
        "type": "Point",
        "coordinates": [
          75.846771,
          22.7323563
        ]
      }
    },
    {
      "type": "Feature",
      "properties": {
        "name": "Khorshed Alam CNG Station",
        "brand": "CNG",
        "brand_code": "CNG",
        "operator": "",
        "address": "",
        "state": "",
        "city": "",
        "phone": "",
        "fuel_types": "CNG",
        "amenity": "cng",
        "source": "openstreetmap.org"
      },
      "geometry": {
        "type": "Point",
        "coordinates": [
          91.0811233,
          23.4770951
        ]
      }
    },
    {
      "type": "Feature",
      "properties": {
        "name": "CNG Station",
        "brand": "CNG",
        "brand_code": "CNG",
        "operator": "",
        "address": "",
        "state": "",
        "city": "",
        "phone": "",
        "fuel_types": "CNG",
        "amenity": "cng",
        "source": "openstreetmap.org"
      },
      "geometry": {
        "type": "Point",
        "coordinates": [
          90.842751,
          23.2508054
        ]
      }
    },
    {
      "type": "Feature",
      "properties": {
        "name": "CNG Station",
        "brand": "CNG",
        "brand_code": "CNG",
        "operator": "",
        "address": "",
        "state": "",
        "city": "",
        "phone": "",
        "fuel_types": "CNG",
        "amenity": "cng",
        "source": "openstreetmap.org"
      },
      "geometry": {
        "type": "Point",
        "coordinates": [
          90.9463208,
          23.2478425
        ]
      }
    },
    {
      "type": "Feature",
      "properties": {
        "name": "মক্কা সিএনজি রিফুয়েলিং স্টেশন এন্ড কনভার্সন লিমিটেড",
        "brand": "CNG",
        "brand_code": "CNG",
        "operator": "",
        "address": "House Cha 107,Road 1, North Badda",
        "state": "",
        "city": "Dhaka",
        "phone": "",
        "fuel_types": "CNG, Diesel",
        "amenity": "cng",
        "source": "openstreetmap.org"
      },
      "geometry": {
        "type": "Point",
        "coordinates": [
          90.4256521,
          23.7842595
        ]
      }
    },
    {
      "type": "Feature",
      "properties": {
        "name": "IGL",
        "brand": "IGL",
        "brand_code": "CNG",
        "operator": "",
        "address": "",
        "state": "",
        "city": "",
        "phone": "",
        "fuel_types": "CNG",
        "amenity": "cng",
        "source": "openstreetmap.org"
      },
      "geometry": {
        "type": "Point",
        "coordinates": [
          77.1964421,
          28.5699619
        ]
      }
    },
    {
      "type": "Feature",
      "properties": {
        "name": "CNG Station",
        "brand": "CNG",
        "brand_code": "CNG",
        "operator": "",
        "address": "",
        "state": "",
        "city": "",
        "phone": "",
        "fuel_types": "CNG",
        "amenity": "cng",
        "source": "openstreetmap.org"
      },
      "geometry": {
        "type": "Point",
        "coordinates": [
          72.6431616,
          23.0579511
        ]
      }
    },
    {
      "type": "Feature",
      "properties": {
        "name": "Assort CNG Refueling Station",
        "brand": "CNG",
        "brand_code": "CNG",
        "operator": "",
        "address": "Pabna City Bypass",
        "state": "",
        "city": "Salgaria",
        "phone": "",
        "fuel_types": "CNG",
        "amenity": "cng",
        "source": "openstreetmap.org"
      },
      "geometry": {
        "type": "Point",
        "coordinates": [
          89.2519145,
          24.0193736
        ]
      }
    },
    {
      "type": "Feature",
      "properties": {
        "name": "Jet Fuel Supplier Reliance Industries Limited",
        "brand": "CNG",
        "brand_code": "CNG",
        "operator": "",
        "address": "Ramchandi,",
        "state": "",
        "city": "raipur",
        "phone": "",
        "fuel_types": "CNG, Petrol",
        "amenity": "cng",
        "source": "openstreetmap.org"
      },
      "geometry": {
        "type": "Point",
        "coordinates": [
          81.7373219,
          21.186824
        ]
      }
    },
    {
      "type": "Feature",
      "properties": {
        "name": "Indian Oil Petrol Pump",
        "brand": "Indian Oil",
        "brand_code": "CNG",
        "operator": "",
        "address": "Vijay Nagar Main Road",
        "state": "",
        "city": "Indore",
        "phone": "07312573322",
        "fuel_types": "CNG, Diesel, Petrol",
        "amenity": "cng",
        "source": "openstreetmap.org"
      },
      "geometry": {
        "type": "Point",
        "coordinates": [
          75.8907617,
          22.7515199
        ]
      }
    },
    {
      "type": "Feature",
      "properties": {
        "name": "CNG Station",
        "brand": "Indraprastha Gas Limited",
        "brand_code": "CNG",
        "operator": "",
        "address": "",
        "state": "",
        "city": "",
        "phone": "",
        "fuel_types": "CNG",
        "amenity": "cng",
        "source": "openstreetmap.org"
      },
      "geometry": {
        "type": "Point",
        "coordinates": [
          77.1326402,
          28.5385446
        ]
      }
    },
    {
      "type": "Feature",
      "properties": {
        "name": "CNG gas station and Petrol Pump",
        "brand": "CNG",
        "brand_code": "CNG",
        "operator": "",
        "address": "Raj Mohalla",
        "state": "",
        "city": "Indore",
        "phone": "",
        "fuel_types": "CNG, Diesel, Petrol",
        "amenity": "cng",
        "source": "openstreetmap.org"
      },
      "geometry": {
        "type": "Point",
        "coordinates": [
          75.8410687,
          22.7154309
        ]
      }
    },
    {
      "type": "Feature",
      "properties": {
        "name": "MM Bharat Petroleum",
        "brand": "Bharat Petroleum",
        "brand_code": "CNG",
        "operator": "",
        "address": "",
        "state": "",
        "city": "",
        "phone": "",
        "fuel_types": "CNG, Diesel",
        "amenity": "cng",
        "source": "openstreetmap.org"
      },
      "geometry": {
        "type": "Point",
        "coordinates": [
          72.3670598,
          23.609766
        ]
      }
    },
    {
      "type": "Feature",
      "properties": {
        "name": "IGL",
        "brand": "IGL",
        "brand_code": "CNG",
        "operator": "",
        "address": "",
        "state": "",
        "city": "",
        "phone": "",
        "fuel_types": "CNG",
        "amenity": "cng",
        "source": "openstreetmap.org"
      },
      "geometry": {
        "type": "Point",
        "coordinates": [
          77.1295389,
          28.6628309
        ]
      }
    },
    {
      "type": "Feature",
      "properties": {
        "name": "ইউনাইটেড ফিলিং স্টেশন",
        "brand": "CNG",
        "brand_code": "CNG",
        "operator": "",
        "address": "",
        "state": "",
        "city": "",
        "phone": "",
        "fuel_types": "CNG, Diesel",
        "amenity": "cng",
        "source": "openstreetmap.org"
      },
      "geometry": {
        "type": "Point",
        "coordinates": [
          90.4551509,
          23.7009729
        ]
      }
    },
    {
      "type": "Feature",
      "properties": {
        "name": "IGL",
        "brand": "IGL",
        "brand_code": "CNG",
        "operator": "Indraprastha Gas Limited",
        "address": "",
        "state": "",
        "city": "",
        "phone": "",
        "fuel_types": "CNG",
        "amenity": "cng",
        "source": "openstreetmap.org"
      },
      "geometry": {
        "type": "Point",
        "coordinates": [
          77.1804718,
          28.5532352
        ]
      }
    },
    {
      "type": "Feature",
      "properties": {
        "name": "Attock Petrolium",
        "brand": "CNG",
        "brand_code": "CNG",
        "operator": "Attock",
        "address": "Misrial Road",
        "state": "",
        "city": "راولپنڈی",
        "phone": "",
        "fuel_types": "CNG",
        "amenity": "cng",
        "source": "openstreetmap.org"
      },
      "geometry": {
        "type": "Point",
        "coordinates": [
          73.0062774,
          33.6038253
        ]
      }
    },
    {
      "type": "Feature",
      "properties": {
        "name": "Caajco CNG",
        "brand": "CNG",
        "brand_code": "CNG",
        "operator": "",
        "address": "",
        "state": "",
        "city": "",
        "phone": "",
        "fuel_types": "CNG",
        "amenity": "cng",
        "source": "openstreetmap.org"
      },
      "geometry": {
        "type": "Point",
        "coordinates": [
          72.477603,
          34.1236489
        ]
      }
    },
    {
      "type": "Feature",
      "properties": {
        "name": "CNG Station",
        "brand": "CNG",
        "brand_code": "CNG",
        "operator": "",
        "address": "",
        "state": "",
        "city": "",
        "phone": "",
        "fuel_types": "CNG, Diesel",
        "amenity": "cng",
        "source": "openstreetmap.org"
      },
      "geometry": {
        "type": "Point",
        "coordinates": [
          70.3628123,
          20.9117077
        ]
      }
    },
    {
      "type": "Feature",
      "properties": {
        "name": "Indraprastha Gas Station",
        "brand": "IGL",
        "brand_code": "CNG",
        "operator": "Indraprastha Gas Limited",
        "address": "Tamil Sangam Marg",
        "state": "",
        "city": "New Delhi",
        "phone": "",
        "fuel_types": "CNG",
        "amenity": "cng",
        "source": "openstreetmap.org"
      },
      "geometry": {
        "type": "Point",
        "coordinates": [
          77.1756357,
          28.5675278
        ]
      }
    },
    {
      "type": "Feature",
      "properties": {
        "name": "HP",
        "brand": "Hindustan Petroleum",
        "brand_code": "CNG",
        "operator": "",
        "address": "",
        "state": "",
        "city": "",
        "phone": "",
        "fuel_types": "CNG",
        "amenity": "cng",
        "source": "openstreetmap.org"
      },
      "geometry": {
        "type": "Point",
        "coordinates": [
          77.3035906,
          28.4945252
        ]
      }
    },
    {
      "type": "Feature",
      "properties": {
        "name": "IGL",
        "brand": "IGL",
        "brand_code": "CNG",
        "operator": "",
        "address": "",
        "state": "",
        "city": "",
        "phone": "",
        "fuel_types": "CNG",
        "amenity": "cng",
        "source": "openstreetmap.org"
      },
      "geometry": {
        "type": "Point",
        "coordinates": [
          77.255391,
          28.5477136
        ]
      }
    },
    {
      "type": "Feature",
      "properties": {
        "name": "Mahanagar Gas",
        "brand": "Reliance",
        "brand_code": "CNG",
        "operator": "",
        "address": "",
        "state": "",
        "city": "",
        "phone": "",
        "fuel_types": "CNG",
        "amenity": "cng",
        "source": "openstreetmap.org"
      },
      "geometry": {
        "type": "Point",
        "coordinates": [
          73.023107,
          19.0631765
        ]
      }
    },
    {
      "type": "Feature",
      "properties": {
        "name": "CNG Station",
        "brand": "Indraprastha Gas Limited",
        "brand_code": "CNG",
        "operator": "",
        "address": "",
        "state": "",
        "city": "",
        "phone": "",
        "fuel_types": "CNG",
        "amenity": "cng",
        "source": "openstreetmap.org"
      },
      "geometry": {
        "type": "Point",
        "coordinates": [
          77.2684268,
          28.6504266
        ]
      }
    },
    {
      "type": "Feature",
      "properties": {
        "name": "CNG Station",
        "brand": "CNG",
        "brand_code": "CNG",
        "operator": "",
        "address": "",
        "state": "",
        "city": "",
        "phone": "",
        "fuel_types": "CNG, Diesel",
        "amenity": "cng",
        "source": "openstreetmap.org"
      },
      "geometry": {
        "type": "Point",
        "coordinates": [
          90.2585046,
          23.9143962
        ]
      }
    },
    {
      "type": "Feature",
      "properties": {
        "name": "CNG Station",
        "brand": "CNG",
        "brand_code": "CNG",
        "operator": "",
        "address": "",
        "state": "",
        "city": "لاہور",
        "phone": "",
        "fuel_types": "CNG",
        "amenity": "cng",
        "source": "openstreetmap.org"
      },
      "geometry": {
        "type": "Point",
        "coordinates": [
          74.3356855,
          31.5631192
        ]
      }
    },
    {
      "type": "Feature",
      "properties": {
        "name": "IGL",
        "brand": "IGL",
        "brand_code": "CNG",
        "operator": "",
        "address": "",
        "state": "",
        "city": "",
        "phone": "",
        "fuel_types": "CNG",
        "amenity": "cng",
        "source": "openstreetmap.org"
      },
      "geometry": {
        "type": "Point",
        "coordinates": [
          77.3216955,
          28.6292758
        ]
      }
    },
    {
      "type": "Feature",
      "properties": {
        "name": "Pakistan Filling Station",
        "brand": "CNG",
        "brand_code": "CNG",
        "operator": "",
        "address": "Khanpur Bypass",
        "state": "",
        "city": "Khanpur",
        "phone": "",
        "fuel_types": "CNG, Diesel",
        "amenity": "cng",
        "source": "openstreetmap.org"
      },
      "geometry": {
        "type": "Point",
        "coordinates": [
          70.6796698,
          28.650453
        ]
      }
    },
    {
      "type": "Feature",
      "properties": {
        "name": "CNG Station",
        "brand": "Bharat Petrolium",
        "brand_code": "CNG",
        "operator": "",
        "address": "",
        "state": "",
        "city": "",
        "phone": "",
        "fuel_types": "CNG, Diesel",
        "amenity": "cng",
        "source": "openstreetmap.org"
      },
      "geometry": {
        "type": "Point",
        "coordinates": [
          75.8937934,
          22.746128
        ]
      }
    },
    {
      "type": "Feature",
      "properties": {
        "name": "CNG Station",
        "brand": "Indraprastha Gas Limited",
        "brand_code": "CNG",
        "operator": "",
        "address": "",
        "state": "",
        "city": "",
        "phone": "",
        "fuel_types": "CNG",
        "amenity": "cng",
        "source": "openstreetmap.org"
      },
      "geometry": {
        "type": "Point",
        "coordinates": [
          77.1852815,
          28.7065133
        ]
      }
    },
    {
      "type": "Feature",
      "properties": {
        "name": "CNG Station",
        "brand": "Indraprastha Gas Limited",
        "brand_code": "CNG",
        "operator": "",
        "address": "",
        "state": "",
        "city": "",
        "phone": "",
        "fuel_types": "CNG",
        "amenity": "cng",
        "source": "openstreetmap.org"
      },
      "geometry": {
        "type": "Point",
        "coordinates": [
          77.1487473,
          28.6854999
        ]
      }
    },
    {
      "type": "Feature",
      "properties": {
        "name": "Indian Oil",
        "brand": "Indian Oil",
        "brand_code": "CNG",
        "operator": "Indian Oil",
        "address": "MG Road",
        "state": "",
        "city": "Indore",
        "phone": "0731 405 5402",
        "fuel_types": "CNG, Diesel, Petrol",
        "amenity": "cng",
        "source": "openstreetmap.org"
      },
      "geometry": {
        "type": "Point",
        "coordinates": [
          75.8722835,
          22.7203704
        ]
      }
    },
    {
      "type": "Feature",
      "properties": {
        "name": "Hindustan Petroleum",
        "brand": "Hindustan Petroleum",
        "brand_code": "CNG",
        "operator": "",
        "address": "MG Road",
        "state": "",
        "city": "Indore",
        "phone": "9826049475",
        "fuel_types": "CNG, Diesel, Petrol",
        "amenity": "cng",
        "source": "openstreetmap.org"
      },
      "geometry": {
        "type": "Point",
        "coordinates": [
          75.8713661,
          22.7203729
        ]
      }
    },
    {
      "type": "Feature",
      "properties": {
        "name": "Bharat Petroleum",
        "brand": "CNG",
        "brand_code": "CNG",
        "operator": "",
        "address": "Infront Of DAVV",
        "state": "",
        "city": "Indore",
        "phone": "",
        "fuel_types": "CNG, Diesel, Petrol",
        "amenity": "cng",
        "source": "openstreetmap.org"
      },
      "geometry": {
        "type": "Point",
        "coordinates": [
          75.8731256,
          22.716903
        ]
      }
    },
    {
      "type": "Feature",
      "properties": {
        "name": "Indian Oil",
        "brand": "Indian Oil",
        "brand_code": "CNG",
        "operator": "",
        "address": "Infront Of DAVV",
        "state": "",
        "city": "Indore",
        "phone": "",
        "fuel_types": "CNG, Diesel, Petrol",
        "amenity": "cng",
        "source": "openstreetmap.org"
      },
      "geometry": {
        "type": "Point",
        "coordinates": [
          75.8735722,
          22.7162331
        ]
      }
    },
    {
      "type": "Feature",
      "properties": {
        "name": "HP",
        "brand": "CNG",
        "brand_code": "CNG",
        "operator": "",
        "address": "",
        "state": "",
        "city": "Indore",
        "phone": "93293 51112",
        "fuel_types": "CNG, Diesel, Petrol",
        "amenity": "cng",
        "source": "openstreetmap.org"
      },
      "geometry": {
        "type": "Point",
        "coordinates": [
          75.884285,
          22.7170081
        ]
      }
    },
    {
      "type": "Feature",
      "properties": {
        "name": "HP",
        "brand": "Hindustan Petroleum",
        "brand_code": "CNG",
        "operator": "",
        "address": "",
        "state": "",
        "city": "Indore",
        "phone": "",
        "fuel_types": "CNG, Diesel, Petrol",
        "amenity": "cng",
        "source": "openstreetmap.org"
      },
      "geometry": {
        "type": "Point",
        "coordinates": [
          75.841088,
          22.7152935
        ]
      }
    },
    {
      "type": "Feature",
      "properties": {
        "name": "Indian oil",
        "brand": "Indian Oil",
        "brand_code": "CNG",
        "operator": "",
        "address": "",
        "state": "",
        "city": "Indore",
        "phone": "",
        "fuel_types": "CNG, Diesel, Petrol",
        "amenity": "cng",
        "source": "openstreetmap.org"
      },
      "geometry": {
        "type": "Point",
        "coordinates": [
          75.844265,
          22.7050167
        ]
      }
    },
    {
      "type": "Feature",
      "properties": {
        "name": "HP",
        "brand": "Hindustan Petroleum",
        "brand_code": "CNG",
        "operator": "",
        "address": "",
        "state": "",
        "city": "Indore",
        "phone": "",
        "fuel_types": "CNG, Diesel, Petrol",
        "amenity": "cng",
        "source": "openstreetmap.org"
      },
      "geometry": {
        "type": "Point",
        "coordinates": [
          75.8602443,
          22.7162312
        ]
      }
    },
    {
      "type": "Feature",
      "properties": {
        "name": "HP",
        "brand": "Hindustan Petroleum",
        "brand_code": "CNG",
        "operator": "",
        "address": "Ranjeet Hanuman Road, Gumasta Nagar, Scheme 71,",
        "state": "",
        "city": "Indore",
        "phone": "9826077758",
        "fuel_types": "CNG, Diesel, Petrol",
        "amenity": "cng",
        "source": "openstreetmap.org"
      },
      "geometry": {
        "type": "Point",
        "coordinates": [
          75.8296205,
          22.6952979
        ]
      }
    },
    {
      "type": "Feature",
      "properties": {
        "name": "Police Welfare Filling Station",
        "brand": "CNG",
        "brand_code": "CNG",
        "operator": "",
        "address": "VIP Road, South Gadra Khedi,",
        "state": "",
        "city": "Indore",
        "phone": "07312453077",
        "fuel_types": "CNG, Diesel, Petrol",
        "amenity": "cng",
        "source": "openstreetmap.org"
      },
      "geometry": {
        "type": "Point",
        "coordinates": [
          75.8467984,
          22.7323023
        ]
      }
    },
    {
      "type": "Feature",
      "properties": {
        "name": "Indian Oil Petrol Pump",
        "brand": "Indian Oil",
        "brand_code": "CNG",
        "operator": "",
        "address": "",
        "state": "",
        "city": "Indore",
        "phone": "",
        "fuel_types": "CNG, Diesel, Petrol",
        "amenity": "cng",
        "source": "openstreetmap.org"
      },
      "geometry": {
        "type": "Point",
        "coordinates": [
          75.9025012,
          22.7728181
        ]
      }
    },
    {
      "type": "Feature",
      "properties": {
        "name": "Laxmi Petrol Pump",
        "brand": "CNG",
        "brand_code": "CNG",
        "operator": "",
        "address": "",
        "state": "",
        "city": "Indore",
        "phone": "",
        "fuel_types": "CNG, Diesel, Petrol",
        "amenity": "cng",
        "source": "openstreetmap.org"
      },
      "geometry": {
        "type": "Point",
        "coordinates": [
          75.9025817,
          22.7753617
        ]
      }
    },
    {
      "type": "Feature",
      "properties": {
        "name": "Gati Corporation Pump",
        "brand": "CNG",
        "brand_code": "CNG",
        "operator": "",
        "address": "",
        "state": "",
        "city": "Indore",
        "phone": "07314023544",
        "fuel_types": "CNG, Diesel, Petrol",
        "amenity": "cng",
        "source": "openstreetmap.org"
      },
      "geometry": {
        "type": "Point",
        "coordinates": [
          75.9033447,
          22.7780289
        ]
      }
    },
    {
      "type": "Feature",
      "properties": {
        "name": "IGL-CNG Station",
        "brand": "CNG",
        "brand_code": "CNG",
        "operator": "Indraprasth Gas Limited",
        "address": "",
        "state": "Uttar Pradesh",
        "city": "Gautam Buddha Nagar",
        "phone": "1800 102 5109",
        "fuel_types": "CNG",
        "amenity": "cng",
        "source": "openstreetmap.org"
      },
      "geometry": {
        "type": "Point",
        "coordinates": [
          77.5432877,
          28.4461217
        ]
      }
    },
    {
      "type": "Feature",
      "properties": {
        "name": "CNG Station",
        "brand": "CNG",
        "brand_code": "CNG",
        "operator": "",
        "address": "",
        "state": "",
        "city": "",
        "phone": "",
        "fuel_types": "CNG",
        "amenity": "cng",
        "source": "openstreetmap.org"
      },
      "geometry": {
        "type": "Point",
        "coordinates": [
          76.9324879,
          28.3977915
        ]
      }
    },
    {
      "type": "Feature",
      "properties": {
        "name": "CNG Station",
        "brand": "Indraprastha Gas",
        "brand_code": "CNG",
        "operator": "",
        "address": "",
        "state": "",
        "city": "",
        "phone": "",
        "fuel_types": "CNG",
        "amenity": "cng",
        "source": "openstreetmap.org"
      },
      "geometry": {
        "type": "Point",
        "coordinates": [
          77.2485296,
          28.6184777
        ]
      }
    },
    {
      "type": "Feature",
      "properties": {
        "name": "CNG Station",
        "brand": "Indraprastha Gas",
        "brand_code": "CNG",
        "operator": "",
        "address": "",
        "state": "",
        "city": "",
        "phone": "",
        "fuel_types": "CNG",
        "amenity": "cng",
        "source": "openstreetmap.org"
      },
      "geometry": {
        "type": "Point",
        "coordinates": [
          77.2528266,
          28.608699
        ]
      }
    },
    {
      "type": "Feature",
      "properties": {
        "name": "H.S. Road Carrier Petrol Pump",
        "brand": "CNG",
        "brand_code": "CNG",
        "operator": "",
        "address": "State Highway 27, Tejaji Nagar",
        "state": "",
        "city": "Indore",
        "phone": "",
        "fuel_types": "CNG, Diesel, Petrol",
        "amenity": "cng",
        "source": "openstreetmap.org"
      },
      "geometry": {
        "type": "Point",
        "coordinates": [
          75.8778009,
          22.6784988
        ]
      }
    },
    {
      "type": "Feature",
      "properties": {
        "name": "Madhur Fuel Station",
        "brand": "CNG",
        "brand_code": "CNG",
        "operator": "",
        "address": "Scheme No 94, Rajiv Gandhi Circle",
        "state": "",
        "city": "Indore",
        "phone": "9425058866",
        "fuel_types": "CNG, Diesel, Petrol",
        "amenity": "cng",
        "source": "openstreetmap.org"
      },
      "geometry": {
        "type": "Point",
        "coordinates": [
          75.8611737,
          22.6819143
        ]
      }
    },
    {
      "type": "Feature",
      "properties": {
        "name": "Shakti Fuel Station",
        "brand": "CNG",
        "brand_code": "CNG",
        "operator": "",
        "address": "Teen Imli,",
        "state": "",
        "city": "Indore",
        "phone": "07314053148",
        "fuel_types": "CNG, Diesel, Petrol",
        "amenity": "cng",
        "source": "openstreetmap.org"
      },
      "geometry": {
        "type": "Point",
        "coordinates": [
          75.8879811,
          22.689488
        ]
      }
    },
    {
      "type": "Feature",
      "properties": {
        "name": "Poss Fuel Station",
        "brand": "CNG",
        "brand_code": "CNG",
        "operator": "",
        "address": "Nemawar Road, Palda,",
        "state": "",
        "city": "Indore",
        "phone": "9893027029",
        "fuel_types": "CNG, Diesel, Petrol",
        "amenity": "cng",
        "source": "openstreetmap.org"
      },
      "geometry": {
        "type": "Point",
        "coordinates": [
          75.9113216,
          22.6851425
        ]
      }
    },
    {
      "type": "Feature",
      "properties": {
        "name": "Sai Filling Station",
        "brand": "CNG",
        "brand_code": "CNG",
        "operator": "",
        "address": "Chandan Nagar Square",
        "state": "",
        "city": "Indore",
        "phone": "",
        "fuel_types": "CNG, Diesel, Petrol",
        "amenity": "cng",
        "source": "openstreetmap.org"
      },
      "geometry": {
        "type": "Point",
        "coordinates": [
          75.8255607,
          22.7056563
        ]
      }
    },
    {
      "type": "Feature",
      "properties": {
        "name": "CNG Station",
        "brand": "Indian Oil",
        "brand_code": "CNG",
        "operator": "",
        "address": "",
        "state": "",
        "city": "",
        "phone": "",
        "fuel_types": "CNG",
        "amenity": "cng",
        "source": "openstreetmap.org"
      },
      "geometry": {
        "type": "Point",
        "coordinates": [
          77.0945362,
          28.9522081
        ]
      }
    },
    {
      "type": "Feature",
      "properties": {
        "name": "HP PETROL PUMP",
        "brand": "CNG",
        "brand_code": "CNG",
        "operator": "HP",
        "address": "",
        "state": "",
        "city": "",
        "phone": "",
        "fuel_types": "CNG, Diesel, Petrol",
        "amenity": "cng",
        "source": "openstreetmap.org"
      },
      "geometry": {
        "type": "Point",
        "coordinates": [
          77.291325,
          28.6752663
        ]
      }
    },
    {
      "type": "Feature",
      "properties": {
        "name": "CNG Station",
        "brand": "Indraprastha Gas",
        "brand_code": "CNG",
        "operator": "",
        "address": "",
        "state": "",
        "city": "",
        "phone": "",
        "fuel_types": "CNG",
        "amenity": "cng",
        "source": "openstreetmap.org"
      },
      "geometry": {
        "type": "Point",
        "coordinates": [
          77.1878285,
          28.4869358
        ]
      }
    },
    {
      "type": "Feature",
      "properties": {
        "name": "ഇന്ത്യൻ ഓയിൽ പെട്രോൾ പമ്പ്",
        "brand": "Indian Oil Petrol Pump",
        "brand_code": "CNG",
        "operator": "Indian Oil",
        "address": "എംസി റോഡ്, വെള്ളൂർകുന്നം",
        "state": "",
        "city": "മുവാറ്റുപുഴ",
        "phone": "+91-18002333555",
        "fuel_types": "CNG, Diesel, Petrol",
        "amenity": "cng",
        "source": "openstreetmap.org"
      },
      "geometry": {
        "type": "Point",
        "coordinates": [
          76.5771809,
          9.9903346
        ]
      }
    },
    {
      "type": "Feature",
      "properties": {
        "name": "IGL",
        "brand": "IGL",
        "brand_code": "CNG",
        "operator": "",
        "address": "",
        "state": "",
        "city": "",
        "phone": "",
        "fuel_types": "CNG",
        "amenity": "cng",
        "source": "openstreetmap.org"
      },
      "geometry": {
        "type": "Point",
        "coordinates": [
          77.3726805,
          28.5960084
        ]
      }
    },
    {
      "type": "Feature",
      "properties": {
        "name": "CNG Station",
        "brand": "Indraprastha Gas Limited",
        "brand_code": "CNG",
        "operator": "",
        "address": "",
        "state": "",
        "city": "",
        "phone": "",
        "fuel_types": "CNG",
        "amenity": "cng",
        "source": "openstreetmap.org"
      },
      "geometry": {
        "type": "Point",
        "coordinates": [
          77.2564926,
          28.6401874
        ]
      }
    },
    {
      "type": "Feature",
      "properties": {
        "name": "CNG Station",
        "brand": "Indraprastha Gas Limited",
        "brand_code": "CNG",
        "operator": "",
        "address": "",
        "state": "",
        "city": "",
        "phone": "",
        "fuel_types": "CNG",
        "amenity": "cng",
        "source": "openstreetmap.org"
      },
      "geometry": {
        "type": "Point",
        "coordinates": [
          77.2171553,
          28.7210617
        ]
      }
    },
    {
      "type": "Feature",
      "properties": {
        "name": "Essar",
        "brand": "Essar",
        "brand_code": "CNG",
        "operator": "",
        "address": "",
        "state": "",
        "city": "",
        "phone": "",
        "fuel_types": "CNG",
        "amenity": "cng",
        "source": "openstreetmap.org"
      },
      "geometry": {
        "type": "Point",
        "coordinates": [
          76.9934315,
          29.3066929
        ]
      }
    },
    {
      "type": "Feature",
      "properties": {
        "name": "Chaudhary Fuel Point",
        "brand": "Bharat Petroleum",
        "brand_code": "CNG",
        "operator": "",
        "address": "",
        "state": "",
        "city": "",
        "phone": "+91-1887-228-756",
        "fuel_types": "CNG",
        "amenity": "cng",
        "source": "openstreetmap.org"
      },
      "geometry": {
        "type": "Point",
        "coordinates": [
          76.3875237,
          31.3507367
        ]
      }
    },
    {
      "type": "Feature",
      "properties": {
        "name": "Bharat Petroleum",
        "brand": "Bharat Petroleum",
        "brand_code": "CNG",
        "operator": "",
        "address": "",
        "state": "",
        "city": "",
        "phone": "",
        "fuel_types": "CNG",
        "amenity": "cng",
        "source": "openstreetmap.org"
      },
      "geometry": {
        "type": "Point",
        "coordinates": [
          76.17792,
          31.6009601
        ]
      }
    },
    {
      "type": "Feature",
      "properties": {
        "name": "শান্ত সিএনজি রি-ফুয়েলিং স্টেশন",
        "brand": "CNG",
        "brand_code": "CNG",
        "operator": "",
        "address": "",
        "state": "",
        "city": "",
        "phone": "",
        "fuel_types": "CNG, Diesel",
        "amenity": "cng",
        "source": "openstreetmap.org"
      },
      "geometry": {
        "type": "Point",
        "coordinates": [
          90.4286964,
          23.7290183
        ]
      }
    },
    {
      "type": "Feature",
      "properties": {
        "name": "CNG Station",
        "brand": "CNG",
        "brand_code": "CNG",
        "operator": "",
        "address": "",
        "state": "",
        "city": "",
        "phone": "",
        "fuel_types": "CNG",
        "amenity": "cng",
        "source": "openstreetmap.org"
      },
      "geometry": {
        "type": "Point",
        "coordinates": [
          73.8576874,
          18.7383147
        ]
      }
    },
    {
      "type": "Feature",
      "properties": {
        "name": "Indian Oil",
        "brand": "Indian Oil",
        "brand_code": "CNG",
        "operator": "",
        "address": "",
        "state": "",
        "city": "",
        "phone": "",
        "fuel_types": "CNG",
        "amenity": "cng",
        "source": "openstreetmap.org"
      },
      "geometry": {
        "type": "Point",
        "coordinates": [
          77.1776294,
          28.5647065
        ]
      }
    },
    {
      "type": "Feature",
      "properties": {
        "name": "Gandhi Petrol Pump",
        "brand": "CNG",
        "brand_code": "CNG",
        "operator": "",
        "address": "",
        "state": "",
        "city": "Kalol",
        "phone": "",
        "fuel_types": "CNG, Diesel, Petrol",
        "amenity": "cng",
        "source": "openstreetmap.org"
      },
      "geometry": {
        "type": "Point",
        "coordinates": [
          73.4620088,
          22.6091626
        ]
      }
    },
    {
      "type": "Feature",
      "properties": {
        "name": "Sarpanch Petro Service",
        "brand": "Bharat Petroleum",
        "brand_code": "CNG",
        "operator": "",
        "address": "Jaito- Bathinda Road",
        "state": "",
        "city": "",
        "phone": "",
        "fuel_types": "CNG, Diesel, Petrol",
        "amenity": "cng",
        "source": "openstreetmap.org"
      },
      "geometry": {
        "type": "Point",
        "coordinates": [
          74.8580024,
          30.5051597
        ]
      }
    },
    {
      "type": "Feature",
      "properties": {
        "name": "CNG Station",
        "brand": "HCG",
        "brand_code": "CNG",
        "operator": "",
        "address": "",
        "state": "",
        "city": "",
        "phone": "",
        "fuel_types": "CNG",
        "amenity": "cng",
        "source": "openstreetmap.org"
      },
      "geometry": {
        "type": "Point",
        "coordinates": [
          77.0471274,
          28.4580532
        ]
      }
    },
    {
      "type": "Feature",
      "properties": {
        "name": "SK CNG Gas Station",
        "brand": "Mahanagar Gas",
        "brand_code": "CNG",
        "operator": "",
        "address": "",
        "state": "",
        "city": "",
        "phone": "",
        "fuel_types": "CNG",
        "amenity": "cng",
        "source": "openstreetmap.org"
      },
      "geometry": {
        "type": "Point",
        "coordinates": [
          72.839974,
          19.1490275
        ]
      }
    },
    {
      "type": "Feature",
      "properties": {
        "name": "HP",
        "brand": "Hindustan Petroleum",
        "brand_code": "CNG",
        "operator": "",
        "address": "",
        "state": "",
        "city": "",
        "phone": "",
        "fuel_types": "CNG, Diesel",
        "amenity": "cng",
        "source": "openstreetmap.org"
      },
      "geometry": {
        "type": "Point",
        "coordinates": [
          72.8322034,
          19.1280502
        ]
      }
    },
    {
      "type": "Feature",
      "properties": {
        "name": "CNG Station",
        "brand": "Indraprastha Gas Limited",
        "brand_code": "CNG",
        "operator": "",
        "address": "",
        "state": "",
        "city": "",
        "phone": "",
        "fuel_types": "CNG",
        "amenity": "cng",
        "source": "openstreetmap.org"
      },
      "geometry": {
        "type": "Point",
        "coordinates": [
          77.3112121,
          28.6230435
        ]
      }
    },
    {
      "type": "Feature",
      "properties": {
        "name": "इंडीयन आयल",
        "brand": "CNG",
        "brand_code": "CNG",
        "operator": "",
        "address": "35 KM Stone Yamuna Expressway, Sabota Mustafabad, Noida, Uttar Pradesh",
        "state": "",
        "city": "",
        "phone": "",
        "fuel_types": "CNG, Diesel, Petrol",
        "amenity": "cng",
        "source": "openstreetmap.org"
      },
      "geometry": {
        "type": "Point",
        "coordinates": [
          77.5728448,
          28.1473096
        ]
      }
    },
    {
      "type": "Feature",
      "properties": {
        "name": "Bharat Petroleum",
        "brand": "Bharat Petroleum",
        "brand_code": "CNG",
        "operator": "",
        "address": "Kashigaon",
        "state": "",
        "city": "Mira Road East, Thane",
        "phone": "",
        "fuel_types": "CNG, Diesel, Petrol",
        "amenity": "cng",
        "source": "openstreetmap.org"
      },
      "geometry": {
        "type": "Point",
        "coordinates": [
          72.8871668,
          19.274638
        ]
      }
    },
    {
      "type": "Feature",
      "properties": {
        "name": "Bharat Petroleum",
        "brand": "Bharat Petroleum",
        "brand_code": "CNG",
        "operator": "",
        "address": "AG Nagar, Kashimira",
        "state": "",
        "city": "Mira Road East, Thane",
        "phone": "",
        "fuel_types": "CNG, Diesel, Petrol",
        "amenity": "cng",
        "source": "openstreetmap.org"
      },
      "geometry": {
        "type": "Point",
        "coordinates": [
          72.8812713,
          19.2716447
        ]
      }
    },
    {
      "type": "Feature",
      "properties": {
        "name": "Yashwantraya Petrol Station & CNG Station",
        "brand": "Indian Oil Petrol Pump",
        "brand_code": "CNG",
        "operator": "Barawkar And Lonkar",
        "address": "Songaon Shendre Road",
        "state": "",
        "city": "Supe",
        "phone": "",
        "fuel_types": "CNG, Diesel, Petrol",
        "amenity": "cng",
        "source": "openstreetmap.org"
      },
      "geometry": {
        "type": "Point",
        "coordinates": [
          74.3744032,
          18.3363877
        ]
      }
    },
    {
      "type": "Feature",
      "properties": {
        "name": "Gupta Petroleum",
        "brand": "Hindustan Petroleum",
        "brand_code": "CNG",
        "operator": "Hindustan Petroleum",
        "address": "",
        "state": "",
        "city": "",
        "phone": "",
        "fuel_types": "CNG, Diesel, Petrol",
        "amenity": "cng",
        "source": "openstreetmap.org"
      },
      "geometry": {
        "type": "Point",
        "coordinates": [
          86.3391383,
          23.7569656
        ]
      }
    },
    {
      "type": "Feature",
      "properties": {
        "name": "Indian Oil",
        "brand": "Indian Oil",
        "brand_code": "CNG",
        "operator": "Indian Oil",
        "address": "",
        "state": "",
        "city": "",
        "phone": "",
        "fuel_types": "CNG, Diesel, Petrol",
        "amenity": "cng",
        "source": "openstreetmap.org"
      },
      "geometry": {
        "type": "Point",
        "coordinates": [
          86.1841804,
          23.6234071
        ]
      }
    },
    {
      "type": "Feature",
      "properties": {
        "name": "Bharat Petroleum",
        "brand": "Bharat Petroleum",
        "brand_code": "CNG",
        "operator": "",
        "address": "Dhrol To Tankara State Highway",
        "state": "",
        "city": "At Lalpur ,Sub Dist Dhrol ,Dist Jamnagar",
        "phone": "",
        "fuel_types": "CNG, Diesel, Petrol",
        "amenity": "cng",
        "source": "openstreetmap.org"
      },
      "geometry": {
        "type": "Point",
        "coordinates": [
          70.5497844,
          22.6176194
        ]
      }
    },
    {
      "type": "Feature",
      "properties": {
        "name": "Indian Oil",
        "brand": "Indian Oil",
        "brand_code": "CNG",
        "operator": "",
        "address": "",
        "state": "",
        "city": "",
        "phone": "",
        "fuel_types": "CNG, Diesel, Petrol",
        "amenity": "cng",
        "source": "openstreetmap.org"
      },
      "geometry": {
        "type": "Point",
        "coordinates": [
          70.5222282,
          22.6203834
        ]
      }
    },
    {
      "type": "Feature",
      "properties": {
        "name": "ZOOM LPG Autogas & Fuel Filling Station",
        "brand": "CNG",
        "brand_code": "CNG",
        "operator": "",
        "address": "",
        "state": "",
        "city": "",
        "phone": "",
        "fuel_types": "CNG, Diesel",
        "amenity": "cng",
        "source": "openstreetmap.org"
      },
      "geometry": {
        "type": "Point",
        "coordinates": [
          91.0665762,
          23.1710684
        ]
      }
    },
    {
      "type": "Feature",
      "properties": {
        "name": "GAIL CNG Filling Station",
        "brand": "GAIL",
        "brand_code": "CNG",
        "operator": "GAIL",
        "address": "",
        "state": "",
        "city": "",
        "phone": "",
        "fuel_types": "CNG",
        "amenity": "cng",
        "source": "openstreetmap.org"
      },
      "geometry": {
        "type": "Point",
        "coordinates": [
          85.8202607,
          20.476489
        ]
      }
    },
    {
      "type": "Feature",
      "properties": {
        "name": "Bharat Petroleum",
        "brand": "Bharat Petroleum",
        "brand_code": "CNG",
        "operator": "",
        "address": "",
        "state": "",
        "city": "Dhrol",
        "phone": "",
        "fuel_types": "CNG, Diesel, Petrol",
        "amenity": "cng",
        "source": "openstreetmap.org"
      },
      "geometry": {
        "type": "Point",
        "coordinates": [
          70.4191455,
          22.5618013
        ]
      }
    },
    {
      "type": "Feature",
      "properties": {
        "name": "Gulab Bharat Petroleum And CNG",
        "brand": "Bharat Petroleum",
        "brand_code": "CNG",
        "operator": "",
        "address": "Rajkot To Morbi Highway",
        "state": "",
        "city": "Tankara",
        "phone": "",
        "fuel_types": "CNG, Diesel, Petrol",
        "amenity": "cng",
        "source": "openstreetmap.org"
      },
      "geometry": {
        "type": "Point",
        "coordinates": [
          70.752164,
          22.6707854
        ]
      }
    },
    {
      "type": "Feature",
      "properties": {
        "name": "CNG",
        "brand": "CNG",
        "brand_code": "CNG",
        "operator": "Fuel GAS",
        "address": "College Road",
        "state": "",
        "city": "Otur",
        "phone": "",
        "fuel_types": "CNG, Diesel, Petrol",
        "amenity": "cng",
        "source": "openstreetmap.org"
      },
      "geometry": {
        "type": "Point",
        "coordinates": [
          74.0015501,
          19.2523593
        ]
      }
    },
    {
      "type": "Feature",
      "properties": {
        "name": "CHANDERE CNG Station",
        "brand": "MNGL",
        "brand_code": "CNG",
        "operator": "CHANDERE CNG Station",
        "address": "Sus Road",
        "state": "",
        "city": "Pune",
        "phone": "",
        "fuel_types": "CNG",
        "amenity": "cng",
        "source": "openstreetmap.org"
      },
      "geometry": {
        "type": "Point",
        "coordinates": [
          73.7574904,
          18.552645
        ]
      }
    },
    {
      "type": "Feature",
      "properties": {
        "name": "Bharat Petroleum",
        "brand": "Bharat Petroleum",
        "brand_code": "CNG",
        "operator": "",
        "address": "",
        "state": "",
        "city": "",
        "phone": "",
        "fuel_types": "CNG",
        "amenity": "cng",
        "source": "openstreetmap.org"
      },
      "geometry": {
        "type": "Point",
        "coordinates": [
          76.3445621,
          31.3899692
        ]
      }
    },
    {
      "type": "Feature",
      "properties": {
        "name": "Haryana City Gas (HCG) CNG Pump",
        "brand": "Haryana City Gas (HCG)",
        "brand_code": "CNG",
        "operator": "Haryana City Gas Distribution Limited",
        "address": "",
        "state": "",
        "city": "Gurgaon",
        "phone": "",
        "fuel_types": "CNG",
        "amenity": "cng",
        "source": "openstreetmap.org"
      },
      "geometry": {
        "type": "Point",
        "coordinates": [
          77.0750832,
          28.4521322
        ]
      }
    },
    {
      "type": "Feature",
      "properties": {
        "name": "Adani Gas",
        "brand": "CNG",
        "brand_code": "CNG",
        "operator": "",
        "address": "",
        "state": "",
        "city": "",
        "phone": "",
        "fuel_types": "CNG",
        "amenity": "cng",
        "source": "openstreetmap.org"
      },
      "geometry": {
        "type": "Point",
        "coordinates": [
          77.3484442,
          27.9444609
        ]
      }
    },
    {
      "type": "Feature",
      "properties": {
        "name": "HP",
        "brand": "Hindustan Petroleum",
        "brand_code": "CNG",
        "operator": "",
        "address": "",
        "state": "",
        "city": "Vengurla",
        "phone": "",
        "fuel_types": "CNG, Diesel, Petrol",
        "amenity": "cng",
        "source": "openstreetmap.org"
      },
      "geometry": {
        "type": "Point",
        "coordinates": [
          73.6460792,
          15.8710672
        ]
      }
    },
    {
      "type": "Feature",
      "properties": {
        "name": "Indian Oil",
        "brand": "Indian Oil",
        "brand_code": "CNG",
        "operator": "HP",
        "address": "",
        "state": "",
        "city": "",
        "phone": "",
        "fuel_types": "CNG, Diesel, Petrol",
        "amenity": "cng",
        "source": "openstreetmap.org"
      },
      "geometry": {
        "type": "Point",
        "coordinates": [
          79.4356759,
          28.3857586
        ]
      }
    },
    {
      "type": "Feature",
      "properties": {
        "name": "Indian Oil",
        "brand": "Indian Oil",
        "brand_code": "CNG",
        "operator": "",
        "address": "",
        "state": "",
        "city": "",
        "phone": "",
        "fuel_types": "CNG, Diesel, Petrol",
        "amenity": "cng",
        "source": "openstreetmap.org"
      },
      "geometry": {
        "type": "Point",
        "coordinates": [
          79.4333601,
          28.3756833
        ]
      }
    },
    {
      "type": "Feature",
      "properties": {
        "name": "Indian Auto Gas",
        "brand": "Indian Auto Gas",
        "brand_code": "CNG",
        "operator": "",
        "address": "Katol Road",
        "state": "",
        "city": "Nagpur",
        "phone": "",
        "fuel_types": "CNG",
        "amenity": "cng",
        "source": "openstreetmap.org"
      },
      "geometry": {
        "type": "Point",
        "coordinates": [
          79.0384458,
          21.1813896
        ]
      }
    },
    {
      "type": "Feature",
      "properties": {
        "name": "Indian Oil",
        "brand": "Indian Oil",
        "brand_code": "CNG",
        "operator": "",
        "address": "",
        "state": "",
        "city": "",
        "phone": "",
        "fuel_types": "CNG, Diesel, Petrol",
        "amenity": "cng",
        "source": "openstreetmap.org"
      },
      "geometry": {
        "type": "Point",
        "coordinates": [
          77.9120455,
          22.7088574
        ]
      }
    },
    {
      "type": "Feature",
      "properties": {
        "name": "কিউ জি সামদানি এন্ড কো",
        "brand": "CNG",
        "brand_code": "CNG",
        "operator": "",
        "address": "নীলক্ষেত সড়ক",
        "state": "",
        "city": "Dhaka",
        "phone": "",
        "fuel_types": "CNG",
        "amenity": "cng",
        "source": "openstreetmap.org"
      },
      "geometry": {
        "type": "Point",
        "coordinates": [
          90.3866954,
          23.7323938
        ]
      }
    },
    {
      "type": "Feature",
      "properties": {
        "name": "অনুদীপ সিএনজি/এলপিজি ফিলিং স্টেশন এন্ড ওয়ার্কশপ",
        "brand": "CNG",
        "brand_code": "CNG",
        "operator": "",
        "address": "House 23, Boro Mogbazar, Ramna",
        "state": "",
        "city": "Dhaka",
        "phone": "",
        "fuel_types": "CNG",
        "amenity": "cng",
        "source": "openstreetmap.org"
      },
      "geometry": {
        "type": "Point",
        "coordinates": [
          90.4036079,
          23.7478287
        ]
      }
    },
    {
      "type": "Feature",
      "properties": {
        "name": "Gaikwad CNG station",
        "brand": "MNGL",
        "brand_code": "CNG",
        "operator": "",
        "address": "",
        "state": "",
        "city": "",
        "phone": "",
        "fuel_types": "CNG",
        "amenity": "cng",
        "source": "openstreetmap.org"
      },
      "geometry": {
        "type": "Point",
        "coordinates": [
          73.9318645,
          18.5323221
        ]
      }
    },
    {
      "type": "Feature",
      "properties": {
        "name": "Bharat Petroleum",
        "brand": "Bharat Petroleum",
        "brand_code": "CNG",
        "operator": "",
        "address": "",
        "state": "",
        "city": "",
        "phone": "",
        "fuel_types": "CNG",
        "amenity": "cng",
        "source": "openstreetmap.org"
      },
      "geometry": {
        "type": "Point",
        "coordinates": [
          78.099432,
          27.2182835
        ]
      }
    },
    {
      "type": "Feature",
      "properties": {
        "name": "Extra Gas",
        "brand": "CNG",
        "brand_code": "CNG",
        "operator": "",
        "address": "",
        "state": "",
        "city": "",
        "phone": "",
        "fuel_types": "CNG",
        "amenity": "cng",
        "source": "openstreetmap.org"
      },
      "geometry": {
        "type": "Point",
        "coordinates": [
          78.4700623,
          17.3943492
        ]
      }
    },
    {
      "type": "Feature",
      "properties": {
        "name": "Indian Oil Petrol Pump",
        "brand": "Indian Oil Petrol Pump",
        "brand_code": "CNG",
        "operator": "",
        "address": "Nagar Road",
        "state": "",
        "city": "Wagholi",
        "phone": "",
        "fuel_types": "CNG, Diesel",
        "amenity": "cng",
        "source": "openstreetmap.org"
      },
      "geometry": {
        "type": "Point",
        "coordinates": [
          73.9752536,
          18.5803367
        ]
      }
    },
    {
      "type": "Feature",
      "properties": {
        "name": "GAIL Gas",
        "brand": "CNG",
        "brand_code": "CNG",
        "operator": "",
        "address": "",
        "state": "",
        "city": "",
        "phone": "",
        "fuel_types": "CNG",
        "amenity": "cng",
        "source": "openstreetmap.org"
      },
      "geometry": {
        "type": "Point",
        "coordinates": [
          77.7744446,
          28.9405413
        ]
      }
    },
    {
      "type": "Feature",
      "properties": {
        "name": "Rajgan CNG",
        "brand": "CNG",
        "brand_code": "CNG",
        "operator": "",
        "address": "",
        "state": "",
        "city": "",
        "phone": "",
        "fuel_types": "CNG",
        "amenity": "cng",
        "source": "openstreetmap.org"
      },
      "geometry": {
        "type": "Point",
        "coordinates": [
          73.1854535,
          33.5066622
        ]
      }
    },
    {
      "type": "Feature",
      "properties": {
        "name": "Indian Oil",
        "brand": "Indian Oil",
        "brand_code": "CNG",
        "operator": "",
        "address": "",
        "state": "",
        "city": "",
        "phone": "",
        "fuel_types": "CNG, Diesel, Petrol",
        "amenity": "cng",
        "source": "openstreetmap.org"
      },
      "geometry": {
        "type": "Point",
        "coordinates": [
          72.4576817,
          22.8671793
        ]
      }
    },
    {
      "type": "Feature",
      "properties": {
        "name": "Go Gas",
        "brand": "CNG",
        "brand_code": "CNG",
        "operator": "",
        "address": "",
        "state": "",
        "city": "",
        "phone": "",
        "fuel_types": "CNG",
        "amenity": "cng",
        "source": "openstreetmap.org"
      },
      "geometry": {
        "type": "Point",
        "coordinates": [
          77.5962148,
          13.0393786
        ]
      }
    },
    {
      "type": "Feature",
      "properties": {
        "name": "IndianOil",
        "brand": "CNG",
        "brand_code": "CNG",
        "operator": "",
        "address": "Old Bus Stand Road",
        "state": "",
        "city": "Rewa",
        "phone": "",
        "fuel_types": "CNG, Diesel",
        "amenity": "cng",
        "source": "openstreetmap.org"
      },
      "geometry": {
        "type": "Point",
        "coordinates": [
          81.2926181,
          24.5426022
        ]
      }
    },
    {
      "type": "Feature",
      "properties": {
        "name": "IGL",
        "brand": "IGL",
        "brand_code": "CNG",
        "operator": "IGL",
        "address": "",
        "state": "",
        "city": "",
        "phone": "",
        "fuel_types": "CNG",
        "amenity": "cng",
        "source": "openstreetmap.org"
      },
      "geometry": {
        "type": "Point",
        "coordinates": [
          77.3123994,
          28.6297886
        ]
      }
    },
    {
      "type": "Feature",
      "properties": {
        "name": "Pioneer Petrol Pump",
        "brand": "HP",
        "brand_code": "CNG",
        "operator": "",
        "address": "",
        "state": "",
        "city": "vadodara",
        "phone": "+91-0265-2577141",
        "fuel_types": "CNG, Diesel",
        "amenity": "cng",
        "source": "openstreetmap.org"
      },
      "geometry": {
        "type": "Point",
        "coordinates": [
          73.2627442,
          22.3282563
        ]
      }
    },
    {
      "type": "Feature",
      "properties": {
        "name": "Shaheed Shyodanaram Fuel Station",
        "brand": "Indian Oil",
        "brand_code": "CNG",
        "operator": "",
        "address": "",
        "state": "",
        "city": "",
        "phone": "",
        "fuel_types": "CNG, Diesel",
        "amenity": "cng",
        "source": "openstreetmap.org"
      },
      "geometry": {
        "type": "Point",
        "coordinates": [
          75.0912132,
          27.6809841
        ]
      }
    },
    {
      "type": "Feature",
      "properties": {
        "name": "মা সিএনজি ফিলিং স্টেশন",
        "brand": "CNG",
        "brand_code": "CNG",
        "operator": "",
        "address": "",
        "state": "",
        "city": "",
        "phone": "",
        "fuel_types": "CNG, Diesel, Petrol",
        "amenity": "cng",
        "source": "openstreetmap.org"
      },
      "geometry": {
        "type": "Point",
        "coordinates": [
          90.1910171,
          24.0897926
        ]
      }
    },
    {
      "type": "Feature",
      "properties": {
        "name": "CNG Station",
        "brand": "CNG",
        "brand_code": "CNG",
        "operator": "",
        "address": "",
        "state": "",
        "city": "",
        "phone": "",
        "fuel_types": "CNG",
        "amenity": "cng",
        "source": "openstreetmap.org"
      },
      "geometry": {
        "type": "Point",
        "coordinates": [
          79.1252784,
          21.1778647
        ]
      }
    },
    {
      "type": "Feature",
      "properties": {
        "name": "Bharat Petroleum",
        "brand": "CNG",
        "brand_code": "CNG",
        "operator": "",
        "address": "Lucknow Road",
        "state": "",
        "city": "Raebareli",
        "phone": "",
        "fuel_types": "CNG, Diesel",
        "amenity": "cng",
        "source": "openstreetmap.org"
      },
      "geometry": {
        "type": "Point",
        "coordinates": [
          81.2551823,
          26.2206708
        ]
      }
    },
    {
      "type": "Feature",
      "properties": {
        "name": "CNG Station",
        "brand": "CNG",
        "brand_code": "CNG",
        "operator": "",
        "address": "",
        "state": "",
        "city": "pune",
        "phone": "",
        "fuel_types": "CNG",
        "amenity": "cng",
        "source": "openstreetmap.org"
      },
      "geometry": {
        "type": "Point",
        "coordinates": [
          73.8492172,
          18.6374147
        ]
      }
    },
    {
      "type": "Feature",
      "properties": {
        "name": "Indian Oil Petrol Pump",
        "brand": "Indian Oil",
        "brand_code": "CNG",
        "operator": "",
        "address": "Vijay Nagar Main Road",
        "state": "",
        "city": "Indore",
        "phone": "07312573322",
        "fuel_types": "CNG, Diesel, Petrol",
        "amenity": "cng",
        "source": "openstreetmap.org"
      },
      "geometry": {
        "type": "Point",
        "coordinates": [
          75.8907554,
          22.7514901
        ]
      }
    },
    {
      "type": "Feature",
      "properties": {
        "name": "CNG Station",
        "brand": "Mahanagar Gas",
        "brand_code": "CNG",
        "operator": "",
        "address": "",
        "state": "",
        "city": "",
        "phone": "",
        "fuel_types": "CNG",
        "amenity": "cng",
        "source": "openstreetmap.org"
      },
      "geometry": {
        "type": "Point",
        "coordinates": [
          72.8308549,
          18.9852542
        ]
      }
    },
    {
      "type": "Feature",
      "properties": {
        "name": "HP Petrol Station",
        "brand": "Hindustan Petroleum",
        "brand_code": "CNG",
        "operator": "HP",
        "address": "",
        "state": "",
        "city": "",
        "phone": "",
        "fuel_types": "CNG, Diesel, Petrol",
        "amenity": "cng",
        "source": "openstreetmap.org"
      },
      "geometry": {
        "type": "Point",
        "coordinates": [
          72.8321408,
          18.9608535
        ]
      }
    },
    {
      "type": "Feature",
      "properties": {
        "name": "Lotus Petrol Pump",
        "brand": "CNG",
        "brand_code": "CNG",
        "operator": "",
        "address": "",
        "state": "",
        "city": "",
        "phone": "",
        "fuel_types": "CNG, Diesel",
        "amenity": "cng",
        "source": "openstreetmap.org"
      },
      "geometry": {
        "type": "Point",
        "coordinates": [
          72.8317705,
          19.1426795
        ]
      }
    },
    {
      "type": "Feature",
      "properties": {
        "name": "CNG Station",
        "brand": "CNG",
        "brand_code": "CNG",
        "operator": "",
        "address": "",
        "state": "",
        "city": "",
        "phone": "",
        "fuel_types": "CNG, Diesel",
        "amenity": "cng",
        "source": "openstreetmap.org"
      },
      "geometry": {
        "type": "Point",
        "coordinates": [
          72.8311876,
          19.1427478
        ]
      }
    },
    {
      "type": "Feature",
      "properties": {
        "name": "CNG Station",
        "brand": "BPCL",
        "brand_code": "CNG",
        "operator": "",
        "address": "",
        "state": "",
        "city": "",
        "phone": "",
        "fuel_types": "CNG, Diesel, Petrol",
        "amenity": "cng",
        "source": "openstreetmap.org"
      },
      "geometry": {
        "type": "Point",
        "coordinates": [
          73.8281901,
          18.5983896
        ]
      }
    },
    {
      "type": "Feature",
      "properties": {
        "name": "CNG Station",
        "brand": "Bharat Petroleum;Mahanagar Gas",
        "brand_code": "CNG",
        "operator": "",
        "address": "",
        "state": "",
        "city": "",
        "phone": "",
        "fuel_types": "CNG, Diesel, Petrol",
        "amenity": "cng",
        "source": "openstreetmap.org"
      },
      "geometry": {
        "type": "Point",
        "coordinates": [
          73.0012153,
          19.0830699
        ]
      }
    },
    {
      "type": "Feature",
      "properties": {
        "name": "CNG Station",
        "brand": "Mahanagar Gas",
        "brand_code": "CNG",
        "operator": "",
        "address": "",
        "state": "",
        "city": "",
        "phone": "",
        "fuel_types": "CNG",
        "amenity": "cng",
        "source": "openstreetmap.org"
      },
      "geometry": {
        "type": "Point",
        "coordinates": [
          73.0358115,
          19.0119809
        ]
      }
    },
    {
      "type": "Feature",
      "properties": {
        "name": "TK CNG",
        "brand": "CNG",
        "brand_code": "CNG",
        "operator": "",
        "address": "",
        "state": "",
        "city": "",
        "phone": "",
        "fuel_types": "CNG",
        "amenity": "cng",
        "source": "openstreetmap.org"
      },
      "geometry": {
        "type": "Point",
        "coordinates": [
          73.0957917,
          33.5573283
        ]
      }
    },
    {
      "type": "Feature",
      "properties": {
        "name": "Chikhali CNG Pump",
        "brand": "MNGL",
        "brand_code": "CNG",
        "operator": "MNGL",
        "address": "",
        "state": "",
        "city": "",
        "phone": "",
        "fuel_types": "CNG",
        "amenity": "cng",
        "source": "openstreetmap.org"
      },
      "geometry": {
        "type": "Point",
        "coordinates": [
          73.8266834,
          18.6642449
        ]
      }
    },
    {
      "type": "Feature",
      "properties": {
        "name": "MNGL CNG Pump",
        "brand": "MNGL",
        "brand_code": "CNG",
        "operator": "MNGL",
        "address": "",
        "state": "",
        "city": "",
        "phone": "",
        "fuel_types": "CNG",
        "amenity": "cng",
        "source": "openstreetmap.org"
      },
      "geometry": {
        "type": "Point",
        "coordinates": [
          73.8476506,
          18.5341826
        ]
      }
    },
    {
      "type": "Feature",
      "properties": {
        "name": "CNG Station",
        "brand": "CNG",
        "brand_code": "CNG",
        "operator": "pso",
        "address": "",
        "state": "",
        "city": "",
        "phone": "",
        "fuel_types": "CNG",
        "amenity": "cng",
        "source": "openstreetmap.org"
      },
      "geometry": {
        "type": "Point",
        "coordinates": [
          73.0307996,
          33.6434373
        ]
      }
    },
    {
      "type": "Feature",
      "properties": {
        "name": "Bharat Petroleum",
        "brand": "Bharat Petroleum",
        "brand_code": "CNG",
        "operator": "Bharat Petroleum",
        "address": "",
        "state": "",
        "city": "",
        "phone": "",
        "fuel_types": "CNG, Diesel, Petrol",
        "amenity": "cng",
        "source": "openstreetmap.org"
      },
      "geometry": {
        "type": "Point",
        "coordinates": [
          73.7383346,
          18.6393873
        ]
      }
    },
    {
      "type": "Feature",
      "properties": {
        "name": "HP",
        "brand": "Hindustan Petroleum",
        "brand_code": "CNG",
        "operator": "",
        "address": "",
        "state": "",
        "city": "",
        "phone": "",
        "fuel_types": "CNG, Diesel, Petrol",
        "amenity": "cng",
        "source": "openstreetmap.org"
      },
      "geometry": {
        "type": "Point",
        "coordinates": [
          73.7543476,
          18.6011964
        ]
      }
    },
    {
      "type": "Feature",
      "properties": {
        "name": "HP",
        "brand": "Hindustan Petroleum",
        "brand_code": "CNG",
        "operator": "",
        "address": "",
        "state": "",
        "city": "",
        "phone": "",
        "fuel_types": "CNG, Diesel, Petrol",
        "amenity": "cng",
        "source": "openstreetmap.org"
      },
      "geometry": {
        "type": "Point",
        "coordinates": [
          73.7423934,
          18.6282638
        ]
      }
    },
    {
      "type": "Feature",
      "properties": {
        "name": "CNG Station",
        "brand": "Attock Petrolium",
        "brand_code": "CNG",
        "operator": "",
        "address": "Karakoram Highway",
        "state": "",
        "city": "Abbottabad",
        "phone": "",
        "fuel_types": "CNG, Diesel",
        "amenity": "cng",
        "source": "openstreetmap.org"
      },
      "geometry": {
        "type": "Point",
        "coordinates": [
          73.2169705,
          34.1516152
        ]
      }
    },
    {
      "type": "Feature",
      "properties": {
        "name": "CNG Station",
        "brand": "BPCL;MGL",
        "brand_code": "CNG",
        "operator": "",
        "address": "",
        "state": "",
        "city": "",
        "phone": "",
        "fuel_types": "CNG, Diesel, Petrol",
        "amenity": "cng",
        "source": "openstreetmap.org"
      },
      "geometry": {
        "type": "Point",
        "coordinates": [
          73.0066884,
          19.1180376
        ]
      }
    },
    {
      "type": "Feature",
      "properties": {
        "name": "CNG Station",
        "brand": "Indraprastha Gas Limited",
        "brand_code": "CNG",
        "operator": "Indraprasath",
        "address": "Sector - 12",
        "state": "",
        "city": "Rohini, Delhi",
        "phone": "",
        "fuel_types": "CNG",
        "amenity": "cng",
        "source": "openstreetmap.org"
      },
      "geometry": {
        "type": "Point",
        "coordinates": [
          77.1177382,
          28.7304458
        ]
      }
    },
    {
      "type": "Feature",
      "properties": {
        "name": "Asad & Khan CNG",
        "brand": "CNG",
        "brand_code": "CNG",
        "operator": "",
        "address": "Karakoram Highway",
        "state": "",
        "city": "Abbottabad",
        "phone": "",
        "fuel_types": "CNG",
        "amenity": "cng",
        "source": "openstreetmap.org"
      },
      "geometry": {
        "type": "Point",
        "coordinates": [
          73.2161041,
          34.1472988
        ]
      }
    },
    {
      "type": "Feature",
      "properties": {
        "name": "Auto Fuels",
        "brand": "CNG",
        "brand_code": "CNG",
        "operator": "",
        "address": "Murree Road",
        "state": "",
        "city": "Abbottabad",
        "phone": "",
        "fuel_types": "CNG",
        "amenity": "cng",
        "source": "openstreetmap.org"
      },
      "geometry": {
        "type": "Point",
        "coordinates": [
          73.2223881,
          34.1557509
        ]
      }
    },
    {
      "type": "Feature",
      "properties": {
        "name": "Sarban CNG",
        "brand": "CNG",
        "brand_code": "CNG",
        "operator": "",
        "address": "Karakoram Highway",
        "state": "",
        "city": "Abbottabad",
        "phone": "",
        "fuel_types": "CNG",
        "amenity": "cng",
        "source": "openstreetmap.org"
      },
      "geometry": {
        "type": "Point",
        "coordinates": [
          73.2146226,
          34.1434957
        ]
      }
    },
    {
      "type": "Feature",
      "properties": {
        "name": "Gas Masters",
        "brand": "CNG",
        "brand_code": "CNG",
        "operator": "",
        "address": "Karakoram Highway",
        "state": "",
        "city": "Abbottabad",
        "phone": "",
        "fuel_types": "CNG",
        "amenity": "cng",
        "source": "openstreetmap.org"
      },
      "geometry": {
        "type": "Point",
        "coordinates": [
          73.2270703,
          34.174839
        ]
      }
    },
    {
      "type": "Feature",
      "properties": {
        "name": "Yasrib CNG",
        "brand": "CNG",
        "brand_code": "CNG",
        "operator": "",
        "address": "Karakoram Highway",
        "state": "",
        "city": "Abbottabad",
        "phone": "",
        "fuel_types": "CNG",
        "amenity": "cng",
        "source": "openstreetmap.org"
      },
      "geometry": {
        "type": "Point",
        "coordinates": [
          73.2272588,
          34.1754881
        ]
      }
    },
    {
      "type": "Feature",
      "properties": {
        "name": "Sakhra CNG",
        "brand": "CNG",
        "brand_code": "CNG",
        "operator": "",
        "address": "Karakoram Highway",
        "state": "",
        "city": "Abbottabad",
        "phone": "",
        "fuel_types": "CNG",
        "amenity": "cng",
        "source": "openstreetmap.org"
      },
      "geometry": {
        "type": "Point",
        "coordinates": [
          73.2334013,
          34.1883214
        ]
      }
    },
    {
      "type": "Feature",
      "properties": {
        "name": "Mid City CNG",
        "brand": "CNG",
        "brand_code": "CNG",
        "operator": "",
        "address": "Karakoram Highway",
        "state": "",
        "city": "Abbottabad",
        "phone": "",
        "fuel_types": "CNG",
        "amenity": "cng",
        "source": "openstreetmap.org"
      },
      "geometry": {
        "type": "Point",
        "coordinates": [
          73.2369849,
          34.1968101
        ]
      }
    },
    {
      "type": "Feature",
      "properties": {
        "name": "Awami CNG",
        "brand": "CNG",
        "brand_code": "CNG",
        "operator": "",
        "address": "Karakoram Highway",
        "state": "",
        "city": "Abbottabad",
        "phone": "",
        "fuel_types": "CNG",
        "amenity": "cng",
        "source": "openstreetmap.org"
      },
      "geometry": {
        "type": "Point",
        "coordinates": [
          73.2313802,
          34.18509
        ]
      }
    },
    {
      "type": "Feature",
      "properties": {
        "name": "HP",
        "brand": "Hindustan Petroleum",
        "brand_code": "CNG",
        "operator": "",
        "address": "",
        "state": "",
        "city": "",
        "phone": "",
        "fuel_types": "CNG",
        "amenity": "cng",
        "source": "openstreetmap.org"
      },
      "geometry": {
        "type": "Point",
        "coordinates": [
          77.230004,
          28.6021226
        ]
      }
    },
    {
      "type": "Feature",
      "properties": {
        "name": "Indian Oil",
        "brand": "Indian Oil",
        "brand_code": "CNG",
        "operator": "",
        "address": "",
        "state": "",
        "city": "",
        "phone": "",
        "fuel_types": "CNG",
        "amenity": "cng",
        "source": "openstreetmap.org"
      },
      "geometry": {
        "type": "Point",
        "coordinates": [
          77.1634031,
          28.5707726
        ]
      }
    },
    {
      "type": "Feature",
      "properties": {
        "name": "M/s. Shivan Auto Centre",
        "brand": "Indian Oil",
        "brand_code": "CNG",
        "operator": "",
        "address": "",
        "state": "",
        "city": "",
        "phone": "",
        "fuel_types": "CNG",
        "amenity": "cng",
        "source": "openstreetmap.org"
      },
      "geometry": {
        "type": "Point",
        "coordinates": [
          77.3016024,
          28.6214529
        ]
      }
    },
    {
      "type": "Feature",
      "properties": {
        "name": "Indian Oil",
        "brand": "Indian Oil",
        "brand_code": "CNG",
        "operator": "",
        "address": "",
        "state": "",
        "city": "",
        "phone": "",
        "fuel_types": "CNG",
        "amenity": "cng",
        "source": "openstreetmap.org"
      },
      "geometry": {
        "type": "Point",
        "coordinates": [
          77.2539281,
          28.5676403
        ]
      }
    },
    {
      "type": "Feature",
      "properties": {
        "name": "Indian Oil",
        "brand": "Indian Oil",
        "brand_code": "CNG",
        "operator": "Indian Oil",
        "address": "",
        "state": "",
        "city": "",
        "phone": "",
        "fuel_types": "CNG, Diesel, Petrol",
        "amenity": "cng",
        "source": "openstreetmap.org"
      },
      "geometry": {
        "type": "Point",
        "coordinates": [
          72.919607,
          19.1023739
        ]
      }
    },
    {
      "type": "Feature",
      "properties": {
        "name": "Indian Oil Petrol Pump",
        "brand": "Indian Oil Petrol Pump",
        "brand_code": "CNG",
        "operator": "",
        "address": "Nagar Road",
        "state": "",
        "city": "Wagholi",
        "phone": "",
        "fuel_types": "CNG, Diesel",
        "amenity": "cng",
        "source": "openstreetmap.org"
      },
      "geometry": {
        "type": "Point",
        "coordinates": [
          73.9752297,
          18.5803511
        ]
      }
    },
    {
      "type": "Feature",
      "properties": {
        "name": "Rathi Cng gas Station",
        "brand": "CNG",
        "brand_code": "CNG",
        "operator": "",
        "address": "katraj",
        "state": "",
        "city": "Pune",
        "phone": "",
        "fuel_types": "CNG",
        "amenity": "cng",
        "source": "openstreetmap.org"
      },
      "geometry": {
        "type": "Point",
        "coordinates": [
          73.8534875,
          18.4539889
        ]
      }
    },
    {
      "type": "Feature",
      "properties": {
        "name": "Dharmavat Petrol Pump",
        "brand": "Bharat Petroeum",
        "brand_code": "CNG",
        "operator": "",
        "address": "",
        "state": "",
        "city": "",
        "phone": "",
        "fuel_types": "CNG, Diesel",
        "amenity": "cng",
        "source": "openstreetmap.org"
      },
      "geometry": {
        "type": "Point",
        "coordinates": [
          73.904331,
          18.448715
        ]
      }
    },
    {
      "type": "Feature",
      "properties": {
        "name": "Skamco CNG Station",
        "brand": "CNG",
        "brand_code": "CNG",
        "operator": "",
        "address": "",
        "state": "",
        "city": "",
        "phone": "",
        "fuel_types": "CNG",
        "amenity": "cng",
        "source": "openstreetmap.org"
      },
      "geometry": {
        "type": "Point",
        "coordinates": [
          90.3673079,
          23.8126157
        ]
      }
    },
    {
      "type": "Feature",
      "properties": {
        "name": "Mahanagar CNG station",
        "brand": "CNG",
        "brand_code": "CNG",
        "operator": "",
        "address": "",
        "state": "",
        "city": "",
        "phone": "",
        "fuel_types": "CNG",
        "amenity": "cng",
        "source": "openstreetmap.org"
      },
      "geometry": {
        "type": "Point",
        "coordinates": [
          73.0286864,
          19.0345937
        ]
      }
    },
    {
      "type": "Feature",
      "properties": {
        "name": "CNG Station",
        "brand": "CNG",
        "brand_code": "CNG",
        "operator": "",
        "address": "",
        "state": "",
        "city": "",
        "phone": "",
        "fuel_types": "CNG, Diesel",
        "amenity": "cng",
        "source": "openstreetmap.org"
      },
      "geometry": {
        "type": "Point",
        "coordinates": [
          90.420914,
          23.7183982
        ]
      }
    },
    {
      "type": "Feature",
      "properties": {
        "name": "Shakina CNG",
        "brand": "CNG",
        "brand_code": "CNG",
        "operator": "",
        "address": "Dhaka - Moulvibazar Highway",
        "state": "",
        "city": "",
        "phone": "",
        "fuel_types": "CNG, Diesel, Petrol",
        "amenity": "cng",
        "source": "openstreetmap.org"
      },
      "geometry": {
        "type": "Point",
        "coordinates": [
          91.6932196,
          24.3020376
        ]
      }
    },
    {
      "type": "Feature",
      "properties": {
        "name": "BAFS CNG Station",
        "brand": "CNG",
        "brand_code": "CNG",
        "operator": "",
        "address": "",
        "state": "",
        "city": "",
        "phone": "",
        "fuel_types": "CNG",
        "amenity": "cng",
        "source": "openstreetmap.org"
      },
      "geometry": {
        "type": "Point",
        "coordinates": [
          90.3929927,
          23.9191506
        ]
      }
    },
    {
      "type": "Feature",
      "properties": {
        "name": "Susol CNG Systems Limited",
        "brand": "CNG",
        "brand_code": "CNG",
        "operator": "",
        "address": "",
        "state": "",
        "city": "",
        "phone": "",
        "fuel_types": "CNG",
        "amenity": "cng",
        "source": "openstreetmap.org"
      },
      "geometry": {
        "type": "Point",
        "coordinates": [
          90.3910395,
          23.9258153
        ]
      }
    },
    {
      "type": "Feature",
      "properties": {
        "name": "Zaroma CNG & Filling Station",
        "brand": "CNG",
        "brand_code": "CNG",
        "operator": "",
        "address": "",
        "state": "",
        "city": "",
        "phone": "",
        "fuel_types": "CNG",
        "amenity": "cng",
        "source": "openstreetmap.org"
      },
      "geometry": {
        "type": "Point",
        "coordinates": [
          90.3892273,
          23.9283341
        ]
      }
    },
    {
      "type": "Feature",
      "properties": {
        "name": "Indraprastha CNG",
        "brand": "IGL",
        "brand_code": "CNG",
        "operator": "Indraprastha Gas Limited",
        "address": "Sector 9",
        "state": "",
        "city": "Ghaziabad",
        "phone": "",
        "fuel_types": "CNG",
        "amenity": "cng",
        "source": "openstreetmap.org"
      },
      "geometry": {
        "type": "Point",
        "coordinates": [
          77.3494564,
          28.6555917
        ]
      }
    },
    {
      "type": "Feature",
      "properties": {
        "name": "CNG",
        "brand": "CNG",
        "brand_code": "CNG",
        "operator": "",
        "address": "သံသုမာ လမ်း",
        "state": "",
        "city": "တောင်ဥက္ကလာပ",
        "phone": "",
        "fuel_types": "CNG",
        "amenity": "cng",
        "source": "openstreetmap.org"
      },
      "geometry": {
        "type": "Point",
        "coordinates": [
          96.1980563,
          16.8470943
        ]
      }
    },
    {
      "type": "Feature",
      "properties": {
        "name": "MNGL CNG",
        "brand": "MNGL",
        "brand_code": "CNG",
        "operator": "",
        "address": "",
        "state": "",
        "city": "",
        "phone": "",
        "fuel_types": "CNG",
        "amenity": "cng",
        "source": "openstreetmap.org"
      },
      "geometry": {
        "type": "Point",
        "coordinates": [
          73.8330232,
          18.5850253
        ]
      }
    },
    {
      "type": "Feature",
      "properties": {
        "name": "MNGL",
        "brand": "MNGL",
        "brand_code": "CNG",
        "operator": "",
        "address": "",
        "state": "",
        "city": "",
        "phone": "",
        "fuel_types": "CNG",
        "amenity": "cng",
        "source": "openstreetmap.org"
      },
      "geometry": {
        "type": "Point",
        "coordinates": [
          73.7894759,
          18.6633075
        ]
      }
    },
    {
      "type": "Feature",
      "properties": {
        "name": "Indian Oil Petrol Pump",
        "brand": "Indian Oil",
        "brand_code": "CNG",
        "operator": "Thankam Fuels",
        "address": "",
        "state": "",
        "city": "",
        "phone": "",
        "fuel_types": "CNG, Diesel, Petrol",
        "amenity": "cng",
        "source": "openstreetmap.org"
      },
      "geometry": {
        "type": "Point",
        "coordinates": [
          76.3391681,
          9.6694424
        ]
      }
    },
    {
      "type": "Feature",
      "properties": {
        "name": "IGL",
        "brand": "IGL",
        "brand_code": "CNG",
        "operator": "",
        "address": "",
        "state": "",
        "city": "",
        "phone": "",
        "fuel_types": "CNG",
        "amenity": "cng",
        "source": "openstreetmap.org"
      },
      "geometry": {
        "type": "Point",
        "coordinates": [
          77.1513009,
          28.7456139
        ]
      }
    },
    {
      "type": "Feature",
      "properties": {
        "name": "Petronas",
        "brand": "Petronas",
        "brand_code": "CNG",
        "operator": "",
        "address": "",
        "state": "",
        "city": "",
        "phone": "",
        "fuel_types": "CNG",
        "amenity": "cng",
        "source": "openstreetmap.org"
      },
      "geometry": {
        "type": "Point",
        "coordinates": [
          77.6407659,
          12.9238895
        ]
      }
    },
    {
      "type": "Feature",
      "properties": {
        "name": "Indian Oil",
        "brand": "Indian Oil",
        "brand_code": "CNG",
        "operator": "",
        "address": "",
        "state": "",
        "city": "",
        "phone": "",
        "fuel_types": "CNG",
        "amenity": "cng",
        "source": "openstreetmap.org"
      },
      "geometry": {
        "type": "Point",
        "coordinates": [
          77.6189892,
          12.9452499
        ]
      }
    },
    {
      "type": "Feature",
      "properties": {
        "name": "CNG Station",
        "brand": "JIO BP",
        "brand_code": "CNG",
        "operator": "",
        "address": "",
        "state": "",
        "city": "",
        "phone": "",
        "fuel_types": "CNG",
        "amenity": "cng",
        "source": "openstreetmap.org"
      },
      "geometry": {
        "type": "Point",
        "coordinates": [
          77.6291504,
          13.1653675
        ]
      }
    },
    {
      "type": "Feature",
      "properties": {
        "name": "LMD CNG",
        "brand": "MNGL",
        "brand_code": "CNG",
        "operator": "LMD CNG",
        "address": "",
        "state": "",
        "city": "",
        "phone": "",
        "fuel_types": "CNG",
        "amenity": "cng",
        "source": "openstreetmap.org"
      },
      "geometry": {
        "type": "Point",
        "coordinates": [
          73.7709497,
          18.5112663
        ]
      }
    },
    {
      "type": "Feature",
      "properties": {
        "name": "India Gas Limited CNG Station",
        "brand": "India Gas Limited",
        "brand_code": "CNG",
        "operator": "India Gas Limited",
        "address": "Loni Road",
        "state": "",
        "city": "shahdara",
        "phone": "",
        "fuel_types": "CNG",
        "amenity": "cng",
        "source": "openstreetmap.org"
      },
      "geometry": {
        "type": "Point",
        "coordinates": [
          77.291455,
          28.6965492
        ]
      }
    },
    {
      "type": "Feature",
      "properties": {
        "name": "Indian Oil",
        "brand": "Indian Oil",
        "brand_code": "CNG",
        "operator": "PL.A",
        "address": "",
        "state": "",
        "city": "",
        "phone": "",
        "fuel_types": "CNG, Diesel, Petrol",
        "amenity": "cng",
        "source": "openstreetmap.org"
      },
      "geometry": {
        "type": "Point",
        "coordinates": [
          78.6814859,
          10.8082692
        ]
      }
    },
    {
      "type": "Feature",
      "properties": {
        "name": "IGL",
        "brand": "IGL",
        "brand_code": "CNG",
        "operator": "",
        "address": "",
        "state": "",
        "city": "",
        "phone": "",
        "fuel_types": "CNG",
        "amenity": "cng",
        "source": "openstreetmap.org"
      },
      "geometry": {
        "type": "Point",
        "coordinates": [
          77.2322484,
          28.5309301
        ]
      }
    },
    {
      "type": "Feature",
      "properties": {
        "name": "Bharat Petroleum",
        "brand": "Bharat Petroleum",
        "brand_code": "CNG",
        "operator": "",
        "address": "",
        "state": "",
        "city": "",
        "phone": "",
        "fuel_types": "CNG, Diesel, Petrol",
        "amenity": "cng",
        "source": "openstreetmap.org"
      },
      "geometry": {
        "type": "Point",
        "coordinates": [
          76.2714438,
          9.9903475
        ]
      }
    },
    {
      "type": "Feature",
      "properties": {
        "name": "Indian Oil",
        "brand": "Indian Oil",
        "brand_code": "CNG",
        "operator": "",
        "address": "",
        "state": "",
        "city": "",
        "phone": "",
        "fuel_types": "CNG, Diesel, Petrol",
        "amenity": "cng",
        "source": "openstreetmap.org"
      },
      "geometry": {
        "type": "Point",
        "coordinates": [
          78.0999664,
          9.9271714
        ]
      }
    },
    {
      "type": "Feature",
      "properties": {
        "name": "Indian Oil",
        "brand": "Indian Oil",
        "brand_code": "CNG",
        "operator": "",
        "address": "",
        "state": "",
        "city": "",
        "phone": "",
        "fuel_types": "CNG, Diesel, Petrol",
        "amenity": "cng",
        "source": "openstreetmap.org"
      },
      "geometry": {
        "type": "Point",
        "coordinates": [
          76.2480405,
          9.9855326
        ]
      }
    },
    {
      "type": "Feature",
      "properties": {
        "name": "AL-MACCA CNG & PETROLEUM CENTER",
        "brand": "Admore",
        "brand_code": "CNG",
        "operator": "Admore",
        "address": "Bahadarpur Road (Shehbaz Pur Road)",
        "state": "",
        "city": "Rahim Yar Khan",
        "phone": "",
        "fuel_types": "CNG, Diesel",
        "amenity": "cng",
        "source": "openstreetmap.org"
      },
      "geometry": {
        "type": "Point",
        "coordinates": [
          70.2939909,
          28.4226992
        ]
      }
    },
    {
      "type": "Feature",
      "properties": {
        "name": "CNG Station",
        "brand": "Hindustan Petroleum",
        "brand_code": "CNG",
        "operator": "",
        "address": "",
        "state": "",
        "city": "",
        "phone": "",
        "fuel_types": "CNG",
        "amenity": "cng",
        "source": "openstreetmap.org"
      },
      "geometry": {
        "type": "Point",
        "coordinates": [
          77.1244039,
          28.8557812
        ]
      }
    },
    {
      "type": "Feature",
      "properties": {
        "name": "CNG Station",
        "brand": "Hindustan Petroleum",
        "brand_code": "CNG",
        "operator": "",
        "address": "",
        "state": "",
        "city": "",
        "phone": "",
        "fuel_types": "CNG",
        "amenity": "cng",
        "source": "openstreetmap.org"
      },
      "geometry": {
        "type": "Point",
        "coordinates": [
          77.1245707,
          28.8546443
        ]
      }
    },
    {
      "type": "Feature",
      "properties": {
        "name": "CNG Station",
        "brand": "Hindustan Petroleum",
        "brand_code": "CNG",
        "operator": "",
        "address": "",
        "state": "",
        "city": "",
        "phone": "",
        "fuel_types": "CNG",
        "amenity": "cng",
        "source": "openstreetmap.org"
      },
      "geometry": {
        "type": "Point",
        "coordinates": [
          77.1247761,
          28.8536847
        ]
      }
    },
    {
      "type": "Feature",
      "properties": {
        "name": "Indian Oil",
        "brand": "Indian Oil",
        "brand_code": "CNG",
        "operator": "",
        "address": "",
        "state": "",
        "city": "",
        "phone": "",
        "fuel_types": "CNG, Diesel, Petrol",
        "amenity": "cng",
        "source": "openstreetmap.org"
      },
      "geometry": {
        "type": "Point",
        "coordinates": [
          76.3307396,
          10.0698994
        ]
      }
    },
    {
      "type": "Feature",
      "properties": {
        "name": "Hindusthan Petroleum",
        "brand": "Hindustan Petroleum",
        "brand_code": "CNG",
        "operator": "",
        "address": "Adimali - Kumily Highway",
        "state": "",
        "city": "vellayamkudi",
        "phone": "",
        "fuel_types": "CNG, Diesel",
        "amenity": "cng",
        "source": "openstreetmap.org"
      },
      "geometry": {
        "type": "Point",
        "coordinates": [
          77.1093311,
          9.7632052
        ]
      }
    },
    {
      "type": "Feature",
      "properties": {
        "name": "GBU- CHARGING STATION",
        "brand": "AB FAST CHARGING",
        "brand_code": "CNG",
        "operator": "AB",
        "address": "GBU",
        "state": "",
        "city": "GREATER NOIDA",
        "phone": "",
        "fuel_types": "CNG",
        "amenity": "cng",
        "source": "openstreetmap.org"
      },
      "geometry": {
        "type": "Point",
        "coordinates": [
          77.5209994,
          28.4245864
        ]
      }
    },
    {
      "type": "Feature",
      "properties": {
        "name": "BISRAKH FCS",
        "brand": "AB FAST CHARGING",
        "brand_code": "CNG",
        "operator": "AB",
        "address": "",
        "state": "",
        "city": "GREATER NOIDA",
        "phone": "",
        "fuel_types": "CNG",
        "amenity": "cng",
        "source": "openstreetmap.org"
      },
      "geometry": {
        "type": "Point",
        "coordinates": [
          77.444915,
          28.5745777
        ]
      }
    },
    {
      "type": "Feature",
      "properties": {
        "name": "botanical charging station",
        "brand": "AB FAST CHARGING",
        "brand_code": "CNG",
        "operator": "",
        "address": "",
        "state": "",
        "city": "noida",
        "phone": "",
        "fuel_types": "CNG",
        "amenity": "cng",
        "source": "openstreetmap.org"
      },
      "geometry": {
        "type": "Point",
        "coordinates": [
          77.3343845,
          28.5652022
        ]
      }
    },
    {
      "type": "Feature",
      "properties": {
        "name": "Adani CNG Station",
        "brand": "Adani",
        "brand_code": "CNG",
        "operator": "Adani",
        "address": "",
        "state": "",
        "city": "",
        "phone": "",
        "fuel_types": "CNG",
        "amenity": "cng",
        "source": "openstreetmap.org"
      },
      "geometry": {
        "type": "Point",
        "coordinates": [
          72.603628,
          22.9991585
        ]
      }
    },
    {
      "type": "Feature",
      "properties": {
        "name": "Kargill Shaheed Riyasat Filling Station",
        "brand": "Indian Oil",
        "brand_code": "CNG",
        "operator": "",
        "address": "",
        "state": "",
        "city": "",
        "phone": "",
        "fuel_types": "CNG, Diesel",
        "amenity": "cng",
        "source": "openstreetmap.org"
      },
      "geometry": {
        "type": "Point",
        "coordinates": [
          77.0043949,
          29.2645919
        ]
      }
    },
    {
      "type": "Feature",
      "properties": {
        "name": "Indian Oil",
        "brand": "Indian Oil",
        "brand_code": "CNG",
        "operator": "",
        "address": "",
        "state": "",
        "city": "",
        "phone": "",
        "fuel_types": "CNG, Diesel, Petrol",
        "amenity": "cng",
        "source": "openstreetmap.org"
      },
      "geometry": {
        "type": "Point",
        "coordinates": [
          75.8208374,
          26.8726743
        ]
      }
    },
    {
      "type": "Feature",
      "properties": {
        "name": "Shaheed Ganpat Singh Dhaka Filling Station",
        "brand": "Indian Oil",
        "brand_code": "CNG",
        "operator": "",
        "address": "",
        "state": "",
        "city": "Sikar",
        "phone": "",
        "fuel_types": "CNG, Diesel",
        "amenity": "cng",
        "source": "openstreetmap.org"
      },
      "geometry": {
        "type": "Point",
        "coordinates": [
          75.1991654,
          27.5795234
        ]
      }
    },
    {
      "type": "Feature",
      "properties": {
        "name": "HPCL Petrol Pump",
        "brand": "HP",
        "brand_code": "CNG",
        "operator": "",
        "address": "TP 4, FP 42, City Light Rd, City Light Town,",
        "state": "",
        "city": "Surat",
        "phone": "",
        "fuel_types": "CNG, Diesel, Petrol",
        "amenity": "cng",
        "source": "openstreetmap.org"
      },
      "geometry": {
        "type": "Point",
        "coordinates": [
          72.7947791,
          21.1690962
        ]
      }
    },
    {
      "type": "Feature",
      "properties": {
        "name": "CNG Station",
        "brand": "CNG",
        "brand_code": "CNG",
        "operator": "",
        "address": "",
        "state": "",
        "city": "",
        "phone": "",
        "fuel_types": "CNG",
        "amenity": "cng",
        "source": "openstreetmap.org"
      },
      "geometry": {
        "type": "Point",
        "coordinates": [
          72.9164756,
          19.0445429
        ]
      }
    },
    {
      "type": "Feature",
      "properties": {
        "name": "Byco Petrol Pump And Tahir CNG Filling Station",
        "brand": "Byco Petrolrum",
        "brand_code": "CNG",
        "operator": "",
        "address": "",
        "state": "",
        "city": "",
        "phone": "",
        "fuel_types": "CNG, Diesel, Petrol",
        "amenity": "cng",
        "source": "openstreetmap.org"
      },
      "geometry": {
        "type": "Point",
        "coordinates": [
          72.3754163,
          33.8168849
        ]
      }
    },
    {
      "type": "Feature",
      "properties": {
        "name": "Indian Oil",
        "brand": "Indian Oil",
        "brand_code": "CNG",
        "operator": "",
        "address": "",
        "state": "",
        "city": "",
        "phone": "",
        "fuel_types": "CNG",
        "amenity": "cng",
        "source": "openstreetmap.org"
      },
      "geometry": {
        "type": "Point",
        "coordinates": [
          77.3511532,
          28.6328586
        ]
      }
    },
    {
      "type": "Feature",
      "properties": {
        "name": "HP",
        "brand": "Hindustan Petroleum",
        "brand_code": "CNG",
        "operator": "",
        "address": "",
        "state": "",
        "city": "",
        "phone": "",
        "fuel_types": "CNG",
        "amenity": "cng",
        "source": "openstreetmap.org"
      },
      "geometry": {
        "type": "Point",
        "coordinates": [
          77.240414,
          28.5857811
        ]
      }
    },
    {
      "type": "Feature",
      "properties": {
        "name": "Indian Oil",
        "brand": "Indian Oil",
        "brand_code": "CNG",
        "operator": "Indian Oil Corporation",
        "address": "",
        "state": "",
        "city": "",
        "phone": "",
        "fuel_types": "CNG, Diesel",
        "amenity": "cng",
        "source": "openstreetmap.org"
      },
      "geometry": {
        "type": "Point",
        "coordinates": [
          77.3053031,
          28.6248833
        ]
      }
    },
    {
      "type": "Feature",
      "properties": {
        "name": "CNG Station",
        "brand": "Indraprastha Gas Limited",
        "brand_code": "CNG",
        "operator": "",
        "address": "",
        "state": "",
        "city": "",
        "phone": "",
        "fuel_types": "CNG",
        "amenity": "cng",
        "source": "openstreetmap.org"
      },
      "geometry": {
        "type": "Point",
        "coordinates": [
          77.3145833,
          28.6258088
        ]
      }
    },
    {
      "type": "Feature",
      "properties": {
        "name": "Jamua Auto Centre CNG Refuelling Station",
        "brand": "CNG",
        "brand_code": "CNG",
        "operator": "",
        "address": "",
        "state": "",
        "city": "",
        "phone": "",
        "fuel_types": "CNG",
        "amenity": "cng",
        "source": "openstreetmap.org"
      },
      "geometry": {
        "type": "Point",
        "coordinates": [
          90.402618,
          23.7500576
        ]
      }
    },
    {
      "type": "Feature",
      "properties": {
        "name": "CNG Station",
        "brand": "Indraprastha Gas Limited",
        "brand_code": "CNG",
        "operator": "",
        "address": "",
        "state": "",
        "city": "",
        "phone": "",
        "fuel_types": "CNG",
        "amenity": "cng",
        "source": "openstreetmap.org"
      },
      "geometry": {
        "type": "Point",
        "coordinates": [
          77.2831968,
          28.6730604
        ]
      }
    },
    {
      "type": "Feature",
      "properties": {
        "name": "ZOOM LPG Autogas & Fuel Filling Station",
        "brand": "CNG",
        "brand_code": "CNG",
        "operator": "",
        "address": "",
        "state": "",
        "city": "Comilla",
        "phone": "",
        "fuel_types": "CNG, Diesel, Petrol",
        "amenity": "cng",
        "source": "openstreetmap.org"
      },
      "geometry": {
        "type": "Point",
        "coordinates": [
          91.0665838,
          23.1710097
        ]
      }
    },
    {
      "type": "Feature",
      "properties": {
        "name": "CNG Station",
        "brand": "Hindustan Petroluem",
        "brand_code": "CNG",
        "operator": "",
        "address": "",
        "state": "",
        "city": "",
        "phone": "",
        "fuel_types": "CNG",
        "amenity": "cng",
        "source": "openstreetmap.org"
      },
      "geometry": {
        "type": "Point",
        "coordinates": [
          77.1650384,
          28.7234863
        ]
      }
    },
    {
      "type": "Feature",
      "properties": {
        "name": "Pimple Nilakh CNG Pump",
        "brand": "CNG",
        "brand_code": "CNG",
        "operator": "MNGL",
        "address": "",
        "state": "",
        "city": "Pune",
        "phone": "",
        "fuel_types": "CNG",
        "amenity": "cng",
        "source": "openstreetmap.org"
      },
      "geometry": {
        "type": "Point",
        "coordinates": [
          73.7925552,
          18.5666938
        ]
      }
    },
    {
      "type": "Feature",
      "properties": {
        "name": "GAIL",
        "brand": "CNG",
        "brand_code": "CNG",
        "operator": "",
        "address": "",
        "state": "",
        "city": "",
        "phone": "",
        "fuel_types": "CNG",
        "amenity": "cng",
        "source": "openstreetmap.org"
      },
      "geometry": {
        "type": "Point",
        "coordinates": [
          77.6850893,
          13.1546633
        ]
      }
    },
    {
      "type": "Feature",
      "properties": {
        "name": "Mahanager Gas",
        "brand": "CNG",
        "brand_code": "CNG",
        "operator": "Mahanagar Gas",
        "address": "",
        "state": "",
        "city": "",
        "phone": "",
        "fuel_types": "CNG",
        "amenity": "cng",
        "source": "openstreetmap.org"
      },
      "geometry": {
        "type": "Point",
        "coordinates": [
          72.8646076,
          19.2897472
        ]
      }
    },
    {
      "type": "Feature",
      "properties": {
        "name": "GAIL",
        "brand": "GAIL",
        "brand_code": "CNG",
        "operator": "GAIL",
        "address": "",
        "state": "",
        "city": "",
        "phone": "",
        "fuel_types": "CNG",
        "amenity": "cng",
        "source": "openstreetmap.org"
      },
      "geometry": {
        "type": "Point",
        "coordinates": [
          77.5194088,
          12.9961474
        ]
      }
    },
    {
      "type": "Feature",
      "properties": {
        "name": "Indian Oil",
        "brand": "Indian Oil",
        "brand_code": "CNG",
        "operator": "",
        "address": "",
        "state": "",
        "city": "kandhar",
        "phone": "",
        "fuel_types": "CNG, Diesel, Petrol",
        "amenity": "cng",
        "source": "openstreetmap.org"
      },
      "geometry": {
        "type": "Point",
        "coordinates": [
          77.1764314,
          18.8792147
        ]
      }
    },
    {
      "type": "Feature",
      "properties": {
        "name": "CNG Station",
        "brand": "Maharashtra Natural Gas Limited",
        "brand_code": "CNG",
        "operator": "",
        "address": "Dehu - Alandi Road",
        "state": "",
        "city": "",
        "phone": "",
        "fuel_types": "CNG",
        "amenity": "cng",
        "source": "openstreetmap.org"
      },
      "geometry": {
        "type": "Point",
        "coordinates": [
          73.8598049,
          18.6772922
        ]
      }
    },
    {
      "type": "Feature",
      "properties": {
        "name": "Indian Oil",
        "brand": "Indian Oil",
        "brand_code": "CNG",
        "operator": "",
        "address": "",
        "state": "",
        "city": "",
        "phone": "",
        "fuel_types": "CNG, Diesel, Petrol",
        "amenity": "cng",
        "source": "openstreetmap.org"
      },
      "geometry": {
        "type": "Point",
        "coordinates": [
          79.399639,
          28.98893
        ]
      }
    },
    {
      "type": "Feature",
      "properties": {
        "name": "CNG Station Dheer Pur",
        "brand": "Indraprastha Gas Limited",
        "brand_code": "CNG",
        "operator": "",
        "address": "",
        "state": "",
        "city": "",
        "phone": "",
        "fuel_types": "CNG",
        "amenity": "cng",
        "source": "openstreetmap.org"
      },
      "geometry": {
        "type": "Point",
        "coordinates": [
          77.2174998,
          28.7211094
        ]
      }
    },
    {
      "type": "Feature",
      "properties": {
        "name": "INDRAPRASTHA GAS LIMITED CNG STATION",
        "brand": "CNG",
        "brand_code": "CNG",
        "operator": "",
        "address": "",
        "state": "",
        "city": "",
        "phone": "",
        "fuel_types": "CNG, Diesel, Petrol",
        "amenity": "cng",
        "source": "openstreetmap.org"
      },
      "geometry": {
        "type": "Point",
        "coordinates": [
          77.3186479,
          28.6858844
        ]
      }
    },
    {
      "type": "Feature",
      "properties": {
        "name": "CNG Station",
        "brand": "Indraprastha Gas Limited",
        "brand_code": "CNG",
        "operator": "",
        "address": "",
        "state": "",
        "city": "",
        "phone": "",
        "fuel_types": "CNG",
        "amenity": "cng",
        "source": "openstreetmap.org"
      },
      "geometry": {
        "type": "Point",
        "coordinates": [
          77.1017212,
          28.8420837
        ]
      }
    },
    {
      "type": "Feature",
      "properties": {
        "name": "HP",
        "brand": "Hindustan Petroleum",
        "brand_code": "CNG",
        "operator": "",
        "address": "",
        "state": "",
        "city": "",
        "phone": "",
        "fuel_types": "CNG, Diesel",
        "amenity": "cng",
        "source": "openstreetmap.org"
      },
      "geometry": {
        "type": "Point",
        "coordinates": [
          73.1422618,
          18.4364621
        ]
      }
    },
    {
      "type": "Feature",
      "properties": {
        "name": "HCG",
        "brand": "Haryana City Gas",
        "brand_code": "CNG",
        "operator": "",
        "address": "",
        "state": "",
        "city": "",
        "phone": "",
        "fuel_types": "CNG",
        "amenity": "cng",
        "source": "openstreetmap.org"
      },
      "geometry": {
        "type": "Point",
        "coordinates": [
          77.091059,
          28.4496991
        ]
      }
    },
    {
      "type": "Feature",
      "properties": {
        "name": "CNG Station",
        "brand": "Gail Gas",
        "brand_code": "CNG",
        "operator": "",
        "address": "",
        "state": "",
        "city": "",
        "phone": "",
        "fuel_types": "CNG",
        "amenity": "cng",
        "source": "openstreetmap.org"
      },
      "geometry": {
        "type": "Point",
        "coordinates": [
          77.5797003,
          12.9473878
        ]
      }
    },
    {
      "type": "Feature",
      "properties": {
        "name": "CNG Station",
        "brand": "GAIL",
        "brand_code": "CNG",
        "operator": "GAIL",
        "address": "",
        "state": "",
        "city": "",
        "phone": "",
        "fuel_types": "CNG",
        "amenity": "cng",
        "source": "openstreetmap.org"
      },
      "geometry": {
        "type": "Point",
        "coordinates": [
          77.5466442,
          13.0575509
        ]
      }
    },
    {
      "type": "Feature",
      "properties": {
        "name": "Indian Oil Petrol Pump",
        "brand": "Indian Oil Petrol Pump",
        "brand_code": "CNG",
        "operator": "",
        "address": "",
        "state": "",
        "city": "",
        "phone": "",
        "fuel_types": "CNG, Diesel",
        "amenity": "cng",
        "source": "openstreetmap.org"
      },
      "geometry": {
        "type": "Point",
        "coordinates": [
          74.347347,
          24.8995866
        ]
      }
    },
    {
      "type": "Feature",
      "properties": {
        "name": "SUDARSHAN FILLING STATION",
        "brand": "Hindustan Petroleum",
        "brand_code": "CNG",
        "operator": "",
        "address": "",
        "state": "",
        "city": "",
        "phone": "",
        "fuel_types": "CNG, Diesel, Petrol",
        "amenity": "cng",
        "source": "openstreetmap.org"
      },
      "geometry": {
        "type": "Point",
        "coordinates": [
          77.8969889,
          22.7093142
        ]
      }
    },
    {
      "type": "Feature",
      "properties": {
        "name": "Indian Oil Petrol Pump",
        "brand": "Indian Oil Petrol Pump",
        "brand_code": "CNG",
        "operator": "",
        "address": "",
        "state": "",
        "city": "Loni kand",
        "phone": "",
        "fuel_types": "CNG, Diesel, Petrol",
        "amenity": "cng",
        "source": "openstreetmap.org"
      },
      "geometry": {
        "type": "Point",
        "coordinates": [
          74.0312352,
          18.6243523
        ]
      }
    },
    {
      "type": "Feature",
      "properties": {
        "name": "CNG Station",
        "brand": "Indian Oil Adani Gas",
        "brand_code": "CNG",
        "operator": "",
        "address": "",
        "state": "",
        "city": "",
        "phone": "",
        "fuel_types": "CNG",
        "amenity": "cng",
        "source": "openstreetmap.org"
      },
      "geometry": {
        "type": "Point",
        "coordinates": [
          87.4710643,
          23.4542263
        ]
      }
    },
    {
      "type": "Feature",
      "properties": {
        "name": "CNG Station",
        "brand": "Indraprastha Gas",
        "brand_code": "CNG",
        "operator": "",
        "address": "",
        "state": "",
        "city": "",
        "phone": "",
        "fuel_types": "CNG",
        "amenity": "cng",
        "source": "openstreetmap.org"
      },
      "geometry": {
        "type": "Point",
        "coordinates": [
          77.0258716,
          28.425844
        ]
      }
    },
    {
      "type": "Feature",
      "properties": {
        "name": "CNG Station",
        "brand": "HCG",
        "brand_code": "CNG",
        "operator": "",
        "address": "",
        "state": "",
        "city": "",
        "phone": "",
        "fuel_types": "CNG",
        "amenity": "cng",
        "source": "openstreetmap.org"
      },
      "geometry": {
        "type": "Point",
        "coordinates": [
          77.0233424,
          28.4273694
        ]
      }
    },
    {
      "type": "Feature",
      "properties": {
        "name": "CNG Station",
        "brand": "HCG",
        "brand_code": "CNG",
        "operator": "",
        "address": "",
        "state": "",
        "city": "",
        "phone": "",
        "fuel_types": "CNG",
        "amenity": "cng",
        "source": "openstreetmap.org"
      },
      "geometry": {
        "type": "Point",
        "coordinates": [
          77.0211133,
          28.4280864
        ]
      }
    },
    {
      "type": "Feature",
      "properties": {
        "name": "CNG Station",
        "brand": "HCG",
        "brand_code": "CNG",
        "operator": "",
        "address": "",
        "state": "",
        "city": "",
        "phone": "",
        "fuel_types": "CNG",
        "amenity": "cng",
        "source": "openstreetmap.org"
      },
      "geometry": {
        "type": "Point",
        "coordinates": [
          77.0036102,
          28.4398333
        ]
      }
    },
    {
      "type": "Feature",
      "properties": {
        "name": "CNG Station",
        "brand": "HCG",
        "brand_code": "CNG",
        "operator": "",
        "address": "",
        "state": "",
        "city": "",
        "phone": "",
        "fuel_types": "CNG",
        "amenity": "cng",
        "source": "openstreetmap.org"
      },
      "geometry": {
        "type": "Point",
        "coordinates": [
          76.9968698,
          28.4497928
        ]
      }
    },
    {
      "type": "Feature",
      "properties": {
        "name": "CNG Station",
        "brand": "CNG",
        "brand_code": "CNG",
        "operator": "",
        "address": "Nagar Road",
        "state": "",
        "city": "Wagholi",
        "phone": "",
        "fuel_types": "CNG",
        "amenity": "cng",
        "source": "openstreetmap.org"
      },
      "geometry": {
        "type": "Point",
        "coordinates": [
          73.9750611,
          18.580237
        ]
      }
    },
    {
      "type": "Feature",
      "properties": {
        "name": "Totalgaz",
        "brand": "Totalgaz",
        "brand_code": "CNG",
        "operator": "",
        "address": "",
        "state": "",
        "city": "",
        "phone": "",
        "fuel_types": "CNG",
        "amenity": "cng",
        "source": "openstreetmap.org"
      },
      "geometry": {
        "type": "Point",
        "coordinates": [
          77.6004341,
          12.9213761
        ]
      }
    },
    {
      "type": "Feature",
      "properties": {
        "name": "IGL",
        "brand": "IGL",
        "brand_code": "CNG",
        "operator": "",
        "address": "",
        "state": "",
        "city": "",
        "phone": "",
        "fuel_types": "CNG",
        "amenity": "cng",
        "source": "openstreetmap.org"
      },
      "geometry": {
        "type": "Point",
        "coordinates": [
          77.0431476,
          28.4060717
        ]
      }
    },
    {
      "type": "Feature",
      "properties": {
        "name": "GAIL Gas CNG Station",
        "brand": "CNG",
        "brand_code": "CNG",
        "operator": "",
        "address": "",
        "state": "",
        "city": "",
        "phone": "",
        "fuel_types": "CNG",
        "amenity": "cng",
        "source": "openstreetmap.org"
      },
      "geometry": {
        "type": "Point",
        "coordinates": [
          77.7285552,
          13.1534253
        ]
      }
    },
    {
      "type": "Feature",
      "properties": {
        "name": "Indian Oil Petrol Pump",
        "brand": "Indian Oil",
        "brand_code": "CNG",
        "operator": "",
        "address": "",
        "state": "",
        "city": "",
        "phone": "",
        "fuel_types": "CNG, Diesel",
        "amenity": "cng",
        "source": "openstreetmap.org"
      },
      "geometry": {
        "type": "Point",
        "coordinates": [
          75.8430461,
          29.3290222
        ]
      }
    },
    {
      "type": "Feature",
      "properties": {
        "name": "GAIL Gas",
        "brand": "CNG",
        "brand_code": "CNG",
        "operator": "",
        "address": "",
        "state": "",
        "city": "",
        "phone": "",
        "fuel_types": "CNG",
        "amenity": "cng",
        "source": "openstreetmap.org"
      },
      "geometry": {
        "type": "Point",
        "coordinates": [
          77.6185896,
          13.0405542
        ]
      }
    },
    {
      "type": "Feature",
      "properties": {
        "name": "Bharat Petroleum",
        "brand": "Bharat Petroleum",
        "brand_code": "CNG",
        "operator": "",
        "address": "",
        "state": "",
        "city": "",
        "phone": "",
        "fuel_types": "CNG, Diesel, Petrol",
        "amenity": "cng",
        "source": "openstreetmap.org"
      },
      "geometry": {
        "type": "Point",
        "coordinates": [
          77.5685299,
          13.1369115
        ]
      }
    },
    {
      "type": "Feature",
      "properties": {
        "name": "CNG Station",
        "brand": "Indraprastha Gas Limited",
        "brand_code": "CNG",
        "operator": "",
        "address": "",
        "state": "",
        "city": "",
        "phone": "",
        "fuel_types": "CNG",
        "amenity": "cng",
        "source": "openstreetmap.org"
      },
      "geometry": {
        "type": "Point",
        "coordinates": [
          77.1532348,
          28.5375585
        ]
      }
    },
    {
      "type": "Feature",
      "properties": {
        "name": "CNG Station",
        "brand": "Indraprastha Gas Limited",
        "brand_code": "CNG",
        "operator": "",
        "address": "",
        "state": "",
        "city": "",
        "phone": "",
        "fuel_types": "CNG",
        "amenity": "cng",
        "source": "openstreetmap.org"
      },
      "geometry": {
        "type": "Point",
        "coordinates": [
          77.5589782,
          28.7329031
        ]
      }
    },
    {
      "type": "Feature",
      "properties": {
        "name": "Gail Gas",
        "brand": "CNG",
        "brand_code": "CNG",
        "operator": "",
        "address": "",
        "state": "",
        "city": "",
        "phone": "",
        "fuel_types": "CNG",
        "amenity": "cng",
        "source": "openstreetmap.org"
      },
      "geometry": {
        "type": "Point",
        "coordinates": [
          77.7469574,
          12.9468921
        ]
      }
    },
    {
      "type": "Feature",
      "properties": {
        "name": "GAIL",
        "brand": "GAIL",
        "brand_code": "CNG",
        "operator": "GAIL",
        "address": "",
        "state": "",
        "city": "",
        "phone": "",
        "fuel_types": "CNG",
        "amenity": "cng",
        "source": "openstreetmap.org"
      },
      "geometry": {
        "type": "Point",
        "coordinates": [
          77.4378794,
          12.8892813
        ]
      }
    },
    {
      "type": "Feature",
      "properties": {
        "name": "CNG Station",
        "brand": "GAIL",
        "brand_code": "CNG",
        "operator": "",
        "address": "",
        "state": "",
        "city": "",
        "phone": "",
        "fuel_types": "CNG",
        "amenity": "cng",
        "source": "openstreetmap.org"
      },
      "geometry": {
        "type": "Point",
        "coordinates": [
          77.5834596,
          12.8714215
        ]
      }
    },
    {
      "type": "Feature",
      "properties": {
        "name": "Sabarmati Gas",
        "brand": "Sabarmati Gas",
        "brand_code": "CNG",
        "operator": "",
        "address": "",
        "state": "",
        "city": "",
        "phone": "",
        "fuel_types": "CNG",
        "amenity": "cng",
        "source": "openstreetmap.org"
      },
      "geometry": {
        "type": "Point",
        "coordinates": [
          72.330038,
          23.5926925
        ]
      }
    },
    {
      "type": "Feature",
      "properties": {
        "name": "Indian Oil Pump (CNG Available)",
        "brand": "Indian Oil",
        "brand_code": "CNG",
        "operator": "",
        "address": "",
        "state": "",
        "city": "",
        "phone": "",
        "fuel_types": "CNG, Diesel",
        "amenity": "cng",
        "source": "openstreetmap.org"
      },
      "geometry": {
        "type": "Point",
        "coordinates": [
          73.8291617,
          18.4577754
        ]
      }
    },
    {
      "type": "Feature",
      "properties": {
        "name": "Vaishnavi Petroleums",
        "brand": "HP",
        "brand_code": "CNG",
        "operator": "Rajanikanth H",
        "address": "",
        "state": "",
        "city": "",
        "phone": "",
        "fuel_types": "CNG, Diesel",
        "amenity": "cng",
        "source": "openstreetmap.org"
      },
      "geometry": {
        "type": "Point",
        "coordinates": [
          76.3107478,
          15.3198931
        ]
      }
    },
    {
      "type": "Feature",
      "properties": {
        "name": "GAIL CNG",
        "brand": "GAIL",
        "brand_code": "CNG",
        "operator": "",
        "address": "",
        "state": "",
        "city": "",
        "phone": "",
        "fuel_types": "CNG",
        "amenity": "cng",
        "source": "openstreetmap.org"
      },
      "geometry": {
        "type": "Point",
        "coordinates": [
          77.5404062,
          12.8733652
        ]
      }
    },
    {
      "type": "Feature",
      "properties": {
        "name": "Indian Oil",
        "brand": "Indian Oil",
        "brand_code": "CNG",
        "operator": "",
        "address": "",
        "state": "",
        "city": "",
        "phone": "",
        "fuel_types": "CNG, Diesel, Petrol",
        "amenity": "cng",
        "source": "openstreetmap.org"
      },
      "geometry": {
        "type": "Point",
        "coordinates": [
          77.7467287,
          12.904067
        ]
      }
    },
    {
      "type": "Feature",
      "properties": {
        "name": "CNG Station",
        "brand": "CNG",
        "brand_code": "CNG",
        "operator": "Mahanagar Gas",
        "address": "",
        "state": "",
        "city": "",
        "phone": "",
        "fuel_types": "CNG",
        "amenity": "cng",
        "source": "openstreetmap.org"
      },
      "geometry": {
        "type": "Point",
        "coordinates": [
          72.8643752,
          19.1755571
        ]
      }
    },
    {
      "type": "Feature",
      "properties": {
        "name": "Indraprastha Gas Limited",
        "brand": "Indraprastha Gas Limited",
        "brand_code": "CNG",
        "operator": "",
        "address": "",
        "state": "",
        "city": "",
        "phone": "",
        "fuel_types": "CNG",
        "amenity": "cng",
        "source": "openstreetmap.org"
      },
      "geometry": {
        "type": "Point",
        "coordinates": [
          77.1416597,
          28.6066207
        ]
      }
    },
    {
      "type": "Feature",
      "properties": {
        "name": "MNGL CNG Pump",
        "brand": "CNG",
        "brand_code": "CNG",
        "operator": "",
        "address": "",
        "state": "",
        "city": "",
        "phone": "",
        "fuel_types": "CNG",
        "amenity": "cng",
        "source": "openstreetmap.org"
      },
      "geometry": {
        "type": "Point",
        "coordinates": [
          73.7468813,
          18.6031465
        ]
      }
    },
    {
      "type": "Feature",
      "properties": {
        "name": "Indraprastha Gas Limited",
        "brand": "Indraprastha Gas Limited",
        "brand_code": "CNG",
        "operator": "",
        "address": "",
        "state": "",
        "city": "",
        "phone": "",
        "fuel_types": "CNG",
        "amenity": "cng",
        "source": "openstreetmap.org"
      },
      "geometry": {
        "type": "Point",
        "coordinates": [
          77.3308114,
          28.6861065
        ]
      }
    },
    {
      "type": "Feature",
      "properties": {
        "name": "Indian Auto Gas",
        "brand": "CNG",
        "brand_code": "CNG",
        "operator": "",
        "address": "",
        "state": "",
        "city": "",
        "phone": "",
        "fuel_types": "CNG",
        "amenity": "cng",
        "source": "openstreetmap.org"
      },
      "geometry": {
        "type": "Point",
        "coordinates": [
          77.7453695,
          12.9511085
        ]
      }
    },
    {
      "type": "Feature",
      "properties": {
        "name": "Indian Oil Nadayara",
        "brand": "Indian Oil",
        "brand_code": "CNG",
        "operator": "",
        "address": "Varkala - Parippally - Madathara Road",
        "state": "",
        "city": "Varkala",
        "phone": "",
        "fuel_types": "CNG, Diesel, Petrol",
        "amenity": "cng",
        "source": "openstreetmap.org"
      },
      "geometry": {
        "type": "Point",
        "coordinates": [
          76.7212739,
          8.7554429
        ]
      }
    },
    {
      "type": "Feature",
      "properties": {
        "name": "IGL",
        "brand": "IGL",
        "brand_code": "CNG",
        "operator": "",
        "address": "",
        "state": "",
        "city": "",
        "phone": "",
        "fuel_types": "CNG",
        "amenity": "cng",
        "source": "openstreetmap.org"
      },
      "geometry": {
        "type": "Point",
        "coordinates": [
          77.0662794,
          28.3104444
        ]
      }
    },
    {
      "type": "Feature",
      "properties": {
        "name": "Mahanagar Gas CNG Station",
        "brand": "CNG",
        "brand_code": "CNG",
        "operator": "Mahanagar Gas",
        "address": "MIDC Road",
        "state": "",
        "city": "",
        "phone": "099877 79177",
        "fuel_types": "CNG",
        "amenity": "cng",
        "source": "openstreetmap.org"
      },
      "geometry": {
        "type": "Point",
        "coordinates": [
          73.0023094,
          19.1754275
        ]
      }
    },
    {
      "type": "Feature",
      "properties": {
        "name": "Saddharma CNG Gas Station",
        "brand": "CNG",
        "brand_code": "CNG",
        "operator": "",
        "address": "",
        "state": "",
        "city": "",
        "phone": "",
        "fuel_types": "CNG",
        "amenity": "cng",
        "source": "openstreetmap.org"
      },
      "geometry": {
        "type": "Point",
        "coordinates": [
          76.3607506,
          15.250734
        ]
      }
    },
    {
      "type": "Feature",
      "properties": {
        "name": "Gail gas CNG station",
        "brand": "GAIL",
        "brand_code": "CNG",
        "operator": "",
        "address": "",
        "state": "",
        "city": "",
        "phone": "",
        "fuel_types": "CNG",
        "amenity": "cng",
        "source": "openstreetmap.org"
      },
      "geometry": {
        "type": "Point",
        "coordinates": [
          77.6856327,
          13.0050281
        ]
      }
    },
    {
      "type": "Feature",
      "properties": {
        "name": "CNG Station",
        "brand": "CNG",
        "brand_code": "CNG",
        "operator": "",
        "address": "",
        "state": "",
        "city": "pune",
        "phone": "",
        "fuel_types": "CNG",
        "amenity": "cng",
        "source": "openstreetmap.org"
      },
      "geometry": {
        "type": "Point",
        "coordinates": [
          73.849216,
          18.6373814
        ]
      }
    },
    {
      "type": "Feature",
      "properties": {
        "name": "sabarmati gas station",
        "brand": "sabarmati",
        "brand_code": "CNG",
        "operator": "",
        "address": "",
        "state": "",
        "city": "",
        "phone": "",
        "fuel_types": "CNG",
        "amenity": "cng",
        "source": "openstreetmap.org"
      },
      "geometry": {
        "type": "Point",
        "coordinates": [
          72.9656923,
          23.5817638
        ]
      }
    },
    {
      "type": "Feature",
      "properties": {
        "name": "IGL",
        "brand": "IGL",
        "brand_code": "CNG",
        "operator": "",
        "address": "",
        "state": "",
        "city": "",
        "phone": "",
        "fuel_types": "CNG",
        "amenity": "cng",
        "source": "openstreetmap.org"
      },
      "geometry": {
        "type": "Point",
        "coordinates": [
          77.3075879,
          28.6663456
        ]
      }
    },
    {
      "type": "Feature",
      "properties": {
        "name": "Bharat Petroleum",
        "brand": "Bharat Petroleum",
        "brand_code": "CNG",
        "operator": "",
        "address": "Pune - Nashik Highway",
        "state": "",
        "city": "",
        "phone": "",
        "fuel_types": "CNG, Diesel, Petrol",
        "amenity": "cng",
        "source": "openstreetmap.org"
      },
      "geometry": {
        "type": "Point",
        "coordinates": [
          74.170591,
          19.3029176
        ]
      }
    },
    {
      "type": "Feature",
      "properties": {
        "name": "Bharat Petroleum",
        "brand": "Bharat Petroleum",
        "brand_code": "CNG",
        "operator": "",
        "address": "",
        "state": "",
        "city": "",
        "phone": "",
        "fuel_types": "CNG, Diesel",
        "amenity": "cng",
        "source": "openstreetmap.org"
      },
      "geometry": {
        "type": "Point",
        "coordinates": [
          79.0189147,
          20.2200629
        ]
      }
    },
    {
      "type": "Feature",
      "properties": {
        "name": "Shell+CNG",
        "brand": "CNG",
        "brand_code": "CNG",
        "operator": "",
        "address": "",
        "state": "",
        "city": "",
        "phone": "",
        "fuel_types": "CNG",
        "amenity": "cng",
        "source": "openstreetmap.org"
      },
      "geometry": {
        "type": "Point",
        "coordinates": [
          73.0208127,
          33.6052196
        ]
      }
    },
    {
      "type": "Feature",
      "properties": {
        "name": "Vision CNG",
        "brand": "CNG",
        "brand_code": "CNG",
        "operator": "",
        "address": "",
        "state": "",
        "city": "",
        "phone": "",
        "fuel_types": "CNG",
        "amenity": "cng",
        "source": "openstreetmap.org"
      },
      "geometry": {
        "type": "Point",
        "coordinates": [
          73.0994147,
          33.6047954
        ]
      }
    },
    {
      "type": "Feature",
      "properties": {
        "name": "PSO & CNG",
        "brand": "CNG",
        "brand_code": "CNG",
        "operator": "",
        "address": "",
        "state": "",
        "city": "",
        "phone": "",
        "fuel_types": "CNG",
        "amenity": "cng",
        "source": "openstreetmap.org"
      },
      "geometry": {
        "type": "Point",
        "coordinates": [
          72.9425105,
          33.9952405
        ]
      }
    },
    {
      "type": "Feature",
      "properties": {
        "name": "Raja jee CNG",
        "brand": "CNG",
        "brand_code": "CNG",
        "operator": "",
        "address": "",
        "state": "",
        "city": "",
        "phone": "",
        "fuel_types": "CNG",
        "amenity": "cng",
        "source": "openstreetmap.org"
      },
      "geometry": {
        "type": "Point",
        "coordinates": [
          73.0926532,
          33.6376597
        ]
      }
    },
    {
      "type": "Feature",
      "properties": {
        "name": "Sonar Bangla CNG Filling Station, Zahir Raihan Rd, Dhaka",
        "brand": "CNG",
        "brand_code": "CNG",
        "operator": "",
        "address": "House 15, Zahir Raihan Road, Bakshi Bazar",
        "state": "",
        "city": "Dhaka",
        "phone": "",
        "fuel_types": "CNG",
        "amenity": "cng",
        "source": "openstreetmap.org"
      },
      "geometry": {
        "type": "Point",
        "coordinates": [
          90.3968436,
          23.7243125
        ]
      }
    },
    {
      "type": "Feature",
      "properties": {
        "name": "M/s. Eureka-Nitol CNG Filling Station",
        "brand": "CNG",
        "brand_code": "CNG",
        "operator": "",
        "address": "",
        "state": "",
        "city": "",
        "phone": "",
        "fuel_types": "CNG",
        "amenity": "cng",
        "source": "openstreetmap.org"
      },
      "geometry": {
        "type": "Point",
        "coordinates": [
          90.3960206,
          23.7770775
        ]
      }
    },
    {
      "type": "Feature",
      "properties": {
        "name": "CNG Station",
        "brand": "CNG",
        "brand_code": "CNG",
        "operator": "",
        "address": "",
        "state": "",
        "city": "",
        "phone": "",
        "fuel_types": "CNG",
        "amenity": "cng",
        "source": "openstreetmap.org"
      },
      "geometry": {
        "type": "Point",
        "coordinates": [
          73.1049819,
          33.5681963
        ]
      }
    },
    {
      "type": "Feature",
      "properties": {
        "name": "Shaheen CNG",
        "brand": "CNG",
        "brand_code": "CNG",
        "operator": "",
        "address": "",
        "state": "",
        "city": "",
        "phone": "",
        "fuel_types": "CNG",
        "amenity": "cng",
        "source": "openstreetmap.org"
      },
      "geometry": {
        "type": "Point",
        "coordinates": [
          73.1010701,
          33.5531244
        ]
      }
    },
    {
      "type": "Feature",
      "properties": {
        "name": "Tayyab CNG Station",
        "brand": "CNG",
        "brand_code": "CNG",
        "operator": "",
        "address": "",
        "state": "",
        "city": "",
        "phone": "",
        "fuel_types": "CNG",
        "amenity": "cng",
        "source": "openstreetmap.org"
      },
      "geometry": {
        "type": "Point",
        "coordinates": [
          73.0973846,
          33.5830592
        ]
      }
    },
    {
      "type": "Feature",
      "properties": {
        "name": "Indraprastha CNG gas station pump",
        "brand": "CNG",
        "brand_code": "CNG",
        "operator": "",
        "address": "",
        "state": "",
        "city": "",
        "phone": "",
        "fuel_types": "CNG",
        "amenity": "cng",
        "source": "openstreetmap.org"
      },
      "geometry": {
        "type": "Point",
        "coordinates": [
          77.067756,
          28.5752361
        ]
      }
    },
    {
      "type": "Feature",
      "properties": {
        "name": "KORAL CNG",
        "brand": "CNG",
        "brand_code": "CNG",
        "operator": "",
        "address": "",
        "state": "",
        "city": "",
        "phone": "",
        "fuel_types": "CNG",
        "amenity": "cng",
        "source": "openstreetmap.org"
      },
      "geometry": {
        "type": "Point",
        "coordinates": [
          73.1474469,
          33.5870938
        ]
      }
    },
    {
      "type": "Feature",
      "properties": {
        "name": "Kaleem CNG",
        "brand": "CNG",
        "brand_code": "CNG",
        "operator": "",
        "address": "",
        "state": "",
        "city": "",
        "phone": "",
        "fuel_types": "CNG",
        "amenity": "cng",
        "source": "openstreetmap.org"
      },
      "geometry": {
        "type": "Point",
        "coordinates": [
          73.1476662,
          33.5867453
        ]
      }
    },
    {
      "type": "Feature",
      "properties": {
        "name": "Unique CNG Station",
        "brand": "CNG",
        "brand_code": "CNG",
        "operator": "",
        "address": "Sadiqabad Road",
        "state": "",
        "city": "راولپنڈی",
        "phone": "",
        "fuel_types": "CNG",
        "amenity": "cng",
        "source": "openstreetmap.org"
      },
      "geometry": {
        "type": "Point",
        "coordinates": [
          73.0761058,
          33.6342061
        ]
      }
    },
    {
      "type": "Feature",
      "properties": {
        "name": "Alipur CNG",
        "brand": "CNG",
        "brand_code": "CNG",
        "operator": "",
        "address": "",
        "state": "",
        "city": "",
        "phone": "",
        "fuel_types": "CNG",
        "amenity": "cng",
        "source": "openstreetmap.org"
      },
      "geometry": {
        "type": "Point",
        "coordinates": [
          73.1942117,
          33.6438734
        ]
      }
    },
    {
      "type": "Feature",
      "properties": {
        "name": "Millat CNG",
        "brand": "CNG",
        "brand_code": "CNG",
        "operator": "",
        "address": "",
        "state": "",
        "city": "",
        "phone": "",
        "fuel_types": "CNG",
        "amenity": "cng",
        "source": "openstreetmap.org"
      },
      "geometry": {
        "type": "Point",
        "coordinates": [
          73.1696069,
          33.6447668
        ]
      }
    },
    {
      "type": "Feature",
      "properties": {
        "name": "SHAN CNG",
        "brand": "CNG",
        "brand_code": "CNG",
        "operator": "",
        "address": "",
        "state": "",
        "city": "",
        "phone": "",
        "fuel_types": "CNG",
        "amenity": "cng",
        "source": "openstreetmap.org"
      },
      "geometry": {
        "type": "Point",
        "coordinates": [
          73.1090128,
          33.6293146
        ]
      }
    },
    {
      "type": "Feature",
      "properties": {
        "name": "HCG CNG Station",
        "brand": "HCG",
        "brand_code": "CNG",
        "operator": "HCG",
        "address": "",
        "state": "",
        "city": "",
        "phone": "",
        "fuel_types": "CNG",
        "amenity": "cng",
        "source": "openstreetmap.org"
      },
      "geometry": {
        "type": "Point",
        "coordinates": [
          77.0997366,
          28.4318987
        ]
      }
    },
    {
      "type": "Feature",
      "properties": {
        "name": "IGL CNG Station",
        "brand": "CNG",
        "brand_code": "CNG",
        "operator": "",
        "address": "",
        "state": "",
        "city": "",
        "phone": "",
        "fuel_types": "CNG",
        "amenity": "cng",
        "source": "openstreetmap.org"
      },
      "geometry": {
        "type": "Point",
        "coordinates": [
          77.0875128,
          28.6675822
        ]
      }
    },
    {
      "type": "Feature",
      "properties": {
        "name": "diamond CNG",
        "brand": "CNG",
        "brand_code": "CNG",
        "operator": "",
        "address": "",
        "state": "",
        "city": "",
        "phone": "",
        "fuel_types": "CNG",
        "amenity": "cng",
        "source": "openstreetmap.org"
      },
      "geometry": {
        "type": "Point",
        "coordinates": [
          73.071208,
          33.652659
        ]
      }
    },
    {
      "type": "Feature",
      "properties": {
        "name": "Missri CNG",
        "brand": "CNG",
        "brand_code": "CNG",
        "operator": "",
        "address": "",
        "state": "",
        "city": "BAHAWALPUR",
        "phone": "",
        "fuel_types": "CNG",
        "amenity": "cng",
        "source": "openstreetmap.org"
      },
      "geometry": {
        "type": "Point",
        "coordinates": [
          71.662831,
          29.386024
        ]
      }
    },
    {
      "type": "Feature",
      "properties": {
        "name": "Unicom CNG Filling Station",
        "brand": "CNG",
        "brand_code": "CNG",
        "operator": "",
        "address": "",
        "state": "",
        "city": "",
        "phone": "",
        "fuel_types": "CNG",
        "amenity": "cng",
        "source": "openstreetmap.org"
      },
      "geometry": {
        "type": "Point",
        "coordinates": [
          89.9182005,
          24.2952712
        ]
      }
    },
    {
      "type": "Feature",
      "properties": {
        "name": "Fossil CNG Filling Station",
        "brand": "CNG",
        "brand_code": "CNG",
        "operator": "",
        "address": "",
        "state": "",
        "city": "",
        "phone": "",
        "fuel_types": "CNG",
        "amenity": "cng",
        "source": "openstreetmap.org"
      },
      "geometry": {
        "type": "Point",
        "coordinates": [
          91.828241,
          22.3684784
        ]
      }
    },
    {
      "type": "Feature",
      "properties": {
        "name": "Jalalabad CNG Filling Station, Pubali Banker Niche Oxyzen, Kazi Bhaban, Hathazari Rd, Chattogram",
        "brand": "CNG",
        "brand_code": "CNG",
        "operator": "",
        "address": "",
        "state": "",
        "city": "",
        "phone": "",
        "fuel_types": "CNG",
        "amenity": "cng",
        "source": "openstreetmap.org"
      },
      "geometry": {
        "type": "Point",
        "coordinates": [
          91.8205572,
          22.3950091
        ]
      }
    },
    {
      "type": "Feature",
      "properties": {
        "name": "Katalgonj CNG Station",
        "brand": "CNG",
        "brand_code": "CNG",
        "operator": "",
        "address": "",
        "state": "",
        "city": "",
        "phone": "",
        "fuel_types": "CNG",
        "amenity": "cng",
        "source": "openstreetmap.org"
      },
      "geometry": {
        "type": "Point",
        "coordinates": [
          91.8360105,
          22.363067
        ]
      }
    },
    {
      "type": "Feature",
      "properties": {
        "name": "Intraco CNG Limited",
        "brand": "CNG",
        "brand_code": "CNG",
        "operator": "",
        "address": "",
        "state": "",
        "city": "",
        "phone": "",
        "fuel_types": "CNG",
        "amenity": "cng",
        "source": "openstreetmap.org"
      },
      "geometry": {
        "type": "Point",
        "coordinates": [
          91.8158126,
          22.3427029
        ]
      }
    },
    {
      "type": "Feature",
      "properties": {
        "name": "AL RAFAY CNG",
        "brand": "CNG",
        "brand_code": "CNG",
        "operator": "",
        "address": "",
        "state": "",
        "city": "",
        "phone": "",
        "fuel_types": "CNG",
        "amenity": "cng",
        "source": "openstreetmap.org"
      },
      "geometry": {
        "type": "Point",
        "coordinates": [
          73.5322287,
          31.5839829
        ]
      }
    },
    {
      "type": "Feature",
      "properties": {
        "name": "Awan CNG",
        "brand": "CNG",
        "brand_code": "CNG",
        "operator": "",
        "address": "Grand Trunk Road",
        "state": "",
        "city": "راولپنڈی",
        "phone": "",
        "fuel_types": "CNG",
        "amenity": "cng",
        "source": "openstreetmap.org"
      },
      "geometry": {
        "type": "Point",
        "coordinates": [
          72.996051,
          33.6145164
        ]
      }
    },
    {
      "type": "Feature",
      "properties": {
        "name": "Total Petrol & CNG",
        "brand": "CNG",
        "brand_code": "CNG",
        "operator": "",
        "address": "",
        "state": "",
        "city": "",
        "phone": "",
        "fuel_types": "CNG",
        "amenity": "cng",
        "source": "openstreetmap.org"
      },
      "geometry": {
        "type": "Point",
        "coordinates": [
          74.4230031,
          31.5017935
        ]
      }
    },
    {
      "type": "Feature",
      "properties": {
        "name": "Khan CNG",
        "brand": "CNG",
        "brand_code": "CNG",
        "operator": "",
        "address": "grand trunk road",
        "state": "",
        "city": "gujrat",
        "phone": "",
        "fuel_types": "CNG",
        "amenity": "cng",
        "source": "openstreetmap.org"
      },
      "geometry": {
        "type": "Point",
        "coordinates": [
          74.0514467,
          32.589093
        ]
      }
    },
    {
      "type": "Feature",
      "properties": {
        "name": "Sadat cng petrol",
        "brand": "CNG",
        "brand_code": "CNG",
        "operator": "PSO",
        "address": "",
        "state": "",
        "city": "",
        "phone": "",
        "fuel_types": "CNG",
        "amenity": "cng",
        "source": "openstreetmap.org"
      },
      "geometry": {
        "type": "Point",
        "coordinates": [
          72.7235897,
          33.766994
        ]
      }
    },
    {
      "type": "Feature",
      "properties": {
        "name": "Millat CNG",
        "brand": "CNG",
        "brand_code": "CNG",
        "operator": "",
        "address": "",
        "state": "",
        "city": "",
        "phone": "",
        "fuel_types": "CNG",
        "amenity": "cng",
        "source": "openstreetmap.org"
      },
      "geometry": {
        "type": "Point",
        "coordinates": [
          73.1838117,
          33.4610761
        ]
      }
    },
    {
      "type": "Feature",
      "properties": {
        "name": "cng",
        "brand": "CNG",
        "brand_code": "CNG",
        "operator": "",
        "address": "",
        "state": "",
        "city": "",
        "phone": "",
        "fuel_types": "CNG",
        "amenity": "cng",
        "source": "openstreetmap.org"
      },
      "geometry": {
        "type": "Point",
        "coordinates": [
          72.6832084,
          33.8186002
        ]
      }
    },
    {
      "type": "Feature",
      "properties": {
        "name": "cng",
        "brand": "CNG",
        "brand_code": "CNG",
        "operator": "",
        "address": "",
        "state": "",
        "city": "",
        "phone": "",
        "fuel_types": "CNG",
        "amenity": "cng",
        "source": "openstreetmap.org"
      },
      "geometry": {
        "type": "Point",
        "coordinates": [
          74.093077,
          32.583485
        ]
      }
    },
    {
      "type": "Feature",
      "properties": {
        "name": "Qadir CNG Station",
        "brand": "CNG",
        "brand_code": "CNG",
        "operator": "",
        "address": "",
        "state": "",
        "city": "",
        "phone": "",
        "fuel_types": "CNG",
        "amenity": "cng",
        "source": "openstreetmap.org"
      },
      "geometry": {
        "type": "Point",
        "coordinates": [
          72.7357563,
          33.8528407
        ]
      }
    },
    {
      "type": "Feature",
      "properties": {
        "name": "cng",
        "brand": "CNG",
        "brand_code": "CNG",
        "operator": "",
        "address": "",
        "state": "",
        "city": "",
        "phone": "",
        "fuel_types": "CNG",
        "amenity": "cng",
        "source": "openstreetmap.org"
      },
      "geometry": {
        "type": "Point",
        "coordinates": [
          74.0887105,
          32.4964327
        ]
      }
    },
    {
      "type": "Feature",
      "properties": {
        "name": "cng",
        "brand": "CNG",
        "brand_code": "CNG",
        "operator": "",
        "address": "",
        "state": "",
        "city": "",
        "phone": "",
        "fuel_types": "CNG",
        "amenity": "cng",
        "source": "openstreetmap.org"
      },
      "geometry": {
        "type": "Point",
        "coordinates": [
          72.7056683,
          33.8020243
        ]
      }
    },
    {
      "type": "Feature",
      "properties": {
        "name": "WAH CNG",
        "brand": "CNG",
        "brand_code": "CNG",
        "operator": "",
        "address": "",
        "state": "",
        "city": "",
        "phone": "",
        "fuel_types": "CNG",
        "amenity": "cng",
        "source": "openstreetmap.org"
      },
      "geometry": {
        "type": "Point",
        "coordinates": [
          72.716078,
          33.7957432
        ]
      }
    },
    {
      "type": "Feature",
      "properties": {
        "name": "Supatola CNG Filling Station",
        "brand": "CNG",
        "brand_code": "CNG",
        "operator": "",
        "address": "",
        "state": "",
        "city": "",
        "phone": "",
        "fuel_types": "CNG",
        "amenity": "cng",
        "source": "openstreetmap.org"
      },
      "geometry": {
        "type": "Point",
        "coordinates": [
          92.1572077,
          24.8123896
        ]
      }
    },
    {
      "type": "Feature",
      "properties": {
        "name": "pakistan cng",
        "brand": "CNG",
        "brand_code": "CNG",
        "operator": "",
        "address": "",
        "state": "",
        "city": "",
        "phone": "",
        "fuel_types": "CNG",
        "amenity": "cng",
        "source": "openstreetmap.org"
      },
      "geometry": {
        "type": "Point",
        "coordinates": [
          72.7266955,
          33.7636476
        ]
      }
    },
    {
      "type": "Feature",
      "properties": {
        "name": "Trust CNG Station",
        "brand": "CNG",
        "brand_code": "CNG",
        "operator": "",
        "address": "",
        "state": "",
        "city": "",
        "phone": "",
        "fuel_types": "CNG",
        "amenity": "cng",
        "source": "openstreetmap.org"
      },
      "geometry": {
        "type": "Point",
        "coordinates": [
          90.3892808,
          23.7659261
        ]
      }
    },
    {
      "type": "Feature",
      "properties": {
        "name": "Hassan Abdullah CNG",
        "brand": "CNG",
        "brand_code": "CNG",
        "operator": "",
        "address": "",
        "state": "",
        "city": "",
        "phone": "",
        "fuel_types": "CNG",
        "amenity": "cng",
        "source": "openstreetmap.org"
      },
      "geometry": {
        "type": "Point",
        "coordinates": [
          74.1225511,
          32.4028389
        ]
      }
    },
    {
      "type": "Feature",
      "properties": {
        "name": "Admore CNG",
        "brand": "CNG",
        "brand_code": "CNG",
        "operator": "",
        "address": "",
        "state": "",
        "city": "",
        "phone": "",
        "fuel_types": "CNG",
        "amenity": "cng",
        "source": "openstreetmap.org"
      },
      "geometry": {
        "type": "Point",
        "coordinates": [
          74.136203,
          32.6034439
        ]
      }
    },
    {
      "type": "Feature",
      "properties": {
        "name": "cng",
        "brand": "CNG",
        "brand_code": "CNG",
        "operator": "",
        "address": "",
        "state": "",
        "city": "",
        "phone": "",
        "fuel_types": "CNG",
        "amenity": "cng",
        "source": "openstreetmap.org"
      },
      "geometry": {
        "type": "Point",
        "coordinates": [
          73.8551601,
          32.8193292
        ]
      }
    },
    {
      "type": "Feature",
      "properties": {
        "name": "Al Ammar CNG",
        "brand": "CNG",
        "brand_code": "CNG",
        "operator": "",
        "address": "",
        "state": "",
        "city": "",
        "phone": "",
        "fuel_types": "CNG",
        "amenity": "cng",
        "source": "openstreetmap.org"
      },
      "geometry": {
        "type": "Point",
        "coordinates": [
          73.6655094,
          33.0002996
        ]
      }
    },
    {
      "type": "Feature",
      "properties": {
        "name": "Raja CNG",
        "brand": "CNG",
        "brand_code": "CNG",
        "operator": "",
        "address": "",
        "state": "",
        "city": "",
        "phone": "",
        "fuel_types": "CNG",
        "amenity": "cng",
        "source": "openstreetmap.org"
      },
      "geometry": {
        "type": "Point",
        "coordinates": [
          72.8061636,
          33.7234939
        ]
      }
    },
    {
      "type": "Feature",
      "properties": {
        "name": "Mahfooz CNG",
        "brand": "CNG",
        "brand_code": "CNG",
        "operator": "",
        "address": "",
        "state": "",
        "city": "",
        "phone": "",
        "fuel_types": "CNG",
        "amenity": "cng",
        "source": "openstreetmap.org"
      },
      "geometry": {
        "type": "Point",
        "coordinates": [
          73.7450758,
          32.9485436
        ]
      }
    },
    {
      "type": "Feature",
      "properties": {
        "name": "CNG Petrol",
        "brand": "CNG",
        "brand_code": "CNG",
        "operator": "",
        "address": "",
        "state": "",
        "city": "",
        "phone": "",
        "fuel_types": "CNG",
        "amenity": "cng",
        "source": "openstreetmap.org"
      },
      "geometry": {
        "type": "Point",
        "coordinates": [
          73.0929033,
          33.5584857
        ]
      }
    },
    {
      "type": "Feature",
      "properties": {
        "name": "Ravi CNG Station",
        "brand": "CNG",
        "brand_code": "CNG",
        "operator": "",
        "address": "Grand Trunk Road",
        "state": "",
        "city": "Kala Shah Kaku",
        "phone": "",
        "fuel_types": "CNG",
        "amenity": "cng",
        "source": "openstreetmap.org"
      },
      "geometry": {
        "type": "Point",
        "coordinates": [
          74.2719448,
          31.7071746
        ]
      }
    },
    {
      "type": "Feature",
      "properties": {
        "name": "Tahir CNG Station",
        "brand": "CNG",
        "brand_code": "CNG",
        "operator": "",
        "address": "Grand Trunk Road",
        "state": "",
        "city": "Kala Shah Kaku",
        "phone": "",
        "fuel_types": "CNG",
        "amenity": "cng",
        "source": "openstreetmap.org"
      },
      "geometry": {
        "type": "Point",
        "coordinates": [
          74.2698132,
          31.7181522
        ]
      }
    },
    {
      "type": "Feature",
      "properties": {
        "name": "Pashabhai B Patel  Petrol n CNG",
        "brand": "CNG",
        "brand_code": "CNG",
        "operator": "",
        "address": "Ahmedabad Palanpur State Highway SH41",
        "state": "",
        "city": "",
        "phone": "",
        "fuel_types": "CNG",
        "amenity": "cng",
        "source": "openstreetmap.org"
      },
      "geometry": {
        "type": "Point",
        "coordinates": [
          72.3770491,
          23.5877546
        ]
      }
    },
    {
      "type": "Feature",
      "properties": {
        "name": "baba cng",
        "brand": "CNG",
        "brand_code": "CNG",
        "operator": "",
        "address": "",
        "state": "",
        "city": "",
        "phone": "",
        "fuel_types": "CNG",
        "amenity": "cng",
        "source": "openstreetmap.org"
      },
      "geometry": {
        "type": "Point",
        "coordinates": [
          72.6128803,
          33.820063
        ]
      }
    },
    {
      "type": "Feature",
      "properties": {
        "name": "Khulshi LPG & CNG Filling Station by Omera Autogas, khulshi, Chattogram",
        "brand": "CNG",
        "brand_code": "CNG",
        "operator": "",
        "address": "",
        "state": "",
        "city": "",
        "phone": "",
        "fuel_types": "CNG",
        "amenity": "cng",
        "source": "openstreetmap.org"
      },
      "geometry": {
        "type": "Point",
        "coordinates": [
          91.8078742,
          22.3617594
        ]
      }
    },
    {
      "type": "Feature",
      "properties": {
        "name": "Speed Track CNG Station",
        "brand": "CNG",
        "brand_code": "CNG",
        "operator": "",
        "address": "",
        "state": "",
        "city": "",
        "phone": "",
        "fuel_types": "CNG",
        "amenity": "cng",
        "source": "openstreetmap.org"
      },
      "geometry": {
        "type": "Point",
        "coordinates": [
          91.7851879,
          22.3628285
        ]
      }
    },
    {
      "type": "Feature",
      "properties": {
        "name": "cng",
        "brand": "CNG",
        "brand_code": "CNG",
        "operator": "",
        "address": "",
        "state": "",
        "city": "",
        "phone": "",
        "fuel_types": "CNG",
        "amenity": "cng",
        "source": "openstreetmap.org"
      },
      "geometry": {
        "type": "Point",
        "coordinates": [
          74.2117158,
          32.6467651
        ]
      }
    },
    {
      "type": "Feature",
      "properties": {
        "name": "Total CNG",
        "brand": "CNG",
        "brand_code": "CNG",
        "operator": "",
        "address": "",
        "state": "",
        "city": "",
        "phone": "",
        "fuel_types": "CNG",
        "amenity": "cng",
        "source": "openstreetmap.org"
      },
      "geometry": {
        "type": "Point",
        "coordinates": [
          73.7392215,
          32.904971
        ]
      }
    },
    {
      "type": "Feature",
      "properties": {
        "name": "Malik CNG",
        "brand": "CNG",
        "brand_code": "CNG",
        "operator": "",
        "address": "",
        "state": "",
        "city": "Gujar Khan",
        "phone": "",
        "fuel_types": "CNG",
        "amenity": "cng",
        "source": "openstreetmap.org"
      },
      "geometry": {
        "type": "Point",
        "coordinates": [
          73.3021971,
          33.2578586
        ]
      }
    },
    {
      "type": "Feature",
      "properties": {
        "name": "Madina CNG",
        "brand": "CNG",
        "brand_code": "CNG",
        "operator": "",
        "address": "",
        "state": "",
        "city": "راولپنڈی",
        "phone": "",
        "fuel_types": "CNG",
        "amenity": "cng",
        "source": "openstreetmap.org"
      },
      "geometry": {
        "type": "Point",
        "coordinates": [
          73.1279386,
          33.600647
        ]
      }
    },
    {
      "type": "Feature",
      "properties": {
        "name": "Pak CNG",
        "brand": "CNG",
        "brand_code": "CNG",
        "operator": "",
        "address": "",
        "state": "",
        "city": "",
        "phone": "",
        "fuel_types": "CNG",
        "amenity": "cng",
        "source": "openstreetmap.org"
      },
      "geometry": {
        "type": "Point",
        "coordinates": [
          73.1098831,
          33.6080002
        ]
      }
    },
    {
      "type": "Feature",
      "properties": {
        "name": "Total CNG & Petrol Pump",
        "brand": "CNG",
        "brand_code": "CNG",
        "operator": "",
        "address": "",
        "state": "",
        "city": "",
        "phone": "",
        "fuel_types": "CNG",
        "amenity": "cng",
        "source": "openstreetmap.org"
      },
      "geometry": {
        "type": "Point",
        "coordinates": [
          73.1234666,
          33.6191566
        ]
      }
    },
    {
      "type": "Feature",
      "properties": {
        "name": "AR Traders CNG",
        "brand": "CNG",
        "brand_code": "CNG",
        "operator": "",
        "address": "",
        "state": "",
        "city": "",
        "phone": "",
        "fuel_types": "CNG",
        "amenity": "cng",
        "source": "openstreetmap.org"
      },
      "geometry": {
        "type": "Point",
        "coordinates": [
          73.1207522,
          33.6227302
        ]
      }
    },
    {
      "type": "Feature",
      "properties": {
        "name": "Ayesha CNG",
        "brand": "CNG",
        "brand_code": "CNG",
        "operator": "",
        "address": "West Canal Road",
        "state": "",
        "city": "فیصل آباد",
        "phone": "",
        "fuel_types": "CNG",
        "amenity": "cng",
        "source": "openstreetmap.org"
      },
      "geometry": {
        "type": "Point",
        "coordinates": [
          73.1166363,
          31.427972
        ]
      }
    },
    {
      "type": "Feature",
      "properties": {
        "name": "Abbasi CNG Station",
        "brand": "CNG",
        "brand_code": "CNG",
        "operator": "",
        "address": "",
        "state": "",
        "city": "",
        "phone": "",
        "fuel_types": "CNG",
        "amenity": "cng",
        "source": "openstreetmap.org"
      },
      "geometry": {
        "type": "Point",
        "coordinates": [
          73.1700632,
          33.735541
        ]
      }
    },
    {
      "type": "Feature",
      "properties": {
        "name": "Hascol CNG and Petrol Pump",
        "brand": "CNG",
        "brand_code": "CNG",
        "operator": "",
        "address": "",
        "state": "",
        "city": "",
        "phone": "",
        "fuel_types": "CNG",
        "amenity": "cng",
        "source": "openstreetmap.org"
      },
      "geometry": {
        "type": "Point",
        "coordinates": [
          73.169693,
          33.7353804
        ]
      }
    },
    {
      "type": "Feature",
      "properties": {
        "name": "cng",
        "brand": "CNG",
        "brand_code": "CNG",
        "operator": "",
        "address": "",
        "state": "",
        "city": "",
        "phone": "",
        "fuel_types": "CNG",
        "amenity": "cng",
        "source": "openstreetmap.org"
      },
      "geometry": {
        "type": "Point",
        "coordinates": [
          72.8999329,
          33.638567
        ]
      }
    },
    {
      "type": "Feature",
      "properties": {
        "name": "cng",
        "brand": "CNG",
        "brand_code": "CNG",
        "operator": "",
        "address": "",
        "state": "",
        "city": "",
        "phone": "",
        "fuel_types": "CNG",
        "amenity": "cng",
        "source": "openstreetmap.org"
      },
      "geometry": {
        "type": "Point",
        "coordinates": [
          72.920956,
          33.9731915
        ]
      }
    },
    {
      "type": "Feature",
      "properties": {
        "name": "cng",
        "brand": "CNG",
        "brand_code": "CNG",
        "operator": "",
        "address": "",
        "state": "",
        "city": "",
        "phone": "",
        "fuel_types": "CNG",
        "amenity": "cng",
        "source": "openstreetmap.org"
      },
      "geometry": {
        "type": "Point",
        "coordinates": [
          72.9211049,
          33.9738341
        ]
      }
    },
    {
      "type": "Feature",
      "properties": {
        "name": "malik ahmer cng station",
        "brand": "CNG",
        "brand_code": "CNG",
        "operator": "",
        "address": "",
        "state": "",
        "city": "",
        "phone": "",
        "fuel_types": "CNG",
        "amenity": "cng",
        "source": "openstreetmap.org"
      },
      "geometry": {
        "type": "Point",
        "coordinates": [
          72.9236376,
          33.9943264
        ]
      }
    },
    {
      "type": "Feature",
      "properties": {
        "name": "Haq CNG",
        "brand": "CNG",
        "brand_code": "CNG",
        "operator": "",
        "address": "",
        "state": "",
        "city": "",
        "phone": "",
        "fuel_types": "CNG",
        "amenity": "cng",
        "source": "openstreetmap.org"
      },
      "geometry": {
        "type": "Point",
        "coordinates": [
          72.9279268,
          33.9951488
        ]
      }
    },
    {
      "type": "Feature",
      "properties": {
        "name": "Indus Cng",
        "brand": "CNG",
        "brand_code": "CNG",
        "operator": "",
        "address": "",
        "state": "",
        "city": "",
        "phone": "",
        "fuel_types": "CNG",
        "amenity": "cng",
        "source": "openstreetmap.org"
      },
      "geometry": {
        "type": "Point",
        "coordinates": [
          72.4699606,
          33.8817913
        ]
      }
    },
    {
      "type": "Feature",
      "properties": {
        "name": "Energetic CNG Gas Station",
        "brand": "CNG",
        "brand_code": "CNG",
        "operator": "Khairul Akbar",
        "address": "Swabi-Jehangira Rd.",
        "state": "",
        "city": "Anmbar",
        "phone": "",
        "fuel_types": "CNG",
        "amenity": "cng",
        "source": "openstreetmap.org"
      },
      "geometry": {
        "type": "Point",
        "coordinates": [
          72.4168445,
          34.0474806
        ]
      }
    },
    {
      "type": "Feature",
      "properties": {
        "name": "Royal CNG",
        "brand": "CNG",
        "brand_code": "CNG",
        "operator": "",
        "address": "Faisalabad-Sheikhupura-Lahore Road",
        "state": "",
        "city": "فیصل آباد",
        "phone": "",
        "fuel_types": "CNG",
        "amenity": "cng",
        "source": "openstreetmap.org"
      },
      "geometry": {
        "type": "Point",
        "coordinates": [
          73.2194778,
          31.4767432
        ]
      }
    },
    {
      "type": "Feature",
      "properties": {
        "name": "Qasim CNG",
        "brand": "CNG",
        "brand_code": "CNG",
        "operator": "",
        "address": "Faisalabad-Sheikhupura-Lahore Road",
        "state": "",
        "city": "فیصل آباد",
        "phone": "",
        "fuel_types": "CNG",
        "amenity": "cng",
        "source": "openstreetmap.org"
      },
      "geometry": {
        "type": "Point",
        "coordinates": [
          73.218696,
          31.4764663
        ]
      }
    },
    {
      "type": "Feature",
      "properties": {
        "name": "Amir Shahzad CNG",
        "brand": "CNG",
        "brand_code": "CNG",
        "operator": "",
        "address": "",
        "state": "",
        "city": "",
        "phone": "",
        "fuel_types": "CNG",
        "amenity": "cng",
        "source": "openstreetmap.org"
      },
      "geometry": {
        "type": "Point",
        "coordinates": [
          73.3872113,
          31.5318297
        ]
      }
    },
    {
      "type": "Feature",
      "properties": {
        "name": "shahkot cng",
        "brand": "CNG",
        "brand_code": "CNG",
        "operator": "",
        "address": "",
        "state": "",
        "city": "",
        "phone": "",
        "fuel_types": "CNG",
        "amenity": "cng",
        "source": "openstreetmap.org"
      },
      "geometry": {
        "type": "Point",
        "coordinates": [
          73.4627081,
          31.5775746
        ]
      }
    },
    {
      "type": "Feature",
      "properties": {
        "name": "Al Rehmat CNG",
        "brand": "CNG",
        "brand_code": "CNG",
        "operator": "",
        "address": "",
        "state": "",
        "city": "",
        "phone": "",
        "fuel_types": "CNG",
        "amenity": "cng",
        "source": "openstreetmap.org"
      },
      "geometry": {
        "type": "Point",
        "coordinates": [
          74.1512589,
          32.2919665
        ]
      }
    },
    {
      "type": "Feature",
      "properties": {
        "name": "CNG",
        "brand": "CNG",
        "brand_code": "CNG",
        "operator": "",
        "address": "",
        "state": "",
        "city": "",
        "phone": "",
        "fuel_types": "CNG",
        "amenity": "cng",
        "source": "openstreetmap.org"
      },
      "geometry": {
        "type": "Point",
        "coordinates": [
          96.1719084,
          16.8246756
        ]
      }
    },
    {
      "type": "Feature",
      "properties": {
        "name": "CNG",
        "brand": "CNG",
        "brand_code": "CNG",
        "operator": "",
        "address": "",
        "state": "",
        "city": "",
        "phone": "",
        "fuel_types": "CNG",
        "amenity": "cng",
        "source": "openstreetmap.org"
      },
      "geometry": {
        "type": "Point",
        "coordinates": [
          96.1857622,
          16.8025986
        ]
      }
    },
    {
      "type": "Feature",
      "properties": {
        "name": "Midway CNG",
        "brand": "CNG",
        "brand_code": "CNG",
        "operator": "",
        "address": "",
        "state": "",
        "city": "",
        "phone": "",
        "fuel_types": "CNG",
        "amenity": "cng",
        "source": "openstreetmap.org"
      },
      "geometry": {
        "type": "Point",
        "coordinates": [
          73.0736067,
          33.6347533
        ]
      }
    },
    {
      "type": "Feature",
      "properties": {
        "name": "Paris CNG",
        "brand": "CNG",
        "brand_code": "CNG",
        "operator": "",
        "address": "",
        "state": "",
        "city": "",
        "phone": "",
        "fuel_types": "CNG",
        "amenity": "cng",
        "source": "openstreetmap.org"
      },
      "geometry": {
        "type": "Point",
        "coordinates": [
          74.1215025,
          32.4071671
        ]
      }
    },
    {
      "type": "Feature",
      "properties": {
        "name": "Ittehad CNG",
        "brand": "CNG",
        "brand_code": "CNG",
        "operator": "",
        "address": "",
        "state": "",
        "city": "",
        "phone": "",
        "fuel_types": "CNG",
        "amenity": "cng",
        "source": "openstreetmap.org"
      },
      "geometry": {
        "type": "Point",
        "coordinates": [
          74.352403,
          32.3410362
        ]
      }
    },
    {
      "type": "Feature",
      "properties": {
        "name": "DIN CNG",
        "brand": "CNG",
        "brand_code": "CNG",
        "operator": "",
        "address": "",
        "state": "",
        "city": "",
        "phone": "",
        "fuel_types": "CNG",
        "amenity": "cng",
        "source": "openstreetmap.org"
      },
      "geometry": {
        "type": "Point",
        "coordinates": [
          74.3796941,
          32.3400864
        ]
      }
    },
    {
      "type": "Feature",
      "properties": {
        "name": "Shell CNG & petrol",
        "brand": "CNG",
        "brand_code": "CNG",
        "operator": "",
        "address": "",
        "state": "",
        "city": "",
        "phone": "",
        "fuel_types": "CNG",
        "amenity": "cng",
        "source": "openstreetmap.org"
      },
      "geometry": {
        "type": "Point",
        "coordinates": [
          72.4913205,
          30.9779704
        ]
      }
    },
    {
      "type": "Feature",
      "properties": {
        "name": "Rammy CNG",
        "brand": "CNG",
        "brand_code": "CNG",
        "operator": "",
        "address": "",
        "state": "",
        "city": "",
        "phone": "",
        "fuel_types": "CNG",
        "amenity": "cng",
        "source": "openstreetmap.org"
      },
      "geometry": {
        "type": "Point",
        "coordinates": [
          72.7030088,
          31.1800143
        ]
      }
    },
    {
      "type": "Feature",
      "properties": {
        "name": "Madina Pak CNG",
        "brand": "CNG",
        "brand_code": "CNG",
        "operator": "",
        "address": "",
        "state": "",
        "city": "",
        "phone": "",
        "fuel_types": "CNG",
        "amenity": "cng",
        "source": "openstreetmap.org"
      },
      "geometry": {
        "type": "Point",
        "coordinates": [
          72.8672884,
          31.3544136
        ]
      }
    },
    {
      "type": "Feature",
      "properties": {
        "name": "CNG Station",
        "brand": "CNG",
        "brand_code": "CNG",
        "operator": "",
        "address": "Service Road",
        "state": "",
        "city": "Gujranwala",
        "phone": "",
        "fuel_types": "CNG",
        "amenity": "cng",
        "source": "openstreetmap.org"
      },
      "geometry": {
        "type": "Point",
        "coordinates": [
          74.1815015,
          32.1844137
        ]
      }
    },
    {
      "type": "Feature",
      "properties": {
        "name": "CNG Station",
        "brand": "CNG",
        "brand_code": "CNG",
        "operator": "",
        "address": "Service Road",
        "state": "",
        "city": "Gujranwala",
        "phone": "",
        "fuel_types": "CNG",
        "amenity": "cng",
        "source": "openstreetmap.org"
      },
      "geometry": {
        "type": "Point",
        "coordinates": [
          74.1826847,
          32.1802603
        ]
      }
    },
    {
      "type": "Feature",
      "properties": {
        "name": "CNG Station",
        "brand": "CNG",
        "brand_code": "CNG",
        "operator": "",
        "address": "Service Road",
        "state": "",
        "city": "Gujranwala",
        "phone": "",
        "fuel_types": "CNG",
        "amenity": "cng",
        "source": "openstreetmap.org"
      },
      "geometry": {
        "type": "Point",
        "coordinates": [
          74.1856685,
          32.1706362
        ]
      }
    },
    {
      "type": "Feature",
      "properties": {
        "name": "Mario CNG",
        "brand": "CNG",
        "brand_code": "CNG",
        "operator": "",
        "address": "",
        "state": "",
        "city": "",
        "phone": "",
        "fuel_types": "CNG",
        "amenity": "cng",
        "source": "openstreetmap.org"
      },
      "geometry": {
        "type": "Point",
        "coordinates": [
          73.7352527,
          32.9043798
        ]
      }
    },
    {
      "type": "Feature",
      "properties": {
        "name": "CNG Master",
        "brand": "CNG",
        "brand_code": "CNG",
        "operator": "",
        "address": "Mian Channu Bypass",
        "state": "",
        "city": "Mian Channu",
        "phone": "",
        "fuel_types": "CNG",
        "amenity": "cng",
        "source": "openstreetmap.org"
      },
      "geometry": {
        "type": "Point",
        "coordinates": [
          72.390568,
          30.4493185
        ]
      }
    },
    {
      "type": "Feature",
      "properties": {
        "name": "GAS SYNDICATE CNG STATION",
        "brand": "CNG",
        "brand_code": "CNG",
        "operator": "",
        "address": "",
        "state": "",
        "city": "",
        "phone": "",
        "fuel_types": "CNG",
        "amenity": "cng",
        "source": "openstreetmap.org"
      },
      "geometry": {
        "type": "Point",
        "coordinates": [
          72.0295955,
          34.009585
        ]
      }
    },
    {
      "type": "Feature",
      "properties": {
        "name": "CNG",
        "brand": "CNG",
        "brand_code": "CNG",
        "operator": "HP",
        "address": "",
        "state": "",
        "city": "",
        "phone": "",
        "fuel_types": "CNG",
        "amenity": "cng",
        "source": "openstreetmap.org"
      },
      "geometry": {
        "type": "Point",
        "coordinates": [
          72.8772337,
          19.0765873
        ]
      }
    },
    {
      "type": "Feature",
      "properties": {
        "name": "CNG Filling Station",
        "brand": "CNG",
        "brand_code": "CNG",
        "operator": "",
        "address": "",
        "state": "",
        "city": "",
        "phone": "",
        "fuel_types": "CNG",
        "amenity": "cng",
        "source": "openstreetmap.org"
      },
      "geometry": {
        "type": "Point",
        "coordinates": [
          90.3631985,
          23.7312821
        ]
      }
    },
    {
      "type": "Feature",
      "properties": {
        "name": "JMI CNG, Gojaria",
        "brand": "CNG",
        "brand_code": "CNG",
        "operator": "",
        "address": "",
        "state": "",
        "city": "",
        "phone": "",
        "fuel_types": "CNG",
        "amenity": "cng",
        "source": "openstreetmap.org"
      },
      "geometry": {
        "type": "Point",
        "coordinates": [
          90.6441033,
          23.572935
        ]
      }
    },
    {
      "type": "Feature",
      "properties": {
        "name": "CNG Pump",
        "brand": "CNG",
        "brand_code": "CNG",
        "operator": "",
        "address": "",
        "state": "",
        "city": "attock",
        "phone": "",
        "fuel_types": "CNG",
        "amenity": "cng",
        "source": "openstreetmap.org"
      },
      "geometry": {
        "type": "Point",
        "coordinates": [
          72.3600041,
          33.7928817
        ]
      }
    },
    {
      "type": "Feature",
      "properties": {
        "name": "CNG Station",
        "brand": "CNG",
        "brand_code": "CNG",
        "operator": "Shell",
        "address": "",
        "state": "",
        "city": "Attock",
        "phone": "",
        "fuel_types": "CNG",
        "amenity": "cng",
        "source": "openstreetmap.org"
      },
      "geometry": {
        "type": "Point",
        "coordinates": [
          72.3608245,
          33.7744896
        ]
      }
    },
    {
      "type": "Feature",
      "properties": {
        "name": "Safe way CNG",
        "brand": "CNG",
        "brand_code": "CNG",
        "operator": "",
        "address": "",
        "state": "",
        "city": "",
        "phone": "",
        "fuel_types": "CNG",
        "amenity": "cng",
        "source": "openstreetmap.org"
      },
      "geometry": {
        "type": "Point",
        "coordinates": [
          72.3629369,
          33.7686479
        ]
      }
    },
    {
      "type": "Feature",
      "properties": {
        "name": "CNG Station",
        "brand": "CNG",
        "brand_code": "CNG",
        "operator": "",
        "address": "",
        "state": "",
        "city": "",
        "phone": "",
        "fuel_types": "CNG",
        "amenity": "cng",
        "source": "openstreetmap.org"
      },
      "geometry": {
        "type": "Point",
        "coordinates": [
          72.3579779,
          33.7666786
        ]
      }
    },
    {
      "type": "Feature",
      "properties": {
        "name": "Attock CNG",
        "brand": "CNG",
        "brand_code": "CNG",
        "operator": "Attock CNG",
        "address": "",
        "state": "",
        "city": "attock",
        "phone": "",
        "fuel_types": "CNG",
        "amenity": "cng",
        "source": "openstreetmap.org"
      },
      "geometry": {
        "type": "Point",
        "coordinates": [
          72.356722,
          33.7662699
        ]
      }
    },
    {
      "type": "Feature",
      "properties": {
        "name": "Adani CNG Gas Station",
        "brand": "Adani",
        "brand_code": "CNG",
        "operator": "Adani",
        "address": "",
        "state": "",
        "city": "",
        "phone": "",
        "fuel_types": "CNG",
        "amenity": "cng",
        "source": "openstreetmap.org"
      },
      "geometry": {
        "type": "Point",
        "coordinates": [
          72.5864365,
          23.011445
        ]
      }
    },
    {
      "type": "Feature",
      "properties": {
        "name": "Byco petrol/cng",
        "brand": "CNG",
        "brand_code": "CNG",
        "operator": "",
        "address": "IJP Road",
        "state": "",
        "city": "",
        "phone": "",
        "fuel_types": "CNG",
        "amenity": "cng",
        "source": "openstreetmap.org"
      },
      "geometry": {
        "type": "Point",
        "coordinates": [
          73.0191808,
          33.6274834
        ]
      }
    },
    {
      "type": "Feature",
      "properties": {
        "name": "Fakhar CNG",
        "brand": "CNG",
        "brand_code": "CNG",
        "operator": "",
        "address": "Main Blvd",
        "state": "",
        "city": "فیصل آباد",
        "phone": "",
        "fuel_types": "CNG",
        "amenity": "cng",
        "source": "openstreetmap.org"
      },
      "geometry": {
        "type": "Point",
        "coordinates": [
          73.1036391,
          31.4013216
        ]
      }
    },
    {
      "type": "Feature",
      "properties": {
        "name": "Hafiza CNG Filling Station",
        "brand": "CNG",
        "brand_code": "CNG",
        "operator": "",
        "address": "Road # 4",
        "state": "",
        "city": "",
        "phone": "",
        "fuel_types": "CNG",
        "amenity": "cng",
        "source": "openstreetmap.org"
      },
      "geometry": {
        "type": "Point",
        "coordinates": [
          90.3626159,
          23.777474
        ]
      }
    },
    {
      "type": "Feature",
      "properties": {
        "name": "Tabuk CNG",
        "brand": "CNG",
        "brand_code": "CNG",
        "operator": "",
        "address": "Kuri Road",
        "state": "",
        "city": "",
        "phone": "",
        "fuel_types": "CNG",
        "amenity": "cng",
        "source": "openstreetmap.org"
      },
      "geometry": {
        "type": "Point",
        "coordinates": [
          73.0920462,
          33.6372347
        ]
      }
    },
    {
      "type": "Feature",
      "properties": {
        "name": "savour cng",
        "brand": "CNG",
        "brand_code": "CNG",
        "operator": "",
        "address": "",
        "state": "",
        "city": "",
        "phone": "",
        "fuel_types": "CNG",
        "amenity": "cng",
        "source": "openstreetmap.org"
      },
      "geometry": {
        "type": "Point",
        "coordinates": [
          72.99421,
          33.6159728
        ]
      }
    },
    {
      "type": "Feature",
      "properties": {
        "name": "Saddat CNG",
        "brand": "CNG",
        "brand_code": "CNG",
        "operator": "",
        "address": "",
        "state": "",
        "city": "",
        "phone": "",
        "fuel_types": "CNG",
        "amenity": "cng",
        "source": "openstreetmap.org"
      },
      "geometry": {
        "type": "Point",
        "coordinates": [
          73.068815,
          33.9973729
        ]
      }
    },
    {
      "type": "Feature",
      "properties": {
        "name": "Bharat petroleum CNG",
        "brand": "CNG",
        "brand_code": "CNG",
        "operator": "",
        "address": "sh-41",
        "state": "",
        "city": "",
        "phone": "",
        "fuel_types": "CNG",
        "amenity": "cng",
        "source": "openstreetmap.org"
      },
      "geometry": {
        "type": "Point",
        "coordinates": [
          72.4407812,
          23.2796375
        ]
      }
    },
    {
      "type": "Feature",
      "properties": {
        "name": "bharat petroleum CNG",
        "brand": "CNG",
        "brand_code": "CNG",
        "operator": "",
        "address": "Ahmedabad Palanpur State Highway SH41",
        "state": "",
        "city": "",
        "phone": "",
        "fuel_types": "CNG",
        "amenity": "cng",
        "source": "openstreetmap.org"
      },
      "geometry": {
        "type": "Point",
        "coordinates": [
          72.4089456,
          23.3721677
        ]
      }
    },
    {
      "type": "Feature",
      "properties": {
        "name": "CNG",
        "brand": "CNG",
        "brand_code": "CNG",
        "operator": "",
        "address": "NH-41",
        "state": "",
        "city": "",
        "phone": "",
        "fuel_types": "CNG",
        "amenity": "cng",
        "source": "openstreetmap.org"
      },
      "geometry": {
        "type": "Point",
        "coordinates": [
          71.7231369,
          22.5619694
        ]
      }
    },
    {
      "type": "Feature",
      "properties": {
        "name": "CNG station  Mother",
        "brand": "CNG",
        "brand_code": "CNG",
        "operator": "",
        "address": "Bechraji road",
        "state": "",
        "city": "",
        "phone": "",
        "fuel_types": "CNG",
        "amenity": "cng",
        "source": "openstreetmap.org"
      },
      "geometry": {
        "type": "Point",
        "coordinates": [
          72.35461,
          23.5685883
        ]
      }
    },
    {
      "type": "Feature",
      "properties": {
        "name": "Bharat patrolium CNG",
        "brand": "CNG",
        "brand_code": "CNG",
        "operator": "",
        "address": "",
        "state": "",
        "city": "",
        "phone": "",
        "fuel_types": "CNG",
        "amenity": "cng",
        "source": "openstreetmap.org"
      },
      "geometry": {
        "type": "Point",
        "coordinates": [
          72.443245,
          23.2763234
        ]
      }
    },
    {
      "type": "Feature",
      "properties": {
        "name": "CNG Adani",
        "brand": "CNG",
        "brand_code": "CNG",
        "operator": "",
        "address": "Ashram Road",
        "state": "",
        "city": "",
        "phone": "",
        "fuel_types": "CNG",
        "amenity": "cng",
        "source": "openstreetmap.org"
      },
      "geometry": {
        "type": "Point",
        "coordinates": [
          72.5644029,
          23.0135186
        ]
      }
    },
    {
      "type": "Feature",
      "properties": {
        "name": "Cng Petrol pump",
        "brand": "CNG",
        "brand_code": "CNG",
        "operator": "",
        "address": "",
        "state": "",
        "city": "",
        "phone": "",
        "fuel_types": "CNG",
        "amenity": "cng",
        "source": "openstreetmap.org"
      },
      "geometry": {
        "type": "Point",
        "coordinates": [
          72.6319464,
          23.0523451
        ]
      }
    },
    {
      "type": "Feature",
      "properties": {
        "name": "Asim CNG",
        "brand": "CNG",
        "brand_code": "CNG",
        "operator": "",
        "address": "",
        "state": "",
        "city": "",
        "phone": "",
        "fuel_types": "CNG",
        "amenity": "cng",
        "source": "openstreetmap.org"
      },
      "geometry": {
        "type": "Point",
        "coordinates": [
          72.611466,
          34.0708108
        ]
      }
    },
    {
      "type": "Feature",
      "properties": {
        "name": "Akazai CNG",
        "brand": "CNG",
        "brand_code": "CNG",
        "operator": "",
        "address": "",
        "state": "",
        "city": "",
        "phone": "",
        "fuel_types": "CNG",
        "amenity": "cng",
        "source": "openstreetmap.org"
      },
      "geometry": {
        "type": "Point",
        "coordinates": [
          72.6097301,
          34.0724137
        ]
      }
    },
    {
      "type": "Feature",
      "properties": {
        "name": "CNG Pump",
        "brand": "CNG",
        "brand_code": "CNG",
        "operator": "",
        "address": "",
        "state": "",
        "city": "",
        "phone": "",
        "fuel_types": "CNG",
        "amenity": "cng",
        "source": "openstreetmap.org"
      },
      "geometry": {
        "type": "Point",
        "coordinates": [
          77.1067343,
          28.5584543
        ]
      }
    },
    {
      "type": "Feature",
      "properties": {
        "name": "Attock Petrol & Cng station",
        "brand": "CNG",
        "brand_code": "CNG",
        "operator": "",
        "address": "",
        "state": "",
        "city": "",
        "phone": "",
        "fuel_types": "CNG",
        "amenity": "cng",
        "source": "openstreetmap.org"
      },
      "geometry": {
        "type": "Point",
        "coordinates": [
          73.0707406,
          33.6130691
        ]
      }
    },
    {
      "type": "Feature",
      "properties": {
        "name": "Best Eastern CNG Station",
        "brand": "CNG",
        "brand_code": "CNG",
        "operator": "",
        "address": "Autish Dipankar Road",
        "state": "",
        "city": "",
        "phone": "",
        "fuel_types": "CNG",
        "amenity": "cng",
        "source": "openstreetmap.org"
      },
      "geometry": {
        "type": "Point",
        "coordinates": [
          90.4290225,
          23.7237223
        ]
      }
    },
    {
      "type": "Feature",
      "properties": {
        "name": "Petrol CNG pump",
        "brand": "CNG",
        "brand_code": "CNG",
        "operator": "",
        "address": "Odhav Road",
        "state": "",
        "city": "",
        "phone": "",
        "fuel_types": "CNG",
        "amenity": "cng",
        "source": "openstreetmap.org"
      },
      "geometry": {
        "type": "Point",
        "coordinates": [
          72.6508243,
          23.0219685
        ]
      }
    },
    {
      "type": "Feature",
      "properties": {
        "name": "Gujarat Gas CNG pump",
        "brand": "CNG",
        "brand_code": "CNG",
        "operator": "",
        "address": "",
        "state": "",
        "city": "",
        "phone": "",
        "fuel_types": "CNG",
        "amenity": "cng",
        "source": "openstreetmap.org"
      },
      "geometry": {
        "type": "Point",
        "coordinates": [
          71.6055482,
          22.7145446
        ]
      }
    },
    {
      "type": "Feature",
      "properties": {
        "name": "Gujarat gas CNG",
        "brand": "CNG",
        "brand_code": "CNG",
        "operator": "",
        "address": "lakhtar road",
        "state": "",
        "city": "",
        "phone": "",
        "fuel_types": "CNG",
        "amenity": "cng",
        "source": "openstreetmap.org"
      },
      "geometry": {
        "type": "Point",
        "coordinates": [
          71.7978884,
          22.8604328
        ]
      }
    },
    {
      "type": "Feature",
      "properties": {
        "name": "CNG pump Gspc",
        "brand": "CNG",
        "brand_code": "CNG",
        "operator": "",
        "address": "",
        "state": "",
        "city": "",
        "phone": "",
        "fuel_types": "CNG",
        "amenity": "cng",
        "source": "openstreetmap.org"
      },
      "geometry": {
        "type": "Point",
        "coordinates": [
          72.9288688,
          22.5398438
        ]
      }
    },
    {
      "type": "Feature",
      "properties": {
        "name": "CNG Petrol pump",
        "brand": "CNG",
        "brand_code": "CNG",
        "operator": "",
        "address": "",
        "state": "",
        "city": "",
        "phone": "",
        "fuel_types": "CNG",
        "amenity": "cng",
        "source": "openstreetmap.org"
      },
      "geometry": {
        "type": "Point",
        "coordinates": [
          73.2024833,
          22.3450417
        ]
      }
    },
    {
      "type": "Feature",
      "properties": {
        "name": "Roshni CNG",
        "brand": "CNG",
        "brand_code": "CNG",
        "operator": "",
        "address": "Grand Trunk Road",
        "state": "",
        "city": "",
        "phone": "",
        "fuel_types": "CNG",
        "amenity": "cng",
        "source": "openstreetmap.org"
      },
      "geometry": {
        "type": "Point",
        "coordinates": [
          74.2384661,
          31.8902005
        ]
      }
    },
    {
      "type": "Feature",
      "properties": {
        "name": "CNG Fuel Station",
        "brand": "IGL",
        "brand_code": "CNG",
        "operator": "IGL",
        "address": "",
        "state": "",
        "city": "",
        "phone": "",
        "fuel_types": "CNG",
        "amenity": "cng",
        "source": "openstreetmap.org"
      },
      "geometry": {
        "type": "Point",
        "coordinates": [
          77.0369101,
          28.5906402
        ]
      }
    },
    {
      "type": "Feature",
      "properties": {
        "name": "CNG Indian oil petrol pump",
        "brand": "Indian Oil",
        "brand_code": "CNG",
        "operator": "",
        "address": "",
        "state": "",
        "city": "",
        "phone": "",
        "fuel_types": "CNG",
        "amenity": "cng",
        "source": "openstreetmap.org"
      },
      "geometry": {
        "type": "Point",
        "coordinates": [
          70.7691974,
          22.2841858
        ]
      }
    },
    {
      "type": "Feature",
      "properties": {
        "name": "CNG Indian oil petrol pump",
        "brand": "Indian Oil",
        "brand_code": "CNG",
        "operator": "",
        "address": "",
        "state": "",
        "city": "",
        "phone": "",
        "fuel_types": "CNG",
        "amenity": "cng",
        "source": "openstreetmap.org"
      },
      "geometry": {
        "type": "Point",
        "coordinates": [
          70.7040292,
          22.2585769
        ]
      }
    },
    {
      "type": "Feature",
      "properties": {
        "name": "CNG pump",
        "brand": "CNG",
        "brand_code": "CNG",
        "operator": "",
        "address": "",
        "state": "",
        "city": "",
        "phone": "",
        "fuel_types": "CNG",
        "amenity": "cng",
        "source": "openstreetmap.org"
      },
      "geometry": {
        "type": "Point",
        "coordinates": [
          71.8150878,
          22.5743828
        ]
      }
    },
    {
      "type": "Feature",
      "properties": {
        "name": "CNG Hp petroleum",
        "brand": "CNG",
        "brand_code": "CNG",
        "operator": "",
        "address": "",
        "state": "",
        "city": "",
        "phone": "",
        "fuel_types": "CNG",
        "amenity": "cng",
        "source": "openstreetmap.org"
      },
      "geometry": {
        "type": "Point",
        "coordinates": [
          72.2063059,
          22.6461786
        ]
      }
    },
    {
      "type": "Feature",
      "properties": {
        "name": "CNG",
        "brand": "CNG",
        "brand_code": "CNG",
        "operator": "",
        "address": "",
        "state": "",
        "city": "",
        "phone": "",
        "fuel_types": "CNG",
        "amenity": "cng",
        "source": "openstreetmap.org"
      },
      "geometry": {
        "type": "Point",
        "coordinates": [
          71.717619,
          22.5640796
        ]
      }
    },
    {
      "type": "Feature",
      "properties": {
        "name": "CNG petrol",
        "brand": "CNG",
        "brand_code": "CNG",
        "operator": "",
        "address": "",
        "state": "",
        "city": "",
        "phone": "",
        "fuel_types": "CNG",
        "amenity": "cng",
        "source": "openstreetmap.org"
      },
      "geometry": {
        "type": "Point",
        "coordinates": [
          72.6859059,
          31.1565575
        ]
      }
    },
    {
      "type": "Feature",
      "properties": {
        "name": "Attock CNG",
        "brand": "CNG",
        "brand_code": "CNG",
        "operator": "",
        "address": "",
        "state": "",
        "city": "",
        "phone": "",
        "fuel_types": "CNG",
        "amenity": "cng",
        "source": "openstreetmap.org"
      },
      "geometry": {
        "type": "Point",
        "coordinates": [
          74.2292448,
          31.9339326
        ]
      }
    },
    {
      "type": "Feature",
      "properties": {
        "name": "CNG gas only",
        "brand": "CNG",
        "brand_code": "CNG",
        "operator": "",
        "address": "",
        "state": "",
        "city": "",
        "phone": "",
        "fuel_types": "CNG",
        "amenity": "cng",
        "source": "openstreetmap.org"
      },
      "geometry": {
        "type": "Point",
        "coordinates": [
          72.5295505,
          23.210959
        ]
      }
    },
    {
      "type": "Feature",
      "properties": {
        "name": "CNG Bharat petroleum",
        "brand": "CNG",
        "brand_code": "CNG",
        "operator": "",
        "address": "Kasturba Gandhi Road",
        "state": "",
        "city": "",
        "phone": "",
        "fuel_types": "CNG",
        "amenity": "cng",
        "source": "openstreetmap.org"
      },
      "geometry": {
        "type": "Point",
        "coordinates": [
          72.5781297,
          23.0400891
        ]
      }
    },
    {
      "type": "Feature",
      "properties": {
        "name": "al  hussain cng",
        "brand": "CNG",
        "brand_code": "CNG",
        "operator": "",
        "address": "",
        "state": "",
        "city": "گجرات",
        "phone": "",
        "fuel_types": "Diesel, Petrol",
        "amenity": "cng",
        "source": "openstreetmap.org"
      },
      "geometry": {
        "type": "Point",
        "coordinates": [
          74.0879481,
          32.4958468
        ]
      }
    },
    {
      "type": "Feature",
      "properties": {
        "name": "PSO Station & CNG",
        "brand": "CNG",
        "brand_code": "CNG",
        "operator": "",
        "address": "",
        "state": "",
        "city": "",
        "phone": "",
        "fuel_types": "CNG",
        "amenity": "cng",
        "source": "openstreetmap.org"
      },
      "geometry": {
        "type": "Point",
        "coordinates": [
          73.0632456,
          33.6605005
        ]
      }
    },
    {
      "type": "Feature",
      "properties": {
        "name": "Petronas CNG Gas station",
        "brand": "CNG",
        "brand_code": "CNG",
        "operator": "",
        "address": "Magadi Road",
        "state": "",
        "city": "",
        "phone": "",
        "fuel_types": "CNG",
        "amenity": "cng",
        "source": "openstreetmap.org"
      },
      "geometry": {
        "type": "Point",
        "coordinates": [
          77.4797543,
          12.98575
        ]
      }
    },
    {
      "type": "Feature",
      "properties": {
        "name": "Kamal Brothers CNG",
        "brand": "CNG",
        "brand_code": "CNG",
        "operator": "",
        "address": "",
        "state": "",
        "city": "",
        "phone": "",
        "fuel_types": "CNG",
        "amenity": "cng",
        "source": "openstreetmap.org"
      },
      "geometry": {
        "type": "Point",
        "coordinates": [
          91.8559404,
          22.3142742
        ]
      }
    },
    {
      "type": "Feature",
      "properties": {
        "name": "CNG Fuel Station",
        "brand": "CNG",
        "brand_code": "CNG",
        "operator": "",
        "address": "",
        "state": "",
        "city": "",
        "phone": "",
        "fuel_types": "CNG",
        "amenity": "cng",
        "source": "openstreetmap.org"
      },
      "geometry": {
        "type": "Point",
        "coordinates": [
          90.3960067,
          23.750901
        ]
      }
    },
    {
      "type": "Feature",
      "properties": {
        "name": "Four Star CNG Refueling Station",
        "brand": "CNG",
        "brand_code": "CNG",
        "operator": "",
        "address": "",
        "state": "",
        "city": "",
        "phone": "",
        "fuel_types": "CNG",
        "amenity": "cng",
        "source": "openstreetmap.org"
      },
      "geometry": {
        "type": "Point",
        "coordinates": [
          91.8219816,
          22.3371821
        ]
      }
    },
    {
      "type": "Feature",
      "properties": {
        "name": "CNG gujarat",
        "brand": "CNG",
        "brand_code": "CNG",
        "operator": "",
        "address": "",
        "state": "",
        "city": "",
        "phone": "",
        "fuel_types": "CNG",
        "amenity": "cng",
        "source": "openstreetmap.org"
      },
      "geometry": {
        "type": "Point",
        "coordinates": [
          73.1603384,
          22.0797165
        ]
      }
    },
    {
      "type": "Feature",
      "properties": {
        "name": "Total CNG Station",
        "brand": "CNG",
        "brand_code": "CNG",
        "operator": "",
        "address": "",
        "state": "",
        "city": "",
        "phone": "",
        "fuel_types": "CNG",
        "amenity": "cng",
        "source": "openstreetmap.org"
      },
      "geometry": {
        "type": "Point",
        "coordinates": [
          74.2100528,
          32.0455012
        ]
      }
    },
    {
      "type": "Feature",
      "properties": {
        "name": "Cng petrol pump",
        "brand": "CNG",
        "brand_code": "CNG",
        "operator": "",
        "address": "",
        "state": "",
        "city": "",
        "phone": "",
        "fuel_types": "CNG",
        "amenity": "cng",
        "source": "openstreetmap.org"
      },
      "geometry": {
        "type": "Point",
        "coordinates": [
          72.9538973,
          21.2988092
        ]
      }
    },
    {
      "type": "Feature",
      "properties": {
        "name": "salam CNG",
        "brand": "CNG",
        "brand_code": "CNG",
        "operator": "",
        "address": "",
        "state": "",
        "city": "",
        "phone": "",
        "fuel_types": "CNG",
        "amenity": "cng",
        "source": "openstreetmap.org"
      },
      "geometry": {
        "type": "Point",
        "coordinates": [
          73.0233987,
          32.32061
        ]
      }
    },
    {
      "type": "Feature",
      "properties": {
        "name": "Lilla CNG",
        "brand": "CNG",
        "brand_code": "CNG",
        "operator": "",
        "address": "Street 37",
        "state": "",
        "city": "اسلام آباد",
        "phone": "",
        "fuel_types": "CNG",
        "amenity": "cng",
        "source": "openstreetmap.org"
      },
      "geometry": {
        "type": "Point",
        "coordinates": [
          73.0180858,
          33.6718507
        ]
      }
    },
    {
      "type": "Feature",
      "properties": {
        "name": "CNG Filling Station",
        "brand": "CNG",
        "brand_code": "CNG",
        "operator": "",
        "address": "Murree Road",
        "state": "",
        "city": "راولپنڈی",
        "phone": "",
        "fuel_types": "CNG",
        "amenity": "cng",
        "source": "openstreetmap.org"
      },
      "geometry": {
        "type": "Point",
        "coordinates": [
          73.0662751,
          33.6167568
        ]
      }
    },
    {
      "type": "Feature",
      "properties": {
        "name": "Zoom (Chohan Filling & CNG)",
        "brand": "CNG",
        "brand_code": "CNG",
        "operator": "",
        "address": "Kashmir Road",
        "state": "",
        "city": "Sialkot",
        "phone": "",
        "fuel_types": "CNG",
        "amenity": "cng",
        "source": "openstreetmap.org"
      },
      "geometry": {
        "type": "Point",
        "coordinates": [
          74.4615865,
          32.4839524
        ]
      }
    },
    {
      "type": "Feature",
      "properties": {
        "name": "Askari CNG Station",
        "brand": "CNG",
        "brand_code": "CNG",
        "operator": "",
        "address": "Railway Road",
        "state": "",
        "city": "Sialkot",
        "phone": "",
        "fuel_types": "CNG",
        "amenity": "cng",
        "source": "openstreetmap.org"
      },
      "geometry": {
        "type": "Point",
        "coordinates": [
          74.5460655,
          32.4994761
        ]
      }
    },
    {
      "type": "Feature",
      "properties": {
        "name": "Mehar CNG Station",
        "brand": "CNG",
        "brand_code": "CNG",
        "operator": "",
        "address": "Service Road",
        "state": "",
        "city": "Gujranwala",
        "phone": "",
        "fuel_types": "CNG",
        "amenity": "cng",
        "source": "openstreetmap.org"
      },
      "geometry": {
        "type": "Point",
        "coordinates": [
          74.1835513,
          32.1813233
        ]
      }
    },
    {
      "type": "Feature",
      "properties": {
        "name": "Sewa CNG Station",
        "brand": "CNG",
        "brand_code": "CNG",
        "operator": "",
        "address": "Grand Trunk Road",
        "state": "",
        "city": "Asghar Colony",
        "phone": "",
        "fuel_types": "CNG",
        "amenity": "cng",
        "source": "openstreetmap.org"
      },
      "geometry": {
        "type": "Point",
        "coordinates": [
          74.1937422,
          32.1325474
        ]
      }
    },
    {
      "type": "Feature",
      "properties": {
        "name": "National CNG",
        "brand": "CNG",
        "brand_code": "CNG",
        "operator": "",
        "address": "Grand Trunk Road",
        "state": "",
        "city": "Kamoki",
        "phone": "",
        "fuel_types": "CNG",
        "amenity": "cng",
        "source": "openstreetmap.org"
      },
      "geometry": {
        "type": "Point",
        "coordinates": [
          74.2202937,
          31.9836164
        ]
      }
    },
    {
      "type": "Feature",
      "properties": {
        "name": "Al Makkah CNG",
        "brand": "CNG",
        "brand_code": "CNG",
        "operator": "",
        "address": "Grand Trunk Road",
        "state": "",
        "city": "Kamoki",
        "phone": "",
        "fuel_types": "CNG",
        "amenity": "cng",
        "source": "openstreetmap.org"
      },
      "geometry": {
        "type": "Point",
        "coordinates": [
          74.2235617,
          31.9662395
        ]
      }
    },
    {
      "type": "Feature",
      "properties": {
        "name": "Mian CNG Kamoki",
        "brand": "CNG",
        "brand_code": "CNG",
        "operator": "",
        "address": "Grand Trunk Road",
        "state": "",
        "city": "Kamoki",
        "phone": "",
        "fuel_types": "CNG",
        "amenity": "cng",
        "source": "openstreetmap.org"
      },
      "geometry": {
        "type": "Point",
        "coordinates": [
          74.2240112,
          31.9637384
        ]
      }
    },
    {
      "type": "Feature",
      "properties": {
        "name": "Vigor CNG Station",
        "brand": "CNG",
        "brand_code": "CNG",
        "operator": "",
        "address": "Grand Trunk Road",
        "state": "",
        "city": "Kamoki",
        "phone": "",
        "fuel_types": "CNG",
        "amenity": "cng",
        "source": "openstreetmap.org"
      },
      "geometry": {
        "type": "Point",
        "coordinates": [
          74.2259283,
          31.9582771
        ]
      }
    },
    {
      "type": "Feature",
      "properties": {
        "name": "Anmol CNG",
        "brand": "CNG",
        "brand_code": "CNG",
        "operator": "",
        "address": "Grand Trunk Road",
        "state": "",
        "city": "Kamoki",
        "phone": "",
        "fuel_types": "CNG",
        "amenity": "cng",
        "source": "openstreetmap.org"
      },
      "geometry": {
        "type": "Point",
        "coordinates": [
          74.224981,
          31.9587186
        ]
      }
    },
    {
      "type": "Feature",
      "properties": {
        "name": "Vigor CNG",
        "brand": "CNG",
        "brand_code": "CNG",
        "operator": "",
        "address": "Grand Trunk Road",
        "state": "",
        "city": "Kamoki",
        "phone": "",
        "fuel_types": "CNG",
        "amenity": "cng",
        "source": "openstreetmap.org"
      },
      "geometry": {
        "type": "Point",
        "coordinates": [
          74.2268796,
          31.953379
        ]
      }
    },
    {
      "type": "Feature",
      "properties": {
        "name": "Attock Petroleum & CNG",
        "brand": "CNG",
        "brand_code": "CNG",
        "operator": "",
        "address": "Grand Trunk Road",
        "state": "",
        "city": "Kamoki",
        "phone": "",
        "fuel_types": "CNG",
        "amenity": "cng",
        "source": "openstreetmap.org"
      },
      "geometry": {
        "type": "Point",
        "coordinates": [
          74.2291805,
          31.9355124
        ]
      }
    },
    {
      "type": "Feature",
      "properties": {
        "name": "Al Makkhah CNG Station",
        "brand": "CNG",
        "brand_code": "CNG",
        "operator": "",
        "address": "Grand Trunk Road",
        "state": "",
        "city": "Muridke",
        "phone": "",
        "fuel_types": "CNG",
        "amenity": "cng",
        "source": "openstreetmap.org"
      },
      "geometry": {
        "type": "Point",
        "coordinates": [
          74.2516028,
          31.818061
        ]
      }
    },
    {
      "type": "Feature",
      "properties": {
        "name": "Super CNG",
        "brand": "CNG",
        "brand_code": "CNG",
        "operator": "",
        "address": "Grand Trunk Road",
        "state": "",
        "city": "Muridke",
        "phone": "",
        "fuel_types": "CNG",
        "amenity": "cng",
        "source": "openstreetmap.org"
      },
      "geometry": {
        "type": "Point",
        "coordinates": [
          74.2584509,
          31.7798734
        ]
      }
    },
    {
      "type": "Feature",
      "properties": {
        "name": "GO CNG Station",
        "brand": "CNG",
        "brand_code": "CNG",
        "operator": "",
        "address": "Grand Trunk Road",
        "state": "",
        "city": "Muridke",
        "phone": "",
        "fuel_types": "CNG",
        "amenity": "cng",
        "source": "openstreetmap.org"
      },
      "geometry": {
        "type": "Point",
        "coordinates": [
          74.2601322,
          31.7689932
        ]
      }
    },
    {
      "type": "Feature",
      "properties": {
        "name": "Chatta CNG Station",
        "brand": "CNG",
        "brand_code": "CNG",
        "operator": "",
        "address": "Grand Trunk Road",
        "state": "",
        "city": "Muridke",
        "phone": "",
        "fuel_types": "CNG",
        "amenity": "cng",
        "source": "openstreetmap.org"
      },
      "geometry": {
        "type": "Point",
        "coordinates": [
          74.2605073,
          31.7672059
        ]
      }
    },
    {
      "type": "Feature",
      "properties": {
        "name": "CNG Station Narowal",
        "brand": "CNG",
        "brand_code": "CNG",
        "operator": "",
        "address": "Narowal Muridke Road",
        "state": "",
        "city": "Muridke",
        "phone": "",
        "fuel_types": "CNG",
        "amenity": "cng",
        "source": "openstreetmap.org"
      },
      "geometry": {
        "type": "Point",
        "coordinates": [
          74.2617984,
          31.8128601
        ]
      }
    },
    {
      "type": "Feature",
      "properties": {
        "name": "Gas Line CNG",
        "brand": "CNG",
        "brand_code": "CNG",
        "operator": "",
        "address": "Grand Trunk Road",
        "state": "",
        "city": "Kala Shah Kaku",
        "phone": "",
        "fuel_types": "CNG",
        "amenity": "cng",
        "source": "openstreetmap.org"
      },
      "geometry": {
        "type": "Point",
        "coordinates": [
          74.2630629,
          31.7458181
        ]
      }
    },
    {
      "type": "Feature",
      "properties": {
        "name": "Anmol CNG",
        "brand": "CNG",
        "brand_code": "CNG",
        "operator": "",
        "address": "Grand Trunk Road",
        "state": "",
        "city": "Kala Shah Kaku",
        "phone": "",
        "fuel_types": "CNG",
        "amenity": "cng",
        "source": "openstreetmap.org"
      },
      "geometry": {
        "type": "Point",
        "coordinates": [
          74.2670597,
          31.7271071
        ]
      }
    },
    {
      "type": "Feature",
      "properties": {
        "name": "KSK CNG Station",
        "brand": "CNG",
        "brand_code": "CNG",
        "operator": "",
        "address": "Grand Trunk Road",
        "state": "",
        "city": "Kala Shah Kaku",
        "phone": "",
        "fuel_types": "CNG",
        "amenity": "cng",
        "source": "openstreetmap.org"
      },
      "geometry": {
        "type": "Point",
        "coordinates": [
          74.2696082,
          31.7189456
        ]
      }
    },
    {
      "type": "Feature",
      "properties": {
        "name": "RK CNG Station",
        "brand": "CNG",
        "brand_code": "CNG",
        "operator": "",
        "address": "Grand Trunk Road",
        "state": "",
        "city": "Kala Shah Kaku",
        "phone": "",
        "fuel_types": "CNG",
        "amenity": "cng",
        "source": "openstreetmap.org"
      },
      "geometry": {
        "type": "Point",
        "coordinates": [
          74.2707676,
          31.7097812
        ]
      }
    },
    {
      "type": "Feature",
      "properties": {
        "name": "CNG Station",
        "brand": "CNG",
        "brand_code": "CNG",
        "operator": "",
        "address": "Grand Trunk Road",
        "state": "",
        "city": "Kala Shah Kaku",
        "phone": "",
        "fuel_types": "CNG",
        "amenity": "cng",
        "source": "openstreetmap.org"
      },
      "geometry": {
        "type": "Point",
        "coordinates": [
          74.2755605,
          31.6871503
        ]
      }
    },
    {
      "type": "Feature",
      "properties": {
        "name": "Malik CNG & Filling Station",
        "brand": "CNG",
        "brand_code": "CNG",
        "operator": "",
        "address": "Grand Trunk Road",
        "state": "",
        "city": "Shahdara",
        "phone": "",
        "fuel_types": "CNG",
        "amenity": "cng",
        "source": "openstreetmap.org"
      },
      "geometry": {
        "type": "Point",
        "coordinates": [
          74.2828564,
          31.6559849
        ]
      }
    },
    {
      "type": "Feature",
      "properties": {
        "name": "Ali CNG Station",
        "brand": "CNG",
        "brand_code": "CNG",
        "operator": "",
        "address": "Grand Trunk Road",
        "state": "",
        "city": "Shahdara",
        "phone": "",
        "fuel_types": "CNG",
        "amenity": "cng",
        "source": "openstreetmap.org"
      },
      "geometry": {
        "type": "Point",
        "coordinates": [
          74.2904783,
          31.6147147
        ]
      }
    },
    {
      "type": "Feature",
      "properties": {
        "name": "Waleed CNG Station",
        "brand": "CNG",
        "brand_code": "CNG",
        "operator": "",
        "address": "Lahore Sheikhupura Road",
        "state": "",
        "city": "Shahdara",
        "phone": "",
        "fuel_types": "CNG",
        "amenity": "cng",
        "source": "openstreetmap.org"
      },
      "geometry": {
        "type": "Point",
        "coordinates": [
          74.2466622,
          31.6194239
        ]
      }
    },
    {
      "type": "Feature",
      "properties": {
        "name": "MA International CNG",
        "brand": "CNG",
        "brand_code": "CNG",
        "operator": "",
        "address": "Jaranwala - Lahore Road",
        "state": "",
        "city": "Shahdara",
        "phone": "",
        "fuel_types": "CNG",
        "amenity": "cng",
        "source": "openstreetmap.org"
      },
      "geometry": {
        "type": "Point",
        "coordinates": [
          74.2731064,
          31.6157161
        ]
      }
    },
    {
      "type": "Feature",
      "properties": {
        "name": "Smart CNG",
        "brand": "CNG",
        "brand_code": "CNG",
        "operator": "",
        "address": "Gujranwala-Sheikhupura Road",
        "state": "",
        "city": "Sheikhupura",
        "phone": "",
        "fuel_types": "CNG",
        "amenity": "cng",
        "source": "openstreetmap.org"
      },
      "geometry": {
        "type": "Point",
        "coordinates": [
          73.9975013,
          31.7241309
        ]
      }
    },
    {
      "type": "Feature",
      "properties": {
        "name": "Al-Sultan CNG",
        "brand": "CNG",
        "brand_code": "CNG",
        "operator": "",
        "address": "Gujranwala-Sheikhupura Road",
        "state": "",
        "city": "Sheikhupura",
        "phone": "",
        "fuel_types": "CNG",
        "amenity": "cng",
        "source": "openstreetmap.org"
      },
      "geometry": {
        "type": "Point",
        "coordinates": [
          73.9986658,
          31.7266058
        ]
      }
    },
    {
      "type": "Feature",
      "properties": {
        "name": "Motorway CNG",
        "brand": "CNG",
        "brand_code": "CNG",
        "operator": "",
        "address": "Gujranwala-Sheikhupura Road",
        "state": "",
        "city": "Sheikhupura",
        "phone": "",
        "fuel_types": "CNG",
        "amenity": "cng",
        "source": "openstreetmap.org"
      },
      "geometry": {
        "type": "Point",
        "coordinates": [
          73.9997621,
          31.728122
        ]
      }
    },
    {
      "type": "Feature",
      "properties": {
        "name": "Makkah CNG",
        "brand": "CNG",
        "brand_code": "CNG",
        "operator": "",
        "address": "Gujranwala-Sheikhupura Road",
        "state": "",
        "city": "Sheikhupura",
        "phone": "",
        "fuel_types": "CNG",
        "amenity": "cng",
        "source": "openstreetmap.org"
      },
      "geometry": {
        "type": "Point",
        "coordinates": [
          74.0016404,
          31.7321072
        ]
      }
    },
    {
      "type": "Feature",
      "properties": {
        "name": "S N CNG",
        "brand": "CNG",
        "brand_code": "CNG",
        "operator": "",
        "address": "Gujranwala-Shaikupura Road",
        "state": "",
        "city": "Sheikhupura",
        "phone": "",
        "fuel_types": "CNG",
        "amenity": "cng",
        "source": "openstreetmap.org"
      },
      "geometry": {
        "type": "Point",
        "coordinates": [
          74.0014047,
          31.7324906
        ]
      }
    },
    {
      "type": "Feature",
      "properties": {
        "name": "Motorway CNG",
        "brand": "CNG",
        "brand_code": "CNG",
        "operator": "",
        "address": "Exit Gujranwala Sheikhupura",
        "state": "",
        "city": "Sheikhupura",
        "phone": "",
        "fuel_types": "CNG",
        "amenity": "cng",
        "source": "openstreetmap.org"
      },
      "geometry": {
        "type": "Point",
        "coordinates": [
          74.0069582,
          31.7439828
        ]
      }
    },
    {
      "type": "Feature",
      "properties": {
        "name": "CNG Station",
        "brand": "CNG",
        "brand_code": "CNG",
        "operator": "",
        "address": "Sheikhupura - Sargodha Road",
        "state": "",
        "city": "Sheikhupura",
        "phone": "",
        "fuel_types": "CNG",
        "amenity": "cng",
        "source": "openstreetmap.org"
      },
      "geometry": {
        "type": "Point",
        "coordinates": [
          74.0091815,
          31.7070782
        ]
      }
    },
    {
      "type": "Feature",
      "properties": {
        "name": "Shell Petrol Pump & CNG Station",
        "brand": "CNG",
        "brand_code": "CNG",
        "operator": "",
        "address": "Maulana Shaukat Ali Road",
        "state": "",
        "city": "Lahore",
        "phone": "",
        "fuel_types": "CNG",
        "amenity": "cng",
        "source": "openstreetmap.org"
      },
      "geometry": {
        "type": "Point",
        "coordinates": [
          74.3023977,
          31.4726422
        ]
      }
    },
    {
      "type": "Feature",
      "properties": {
        "name": "Prime CNG",
        "brand": "CNG",
        "brand_code": "CNG",
        "operator": "",
        "address": "Maulana Shaukat Ali Road",
        "state": "",
        "city": "Lahore",
        "phone": "",
        "fuel_types": "CNG",
        "amenity": "cng",
        "source": "openstreetmap.org"
      },
      "geometry": {
        "type": "Point",
        "coordinates": [
          74.304574,
          31.4683656
        ]
      }
    },
    {
      "type": "Feature",
      "properties": {
        "name": "Askari CNG Station",
        "brand": "CNG",
        "brand_code": "CNG",
        "operator": "",
        "address": "Maulana Shaukat Ali Road",
        "state": "",
        "city": "Lahore",
        "phone": "",
        "fuel_types": "CNG",
        "amenity": "cng",
        "source": "openstreetmap.org"
      },
      "geometry": {
        "type": "Point",
        "coordinates": [
          74.3290438,
          31.4588051
        ]
      }
    },
    {
      "type": "Feature",
      "properties": {
        "name": "Raceway CNG Systems",
        "brand": "CNG",
        "brand_code": "CNG",
        "operator": "",
        "address": "Multan Rd",
        "state": "",
        "city": "Bahawalpur",
        "phone": "",
        "fuel_types": "CNG",
        "amenity": "cng",
        "source": "openstreetmap.org"
      },
      "geometry": {
        "type": "Point",
        "coordinates": [
          71.6669871,
          29.4208941
        ]
      }
    },
    {
      "type": "Feature",
      "properties": {
        "name": "ZAM ZAM CNG Station",
        "brand": "CNG",
        "brand_code": "CNG",
        "operator": "",
        "address": "Multan Road",
        "state": "",
        "city": "Bahawalpur",
        "phone": "",
        "fuel_types": "CNG",
        "amenity": "cng",
        "source": "openstreetmap.org"
      },
      "geometry": {
        "type": "Point",
        "coordinates": [
          71.6681072,
          29.4187196
        ]
      }
    },
    {
      "type": "Feature",
      "properties": {
        "name": "Rehman CNG",
        "brand": "CNG",
        "brand_code": "CNG",
        "operator": "",
        "address": "",
        "state": "",
        "city": "Bahawalpur",
        "phone": "",
        "fuel_types": "CNG",
        "amenity": "cng",
        "source": "openstreetmap.org"
      },
      "geometry": {
        "type": "Point",
        "coordinates": [
          71.6912228,
          29.3868347
        ]
      }
    },
    {
      "type": "Feature",
      "properties": {
        "name": "Cng Vadodara",
        "brand": "CNG",
        "brand_code": "CNG",
        "operator": "",
        "address": "Race Course Road",
        "state": "",
        "city": "",
        "phone": "",
        "fuel_types": "CNG",
        "amenity": "cng",
        "source": "openstreetmap.org"
      },
      "geometry": {
        "type": "Point",
        "coordinates": [
          73.1648741,
          22.3152894
        ]
      }
    },
    {
      "type": "Feature",
      "properties": {
        "name": "Cng adani",
        "brand": "CNG",
        "brand_code": "CNG",
        "operator": "",
        "address": "Race Course Road",
        "state": "",
        "city": "",
        "phone": "",
        "fuel_types": "CNG",
        "amenity": "cng",
        "source": "openstreetmap.org"
      },
      "geometry": {
        "type": "Point",
        "coordinates": [
          73.164572,
          22.3153114
        ]
      }
    },
    {
      "type": "Feature",
      "properties": {
        "name": "Ak Cng",
        "brand": "CNG",
        "brand_code": "CNG",
        "operator": "",
        "address": "Shalimar Link Rd",
        "state": "",
        "city": "",
        "phone": "",
        "fuel_types": "CNG",
        "amenity": "cng",
        "source": "openstreetmap.org"
      },
      "geometry": {
        "type": "Point",
        "coordinates": [
          74.3814656,
          31.581007
        ]
      }
    },
    {
      "type": "Feature",
      "properties": {
        "name": "Bhara Koh CNG",
        "brand": "CNG",
        "brand_code": "CNG",
        "operator": "",
        "address": "",
        "state": "",
        "city": "",
        "phone": "",
        "fuel_types": "CNG",
        "amenity": "cng",
        "source": "openstreetmap.org"
      },
      "geometry": {
        "type": "Point",
        "coordinates": [
          73.1917764,
          33.7462402
        ]
      }
    },
    {
      "type": "Feature",
      "properties": {
        "name": "Hascol Petrol CNG",
        "brand": "CNG",
        "brand_code": "CNG",
        "operator": "",
        "address": "",
        "state": "",
        "city": "",
        "phone": "",
        "fuel_types": "CNG",
        "amenity": "cng",
        "source": "openstreetmap.org"
      },
      "geometry": {
        "type": "Point",
        "coordinates": [
          73.9415725,
          32.7160455
        ]
      }
    },
    {
      "type": "Feature",
      "properties": {
        "name": "Rojonigandha CNG & Fuling Station",
        "brand": "CNG",
        "brand_code": "CNG",
        "operator": "",
        "address": "",
        "state": "",
        "city": "",
        "phone": "",
        "fuel_types": "CNG",
        "amenity": "cng",
        "source": "openstreetmap.org"
      },
      "geometry": {
        "type": "Point",
        "coordinates": [
          90.5550573,
          23.6787533
        ]
      }
    },
    {
      "type": "Feature",
      "properties": {
        "name": "Mega City CNG & Re-Fueling Station",
        "brand": "CNG",
        "brand_code": "CNG",
        "operator": "",
        "address": "",
        "state": "",
        "city": "",
        "phone": "",
        "fuel_types": "CNG",
        "amenity": "cng",
        "source": "openstreetmap.org"
      },
      "geometry": {
        "type": "Point",
        "coordinates": [
          90.556043,
          23.6785623
        ]
      }
    },
    {
      "type": "Feature",
      "properties": {
        "name": "Siam CNG & Re-Fueling Station",
        "brand": "CNG",
        "brand_code": "CNG",
        "operator": "",
        "address": "",
        "state": "",
        "city": "",
        "phone": "",
        "fuel_types": "CNG",
        "amenity": "cng",
        "source": "openstreetmap.org"
      },
      "geometry": {
        "type": "Point",
        "coordinates": [
          90.5572788,
          23.676252
        ]
      }
    },
    {
      "type": "Feature",
      "properties": {
        "name": "Asuka Cng Station আসুকা সিএনজি পাম্প",
        "brand": "CNG",
        "brand_code": "CNG",
        "operator": "",
        "address": "",
        "state": "",
        "city": "",
        "phone": "",
        "fuel_types": "CNG",
        "amenity": "cng",
        "source": "openstreetmap.org"
      },
      "geometry": {
        "type": "Point",
        "coordinates": [
          90.2027517,
          24.08299
        ]
      }
    },
    {
      "type": "Feature",
      "properties": {
        "name": "Shila Bristy CNG Station শিলা বৃষ্টি সিএনজি স্টেশন",
        "brand": "CNG",
        "brand_code": "CNG",
        "operator": "",
        "address": "",
        "state": "",
        "city": "জয়দেবপুর - টাঙ্গাইল - জামালপুর মহাসড়ক",
        "phone": "",
        "fuel_types": "CNG",
        "amenity": "cng",
        "source": "openstreetmap.org"
      },
      "geometry": {
        "type": "Point",
        "coordinates": [
          90.2002977,
          24.0852623
        ]
      }
    },
    {
      "type": "Feature",
      "properties": {
        "name": "Korean CNG Station",
        "brand": "CNG",
        "brand_code": "CNG",
        "operator": "",
        "address": "",
        "state": "",
        "city": "",
        "phone": "",
        "fuel_types": "CNG",
        "amenity": "cng",
        "source": "openstreetmap.org"
      },
      "geometry": {
        "type": "Point",
        "coordinates": [
          89.9179621,
          24.2828416
        ]
      }
    },
    {
      "type": "Feature",
      "properties": {
        "name": "Intraco CNG Filling Station",
        "brand": "CNG",
        "brand_code": "CNG",
        "operator": "",
        "address": "",
        "state": "",
        "city": "",
        "phone": "",
        "fuel_types": "CNG",
        "amenity": "cng",
        "source": "openstreetmap.org"
      },
      "geometry": {
        "type": "Point",
        "coordinates": [
          89.9179326,
          24.2827292
        ]
      }
    },
    {
      "type": "Feature",
      "properties": {
        "name": "CNG Filling Station সিএনজি ফিলিং স্টেশন",
        "brand": "CNG",
        "brand_code": "CNG",
        "operator": "",
        "address": "",
        "state": "",
        "city": "",
        "phone": "",
        "fuel_types": "CNG",
        "amenity": "cng",
        "source": "openstreetmap.org"
      },
      "geometry": {
        "type": "Point",
        "coordinates": [
          89.922156,
          24.3124595
        ]
      }
    },
    {
      "type": "Feature",
      "properties": {
        "name": "Samko CNG",
        "brand": "CNG",
        "brand_code": "CNG",
        "operator": "",
        "address": "",
        "state": "",
        "city": "",
        "phone": "",
        "fuel_types": "CNG",
        "amenity": "cng",
        "source": "openstreetmap.org"
      },
      "geometry": {
        "type": "Point",
        "coordinates": [
          89.9246511,
          24.3306624
        ]
      }
    },
    {
      "type": "Feature",
      "properties": {
        "name": "Semco Cng Filling Station",
        "brand": "CNG",
        "brand_code": "CNG",
        "operator": "",
        "address": "",
        "state": "",
        "city": "",
        "phone": "",
        "fuel_types": "CNG",
        "amenity": "cng",
        "source": "openstreetmap.org"
      },
      "geometry": {
        "type": "Point",
        "coordinates": [
          89.9245991,
          24.331438
        ]
      }
    },
    {
      "type": "Feature",
      "properties": {
        "name": "Jannat CNG Filling Station",
        "brand": "CNG",
        "brand_code": "CNG",
        "operator": "",
        "address": "",
        "state": "",
        "city": "",
        "phone": "",
        "fuel_types": "CNG",
        "amenity": "cng",
        "source": "openstreetmap.org"
      },
      "geometry": {
        "type": "Point",
        "coordinates": [
          91.1401645,
          23.4649841
        ]
      }
    },
    {
      "type": "Feature",
      "properties": {
        "name": "Mahanagar CNG Station",
        "brand": "CNG",
        "brand_code": "CNG",
        "operator": "",
        "address": "ঢাকা-চট্টগ্রাম মহাসড়ক",
        "state": "",
        "city": "",
        "phone": "",
        "fuel_types": "CNG",
        "amenity": "cng",
        "source": "openstreetmap.org"
      },
      "geometry": {
        "type": "Point",
        "coordinates": [
          90.4799842,
          23.6935315
        ]
      }
    },
    {
      "type": "Feature",
      "properties": {
        "name": "R Rahman Cng Felling station",
        "brand": "CNG",
        "brand_code": "CNG",
        "operator": "",
        "address": "",
        "state": "",
        "city": "Sylhet",
        "phone": "",
        "fuel_types": "CNG",
        "amenity": "cng",
        "source": "openstreetmap.org"
      },
      "geometry": {
        "type": "Point",
        "coordinates": [
          91.9677921,
          24.9270275
        ]
      }
    },
    {
      "type": "Feature",
      "properties": {
        "name": "Chetona CNG Bogra Ltd চেতনা সিএনজি বগুড়া লিমিটেড",
        "brand": "CNG",
        "brand_code": "CNG",
        "operator": "",
        "address": "",
        "state": "",
        "city": "",
        "phone": "",
        "fuel_types": "CNG",
        "amenity": "cng",
        "source": "openstreetmap.org"
      },
      "geometry": {
        "type": "Point",
        "coordinates": [
          89.3866669,
          24.7999283
        ]
      }
    },
    {
      "type": "Feature",
      "properties": {
        "name": "Jahan CNG Filing Station",
        "brand": "CNG",
        "brand_code": "CNG",
        "operator": "",
        "address": "",
        "state": "",
        "city": "",
        "phone": "",
        "fuel_types": "CNG",
        "amenity": "cng",
        "source": "openstreetmap.org"
      },
      "geometry": {
        "type": "Point",
        "coordinates": [
          90.372481,
          23.894236
        ]
      }
    },
    {
      "type": "Feature",
      "properties": {
        "name": "CNG & BUS STATION",
        "brand": "CNG",
        "brand_code": "CNG",
        "operator": "",
        "address": "",
        "state": "",
        "city": "",
        "phone": "",
        "fuel_types": "CNG",
        "amenity": "cng",
        "source": "openstreetmap.org"
      },
      "geometry": {
        "type": "Point",
        "coordinates": [
          91.8002817,
          22.6314511
        ]
      }
    },
    {
      "type": "Feature",
      "properties": {
        "name": "Diba Rathri CNG Filling Station",
        "brand": "CNG",
        "brand_code": "CNG",
        "operator": "",
        "address": "",
        "state": "",
        "city": "Sylhet",
        "phone": "",
        "fuel_types": "CNG",
        "amenity": "cng",
        "source": "openstreetmap.org"
      },
      "geometry": {
        "type": "Point",
        "coordinates": [
          91.8569934,
          24.867095
        ]
      }
    },
    {
      "type": "Feature",
      "properties": {
        "name": "CNG/Petrol Station",
        "brand": "CNG",
        "brand_code": "CNG",
        "operator": "",
        "address": "",
        "state": "",
        "city": "Sylhet",
        "phone": "",
        "fuel_types": "CNG",
        "amenity": "cng",
        "source": "openstreetmap.org"
      },
      "geometry": {
        "type": "Point",
        "coordinates": [
          91.7393773,
          24.7107861
        ]
      }
    },
    {
      "type": "Feature",
      "properties": {
        "name": "Rashid CNG Petrol Station",
        "brand": "CNG",
        "brand_code": "CNG",
        "operator": "",
        "address": "",
        "state": "",
        "city": "Sylhet",
        "phone": "",
        "fuel_types": "CNG",
        "amenity": "cng",
        "source": "openstreetmap.org"
      },
      "geometry": {
        "type": "Point",
        "coordinates": [
          91.5899107,
          24.5232058
        ]
      }
    },
    {
      "type": "Feature",
      "properties": {
        "name": "Garib E Newaz CNG Refueling Station সিএনজি স্টেশন",
        "brand": "CNG",
        "brand_code": "CNG",
        "operator": "",
        "address": "",
        "state": "",
        "city": "Dhaka - Sylhet Hwy",
        "phone": "",
        "fuel_types": "CNG",
        "amenity": "cng",
        "source": "openstreetmap.org"
      },
      "geometry": {
        "type": "Point",
        "coordinates": [
          91.1141995,
          24.0549463
        ]
      }
    },
    {
      "type": "Feature",
      "properties": {
        "name": "CNG Station সিএনজি স্টেশন",
        "brand": "CNG",
        "brand_code": "CNG",
        "operator": "",
        "address": "",
        "state": "",
        "city": "Dhaka - Sylhet Hwy",
        "phone": "",
        "fuel_types": "CNG",
        "amenity": "cng",
        "source": "openstreetmap.org"
      },
      "geometry": {
        "type": "Point",
        "coordinates": [
          91.1150185,
          24.0515859
        ]
      }
    },
    {
      "type": "Feature",
      "properties": {
        "name": "Safco CNG Filling Station",
        "brand": "CNG",
        "brand_code": "CNG",
        "operator": "",
        "address": "",
        "state": "",
        "city": "Dhaka - Sylhet Hwy",
        "phone": "",
        "fuel_types": "CNG",
        "amenity": "cng",
        "source": "openstreetmap.org"
      },
      "geometry": {
        "type": "Point",
        "coordinates": [
          91.1136425,
          24.0506099
        ]
      }
    },
    {
      "type": "Feature",
      "properties": {
        "name": "Fahad Filling and CNG",
        "brand": "CNG",
        "brand_code": "CNG",
        "operator": "",
        "address": "",
        "state": "",
        "city": "Dhaka - Sylhet Hwy",
        "phone": "",
        "fuel_types": "CNG",
        "amenity": "cng",
        "source": "openstreetmap.org"
      },
      "geometry": {
        "type": "Point",
        "coordinates": [
          91.1121399,
          24.0504247
        ]
      }
    },
    {
      "type": "Feature",
      "properties": {
        "name": "Belaab CNG Station",
        "brand": "CNG",
        "brand_code": "CNG",
        "operator": "",
        "address": "",
        "state": "",
        "city": "Dhaka - Sylhet Hwy",
        "phone": "",
        "fuel_types": "CNG",
        "amenity": "cng",
        "source": "openstreetmap.org"
      },
      "geometry": {
        "type": "Point",
        "coordinates": [
          90.973801,
          24.0566625
        ]
      }
    },
    {
      "type": "Feature",
      "properties": {
        "name": "Bhuiyan CNG Filling Station",
        "brand": "CNG",
        "brand_code": "CNG",
        "operator": "",
        "address": "",
        "state": "",
        "city": "Dhaka-Sylhet Hwy",
        "phone": "",
        "fuel_types": "CNG",
        "amenity": "cng",
        "source": "openstreetmap.org"
      },
      "geometry": {
        "type": "Point",
        "coordinates": [
          90.7318967,
          23.9780989
        ]
      }
    },
    {
      "type": "Feature",
      "properties": {
        "name": "Samia CNG",
        "brand": "CNG",
        "brand_code": "CNG",
        "operator": "",
        "address": "",
        "state": "",
        "city": "Dhaka-Sylhet Hwy",
        "phone": "",
        "fuel_types": "CNG",
        "amenity": "cng",
        "source": "openstreetmap.org"
      },
      "geometry": {
        "type": "Point",
        "coordinates": [
          90.7309727,
          23.9776873
        ]
      }
    },
    {
      "type": "Feature",
      "properties": {
        "name": "STAR CNG Filling Station / Petrol Pump",
        "brand": "CNG",
        "brand_code": "CNG",
        "operator": "",
        "address": "",
        "state": "",
        "city": "Dhaka - Sylhet Hwy",
        "phone": "",
        "fuel_types": "CNG",
        "amenity": "cng",
        "source": "openstreetmap.org"
      },
      "geometry": {
        "type": "Point",
        "coordinates": [
          90.7171428,
          23.9572931
        ]
      }
    },
    {
      "type": "Feature",
      "properties": {
        "name": "Apna CNG",
        "brand": "CNG",
        "brand_code": "CNG",
        "operator": "",
        "address": "Khayaban e Sirsyed",
        "state": "",
        "city": "",
        "phone": "",
        "fuel_types": "CNG",
        "amenity": "cng",
        "source": "openstreetmap.org"
      },
      "geometry": {
        "type": "Point",
        "coordinates": [
          73.04389,
          33.6407931
        ]
      }
    },
    {
      "type": "Feature",
      "properties": {
        "name": "Golden CNG",
        "brand": "CNG",
        "brand_code": "CNG",
        "operator": "",
        "address": "Khayaban e Sirsyed",
        "state": "",
        "city": "",
        "phone": "",
        "fuel_types": "CNG",
        "amenity": "cng",
        "source": "openstreetmap.org"
      },
      "geometry": {
        "type": "Point",
        "coordinates": [
          73.0436302,
          33.6407269
        ]
      }
    },
    {
      "type": "Feature",
      "properties": {
        "name": "CNGRawal Gasco",
        "brand": "CNG",
        "brand_code": "CNG",
        "operator": "",
        "address": "Service Road",
        "state": "",
        "city": "راولپنڈی",
        "phone": "",
        "fuel_types": "CNG",
        "amenity": "cng",
        "source": "openstreetmap.org"
      },
      "geometry": {
        "type": "Point",
        "coordinates": [
          72.9775656,
          33.6221285
        ]
      }
    },
    {
      "type": "Feature",
      "properties": {
        "name": "CNG Station",
        "brand": "CNG",
        "brand_code": "CNG",
        "operator": "",
        "address": "Samanabad Road",
        "state": "",
        "city": "فیصل آباد",
        "phone": "",
        "fuel_types": "CNG",
        "amenity": "cng",
        "source": "openstreetmap.org"
      },
      "geometry": {
        "type": "Point",
        "coordinates": [
          73.0736532,
          31.3931135
        ]
      }
    },
    {
      "type": "Feature",
      "properties": {
        "name": "CNG Bamanbore",
        "brand": "CNG",
        "brand_code": "CNG",
        "operator": "",
        "address": "National Highway 8A",
        "state": "",
        "city": "",
        "phone": "",
        "fuel_types": "CNG",
        "amenity": "cng",
        "source": "openstreetmap.org"
      },
      "geometry": {
        "type": "Point",
        "coordinates": [
          71.0855406,
          22.4254798
        ]
      }
    },
    {
      "type": "Feature",
      "properties": {
        "name": "Babu CNG",
        "brand": "CNG",
        "brand_code": "CNG",
        "operator": "",
        "address": "East Canal Road",
        "state": "",
        "city": "فیصل آباد",
        "phone": "",
        "fuel_types": "CNG",
        "amenity": "cng",
        "source": "openstreetmap.org"
      },
      "geometry": {
        "type": "Point",
        "coordinates": [
          73.1532646,
          31.4517514
        ]
      }
    },
    {
      "type": "Feature",
      "properties": {
        "name": "Saleemi CNG",
        "brand": "CNG",
        "brand_code": "CNG",
        "operator": "",
        "address": "East Canal Road",
        "state": "",
        "city": "فیصل آباد",
        "phone": "",
        "fuel_types": "CNG",
        "amenity": "cng",
        "source": "openstreetmap.org"
      },
      "geometry": {
        "type": "Point",
        "coordinates": [
          73.1343068,
          31.439605
        ]
      }
    },
    {
      "type": "Feature",
      "properties": {
        "name": "KANDAAN CNG STATION",
        "brand": "CNG",
        "brand_code": "CNG",
        "operator": "",
        "address": "Faisalabad - Sargodha Road",
        "state": "",
        "city": "فیصل آباد",
        "phone": "",
        "fuel_types": "CNG",
        "amenity": "cng",
        "source": "openstreetmap.org"
      },
      "geometry": {
        "type": "Point",
        "coordinates": [
          73.0650132,
          31.5204664
        ]
      }
    },
    {
      "type": "Feature",
      "properties": {
        "name": "Siddique Cng",
        "brand": "CNG",
        "brand_code": "CNG",
        "operator": "",
        "address": "Faisalabad - Sargodha Road",
        "state": "",
        "city": "فیصل آباد",
        "phone": "",
        "fuel_types": "CNG",
        "amenity": "cng",
        "source": "openstreetmap.org"
      },
      "geometry": {
        "type": "Point",
        "coordinates": [
          73.0674821,
          31.5126702
        ]
      }
    },
    {
      "type": "Feature",
      "properties": {
        "name": "Bawa Jee CNG",
        "brand": "CNG",
        "brand_code": "CNG",
        "operator": "",
        "address": "Faisalabad-Sheikhupura-Lahore Road",
        "state": "",
        "city": "فیصل آباد",
        "phone": "",
        "fuel_types": "CNG",
        "amenity": "cng",
        "source": "openstreetmap.org"
      },
      "geometry": {
        "type": "Point",
        "coordinates": [
          73.2229491,
          31.4778406
        ]
      }
    },
    {
      "type": "Feature",
      "properties": {
        "name": "Madina CNG",
        "brand": "CNG",
        "brand_code": "CNG",
        "operator": "",
        "address": "Faisalabad-Sheikhupura-Lahore Road",
        "state": "",
        "city": "فیصل آباد",
        "phone": "",
        "fuel_types": "CNG",
        "amenity": "cng",
        "source": "openstreetmap.org"
      },
      "geometry": {
        "type": "Point",
        "coordinates": [
          73.2236702,
          31.4784831
        ]
      }
    },
    {
      "type": "Feature",
      "properties": {
        "name": "Gunj Shakar CNG Station",
        "brand": "CNG",
        "brand_code": "CNG",
        "operator": "",
        "address": "Samundari Road",
        "state": "",
        "city": "فیصل آباد",
        "phone": "",
        "fuel_types": "CNG",
        "amenity": "cng",
        "source": "openstreetmap.org"
      },
      "geometry": {
        "type": "Point",
        "coordinates": [
          73.0611662,
          31.3486192
        ]
      }
    },
    {
      "type": "Feature",
      "properties": {
        "name": "Ahsan CNG",
        "brand": "CNG",
        "brand_code": "CNG",
        "operator": "",
        "address": "Samundari Road",
        "state": "",
        "city": "فیصل آباد",
        "phone": "",
        "fuel_types": "CNG",
        "amenity": "cng",
        "source": "openstreetmap.org"
      },
      "geometry": {
        "type": "Point",
        "coordinates": [
          73.0657417,
          31.3566336
        ]
      }
    },
    {
      "type": "Feature",
      "properties": {
        "name": "CNG Station",
        "brand": "CNG",
        "brand_code": "CNG",
        "operator": "",
        "address": "Samundari Road",
        "state": "",
        "city": "فیصل آباد",
        "phone": "",
        "fuel_types": "CNG",
        "amenity": "cng",
        "source": "openstreetmap.org"
      },
      "geometry": {
        "type": "Point",
        "coordinates": [
          73.0653277,
          31.3557762
        ]
      }
    },
    {
      "type": "Feature",
      "properties": {
        "name": "Madni CNG Station",
        "brand": "CNG",
        "brand_code": "CNG",
        "operator": "",
        "address": "Jaranwala Road",
        "state": "",
        "city": "فیصل آباد",
        "phone": "",
        "fuel_types": "CNG",
        "amenity": "cng",
        "source": "openstreetmap.org"
      },
      "geometry": {
        "type": "Point",
        "coordinates": [
          73.1424139,
          31.4019851
        ]
      }
    },
    {
      "type": "Feature",
      "properties": {
        "name": "Lyallpur CNG",
        "brand": "CNG",
        "brand_code": "CNG",
        "operator": "",
        "address": "Faisalabad-Sheikhupura-Lahore Road",
        "state": "",
        "city": "فیصل آباد",
        "phone": "",
        "fuel_types": "CNG",
        "amenity": "cng",
        "source": "openstreetmap.org"
      },
      "geometry": {
        "type": "Point",
        "coordinates": [
          73.1993243,
          31.4688111
        ]
      }
    },
    {
      "type": "Feature",
      "properties": {
        "name": "Civic CNG",
        "brand": "CNG",
        "brand_code": "CNG",
        "operator": "",
        "address": "Faisalabad-Sheikhupura-Lahore Road",
        "state": "",
        "city": "فیصل آباد",
        "phone": "",
        "fuel_types": "CNG",
        "amenity": "cng",
        "source": "openstreetmap.org"
      },
      "geometry": {
        "type": "Point",
        "coordinates": [
          73.1906467,
          31.4667135
        ]
      }
    },
    {
      "type": "Feature",
      "properties": {
        "name": "CNG gas station",
        "brand": "CNG",
        "brand_code": "CNG",
        "operator": "",
        "address": "Sardar Patel Ring Road",
        "state": "",
        "city": "",
        "phone": "",
        "fuel_types": "CNG",
        "amenity": "cng",
        "source": "openstreetmap.org"
      },
      "geometry": {
        "type": "Point",
        "coordinates": [
          72.6862592,
          23.0846729
        ]
      }
    },
    {
      "type": "Feature",
      "properties": {
        "name": "CNG -kabir petrolum",
        "brand": "CNG",
        "brand_code": "CNG",
        "operator": "",
        "address": "",
        "state": "",
        "city": "",
        "phone": "",
        "fuel_types": "CNG",
        "amenity": "cng",
        "source": "openstreetmap.org"
      },
      "geometry": {
        "type": "Point",
        "coordinates": [
          73.0527725,
          21.8385453
        ]
      }
    },
    {
      "type": "Feature",
      "properties": {
        "name": "CNG stattion",
        "brand": "CNG",
        "brand_code": "CNG",
        "operator": "",
        "address": "",
        "state": "",
        "city": "",
        "phone": "",
        "fuel_types": "CNG",
        "amenity": "cng",
        "source": "openstreetmap.org"
      },
      "geometry": {
        "type": "Point",
        "coordinates": [
          72.49878,
          22.9359318
        ]
      }
    },
    {
      "type": "Feature",
      "properties": {
        "name": "Sub Plus Limited CNG",
        "brand": "CNG",
        "brand_code": "CNG",
        "operator": "",
        "address": "",
        "state": "",
        "city": "",
        "phone": "",
        "fuel_types": "CNG",
        "amenity": "cng",
        "source": "openstreetmap.org"
      },
      "geometry": {
        "type": "Point",
        "coordinates": [
          91.6709143,
          22.5991467
        ]
      }
    },
    {
      "type": "Feature",
      "properties": {
        "name": "Kuliarchor CNG Filling Station",
        "brand": "CNG",
        "brand_code": "CNG",
        "operator": "",
        "address": "",
        "state": "",
        "city": "",
        "phone": "",
        "fuel_types": "CNG",
        "amenity": "cng",
        "source": "openstreetmap.org"
      },
      "geometry": {
        "type": "Point",
        "coordinates": [
          91.8205708,
          22.3376196
        ]
      }
    },
    {
      "type": "Feature",
      "properties": {
        "name": "Cng and petrol pump",
        "brand": "CNG",
        "brand_code": "CNG",
        "operator": "",
        "address": "Sardar Patel Ring Road",
        "state": "",
        "city": "",
        "phone": "",
        "fuel_types": "CNG",
        "amenity": "cng",
        "source": "openstreetmap.org"
      },
      "geometry": {
        "type": "Point",
        "coordinates": [
          72.6734332,
          23.0289447
        ]
      }
    },
    {
      "type": "Feature",
      "properties": {
        "name": "Adani CNG station",
        "brand": "CNG",
        "brand_code": "CNG",
        "operator": "",
        "address": "",
        "state": "",
        "city": "",
        "phone": "",
        "fuel_types": "CNG",
        "amenity": "cng",
        "source": "openstreetmap.org"
      },
      "geometry": {
        "type": "Point",
        "coordinates": [
          77.3742263,
          28.4007547
        ]
      }
    },
    {
      "type": "Feature",
      "properties": {
        "name": "Naresh Desai CNG pump",
        "brand": "CNG",
        "brand_code": "CNG",
        "operator": "",
        "address": "",
        "state": "",
        "city": "",
        "phone": "",
        "fuel_types": "CNG",
        "amenity": "cng",
        "source": "openstreetmap.org"
      },
      "geometry": {
        "type": "Point",
        "coordinates": [
          72.9026894,
          20.3215288
        ]
      }
    },
    {
      "type": "Feature",
      "properties": {
        "name": "Cng station",
        "brand": "CNG",
        "brand_code": "CNG",
        "operator": "",
        "address": "",
        "state": "",
        "city": "",
        "phone": "",
        "fuel_types": "CNG",
        "amenity": "cng",
        "source": "openstreetmap.org"
      },
      "geometry": {
        "type": "Point",
        "coordinates": [
          72.5882763,
          23.1619162
        ]
      }
    },
    {
      "type": "Feature",
      "properties": {
        "name": "CNG pump Bharat Petroleum",
        "brand": "CNG",
        "brand_code": "CNG",
        "operator": "",
        "address": "Vadodara Bypass",
        "state": "",
        "city": "",
        "phone": "",
        "fuel_types": "CNG",
        "amenity": "cng",
        "source": "openstreetmap.org"
      },
      "geometry": {
        "type": "Point",
        "coordinates": [
          73.1883648,
          22.2343063
        ]
      }
    },
    {
      "type": "Feature",
      "properties": {
        "name": "Indian oil CNG n Petrol",
        "brand": "Indian Oil",
        "brand_code": "CNG",
        "operator": "",
        "address": "Ambli Bopal Road",
        "state": "",
        "city": "",
        "phone": "",
        "fuel_types": "CNG",
        "amenity": "cng",
        "source": "openstreetmap.org"
      },
      "geometry": {
        "type": "Point",
        "coordinates": [
          72.4750283,
          23.0292807
        ]
      }
    },
    {
      "type": "Feature",
      "properties": {
        "name": "Mehar CNG Station",
        "brand": "CNG",
        "brand_code": "CNG",
        "operator": "",
        "address": "",
        "state": "",
        "city": "",
        "phone": "",
        "fuel_types": "CNG",
        "amenity": "cng",
        "source": "openstreetmap.org"
      },
      "geometry": {
        "type": "Point",
        "coordinates": [
          72.9956338,
          33.6672425
        ]
      }
    },
    {
      "type": "Feature",
      "properties": {
        "name": "Hazi Kofil Uddin CNG Filling Station",
        "brand": "CNG",
        "brand_code": "CNG",
        "operator": "",
        "address": "",
        "state": "",
        "city": "",
        "phone": "",
        "fuel_types": "CNG",
        "amenity": "cng",
        "source": "openstreetmap.org"
      },
      "geometry": {
        "type": "Point",
        "coordinates": [
          90.2799113,
          23.7942049
        ]
      }
    },
    {
      "type": "Feature",
      "properties": {
        "name": "CNG Station সিএনজি স্টেশন",
        "brand": "CNG",
        "brand_code": "CNG",
        "operator": "",
        "address": "",
        "state": "",
        "city": "",
        "phone": "",
        "fuel_types": "CNG",
        "amenity": "cng",
        "source": "openstreetmap.org"
      },
      "geometry": {
        "type": "Point",
        "coordinates": [
          90.2951503,
          23.7946957
        ]
      }
    },
    {
      "type": "Feature",
      "properties": {
        "name": "N R CNG Filling Station এন আর সিএনজি ফিলিং স্টেশন",
        "brand": "CNG",
        "brand_code": "CNG",
        "operator": "",
        "address": "",
        "state": "",
        "city": "",
        "phone": "",
        "fuel_types": "CNG",
        "amenity": "cng",
        "source": "openstreetmap.org"
      },
      "geometry": {
        "type": "Point",
        "coordinates": [
          90.2996725,
          23.7934465
        ]
      }
    },
    {
      "type": "Feature",
      "properties": {
        "name": "Aleya Kamal CNG Station",
        "brand": "CNG",
        "brand_code": "CNG",
        "operator": "",
        "address": "",
        "state": "",
        "city": "",
        "phone": "",
        "fuel_types": "CNG",
        "amenity": "cng",
        "source": "openstreetmap.org"
      },
      "geometry": {
        "type": "Point",
        "coordinates": [
          90.2644444,
          23.7960627
        ]
      }
    },
    {
      "type": "Feature",
      "properties": {
        "name": "Samvar CNG & Filling Station",
        "brand": "CNG",
        "brand_code": "CNG",
        "operator": "",
        "address": "",
        "state": "",
        "city": "",
        "phone": "",
        "fuel_types": "CNG",
        "amenity": "cng",
        "source": "openstreetmap.org"
      },
      "geometry": {
        "type": "Point",
        "coordinates": [
          90.2724655,
          23.9448201
        ]
      }
    },
    {
      "type": "Feature",
      "properties": {
        "name": "T.S. CNG Refueling and Conversion Limited",
        "brand": "CNG",
        "brand_code": "CNG",
        "operator": "",
        "address": "",
        "state": "",
        "city": "",
        "phone": "",
        "fuel_types": "CNG",
        "amenity": "cng",
        "source": "openstreetmap.org"
      },
      "geometry": {
        "type": "Point",
        "coordinates": [
          90.2687412,
          23.9365697
        ]
      }
    },
    {
      "type": "Feature",
      "properties": {
        "name": "Habib CNG Filling station",
        "brand": "CNG",
        "brand_code": "CNG",
        "operator": "",
        "address": "",
        "state": "",
        "city": "",
        "phone": "",
        "fuel_types": "CNG",
        "amenity": "cng",
        "source": "openstreetmap.org"
      },
      "geometry": {
        "type": "Point",
        "coordinates": [
          90.2673975,
          23.9339417
        ]
      }
    },
    {
      "type": "Feature",
      "properties": {
        "name": "Zoom CNG",
        "brand": "CNG",
        "brand_code": "CNG",
        "operator": "",
        "address": "",
        "state": "",
        "city": "",
        "phone": "",
        "fuel_types": "CNG",
        "amenity": "cng",
        "source": "openstreetmap.org"
      },
      "geometry": {
        "type": "Point",
        "coordinates": [
          74.1246951,
          32.2465338
        ]
      }
    },
    {
      "type": "Feature",
      "properties": {
        "name": "I.T.S CNG PETROL PUMP",
        "brand": "CNG",
        "brand_code": "CNG",
        "operator": "",
        "address": "",
        "state": "",
        "city": "",
        "phone": "",
        "fuel_types": "CNG",
        "amenity": "cng",
        "source": "openstreetmap.org"
      },
      "geometry": {
        "type": "Point",
        "coordinates": [
          90.4495516,
          23.6700221
        ]
      }
    },
    {
      "type": "Feature",
      "properties": {
        "name": "M/S Reaz CNG & Filling Station",
        "brand": "CNG",
        "brand_code": "CNG",
        "operator": "",
        "address": "",
        "state": "",
        "city": "",
        "phone": "",
        "fuel_types": "CNG",
        "amenity": "cng",
        "source": "openstreetmap.org"
      },
      "geometry": {
        "type": "Point",
        "coordinates": [
          90.4086054,
          24.721475
        ]
      }
    },
    {
      "type": "Feature",
      "properties": {
        "name": "Star Filling & CNG Refueling Station স্টার ভর্তি & সিএনজি রিফুয়েলিং স্টেশনে",
        "brand": "CNG",
        "brand_code": "CNG",
        "operator": "",
        "address": "",
        "state": "",
        "city": "",
        "phone": "",
        "fuel_types": "CNG",
        "amenity": "cng",
        "source": "openstreetmap.org"
      },
      "geometry": {
        "type": "Point",
        "coordinates": [
          90.4086426,
          24.7217257
        ]
      }
    },
    {
      "type": "Feature",
      "properties": {
        "name": "Intraco CNG",
        "brand": "CNG",
        "brand_code": "CNG",
        "operator": "",
        "address": "",
        "state": "",
        "city": "",
        "phone": "",
        "fuel_types": "CNG",
        "amenity": "cng",
        "source": "openstreetmap.org"
      },
      "geometry": {
        "type": "Point",
        "coordinates": [
          91.6587786,
          22.6183227
        ]
      }
    },
    {
      "type": "Feature",
      "properties": {
        "name": "Uniquee CNG Pump",
        "brand": "CNG",
        "brand_code": "CNG",
        "operator": "",
        "address": "",
        "state": "",
        "city": "",
        "phone": "",
        "fuel_types": "CNG",
        "amenity": "cng",
        "source": "openstreetmap.org"
      },
      "geometry": {
        "type": "Point",
        "coordinates": [
          72.9679895,
          33.6411896
        ]
      }
    },
    {
      "type": "Feature",
      "properties": {
        "name": "Hathazari CNG Fueling Station, Chattogram Rangamati Khagrachari Highway, Hathazari, Chattogram",
        "brand": "CNG",
        "brand_code": "CNG",
        "operator": "",
        "address": "",
        "state": "",
        "city": "",
        "phone": "",
        "fuel_types": "CNG",
        "amenity": "cng",
        "source": "openstreetmap.org"
      },
      "geometry": {
        "type": "Point",
        "coordinates": [
          91.8076546,
          22.4964292
        ]
      }
    },
    {
      "type": "Feature",
      "properties": {
        "name": "Rising CNG Refuelling",
        "brand": "CNG",
        "brand_code": "CNG",
        "operator": "",
        "address": "",
        "state": "",
        "city": "",
        "phone": "",
        "fuel_types": "CNG",
        "amenity": "cng",
        "source": "openstreetmap.org"
      },
      "geometry": {
        "type": "Point",
        "coordinates": [
          91.7201087,
          22.4814464
        ]
      }
    },
    {
      "type": "Feature",
      "properties": {
        "name": "Mowlana CNG Pump, Agrabad Access Rd, Chattogram",
        "brand": "CNG",
        "brand_code": "CNG",
        "operator": "",
        "address": "",
        "state": "",
        "city": "",
        "phone": "",
        "fuel_types": "CNG",
        "amenity": "cng",
        "source": "openstreetmap.org"
      },
      "geometry": {
        "type": "Point",
        "coordinates": [
          91.7915131,
          22.3290215
        ]
      }
    },
    {
      "type": "Feature",
      "properties": {
        "name": "Talukdar CNG & Re-Fuelling Station",
        "brand": "CNG",
        "brand_code": "CNG",
        "operator": "",
        "address": "",
        "state": "",
        "city": "Dhaka- chittagong Highway.",
        "phone": "",
        "fuel_types": "CNG",
        "amenity": "cng",
        "source": "openstreetmap.org"
      },
      "geometry": {
        "type": "Point",
        "coordinates": [
          90.5374061,
          23.6948556
        ]
      }
    },
    {
      "type": "Feature",
      "properties": {
        "name": "Agomon CNG & Filling Station আগমন সি এন জি এন্ড ফাইলিং ফীলিং স্টেশন",
        "brand": "CNG",
        "brand_code": "CNG",
        "operator": "",
        "address": "",
        "state": "",
        "city": "",
        "phone": "",
        "fuel_types": "CNG",
        "amenity": "cng",
        "source": "openstreetmap.org"
      },
      "geometry": {
        "type": "Point",
        "coordinates": [
          90.6019172,
          23.628695
        ]
      }
    },
    {
      "type": "Feature",
      "properties": {
        "name": "admore CNG and petrol station",
        "brand": "CNG",
        "brand_code": "CNG",
        "operator": "",
        "address": "",
        "state": "",
        "city": "",
        "phone": "",
        "fuel_types": "CNG",
        "amenity": "cng",
        "source": "openstreetmap.org"
      },
      "geometry": {
        "type": "Point",
        "coordinates": [
          73.46005,
          30.805836
        ]
      }
    },
    {
      "type": "Feature",
      "properties": {
        "name": "Sakura CNG Gas Station সাকুরা সিএনজি গ্যাস স্টেশন",
        "brand": "CNG",
        "brand_code": "CNG",
        "operator": "",
        "address": "",
        "state": "",
        "city": "",
        "phone": "",
        "fuel_types": "CNG",
        "amenity": "cng",
        "source": "openstreetmap.org"
      },
      "geometry": {
        "type": "Point",
        "coordinates": [
          91.1045973,
          23.4780363
        ]
      }
    },
    {
      "type": "Feature",
      "properties": {
        "name": "CNG Station",
        "brand": "CNG",
        "brand_code": "CNG",
        "operator": "",
        "address": "",
        "state": "",
        "city": "",
        "phone": "",
        "fuel_types": "CNG",
        "amenity": "cng",
        "source": "openstreetmap.org"
      },
      "geometry": {
        "type": "Point",
        "coordinates": [
          72.3218386,
          31.2769384
        ]
      }
    },
    {
      "type": "Feature",
      "properties": {
        "name": "Elias Brothers Filling Station and CNG",
        "brand": "CNG",
        "brand_code": "CNG",
        "operator": "Elias Brothers Filling Station & CNG",
        "address": "",
        "state": "",
        "city": "",
        "phone": "",
        "fuel_types": "CNG",
        "amenity": "cng",
        "source": "openstreetmap.org"
      },
      "geometry": {
        "type": "Point",
        "coordinates": [
          91.7001335,
          22.5312948
        ]
      }
    },
    {
      "type": "Feature",
      "properties": {
        "name": "Navana CNG Station",
        "brand": "CNG",
        "brand_code": "CNG",
        "operator": "",
        "address": "",
        "state": "",
        "city": "",
        "phone": "",
        "fuel_types": "CNG",
        "amenity": "cng",
        "source": "openstreetmap.org"
      },
      "geometry": {
        "type": "Point",
        "coordinates": [
          91.6541089,
          22.6259111
        ]
      }
    },
    {
      "type": "Feature",
      "properties": {
        "name": "S RAHMAN FILLING AND CNG STATION এস রহমান ফিলিং এন্ড সিএনজি স্টেশন",
        "brand": "CNG",
        "brand_code": "CNG",
        "operator": "",
        "address": "",
        "state": "",
        "city": "",
        "phone": "",
        "fuel_types": "CNG",
        "amenity": "cng",
        "source": "openstreetmap.org"
      },
      "geometry": {
        "type": "Point",
        "coordinates": [
          91.3619386,
          23.0616498
        ]
      }
    },
    {
      "type": "Feature",
      "properties": {
        "name": "Universal CNG Filling Station ইউনিভার্সাল সিএনজি ফিলিং স্টেশন",
        "brand": "CNG",
        "brand_code": "CNG",
        "operator": "",
        "address": "",
        "state": "",
        "city": "",
        "phone": "",
        "fuel_types": "CNG",
        "amenity": "cng",
        "source": "openstreetmap.org"
      },
      "geometry": {
        "type": "Point",
        "coordinates": [
          91.3546684,
          23.080097
        ]
      }
    },
    {
      "type": "Feature",
      "properties": {
        "name": "Mubarak CNG",
        "brand": "CNG",
        "brand_code": "CNG",
        "operator": "",
        "address": "Dhamial Road",
        "state": "",
        "city": "راولپنڈی",
        "phone": "",
        "fuel_types": "CNG",
        "amenity": "cng",
        "source": "openstreetmap.org"
      },
      "geometry": {
        "type": "Point",
        "coordinates": [
          73.0394046,
          33.5737737
        ]
      }
    },
    {
      "type": "Feature",
      "properties": {
        "name": "Abbasi CNG",
        "brand": "CNG",
        "brand_code": "CNG",
        "operator": "",
        "address": "",
        "state": "",
        "city": "",
        "phone": "",
        "fuel_types": "CNG",
        "amenity": "cng",
        "source": "openstreetmap.org"
      },
      "geometry": {
        "type": "Point",
        "coordinates": [
          73.0716495,
          33.655664
        ]
      }
    },
    {
      "type": "Feature",
      "properties": {
        "name": "sialkot cng",
        "brand": "CNG",
        "brand_code": "CNG",
        "operator": "",
        "address": "",
        "state": "",
        "city": "",
        "phone": "",
        "fuel_types": "CNG",
        "amenity": "cng",
        "source": "openstreetmap.org"
      },
      "geometry": {
        "type": "Point",
        "coordinates": [
          74.5336935,
          32.5358203
        ]
      }
    },
    {
      "type": "Feature",
      "properties": {
        "name": "CNG filling Pump",
        "brand": "CNG",
        "brand_code": "CNG",
        "operator": "",
        "address": "Abbottabad-Galiyat Road",
        "state": "",
        "city": "",
        "phone": "",
        "fuel_types": "CNG",
        "amenity": "cng",
        "source": "openstreetmap.org"
      },
      "geometry": {
        "type": "Point",
        "coordinates": [
          73.2697776,
          34.1445384
        ]
      }
    },
    {
      "type": "Feature",
      "properties": {
        "name": "CNG pump",
        "brand": "CNG",
        "brand_code": "CNG",
        "operator": "",
        "address": "Sama-Savli Rd",
        "state": "",
        "city": "",
        "phone": "",
        "fuel_types": "CNG",
        "amenity": "cng",
        "source": "openstreetmap.org"
      },
      "geometry": {
        "type": "Point",
        "coordinates": [
          73.1916628,
          22.3796541
        ]
      }
    },
    {
      "type": "Feature",
      "properties": {
        "name": "CNG",
        "brand": "CNG",
        "brand_code": "CNG",
        "operator": "",
        "address": "",
        "state": "",
        "city": "",
        "phone": "",
        "fuel_types": "CNG",
        "amenity": "cng",
        "source": "openstreetmap.org"
      },
      "geometry": {
        "type": "Point",
        "coordinates": [
          73.7428473,
          18.6307371
        ]
      }
    },
    {
      "type": "Feature",
      "properties": {
        "name": "SNS CNG Station haker pin এসএনএস সিএনজি স্টেশন কার পিন",
        "brand": "CNG",
        "brand_code": "CNG",
        "operator": "",
        "address": "",
        "state": "",
        "city": "",
        "phone": "",
        "fuel_types": "CNG",
        "amenity": "cng",
        "source": "openstreetmap.org"
      },
      "geometry": {
        "type": "Point",
        "coordinates": [
          90.3881532,
          24.4239876
        ]
      }
    },
    {
      "type": "Feature",
      "properties": {
        "name": "Bilal CNG",
        "brand": "CNG",
        "brand_code": "CNG",
        "operator": "",
        "address": "Tipu Road",
        "state": "",
        "city": "",
        "phone": "",
        "fuel_types": "CNG",
        "amenity": "cng",
        "source": "openstreetmap.org"
      },
      "geometry": {
        "type": "Point",
        "coordinates": [
          73.0717306,
          33.6036038
        ]
      }
    },
    {
      "type": "Feature",
      "properties": {
        "name": "Sarder CNG",
        "brand": "CNG",
        "brand_code": "CNG",
        "operator": "",
        "address": "",
        "state": "",
        "city": "",
        "phone": "",
        "fuel_types": "CNG",
        "amenity": "cng",
        "source": "openstreetmap.org"
      },
      "geometry": {
        "type": "Point",
        "coordinates": [
          90.6343879,
          23.5873035
        ]
      }
    },
    {
      "type": "Feature",
      "properties": {
        "name": "Indian Oil Petrol CNG Pump",
        "brand": "CNG",
        "brand_code": "CNG",
        "operator": "",
        "address": "",
        "state": "",
        "city": "Pimpri Chinchwad",
        "phone": "",
        "fuel_types": "CNG",
        "amenity": "cng",
        "source": "openstreetmap.org"
      },
      "geometry": {
        "type": "Point",
        "coordinates": [
          73.8172069,
          18.5695016
        ]
      }
    },
    {
      "type": "Feature",
      "properties": {
        "name": "Surma Petroleum & CNG Filling Station",
        "brand": "CNG",
        "brand_code": "CNG",
        "operator": "",
        "address": "",
        "state": "",
        "city": "",
        "phone": "",
        "fuel_types": "CNG",
        "amenity": "cng",
        "source": "openstreetmap.org"
      },
      "geometry": {
        "type": "Point",
        "coordinates": [
          91.8281784,
          24.9123707
        ]
      }
    },
    {
      "type": "Feature",
      "properties": {
        "name": "Safatullah CNG & Petrol Station",
        "brand": "CNG",
        "brand_code": "CNG",
        "operator": "",
        "address": "",
        "state": "",
        "city": "",
        "phone": "",
        "fuel_types": "CNG",
        "amenity": "cng",
        "source": "openstreetmap.org"
      },
      "geometry": {
        "type": "Point",
        "coordinates": [
          91.8228226,
          24.91362
        ]
      }
    },
    {
      "type": "Feature",
      "properties": {
        "name": "CNG Filling Station",
        "brand": "CNG",
        "brand_code": "CNG",
        "operator": "",
        "address": "",
        "state": "",
        "city": "",
        "phone": "",
        "fuel_types": "CNG",
        "amenity": "cng",
        "source": "openstreetmap.org"
      },
      "geometry": {
        "type": "Point",
        "coordinates": [
          91.8457226,
          22.3705461
        ]
      }
    },
    {
      "type": "Feature",
      "properties": {
        "name": "Teriail - Baharpur - Mohanagar CNG Station, Chattogram",
        "brand": "CNG",
        "brand_code": "CNG",
        "operator": "",
        "address": "",
        "state": "",
        "city": "",
        "phone": "",
        "fuel_types": "CNG",
        "amenity": "cng",
        "source": "openstreetmap.org"
      },
      "geometry": {
        "type": "Point",
        "coordinates": [
          91.6294745,
          22.6682757
        ]
      }
    },
    {
      "type": "Feature",
      "properties": {
        "name": "CNG Pump",
        "brand": "CNG",
        "brand_code": "CNG",
        "operator": "",
        "address": "",
        "state": "",
        "city": "Ravet",
        "phone": "",
        "fuel_types": "CNG",
        "amenity": "cng",
        "source": "openstreetmap.org"
      },
      "geometry": {
        "type": "Point",
        "coordinates": [
          73.742276,
          18.6468332
        ]
      }
    },
    {
      "type": "Feature",
      "properties": {
        "name": "Nazipur CNG Stand, Nazipur, Naogaon",
        "brand": "CNG",
        "brand_code": "CNG",
        "operator": "",
        "address": "",
        "state": "",
        "city": "",
        "phone": "",
        "fuel_types": "CNG",
        "amenity": "cng",
        "source": "openstreetmap.org"
      },
      "geometry": {
        "type": "Point",
        "coordinates": [
          88.7604236,
          25.0409892
        ]
      }
    },
    {
      "type": "Feature",
      "properties": {
        "name": "Indraprastha Gas Limited CNG station",
        "brand": "CNG",
        "brand_code": "CNG",
        "operator": "",
        "address": "",
        "state": "",
        "city": "",
        "phone": "",
        "fuel_types": "CNG",
        "amenity": "cng",
        "source": "openstreetmap.org"
      },
      "geometry": {
        "type": "Point",
        "coordinates": [
          77.3702804,
          28.5259841
        ]
      }
    },
    {
      "type": "Feature",
      "properties": {
        "name": "Bandhu CNG Autos, Naogaon",
        "brand": "CNG",
        "brand_code": "CNG",
        "operator": "",
        "address": "",
        "state": "",
        "city": "",
        "phone": "",
        "fuel_types": "CNG",
        "amenity": "cng",
        "source": "openstreetmap.org"
      },
      "geometry": {
        "type": "Point",
        "coordinates": [
          88.9583494,
          24.8042553
        ]
      }
    },
    {
      "type": "Feature",
      "properties": {
        "name": "Gujarat Gas CNG Station",
        "brand": "CNG",
        "brand_code": "CNG",
        "operator": "",
        "address": "",
        "state": "",
        "city": "",
        "phone": "",
        "fuel_types": "CNG",
        "amenity": "cng",
        "source": "openstreetmap.org"
      },
      "geometry": {
        "type": "Point",
        "coordinates": [
          70.8597454,
          22.8434432
        ]
      }
    },
    {
      "type": "Feature",
      "properties": {
        "name": "Shibpur CNG Stop, Hazari Road, Saidpur, Chittagong",
        "brand": "CNG",
        "brand_code": "CNG",
        "operator": "",
        "address": "",
        "state": "",
        "city": "",
        "phone": "",
        "fuel_types": "CNG",
        "amenity": "cng",
        "source": "openstreetmap.org"
      },
      "geometry": {
        "type": "Point",
        "coordinates": [
          91.6405549,
          22.6254985
        ]
      }
    },
    {
      "type": "Feature",
      "properties": {
        "name": "Navan CNG Filling Station,Keen Chips Factory, Dhaka - Chittagong Hwy, Sitakund, Chittagong",
        "brand": "CNG",
        "brand_code": "CNG",
        "operator": "",
        "address": "",
        "state": "",
        "city": "",
        "phone": "",
        "fuel_types": "CNG",
        "amenity": "cng",
        "source": "openstreetmap.org"
      },
      "geometry": {
        "type": "Point",
        "coordinates": [
          91.65434,
          22.6265363
        ]
      }
    },
    {
      "type": "Feature",
      "properties": {
        "name": "Sub Plus CNG Filling Station, Dhaka - Chittagong Hwy, Muradpur, Chittagong",
        "brand": "CNG",
        "brand_code": "CNG",
        "operator": "",
        "address": "",
        "state": "",
        "city": "",
        "phone": "",
        "fuel_types": "CNG",
        "amenity": "cng",
        "source": "openstreetmap.org"
      },
      "geometry": {
        "type": "Point",
        "coordinates": [
          91.6705047,
          22.5996329
        ]
      }
    },
    {
      "type": "Feature",
      "properties": {
        "name": "South Akilpur CNG Station, Kumira, Chittagong",
        "brand": "CNG",
        "brand_code": "CNG",
        "operator": "",
        "address": "",
        "state": "",
        "city": "",
        "phone": "",
        "fuel_types": "CNG",
        "amenity": "cng",
        "source": "openstreetmap.org"
      },
      "geometry": {
        "type": "Point",
        "coordinates": [
          91.692542,
          22.5157336
        ]
      }
    },
    {
      "type": "Feature",
      "properties": {
        "name": "Total CNG Filling Station",
        "brand": "CNG",
        "brand_code": "CNG",
        "operator": "",
        "address": "Dhaka Chattogram Road",
        "state": "",
        "city": "",
        "phone": "",
        "fuel_types": "CNG",
        "amenity": "cng",
        "source": "openstreetmap.org"
      },
      "geometry": {
        "type": "Point",
        "coordinates": [
          90.4671147,
          23.6948943
        ]
      }
    },
    {
      "type": "Feature",
      "properties": {
        "name": "Maa Fatema CNG Filling Station, Fouzderhat Station, Dhaka - Chittagong Hwy, Salimpur, Chattogram",
        "brand": "CNG",
        "brand_code": "CNG",
        "operator": "",
        "address": "",
        "state": "",
        "city": "",
        "phone": "",
        "fuel_types": "CNG",
        "amenity": "cng",
        "source": "openstreetmap.org"
      },
      "geometry": {
        "type": "Point",
        "coordinates": [
          91.7547368,
          22.4091406
        ]
      }
    },
    {
      "type": "Feature",
      "properties": {
        "name": "Sonali CNG Limited, Bhatiari, Chattogram",
        "brand": "CNG",
        "brand_code": "CNG",
        "operator": "",
        "address": "",
        "state": "",
        "city": "",
        "phone": "",
        "fuel_types": "CNG",
        "amenity": "cng",
        "source": "openstreetmap.org"
      },
      "geometry": {
        "type": "Point",
        "coordinates": [
          91.7550875,
          22.4093928
        ]
      }
    },
    {
      "type": "Feature",
      "properties": {
        "name": "Bay View CNG Filling Station, Fozdarhat opposite police fari, Salimpur, Chattogram",
        "brand": "CNG",
        "brand_code": "CNG",
        "operator": "",
        "address": "",
        "state": "",
        "city": "",
        "phone": "",
        "fuel_types": "CNG",
        "amenity": "cng",
        "source": "openstreetmap.org"
      },
      "geometry": {
        "type": "Point",
        "coordinates": [
          91.7572893,
          22.4006257
        ]
      }
    },
    {
      "type": "Feature",
      "properties": {
        "name": "Mir CNG Filling Station, Kattali, Near, Dhaka - Chittagong Hwy, Chattogram",
        "brand": "CNG",
        "brand_code": "CNG",
        "operator": "",
        "address": "",
        "state": "",
        "city": "",
        "phone": "",
        "fuel_types": "CNG",
        "amenity": "cng",
        "source": "openstreetmap.org"
      },
      "geometry": {
        "type": "Point",
        "coordinates": [
          91.7749834,
          22.3717783
        ]
      }
    },
    {
      "type": "Feature",
      "properties": {
        "name": "Ashoka CNG Pump",
        "brand": "CNG",
        "brand_code": "CNG",
        "operator": "",
        "address": "",
        "state": "",
        "city": "",
        "phone": "",
        "fuel_types": "CNG",
        "amenity": "cng",
        "source": "openstreetmap.org"
      },
      "geometry": {
        "type": "Point",
        "coordinates": [
          76.5582705,
          18.3768707
        ]
      }
    },
    {
      "type": "Feature",
      "properties": {
        "name": "Ashoka CNG",
        "brand": "CNG",
        "brand_code": "CNG",
        "operator": "",
        "address": "",
        "state": "",
        "city": "",
        "phone": "",
        "fuel_types": "CNG",
        "amenity": "cng",
        "source": "openstreetmap.org"
      },
      "geometry": {
        "type": "Point",
        "coordinates": [
          76.5509666,
          18.3859615
        ]
      }
    },
    {
      "type": "Feature",
      "properties": {
        "name": "Shoikot CNG Filling Station, Chittagong Highway, Chattogram",
        "brand": "CNG",
        "brand_code": "CNG",
        "operator": "",
        "address": "",
        "state": "",
        "city": "",
        "phone": "",
        "fuel_types": "CNG",
        "amenity": "cng",
        "source": "openstreetmap.org"
      },
      "geometry": {
        "type": "Point",
        "coordinates": [
          91.7881858,
          22.3387161
        ]
      }
    },
    {
      "type": "Feature",
      "properties": {
        "name": "Highway CNG filling Station, Port Connecting Rd, Chattogram",
        "brand": "CNG",
        "brand_code": "CNG",
        "operator": "",
        "address": "",
        "state": "",
        "city": "",
        "phone": "",
        "fuel_types": "CNG",
        "amenity": "cng",
        "source": "openstreetmap.org"
      },
      "geometry": {
        "type": "Point",
        "coordinates": [
          91.7886782,
          22.3346064
        ]
      }
    },
    {
      "type": "Feature",
      "properties": {
        "name": "Kolka LPG and CNG Station, Port Connecting Rd, Chattogram",
        "brand": "CNG",
        "brand_code": "CNG",
        "operator": "",
        "address": "",
        "state": "",
        "city": "",
        "phone": "",
        "fuel_types": "CNG",
        "amenity": "cng",
        "source": "openstreetmap.org"
      },
      "geometry": {
        "type": "Point",
        "coordinates": [
          91.7854852,
          22.3522252
        ]
      }
    },
    {
      "type": "Feature",
      "properties": {
        "name": "Satata CNG /LPG Motors, Nayabazar BiswaRoad, PC Road, Chattogram",
        "brand": "CNG",
        "brand_code": "CNG",
        "operator": "",
        "address": "",
        "state": "",
        "city": "",
        "phone": "",
        "fuel_types": "CNG",
        "amenity": "cng",
        "source": "openstreetmap.org"
      },
      "geometry": {
        "type": "Point",
        "coordinates": [
          91.7879086,
          22.3433373
        ]
      }
    },
    {
      "type": "Feature",
      "properties": {
        "name": "Navana CNG Limited-Chattogram Branch, SK. Mujib Road, Chattogram",
        "brand": "CNG",
        "brand_code": "CNG",
        "operator": "",
        "address": "",
        "state": "",
        "city": "",
        "phone": "",
        "fuel_types": "CNG",
        "amenity": "cng",
        "source": "openstreetmap.org"
      },
      "geometry": {
        "type": "Point",
        "coordinates": [
          91.8130419,
          22.3212249
        ]
      }
    },
    {
      "type": "Feature",
      "properties": {
        "name": "Salim & Sons CNG Filling Station, Port Connecting Rd, Chattogram",
        "brand": "CNG",
        "brand_code": "CNG",
        "operator": "",
        "address": "",
        "state": "",
        "city": "",
        "phone": "",
        "fuel_types": "CNG",
        "amenity": "cng",
        "source": "openstreetmap.org"
      },
      "geometry": {
        "type": "Point",
        "coordinates": [
          91.7985021,
          22.318272
        ]
      }
    },
    {
      "type": "Feature",
      "properties": {
        "name": "Intraco CNG/LPG, M. A Aziz Rd, Chattogram",
        "brand": "CNG",
        "brand_code": "CNG",
        "operator": "",
        "address": "",
        "state": "",
        "city": "",
        "phone": "",
        "fuel_types": "CNG",
        "amenity": "cng",
        "source": "openstreetmap.org"
      },
      "geometry": {
        "type": "Point",
        "coordinates": [
          91.787395,
          22.2675207
        ]
      }
    },
    {
      "type": "Feature",
      "properties": {
        "name": "Oli Ahmed CNG station, Chittagong - Kaptai Hwy, Chattogram",
        "brand": "CNG",
        "brand_code": "CNG",
        "operator": "",
        "address": "",
        "state": "",
        "city": "",
        "phone": "",
        "fuel_types": "CNG",
        "amenity": "cng",
        "source": "openstreetmap.org"
      },
      "geometry": {
        "type": "Point",
        "coordinates": [
          91.8662643,
          22.421979
        ]
      }
    },
    {
      "type": "Feature",
      "properties": {
        "name": "Navana Cng Ltd., Chittagong - Rangamati Hwy, Chattogram",
        "brand": "CNG",
        "brand_code": "CNG",
        "operator": "",
        "address": "",
        "state": "",
        "city": "",
        "phone": "",
        "fuel_types": "CNG",
        "amenity": "cng",
        "source": "openstreetmap.org"
      },
      "geometry": {
        "type": "Point",
        "coordinates": [
          91.8210463,
          22.3938177
        ]
      }
    },
    {
      "type": "Feature",
      "properties": {
        "name": "Bhatiyari CNG station, Bhatiari - Hathazari Link Rd, Bhatiari, Chattogram",
        "brand": "CNG",
        "brand_code": "CNG",
        "operator": "",
        "address": "",
        "state": "",
        "city": "",
        "phone": "",
        "fuel_types": "CNG",
        "amenity": "cng",
        "source": "openstreetmap.org"
      },
      "geometry": {
        "type": "Point",
        "coordinates": [
          91.8201873,
          22.4317137
        ]
      }
    },
    {
      "type": "Feature",
      "properties": {
        "name": "Fast Fill CNG & LPG Filling Corner, BRTC Bus Depot, Rangamati-Khagrachhari Rd, Chattogram",
        "brand": "CNG",
        "brand_code": "CNG",
        "operator": "",
        "address": "",
        "state": "",
        "city": "",
        "phone": "",
        "fuel_types": "CNG",
        "amenity": "cng",
        "source": "openstreetmap.org"
      },
      "geometry": {
        "type": "Point",
        "coordinates": [
          91.8193716,
          22.4161726
        ]
      }
    },
    {
      "type": "Feature",
      "properties": {
        "name": "M/s Raihan Trading CNG Filling Corner, BRTC Bus Depot, Rangamati-Khagrachhari Rd, Chattogram",
        "brand": "CNG",
        "brand_code": "CNG",
        "operator": "",
        "address": "",
        "state": "",
        "city": "",
        "phone": "",
        "fuel_types": "CNG",
        "amenity": "cng",
        "source": "openstreetmap.org"
      },
      "geometry": {
        "type": "Point",
        "coordinates": [
          91.8193864,
          22.4166375
        ]
      }
    },
    {
      "type": "Feature",
      "properties": {
        "name": "Jalalabad CNG Filling Station, Chittagong-Rangamati Road, Chattogram",
        "brand": "CNG",
        "brand_code": "CNG",
        "operator": "",
        "address": "",
        "state": "",
        "city": "",
        "phone": "",
        "fuel_types": "CNG",
        "amenity": "cng",
        "source": "openstreetmap.org"
      },
      "geometry": {
        "type": "Point",
        "coordinates": [
          91.8897322,
          22.5324613
        ]
      }
    },
    {
      "type": "Feature",
      "properties": {
        "name": "Seven Save CNG & Lpg Parts, Near by Dholaipar Flyover Toll Plaza, South Jatrabari, Dhaka",
        "brand": "CNG",
        "brand_code": "CNG",
        "operator": "",
        "address": "",
        "state": "",
        "city": "",
        "phone": "",
        "fuel_types": "CNG",
        "amenity": "cng",
        "source": "openstreetmap.org"
      },
      "geometry": {
        "type": "Point",
        "coordinates": [
          90.4347583,
          23.7046198
        ]
      }
    },
    {
      "type": "Feature",
      "properties": {
        "name": "Metro CNG Den & Food Safari, Gas station, South Jatrabari, Dhaka",
        "brand": "CNG",
        "brand_code": "CNG",
        "operator": "",
        "address": "",
        "state": "",
        "city": "",
        "phone": "",
        "fuel_types": "CNG",
        "amenity": "cng",
        "source": "openstreetmap.org"
      },
      "geometry": {
        "type": "Point",
        "coordinates": [
          90.4349714,
          23.7074926
        ]
      }
    },
    {
      "type": "Feature",
      "properties": {
        "name": "LS Energy CNG station, Jonopath Mor Bus Stop, Atish Deepankar Rd, Dhaka",
        "brand": "CNG",
        "brand_code": "CNG",
        "operator": "",
        "address": "",
        "state": "",
        "city": "",
        "phone": "",
        "fuel_types": "CNG",
        "amenity": "cng",
        "source": "openstreetmap.org"
      },
      "geometry": {
        "type": "Point",
        "coordinates": [
          90.4281599,
          23.7124223
        ]
      }
    },
    {
      "type": "Feature",
      "properties": {
        "name": "Rahman & Co. CNG Refuel Station, Chittagong-Coxs Bazar Hwy, Chattogram",
        "brand": "CNG",
        "brand_code": "CNG",
        "operator": "",
        "address": "",
        "state": "",
        "city": "",
        "phone": "",
        "fuel_types": "CNG",
        "amenity": "cng",
        "source": "openstreetmap.org"
      },
      "geometry": {
        "type": "Point",
        "coordinates": [
          91.8627945,
          22.3033193
        ]
      }
    },
    {
      "type": "Feature",
      "properties": {
        "name": "S H Khan CNG Fuel Station, CDA Ave, Chattogram",
        "brand": "CNG",
        "brand_code": "CNG",
        "operator": "",
        "address": "",
        "state": "",
        "city": "",
        "phone": "",
        "fuel_types": "CNG",
        "amenity": "cng",
        "source": "openstreetmap.org"
      },
      "geometry": {
        "type": "Point",
        "coordinates": [
          91.8213415,
          22.3502755
        ]
      }
    },
    {
      "type": "Feature",
      "properties": {
        "name": "CNG indian oil",
        "brand": "CNG",
        "brand_code": "CNG",
        "operator": "",
        "address": "",
        "state": "",
        "city": "",
        "phone": "",
        "fuel_types": "CNG",
        "amenity": "cng",
        "source": "openstreetmap.org"
      },
      "geometry": {
        "type": "Point",
        "coordinates": [
          81.333787,
          26.8999979
        ]
      }
    },
    {
      "type": "Feature",
      "properties": {
        "name": "All In One CNG Filling Station",
        "brand": "CNG",
        "brand_code": "CNG",
        "operator": "",
        "address": "",
        "state": "",
        "city": "",
        "phone": "",
        "fuel_types": "CNG",
        "amenity": "cng",
        "source": "openstreetmap.org"
      },
      "geometry": {
        "type": "Point",
        "coordinates": [
          90.3991243,
          23.7586641
        ]
      }
    },
    {
      "type": "Feature",
      "properties": {
        "name": "R S CNG Filling Station Ltd.",
        "brand": "CNG",
        "brand_code": "CNG",
        "operator": "",
        "address": "",
        "state": "",
        "city": "",
        "phone": "",
        "fuel_types": "CNG",
        "amenity": "cng",
        "source": "openstreetmap.org"
      },
      "geometry": {
        "type": "Point",
        "coordinates": [
          90.3625001,
          23.7328023
        ]
      }
    },
    {
      "type": "Feature",
      "properties": {
        "name": "Rajarbag Service Station (Petrol Pump and CNG Station)",
        "brand": "CNG",
        "brand_code": "CNG",
        "operator": "",
        "address": "",
        "state": "",
        "city": "",
        "phone": "",
        "fuel_types": "CNG",
        "amenity": "cng",
        "source": "openstreetmap.org"
      },
      "geometry": {
        "type": "Point",
        "coordinates": [
          90.4170374,
          23.7424064
        ]
      }
    },
    {
      "type": "Feature",
      "properties": {
        "name": "GAIL Gas CNG Station",
        "brand": "CNG",
        "brand_code": "CNG",
        "operator": "GAIL",
        "address": "",
        "state": "",
        "city": "Dakshina Kannada",
        "phone": "",
        "fuel_types": "CNG",
        "amenity": "cng",
        "source": "openstreetmap.org"
      },
      "geometry": {
        "type": "Point",
        "coordinates": [
          74.812042,
          12.9477956
        ]
      }
    },
    {
      "type": "Feature",
      "properties": {
        "name": "Quikfill CNG, Gas station",
        "brand": "CNG",
        "brand_code": "CNG",
        "operator": "",
        "address": "",
        "state": "",
        "city": "",
        "phone": "",
        "fuel_types": "CNG",
        "amenity": "cng",
        "source": "openstreetmap.org"
      },
      "geometry": {
        "type": "Point",
        "coordinates": [
          90.4001834,
          23.895691
        ]
      }
    },
    {
      "type": "Feature",
      "properties": {
        "name": "Anudeep CNG",
        "brand": "CNG",
        "brand_code": "CNG",
        "operator": "",
        "address": "",
        "state": "",
        "city": "",
        "phone": "",
        "fuel_types": "CNG",
        "amenity": "cng",
        "source": "openstreetmap.org"
      },
      "geometry": {
        "type": "Point",
        "coordinates": [
          90.3994034,
          23.897548
        ]
      }
    },
    {
      "type": "Feature",
      "properties": {
        "name": "Sherina CNG Ltd., Gas station",
        "brand": "CNG",
        "brand_code": "CNG",
        "operator": "",
        "address": "",
        "state": "",
        "city": "",
        "phone": "",
        "fuel_types": "CNG",
        "amenity": "cng",
        "source": "openstreetmap.org"
      },
      "geometry": {
        "type": "Point",
        "coordinates": [
          90.3898511,
          23.9281658
        ]
      }
    },
    {
      "type": "Feature",
      "properties": {
        "name": "Al-Hera CNG And Filling Station, Gas station",
        "brand": "CNG",
        "brand_code": "CNG",
        "operator": "",
        "address": "",
        "state": "",
        "city": "",
        "phone": "",
        "fuel_types": "CNG",
        "amenity": "cng",
        "source": "openstreetmap.org"
      },
      "geometry": {
        "type": "Point",
        "coordinates": [
          90.3836252,
          23.9416838
        ]
      }
    },
    {
      "type": "Feature",
      "properties": {
        "name": "SOMMER CNG And CONVERSION LTD., Gas station",
        "brand": "CNG",
        "brand_code": "CNG",
        "operator": "",
        "address": "",
        "state": "",
        "city": "",
        "phone": "",
        "fuel_types": "CNG",
        "amenity": "cng",
        "source": "openstreetmap.org"
      },
      "geometry": {
        "type": "Point",
        "coordinates": [
          90.3838267,
          24.0072378
        ]
      }
    },
    {
      "type": "Feature",
      "properties": {
        "name": "Khan CNG Filling Station, Gas station",
        "brand": "CNG",
        "brand_code": "CNG",
        "operator": "",
        "address": "",
        "state": "",
        "city": "",
        "phone": "",
        "fuel_types": "CNG",
        "amenity": "cng",
        "source": "openstreetmap.org"
      },
      "geometry": {
        "type": "Point",
        "coordinates": [
          90.3882802,
          24.0574248
        ]
      }
    },
    {
      "type": "Feature",
      "properties": {
        "name": "Palak CNG, Gas station",
        "brand": "CNG",
        "brand_code": "CNG",
        "operator": "",
        "address": "",
        "state": "",
        "city": "",
        "phone": "",
        "fuel_types": "CNG",
        "amenity": "cng",
        "source": "openstreetmap.org"
      },
      "geometry": {
        "type": "Point",
        "coordinates": [
          90.4247748,
          24.1964295
        ]
      }
    },
    {
      "type": "Feature",
      "properties": {
        "name": "Star Filling Station CNG, Gas station",
        "brand": "CNG",
        "brand_code": "CNG",
        "operator": "",
        "address": "",
        "state": "",
        "city": "",
        "phone": "",
        "fuel_types": "CNG",
        "amenity": "cng",
        "source": "openstreetmap.org"
      },
      "geometry": {
        "type": "Point",
        "coordinates": [
          90.4162348,
          24.2123874
        ]
      }
    },
    {
      "type": "Feature",
      "properties": {
        "name": "Maona CNG Filling Station., Gas station",
        "brand": "CNG",
        "brand_code": "CNG",
        "operator": "",
        "address": "",
        "state": "",
        "city": "",
        "phone": "",
        "fuel_types": "CNG",
        "amenity": "cng",
        "source": "openstreetmap.org"
      },
      "geometry": {
        "type": "Point",
        "coordinates": [
          90.4013062,
          24.2468534
        ]
      }
    },
    {
      "type": "Feature",
      "properties": {
        "name": "MOHA CNG Filling Station, Gas station",
        "brand": "CNG",
        "brand_code": "CNG",
        "operator": "",
        "address": "",
        "state": "",
        "city": "",
        "phone": "",
        "fuel_types": "CNG",
        "amenity": "cng",
        "source": "openstreetmap.org"
      },
      "geometry": {
        "type": "Point",
        "coordinates": [
          90.4149609,
          24.2150695
        ]
      }
    },
    {
      "type": "Feature",
      "properties": {
        "name": "CNG station Bhaluka to Broad BazarAnd Burina",
        "brand": "CNG",
        "brand_code": "CNG",
        "operator": "",
        "address": "",
        "state": "",
        "city": "",
        "phone": "",
        "fuel_types": "CNG",
        "amenity": "cng",
        "source": "openstreetmap.org"
      },
      "geometry": {
        "type": "Point",
        "coordinates": [
          90.3859097,
          24.4002925
        ]
      }
    },
    {
      "type": "Feature",
      "properties": {
        "name": "Akiz CNG Station, Gas station",
        "brand": "CNG",
        "brand_code": "CNG",
        "operator": "",
        "address": "",
        "state": "",
        "city": "",
        "phone": "",
        "fuel_types": "CNG",
        "amenity": "cng",
        "source": "openstreetmap.org"
      },
      "geometry": {
        "type": "Point",
        "coordinates": [
          90.4104004,
          24.7148653
        ]
      }
    },
    {
      "type": "Feature",
      "properties": {
        "name": "Mymensingh CNG pump SY",
        "brand": "CNG",
        "brand_code": "CNG",
        "operator": "",
        "address": "",
        "state": "",
        "city": "",
        "phone": "",
        "fuel_types": "CNG",
        "amenity": "cng",
        "source": "openstreetmap.org"
      },
      "geometry": {
        "type": "Point",
        "coordinates": [
          90.4114191,
          24.7137455
        ]
      }
    },
    {
      "type": "Feature",
      "properties": {
        "name": "Azad CNG And Filling Station, Gas station",
        "brand": "CNG",
        "brand_code": "CNG",
        "operator": "",
        "address": "",
        "state": "",
        "city": "",
        "phone": "",
        "fuel_types": "CNG",
        "amenity": "cng",
        "source": "openstreetmap.org"
      },
      "geometry": {
        "type": "Point",
        "coordinates": [
          90.4101222,
          24.7154045
        ]
      }
    },
    {
      "type": "Feature",
      "properties": {
        "name": "Azad CNG Petro and Chemical Co., Gas station",
        "brand": "CNG",
        "brand_code": "CNG",
        "operator": "",
        "address": "",
        "state": "",
        "city": "",
        "phone": "",
        "fuel_types": "CNG",
        "amenity": "cng",
        "source": "openstreetmap.org"
      },
      "geometry": {
        "type": "Point",
        "coordinates": [
          90.321594,
          23.9070478
        ]
      }
    },
    {
      "type": "Feature",
      "properties": {
        "name": "Navana CNG Station, Gas station",
        "brand": "CNG",
        "brand_code": "CNG",
        "operator": "",
        "address": "",
        "state": "",
        "city": "",
        "phone": "",
        "fuel_types": "CNG",
        "amenity": "cng",
        "source": "openstreetmap.org"
      },
      "geometry": {
        "type": "Point",
        "coordinates": [
          90.323697,
          23.9048655
        ]
      }
    },
    {
      "type": "Feature",
      "properties": {
        "name": "Nadi Filling And CNG Station, Gas station",
        "brand": "CNG",
        "brand_code": "CNG",
        "operator": "",
        "address": "",
        "state": "",
        "city": "",
        "phone": "",
        "fuel_types": "CNG",
        "amenity": "cng",
        "source": "openstreetmap.org"
      },
      "geometry": {
        "type": "Point",
        "coordinates": [
          90.307989,
          23.9306807
        ]
      }
    },
    {
      "type": "Feature",
      "properties": {
        "name": "M/S Anwar CNG Filling Station And Servicing Center",
        "brand": "CNG",
        "brand_code": "CNG",
        "operator": "",
        "address": "",
        "state": "",
        "city": "",
        "phone": "",
        "fuel_types": "CNG",
        "amenity": "cng",
        "source": "openstreetmap.org"
      },
      "geometry": {
        "type": "Point",
        "coordinates": [
          90.2850561,
          23.9371688
        ]
      }
    },
    {
      "type": "Feature",
      "properties": {
        "name": "South Bengal CNG Filling Station",
        "brand": "CNG",
        "brand_code": "CNG",
        "operator": "",
        "address": "",
        "state": "",
        "city": "",
        "phone": "",
        "fuel_types": "CNG",
        "amenity": "cng",
        "source": "openstreetmap.org"
      },
      "geometry": {
        "type": "Point",
        "coordinates": [
          90.2892794,
          23.9371932
        ]
      }
    },
    {
      "type": "Feature",
      "properties": {
        "name": "Navana CNG Station, Gas station",
        "brand": "CNG",
        "brand_code": "CNG",
        "operator": "",
        "address": "",
        "state": "",
        "city": "",
        "phone": "",
        "fuel_types": "CNG",
        "amenity": "cng",
        "source": "openstreetmap.org"
      },
      "geometry": {
        "type": "Point",
        "coordinates": [
          90.2701526,
          23.9395646
        ]
      }
    },
    {
      "type": "Feature",
      "properties": {
        "name": "Dubai CNG Refueling Station, Gas station",
        "brand": "CNG",
        "brand_code": "CNG",
        "operator": "",
        "address": "",
        "state": "",
        "city": "",
        "phone": "",
        "fuel_types": "CNG",
        "amenity": "cng",
        "source": "openstreetmap.org"
      },
      "geometry": {
        "type": "Point",
        "coordinates": [
          90.2394103,
          24.043379
        ]
      }
    },
    {
      "type": "Feature",
      "properties": {
        "name": "Jyoti Cng Filling Station, Gas station",
        "brand": "CNG",
        "brand_code": "CNG",
        "operator": "",
        "address": "",
        "state": "",
        "city": "",
        "phone": "",
        "fuel_types": "CNG",
        "amenity": "cng",
        "source": "openstreetmap.org"
      },
      "geometry": {
        "type": "Point",
        "coordinates": [
          90.261203,
          23.9831168
        ]
      }
    },
    {
      "type": "Feature",
      "properties": {
        "name": "Millennium CNG Filling Station, Gas station",
        "brand": "CNG",
        "brand_code": "CNG",
        "operator": "",
        "address": "",
        "state": "",
        "city": "",
        "phone": "",
        "fuel_types": "CNG",
        "amenity": "cng",
        "source": "openstreetmap.org"
      },
      "geometry": {
        "type": "Point",
        "coordinates": [
          90.2439559,
          24.022543
        ]
      }
    },
    {
      "type": "Feature",
      "properties": {
        "name": "Riaz Filling Station And CNG",
        "brand": "CNG",
        "brand_code": "CNG",
        "operator": "",
        "address": "",
        "state": "",
        "city": "",
        "phone": "",
        "fuel_types": "CNG",
        "amenity": "cng",
        "source": "openstreetmap.org"
      },
      "geometry": {
        "type": "Point",
        "coordinates": [
          90.3599353,
          23.9890319
        ]
      }
    },
    {
      "type": "Feature",
      "properties": {
        "name": "M/S Titas Filing Station and CNG, Gas station",
        "brand": "CNG",
        "brand_code": "CNG",
        "operator": "",
        "address": "",
        "state": "",
        "city": "",
        "phone": "",
        "fuel_types": "CNG",
        "amenity": "cng",
        "source": "openstreetmap.org"
      },
      "geometry": {
        "type": "Point",
        "coordinates": [
          90.3279684,
          24.0100639
        ]
      }
    },
    {
      "type": "Feature",
      "properties": {
        "name": "Nitol Tata CNG Station, Gas station",
        "brand": "CNG",
        "brand_code": "CNG",
        "operator": "",
        "address": "",
        "state": "",
        "city": "",
        "phone": "",
        "fuel_types": "CNG",
        "amenity": "cng",
        "source": "openstreetmap.org"
      },
      "geometry": {
        "type": "Point",
        "coordinates": [
          90.317529,
          24.0116459
        ]
      }
    },
    {
      "type": "Feature",
      "properties": {
        "name": "Dewan CNG Station, Gas station",
        "brand": "CNG",
        "brand_code": "CNG",
        "operator": "",
        "address": "",
        "state": "",
        "city": "",
        "phone": "",
        "fuel_types": "CNG",
        "amenity": "cng",
        "source": "openstreetmap.org"
      },
      "geometry": {
        "type": "Point",
        "coordinates": [
          90.2499534,
          24.0412123
        ]
      }
    },
    {
      "type": "Feature",
      "properties": {
        "name": "Al-Jalal CNG And LPG Pump",
        "brand": "CNG",
        "brand_code": "CNG",
        "operator": "",
        "address": "",
        "state": "",
        "city": "",
        "phone": "",
        "fuel_types": "CNG",
        "amenity": "cng",
        "source": "openstreetmap.org"
      },
      "geometry": {
        "type": "Point",
        "coordinates": [
          91.9047486,
          24.8961397
        ]
      }
    },
    {
      "type": "Feature",
      "properties": {
        "name": "Turag CNG Filling Station, Gas station",
        "brand": "CNG",
        "brand_code": "CNG",
        "operator": "",
        "address": "",
        "state": "",
        "city": "",
        "phone": "",
        "fuel_types": "CNG",
        "amenity": "cng",
        "source": "openstreetmap.org"
      },
      "geometry": {
        "type": "Point",
        "coordinates": [
          90.2243266,
          24.0606921
        ]
      }
    },
    {
      "type": "Feature",
      "properties": {
        "name": "High Pressure CNG Station, Gas station",
        "brand": "CNG",
        "brand_code": "CNG",
        "operator": "",
        "address": "",
        "state": "",
        "city": "",
        "phone": "",
        "fuel_types": "CNG",
        "amenity": "cng",
        "source": "openstreetmap.org"
      },
      "geometry": {
        "type": "Point",
        "coordinates": [
          89.9512997,
          24.238359
        ]
      }
    },
    {
      "type": "Feature",
      "properties": {
        "name": "Nahian CNG Filling Station",
        "brand": "CNG",
        "brand_code": "CNG",
        "operator": "",
        "address": "",
        "state": "",
        "city": "",
        "phone": "",
        "fuel_types": "CNG",
        "amenity": "cng",
        "source": "openstreetmap.org"
      },
      "geometry": {
        "type": "Point",
        "coordinates": [
          90.0120126,
          24.1779687
        ]
      }
    },
    {
      "type": "Feature",
      "properties": {
        "name": "Nitol CNG Filling Station, Gas station",
        "brand": "CNG",
        "brand_code": "CNG",
        "operator": "",
        "address": "",
        "state": "",
        "city": "",
        "phone": "",
        "fuel_types": "CNG",
        "amenity": "cng",
        "source": "openstreetmap.org"
      },
      "geometry": {
        "type": "Point",
        "coordinates": [
          89.9430176,
          24.2417339
        ]
      }
    },
    {
      "type": "Feature",
      "properties": {
        "name": "Akij CNG filing Station, Gas station",
        "brand": "CNG",
        "brand_code": "CNG",
        "operator": "",
        "address": "",
        "state": "",
        "city": "",
        "phone": "",
        "fuel_types": "CNG",
        "amenity": "cng",
        "source": "openstreetmap.org"
      },
      "geometry": {
        "type": "Point",
        "coordinates": [
          89.9444802,
          24.241323
        ]
      }
    },
    {
      "type": "Feature",
      "properties": {
        "name": "Tangail CNG Refueling Station Limited, Gas station",
        "brand": "CNG",
        "brand_code": "CNG",
        "operator": "",
        "address": "",
        "state": "",
        "city": "",
        "phone": "",
        "fuel_types": "CNG",
        "amenity": "cng",
        "source": "openstreetmap.org"
      },
      "geometry": {
        "type": "Point",
        "coordinates": [
          89.9177092,
          24.2828093
        ]
      }
    },
    {
      "type": "Feature",
      "properties": {
        "name": "INTRACO TANGAIL CNG, Gas station",
        "brand": "CNG",
        "brand_code": "CNG",
        "operator": "",
        "address": "",
        "state": "",
        "city": "",
        "phone": "",
        "fuel_types": "CNG",
        "amenity": "cng",
        "source": "openstreetmap.org"
      },
      "geometry": {
        "type": "Point",
        "coordinates": [
          89.9179544,
          24.2815228
        ]
      }
    },
    {
      "type": "Feature",
      "properties": {
        "name": "Nitol CNG Filling Station, Gas station",
        "brand": "CNG",
        "brand_code": "CNG",
        "operator": "",
        "address": "",
        "state": "",
        "city": "",
        "phone": "",
        "fuel_types": "CNG",
        "amenity": "cng",
        "source": "openstreetmap.org"
      },
      "geometry": {
        "type": "Point",
        "coordinates": [
          89.9182767,
          24.2831439
        ]
      }
    },
    {
      "type": "Feature",
      "properties": {
        "name": "CNG Filling Shop, Gas station",
        "brand": "CNG",
        "brand_code": "CNG",
        "operator": "",
        "address": "",
        "state": "",
        "city": "",
        "phone": "",
        "fuel_types": "CNG",
        "amenity": "cng",
        "source": "openstreetmap.org"
      },
      "geometry": {
        "type": "Point",
        "coordinates": [
          90.0255156,
          24.5966282
        ]
      }
    },
    {
      "type": "Feature",
      "properties": {
        "name": "Alhaz Nobab Ali CNG and Filling Station, Gas station",
        "brand": "CNG",
        "brand_code": "CNG",
        "operator": "",
        "address": "",
        "state": "",
        "city": "",
        "phone": "",
        "fuel_types": "CNG",
        "amenity": "cng",
        "source": "openstreetmap.org"
      },
      "geometry": {
        "type": "Point",
        "coordinates": [
          90.2921006,
          24.7657664
        ]
      }
    },
    {
      "type": "Feature",
      "properties": {
        "name": "Alhaz Nobab Ali CNG and Filling Station, Gas station",
        "brand": "CNG",
        "brand_code": "CNG",
        "operator": "",
        "address": "",
        "state": "",
        "city": "",
        "phone": "",
        "fuel_types": "CNG",
        "amenity": "cng",
        "source": "openstreetmap.org"
      },
      "geometry": {
        "type": "Point",
        "coordinates": [
          90.2667973,
          24.7618157
        ]
      }
    },
    {
      "type": "Feature",
      "properties": {
        "name": "Mymensingh CNG Auto-rickshaw Station",
        "brand": "CNG",
        "brand_code": "CNG",
        "operator": "",
        "address": "",
        "state": "",
        "city": "",
        "phone": "",
        "fuel_types": "CNG",
        "amenity": "cng",
        "source": "openstreetmap.org"
      },
      "geometry": {
        "type": "Point",
        "coordinates": [
          90.4210156,
          24.7476097
        ]
      }
    },
    {
      "type": "Feature",
      "properties": {
        "name": "Habib CNG Filling Station, Gas station",
        "brand": "CNG",
        "brand_code": "CNG",
        "operator": "",
        "address": "",
        "state": "",
        "city": "",
        "phone": "",
        "fuel_types": "CNG",
        "amenity": "cng",
        "source": "openstreetmap.org"
      },
      "geometry": {
        "type": "Point",
        "coordinates": [
          90.2673679,
          23.9338479
        ]
      }
    },
    {
      "type": "Feature",
      "properties": {
        "name": "Nabinagor CNG Refuelling And Filling Station",
        "brand": "CNG",
        "brand_code": "CNG",
        "operator": "",
        "address": "",
        "state": "",
        "city": "",
        "phone": "",
        "fuel_types": "CNG",
        "amenity": "cng",
        "source": "openstreetmap.org"
      },
      "geometry": {
        "type": "Point",
        "coordinates": [
          90.2583389,
          23.9140124
        ]
      }
    },
    {
      "type": "Feature",
      "properties": {
        "name": "Mollah CNG And Filling Station, Gas station",
        "brand": "CNG",
        "brand_code": "CNG",
        "operator": "",
        "address": "",
        "state": "",
        "city": "",
        "phone": "",
        "fuel_types": "CNG",
        "amenity": "cng",
        "source": "openstreetmap.org"
      },
      "geometry": {
        "type": "Point",
        "coordinates": [
          90.2668715,
          23.7948664
        ]
      }
    },
    {
      "type": "Feature",
      "properties": {
        "name": "Aleya Kamal CNG Station, Gas station",
        "brand": "CNG",
        "brand_code": "CNG",
        "operator": "",
        "address": "",
        "state": "",
        "city": "",
        "phone": "",
        "fuel_types": "CNG",
        "amenity": "cng",
        "source": "openstreetmap.org"
      },
      "geometry": {
        "type": "Point",
        "coordinates": [
          90.2642067,
          23.7965274
        ]
      }
    },
    {
      "type": "Feature",
      "properties": {
        "name": "FtoF CNG Filling Station, Gas station",
        "brand": "CNG",
        "brand_code": "CNG",
        "operator": "",
        "address": "",
        "state": "",
        "city": "",
        "phone": "",
        "fuel_types": "CNG",
        "amenity": "cng",
        "source": "openstreetmap.org"
      },
      "geometry": {
        "type": "Point",
        "coordinates": [
          90.340275,
          23.7828865
        ]
      }
    },
    {
      "type": "Feature",
      "properties": {
        "name": "ABN Paget CNG Station, Gas station",
        "brand": "CNG",
        "brand_code": "CNG",
        "operator": "",
        "address": "",
        "state": "",
        "city": "",
        "phone": "",
        "fuel_types": "CNG",
        "amenity": "cng",
        "source": "openstreetmap.org"
      },
      "geometry": {
        "type": "Point",
        "coordinates": [
          90.3569567,
          23.7786762
        ]
      }
    },
    {
      "type": "Feature",
      "properties": {
        "name": "NAndN CNG Refueling Station, Gas station",
        "brand": "CNG",
        "brand_code": "CNG",
        "operator": "",
        "address": "",
        "state": "",
        "city": "",
        "phone": "",
        "fuel_types": "CNG",
        "amenity": "cng",
        "source": "openstreetmap.org"
      },
      "geometry": {
        "type": "Point",
        "coordinates": [
          90.214283,
          23.9082469
        ]
      }
    },
    {
      "type": "Feature",
      "properties": {
        "name": "Dhamrai CNG Filling Station",
        "brand": "CNG",
        "brand_code": "CNG",
        "operator": "",
        "address": "",
        "state": "",
        "city": "",
        "phone": "",
        "fuel_types": "CNG",
        "amenity": "cng",
        "source": "openstreetmap.org"
      },
      "geometry": {
        "type": "Point",
        "coordinates": [
          90.2119689,
          23.908011
        ]
      }
    },
    {
      "type": "Feature",
      "properties": {
        "name": "Navana Niribili CNG Pump, Gas station",
        "brand": "CNG",
        "brand_code": "CNG",
        "operator": "",
        "address": "",
        "state": "",
        "city": "",
        "phone": "",
        "fuel_types": "CNG",
        "amenity": "cng",
        "source": "openstreetmap.org"
      },
      "geometry": {
        "type": "Point",
        "coordinates": [
          90.253175,
          23.9160878
        ]
      }
    },
    {
      "type": "Feature",
      "properties": {
        "name": "F2F CNG Filling Station, Gas station",
        "brand": "CNG",
        "brand_code": "CNG",
        "operator": "",
        "address": "",
        "state": "",
        "city": "",
        "phone": "",
        "fuel_types": "CNG",
        "amenity": "cng",
        "source": "openstreetmap.org"
      },
      "geometry": {
        "type": "Point",
        "coordinates": [
          90.2211683,
          23.9079212
        ]
      }
    },
    {
      "type": "Feature",
      "properties": {
        "name": "Dhamrai CNG Filling Station",
        "brand": "CNG",
        "brand_code": "CNG",
        "operator": "",
        "address": "",
        "state": "",
        "city": "",
        "phone": "",
        "fuel_types": "CNG",
        "amenity": "cng",
        "source": "openstreetmap.org"
      },
      "geometry": {
        "type": "Point",
        "coordinates": [
          90.211833,
          23.9076708
        ]
      }
    },
    {
      "type": "Feature",
      "properties": {
        "name": "Akash CNG Filling Station, Gas station",
        "brand": "CNG",
        "brand_code": "CNG",
        "operator": "",
        "address": "",
        "state": "",
        "city": "",
        "phone": "",
        "fuel_types": "CNG",
        "amenity": "cng",
        "source": "openstreetmap.org"
      },
      "geometry": {
        "type": "Point",
        "coordinates": [
          90.1379167,
          23.9220387
        ]
      }
    },
    {
      "type": "Feature",
      "properties": {
        "name": "Southern CNG Filling Station, Gas station",
        "brand": "CNG",
        "brand_code": "CNG",
        "operator": "",
        "address": "",
        "state": "",
        "city": "",
        "phone": "",
        "fuel_types": "CNG",
        "amenity": "cng",
        "source": "openstreetmap.org"
      },
      "geometry": {
        "type": "Point",
        "coordinates": [
          90.0400453,
          23.9014287
        ]
      }
    },
    {
      "type": "Feature",
      "properties": {
        "name": "Dhaleshwari CNG And LPG Filling Station, Gas station",
        "brand": "CNG",
        "brand_code": "CNG",
        "operator": "",
        "address": "",
        "state": "",
        "city": "",
        "phone": "",
        "fuel_types": "CNG",
        "amenity": "cng",
        "source": "openstreetmap.org"
      },
      "geometry": {
        "type": "Point",
        "coordinates": [
          90.0080224,
          23.8721354
        ]
      }
    },
    {
      "type": "Feature",
      "properties": {
        "name": "Good Luck CNG And LPG Auto Gas Station, Gas station",
        "brand": "CNG",
        "brand_code": "CNG",
        "operator": "",
        "address": "",
        "state": "",
        "city": "",
        "phone": "",
        "fuel_types": "CNG",
        "amenity": "cng",
        "source": "openstreetmap.org"
      },
      "geometry": {
        "type": "Point",
        "coordinates": [
          89.9848739,
          23.8710866
        ]
      }
    },
    {
      "type": "Feature",
      "properties": {
        "name": "M/S. A. Rahman CNG And Filling Station, Gas station",
        "brand": "CNG",
        "brand_code": "CNG",
        "operator": "",
        "address": "",
        "state": "",
        "city": "",
        "phone": "",
        "fuel_types": "CNG",
        "amenity": "cng",
        "source": "openstreetmap.org"
      },
      "geometry": {
        "type": "Point",
        "coordinates": [
          89.9824586,
          23.8714538
        ]
      }
    },
    {
      "type": "Feature",
      "properties": {
        "name": "Barangaila CNG Station",
        "brand": "CNG",
        "brand_code": "CNG",
        "operator": "",
        "address": "",
        "state": "",
        "city": "",
        "phone": "",
        "fuel_types": "CNG",
        "amenity": "cng",
        "source": "openstreetmap.org"
      },
      "geometry": {
        "type": "Point",
        "coordinates": [
          89.8720398,
          23.8523303
        ]
      }
    },
    {
      "type": "Feature",
      "properties": {
        "name": "Modhumati CNG Ltd., Gas station",
        "brand": "CNG",
        "brand_code": "CNG",
        "operator": "",
        "address": "",
        "state": "",
        "city": "",
        "phone": "",
        "fuel_types": "CNG",
        "amenity": "cng",
        "source": "openstreetmap.org"
      },
      "geometry": {
        "type": "Point",
        "coordinates": [
          89.8635317,
          23.850039
        ]
      }
    },
    {
      "type": "Feature",
      "properties": {
        "name": "Rumi Filling And CNG Station, Gas station",
        "brand": "CNG",
        "brand_code": "CNG",
        "operator": "",
        "address": "",
        "state": "",
        "city": "",
        "phone": "",
        "fuel_types": "CNG",
        "amenity": "cng",
        "source": "openstreetmap.org"
      },
      "geometry": {
        "type": "Point",
        "coordinates": [
          89.8777757,
          23.8499837
        ]
      }
    },
    {
      "type": "Feature",
      "properties": {
        "name": "Zulnas CNG Filling Station, Gas station",
        "brand": "CNG",
        "brand_code": "CNG",
        "operator": "",
        "address": "",
        "state": "",
        "city": "",
        "phone": "",
        "fuel_types": "CNG",
        "amenity": "cng",
        "source": "openstreetmap.org"
      },
      "geometry": {
        "type": "Point",
        "coordinates": [
          89.9278387,
          23.8531993
        ]
      }
    },
    {
      "type": "Feature",
      "properties": {
        "name": "Akij CNG Station Ltd., Gas station",
        "brand": "CNG",
        "brand_code": "CNG",
        "operator": "",
        "address": "",
        "state": "",
        "city": "",
        "phone": "",
        "fuel_types": "CNG",
        "amenity": "cng",
        "source": "openstreetmap.org"
      },
      "geometry": {
        "type": "Point",
        "coordinates": [
          89.8110697,
          23.8429404
        ]
      }
    },
    {
      "type": "Feature",
      "properties": {
        "name": "Gujarat Gas CNG Station",
        "brand": "CNG",
        "brand_code": "CNG",
        "operator": "",
        "address": "",
        "state": "",
        "city": "",
        "phone": "",
        "fuel_types": "CNG",
        "amenity": "cng",
        "source": "openstreetmap.org"
      },
      "geometry": {
        "type": "Point",
        "coordinates": [
          72.1332163,
          21.7502621
        ]
      }
    },
    {
      "type": "Feature",
      "properties": {
        "name": "Indraprastha Gas Limited CNG Station",
        "brand": "CNG",
        "brand_code": "CNG",
        "operator": "",
        "address": "",
        "state": "",
        "city": "",
        "phone": "",
        "fuel_types": "CNG",
        "amenity": "cng",
        "source": "openstreetmap.org"
      },
      "geometry": {
        "type": "Point",
        "coordinates": [
          77.2999232,
          28.6619077
        ]
      }
    },
    {
      "type": "Feature",
      "properties": {
        "name": "Grand Filling Petrol & CNG Station",
        "brand": "Indian Oil",
        "brand_code": "CNG",
        "operator": "",
        "address": "",
        "state": "",
        "city": "Sher Majra",
        "phone": "",
        "fuel_types": "CNG",
        "amenity": "cng",
        "source": "openstreetmap.org"
      },
      "geometry": {
        "type": "Point",
        "coordinates": [
          76.3483276,
          30.2894769
        ]
      }
    },
    {
      "type": "Feature",
      "properties": {
        "name": "Jamalpur CNG station, CNG fitment center",
        "brand": "CNG",
        "brand_code": "CNG",
        "operator": "",
        "address": "",
        "state": "",
        "city": "",
        "phone": "",
        "fuel_types": "CNG",
        "amenity": "cng",
        "source": "openstreetmap.org"
      },
      "geometry": {
        "type": "Point",
        "coordinates": [
          89.9662987,
          24.9165892
        ]
      }
    },
    {
      "type": "Feature",
      "properties": {
        "name": "Ghusia CNG",
        "brand": "CNG",
        "brand_code": "CNG",
        "operator": "",
        "address": "",
        "state": "",
        "city": "",
        "phone": "",
        "fuel_types": "CNG",
        "amenity": "cng",
        "source": "openstreetmap.org"
      },
      "geometry": {
        "type": "Point",
        "coordinates": [
          74.0652181,
          32.5413821
        ]
      }
    },
    {
      "type": "Feature",
      "properties": {
        "name": "TM CNG",
        "brand": "CNG",
        "brand_code": "CNG",
        "operator": "",
        "address": "",
        "state": "",
        "city": "",
        "phone": "",
        "fuel_types": "CNG",
        "amenity": "cng",
        "source": "openstreetmap.org"
      },
      "geometry": {
        "type": "Point",
        "coordinates": [
          73.1132836,
          33.6327198
        ]
      }
    },
    {
      "type": "Feature",
      "properties": {
        "name": "Taj CNG Station, Gas station",
        "brand": "CNG",
        "brand_code": "CNG",
        "operator": "",
        "address": "",
        "state": "",
        "city": "",
        "phone": "",
        "fuel_types": "CNG",
        "amenity": "cng",
        "source": "openstreetmap.org"
      },
      "geometry": {
        "type": "Point",
        "coordinates": [
          90.0232103,
          25.0068308
        ]
      }
    },
    {
      "type": "Feature",
      "properties": {
        "name": "Kodda CNG Stand, Car inspection station",
        "brand": "CNG",
        "brand_code": "CNG",
        "operator": "",
        "address": "",
        "state": "",
        "city": "",
        "phone": "",
        "fuel_types": "CNG",
        "amenity": "cng",
        "source": "openstreetmap.org"
      },
      "geometry": {
        "type": "Point",
        "coordinates": [
          89.6911755,
          24.394697
        ]
      }
    },
    {
      "type": "Feature",
      "properties": {
        "name": "Intraco CNG and LPG station, Gas station",
        "brand": "CNG",
        "brand_code": "CNG",
        "operator": "",
        "address": "",
        "state": "",
        "city": "",
        "phone": "",
        "fuel_types": "CNG",
        "amenity": "cng",
        "source": "openstreetmap.org"
      },
      "geometry": {
        "type": "Point",
        "coordinates": [
          89.3929326,
          24.7826093
        ]
      }
    },
    {
      "type": "Feature",
      "properties": {
        "name": "Navana CNG Station Bogura,Gas station",
        "brand": "CNG",
        "brand_code": "CNG",
        "operator": "",
        "address": "",
        "state": "",
        "city": "",
        "phone": "",
        "fuel_types": "CNG",
        "amenity": "cng",
        "source": "openstreetmap.org"
      },
      "geometry": {
        "type": "Point",
        "coordinates": [
          89.372227,
          24.8537556
        ]
      }
    },
    {
      "type": "Feature",
      "properties": {
        "name": "Dottobari CNG Stand, Association",
        "brand": "CNG",
        "brand_code": "CNG",
        "operator": "",
        "address": "",
        "state": "",
        "city": "",
        "phone": "",
        "fuel_types": "CNG",
        "amenity": "cng",
        "source": "openstreetmap.org"
      },
      "geometry": {
        "type": "Point",
        "coordinates": [
          89.3724012,
          24.8551023
        ]
      }
    },
    {
      "type": "Feature",
      "properties": {
        "name": "Rumana Saif Enterprises, CNG fitment center",
        "brand": "CNG",
        "brand_code": "CNG",
        "operator": "",
        "address": "",
        "state": "",
        "city": "",
        "phone": "",
        "fuel_types": "CNG",
        "amenity": "cng",
        "source": "openstreetmap.org"
      },
      "geometry": {
        "type": "Point",
        "coordinates": [
          89.3475953,
          24.9480148
        ]
      }
    },
    {
      "type": "Feature",
      "properties": {
        "name": "Hazrat Raypuri Cng Filling Station, Gas station",
        "brand": "CNG",
        "brand_code": "CNG",
        "operator": "",
        "address": "",
        "state": "",
        "city": "",
        "phone": "",
        "fuel_types": "CNG",
        "amenity": "cng",
        "source": "openstreetmap.org"
      },
      "geometry": {
        "type": "Point",
        "coordinates": [
          92.160808,
          24.8452698
        ]
      }
    },
    {
      "type": "Feature",
      "properties": {
        "name": "Shonali Bazar CNG Stand",
        "brand": "CNG",
        "brand_code": "CNG",
        "operator": "",
        "address": "",
        "state": "",
        "city": "",
        "phone": "",
        "fuel_types": "CNG",
        "amenity": "cng",
        "source": "openstreetmap.org"
      },
      "geometry": {
        "type": "Point",
        "coordinates": [
          90.34608,
          23.8276126
        ]
      }
    },
    {
      "type": "Feature",
      "properties": {
        "name": "Ariya CNG Filling Station, Gas station",
        "brand": "CNG",
        "brand_code": "CNG",
        "operator": "",
        "address": "",
        "state": "",
        "city": "",
        "phone": "",
        "fuel_types": "CNG",
        "amenity": "cng",
        "source": "openstreetmap.org"
      },
      "geometry": {
        "type": "Point",
        "coordinates": [
          90.3714348,
          23.8066748
        ]
      }
    },
    {
      "type": "Feature",
      "properties": {
        "name": "Kingshuk CNG Station, Gas station",
        "brand": "CNG",
        "brand_code": "CNG",
        "operator": "",
        "address": "",
        "state": "",
        "city": "",
        "phone": "",
        "fuel_types": "CNG",
        "amenity": "cng",
        "source": "openstreetmap.org"
      },
      "geometry": {
        "type": "Point",
        "coordinates": [
          90.3638989,
          23.8049795
        ]
      }
    },
    {
      "type": "Feature",
      "properties": {
        "name": "YZ CNG Filling Station",
        "brand": "CNG",
        "brand_code": "CNG",
        "operator": "",
        "address": "",
        "state": "",
        "city": "",
        "phone": "",
        "fuel_types": "CNG",
        "amenity": "cng",
        "source": "openstreetmap.org"
      },
      "geometry": {
        "type": "Point",
        "coordinates": [
          72.9302855,
          33.6361193
        ]
      }
    },
    {
      "type": "Feature",
      "properties": {
        "name": "Rose CNG",
        "brand": "CNG",
        "brand_code": "CNG",
        "operator": "",
        "address": "",
        "state": "",
        "city": "",
        "phone": "",
        "fuel_types": "CNG",
        "amenity": "cng",
        "source": "openstreetmap.org"
      },
      "geometry": {
        "type": "Point",
        "coordinates": [
          72.9523191,
          33.6235647
        ]
      }
    },
    {
      "type": "Feature",
      "properties": {
        "name": "Wah CNG",
        "brand": "CNG",
        "brand_code": "CNG",
        "operator": "",
        "address": "",
        "state": "",
        "city": "",
        "phone": "",
        "fuel_types": "CNG",
        "amenity": "cng",
        "source": "openstreetmap.org"
      },
      "geometry": {
        "type": "Point",
        "coordinates": [
          72.7129395,
          33.7978366
        ]
      }
    },
    {
      "type": "Feature",
      "properties": {
        "name": "Farqadaan CNG",
        "brand": "CNG",
        "brand_code": "CNG",
        "operator": "",
        "address": "",
        "state": "",
        "city": "",
        "phone": "",
        "fuel_types": "CNG",
        "amenity": "cng",
        "source": "openstreetmap.org"
      },
      "geometry": {
        "type": "Point",
        "coordinates": [
          73.0316646,
          32.1995255
        ]
      }
    },
    {
      "type": "Feature",
      "properties": {
        "name": "CNG Station",
        "brand": "CNG",
        "brand_code": "CNG",
        "operator": "",
        "address": "Kashmir Road",
        "state": "",
        "city": "Sialkot",
        "phone": "",
        "fuel_types": "CNG",
        "amenity": "cng",
        "source": "openstreetmap.org"
      },
      "geometry": {
        "type": "Point",
        "coordinates": [
          74.4640513,
          32.4850456
        ]
      }
    },
    {
      "type": "Feature",
      "properties": {
        "name": "Diva CNG",
        "brand": "CNG",
        "brand_code": "CNG",
        "operator": "",
        "address": "",
        "state": "",
        "city": "",
        "phone": "",
        "fuel_types": "CNG",
        "amenity": "cng",
        "source": "openstreetmap.org"
      },
      "geometry": {
        "type": "Point",
        "coordinates": [
          73.0539693,
          33.5402558
        ]
      }
    },
    {
      "type": "Feature",
      "properties": {
        "name": "Hussain CNG",
        "brand": "CNG",
        "brand_code": "CNG",
        "operator": "",
        "address": "",
        "state": "",
        "city": "",
        "phone": "",
        "fuel_types": "CNG",
        "amenity": "cng",
        "source": "openstreetmap.org"
      },
      "geometry": {
        "type": "Point",
        "coordinates": [
          73.2889451,
          33.2748386
        ]
      }
    },
    {
      "type": "Feature",
      "properties": {
        "name": "Riaz CNG",
        "brand": "CNG",
        "brand_code": "CNG",
        "operator": "",
        "address": "",
        "state": "",
        "city": "",
        "phone": "",
        "fuel_types": "CNG",
        "amenity": "cng",
        "source": "openstreetmap.org"
      },
      "geometry": {
        "type": "Point",
        "coordinates": [
          73.1782421,
          33.5111659
        ]
      }
    },
    {
      "type": "Feature",
      "properties": {
        "name": "Gift CNG",
        "brand": "CNG",
        "brand_code": "CNG",
        "operator": "",
        "address": "Grand Trunk Road",
        "state": "",
        "city": "Rawat",
        "phone": "",
        "fuel_types": "CNG",
        "amenity": "cng",
        "source": "openstreetmap.org"
      },
      "geometry": {
        "type": "Point",
        "coordinates": [
          73.1873927,
          33.5055766
        ]
      }
    },
    {
      "type": "Feature",
      "properties": {
        "name": "Rawat CNG",
        "brand": "CNG",
        "brand_code": "CNG",
        "operator": "",
        "address": "",
        "state": "",
        "city": "",
        "phone": "",
        "fuel_types": "CNG",
        "amenity": "cng",
        "source": "openstreetmap.org"
      },
      "geometry": {
        "type": "Point",
        "coordinates": [
          73.1956604,
          33.4738839
        ]
      }
    },
    {
      "type": "Feature",
      "properties": {
        "name": "power CNG",
        "brand": "CNG",
        "brand_code": "CNG",
        "operator": "",
        "address": "",
        "state": "",
        "city": "",
        "phone": "",
        "fuel_types": "CNG",
        "amenity": "cng",
        "source": "openstreetmap.org"
      },
      "geometry": {
        "type": "Point",
        "coordinates": [
          74.5288164,
          32.5093887
        ]
      }
    },
    {
      "type": "Feature",
      "properties": {
        "name": "cng filling station",
        "brand": "CNG",
        "brand_code": "CNG",
        "operator": "",
        "address": "",
        "state": "",
        "city": "",
        "phone": "",
        "fuel_types": "CNG",
        "amenity": "cng",
        "source": "openstreetmap.org"
      },
      "geometry": {
        "type": "Point",
        "coordinates": [
          73.5801895,
          32.4357769
        ]
      }
    },
    {
      "type": "Feature",
      "properties": {
        "name": "Qadir CNG",
        "brand": "CNG",
        "brand_code": "CNG",
        "operator": "",
        "address": "",
        "state": "",
        "city": "",
        "phone": "",
        "fuel_types": "CNG",
        "amenity": "cng",
        "source": "openstreetmap.org"
      },
      "geometry": {
        "type": "Point",
        "coordinates": [
          72.7100886,
          33.798797
        ]
      }
    },
    {
      "type": "Feature",
      "properties": {
        "name": "Attock Petrol Pump (Basit CNG)",
        "brand": "CNG",
        "brand_code": "CNG",
        "operator": "",
        "address": "Grand Trunk Road",
        "state": "",
        "city": "راولپنڈی",
        "phone": "",
        "fuel_types": "CNG",
        "amenity": "cng",
        "source": "openstreetmap.org"
      },
      "geometry": {
        "type": "Point",
        "coordinates": [
          73.1053584,
          33.5435654
        ]
      }
    },
    {
      "type": "Feature",
      "properties": {
        "name": "Kaka khel CNG",
        "brand": "CNG",
        "brand_code": "CNG",
        "operator": "",
        "address": "",
        "state": "",
        "city": "",
        "phone": "",
        "fuel_types": "CNG",
        "amenity": "cng",
        "source": "openstreetmap.org"
      },
      "geometry": {
        "type": "Point",
        "coordinates": [
          72.9502477,
          33.6240189
        ]
      }
    },
    {
      "type": "Feature",
      "properties": {
        "name": "Mughal CNG",
        "brand": "CNG",
        "brand_code": "CNG",
        "operator": "",
        "address": "Grand Trunk Road",
        "state": "",
        "city": "راولپنڈی",
        "phone": "",
        "fuel_types": "CNG",
        "amenity": "cng",
        "source": "openstreetmap.org"
      },
      "geometry": {
        "type": "Point",
        "coordinates": [
          72.9729798,
          33.6234215
        ]
      }
    },
    {
      "type": "Feature",
      "properties": {
        "name": "speed cng",
        "brand": "CNG",
        "brand_code": "CNG",
        "operator": "",
        "address": "",
        "state": "",
        "city": "",
        "phone": "",
        "fuel_types": "CNG",
        "amenity": "cng",
        "source": "openstreetmap.org"
      },
      "geometry": {
        "type": "Point",
        "coordinates": [
          72.7109453,
          33.8262105
        ]
      }
    },
    {
      "type": "Feature",
      "properties": {
        "name": "Malook CNG",
        "brand": "CNG",
        "brand_code": "CNG",
        "operator": "",
        "address": "",
        "state": "",
        "city": "",
        "phone": "",
        "fuel_types": "CNG",
        "amenity": "cng",
        "source": "openstreetmap.org"
      },
      "geometry": {
        "type": "Point",
        "coordinates": [
          72.7164049,
          33.8266577
        ]
      }
    },
    {
      "type": "Feature",
      "properties": {
        "name": "Minhas CNG",
        "brand": "CNG",
        "brand_code": "CNG",
        "operator": "",
        "address": "",
        "state": "",
        "city": "",
        "phone": "",
        "fuel_types": "CNG",
        "amenity": "cng",
        "source": "openstreetmap.org"
      },
      "geometry": {
        "type": "Point",
        "coordinates": [
          72.7056799,
          33.8020735
        ]
      }
    },
    {
      "type": "Feature",
      "properties": {
        "name": "Khyber CNG Workshop",
        "brand": "CNG",
        "brand_code": "CNG",
        "operator": "",
        "address": "",
        "state": "",
        "city": "",
        "phone": "",
        "fuel_types": "CNG",
        "amenity": "cng",
        "source": "openstreetmap.org"
      },
      "geometry": {
        "type": "Point",
        "coordinates": [
          72.9211915,
          33.9936538
        ]
      }
    },
    {
      "type": "Feature",
      "properties": {
        "name": "liaqat cng",
        "brand": "CNG",
        "brand_code": "CNG",
        "operator": "",
        "address": "",
        "state": "",
        "city": "",
        "phone": "",
        "fuel_types": "CNG",
        "amenity": "cng",
        "source": "openstreetmap.org"
      },
      "geometry": {
        "type": "Point",
        "coordinates": [
          73.2228829,
          33.4055534
        ]
      }
    },
    {
      "type": "Feature",
      "properties": {
        "name": "Gasco CNG",
        "brand": "CNG",
        "brand_code": "CNG",
        "operator": "",
        "address": "Mandra Chakwal Rd",
        "state": "",
        "city": "",
        "phone": "",
        "fuel_types": "CNG",
        "amenity": "cng",
        "source": "openstreetmap.org"
      },
      "geometry": {
        "type": "Point",
        "coordinates": [
          73.1209874,
          33.2276285
        ]
      }
    },
    {
      "type": "Feature",
      "properties": {
        "name": "Midway CNG",
        "brand": "CNG",
        "brand_code": "CNG",
        "operator": "",
        "address": "Mandra Chakwal Rd",
        "state": "",
        "city": "",
        "phone": "",
        "fuel_types": "CNG",
        "amenity": "cng",
        "source": "openstreetmap.org"
      },
      "geometry": {
        "type": "Point",
        "coordinates": [
          73.1218822,
          33.2276013
        ]
      }
    },
    {
      "type": "Feature",
      "properties": {
        "name": "Toheed CNG",
        "brand": "CNG",
        "brand_code": "CNG",
        "operator": "",
        "address": "Mandra Chakwal Rd",
        "state": "",
        "city": "",
        "phone": "",
        "fuel_types": "CNG",
        "amenity": "cng",
        "source": "openstreetmap.org"
      },
      "geometry": {
        "type": "Point",
        "coordinates": [
          73.1384091,
          33.248013
        ]
      }
    },
    {
      "type": "Feature",
      "properties": {
        "name": "CNG Station",
        "brand": "CNG",
        "brand_code": "CNG",
        "operator": "",
        "address": "Service Road",
        "state": "",
        "city": "Gujranwala",
        "phone": "",
        "fuel_types": "CNG",
        "amenity": "cng",
        "source": "openstreetmap.org"
      },
      "geometry": {
        "type": "Point",
        "coordinates": [
          74.1802376,
          32.1932367
        ]
      }
    },
    {
      "type": "Feature",
      "properties": {
        "name": "CNG petrol pump",
        "brand": "CNG",
        "brand_code": "CNG",
        "operator": "",
        "address": "",
        "state": "",
        "city": "",
        "phone": "",
        "fuel_types": "CNG",
        "amenity": "cng",
        "source": "openstreetmap.org"
      },
      "geometry": {
        "type": "Point",
        "coordinates": [
          72.5260465,
          23.026704
        ]
      }
    },
    {
      "type": "Feature",
      "properties": {
        "name": "Meher CNG",
        "brand": "CNG",
        "brand_code": "CNG",
        "operator": "",
        "address": "",
        "state": "",
        "city": "",
        "phone": "",
        "fuel_types": "CNG",
        "amenity": "cng",
        "source": "openstreetmap.org"
      },
      "geometry": {
        "type": "Point",
        "coordinates": [
          74.5104262,
          32.4837066
        ]
      }
    },
    {
      "type": "Feature",
      "properties": {
        "name": "Vario CNG",
        "brand": "CNG",
        "brand_code": "CNG",
        "operator": "",
        "address": "Pasrur Bypass",
        "state": "",
        "city": "Sialkot",
        "phone": "",
        "fuel_types": "CNG",
        "amenity": "cng",
        "source": "openstreetmap.org"
      },
      "geometry": {
        "type": "Point",
        "coordinates": [
          74.5506138,
          32.4727177
        ]
      }
    },
    {
      "type": "Feature",
      "properties": {
        "name": "CNG",
        "brand": "CNG",
        "brand_code": "CNG",
        "operator": "",
        "address": "Ittefak",
        "state": "",
        "city": "Dhaka",
        "phone": "",
        "fuel_types": "CNG",
        "amenity": "cng",
        "source": "openstreetmap.org"
      },
      "geometry": {
        "type": "Point",
        "coordinates": [
          90.4219652,
          23.7219701
        ]
      }
    },
    {
      "type": "Feature",
      "properties": {
        "name": "ရေနံနှင့်သဘာဝဓါတ်ငွေ့ဆိုင် (CNG)",
        "brand": "CNG",
        "brand_code": "CNG",
        "operator": "",
        "address": "",
        "state": "",
        "city": "",
        "phone": "",
        "fuel_types": "CNG",
        "amenity": "cng",
        "source": "openstreetmap.org"
      },
      "geometry": {
        "type": "Point",
        "coordinates": [
          96.212583,
          16.8584082
        ]
      }
    },
    {
      "type": "Feature",
      "properties": {
        "name": "cng station",
        "brand": "CNG",
        "brand_code": "CNG",
        "operator": "",
        "address": "",
        "state": "",
        "city": "Sirajganj",
        "phone": "",
        "fuel_types": "CNG",
        "amenity": "cng",
        "source": "openstreetmap.org"
      },
      "geometry": {
        "type": "Point",
        "coordinates": [
          89.679345,
          24.4515305
        ]
      }
    },
    {
      "type": "Feature",
      "properties": {
        "name": "Turbo Cng",
        "brand": "CNG",
        "brand_code": "CNG",
        "operator": "",
        "address": "",
        "state": "",
        "city": "",
        "phone": "",
        "fuel_types": "CNG",
        "amenity": "cng",
        "source": "openstreetmap.org"
      },
      "geometry": {
        "type": "Point",
        "coordinates": [
          72.9966117,
          33.6157749
        ]
      }
    },
    {
      "type": "Feature",
      "properties": {
        "name": "CNG Station",
        "brand": "CNG",
        "brand_code": "CNG",
        "operator": "",
        "address": "",
        "state": "",
        "city": "",
        "phone": "",
        "fuel_types": "CNG",
        "amenity": "cng",
        "source": "openstreetmap.org"
      },
      "geometry": {
        "type": "Point",
        "coordinates": [
          89.3897122,
          24.7877832
        ]
      }
    },
    {
      "type": "Feature",
      "properties": {
        "name": "Ghazi CNG",
        "brand": "CNG",
        "brand_code": "CNG",
        "operator": "",
        "address": "",
        "state": "",
        "city": "",
        "phone": "",
        "fuel_types": "CNG",
        "amenity": "cng",
        "source": "openstreetmap.org"
      },
      "geometry": {
        "type": "Point",
        "coordinates": [
          72.5716362,
          33.9608777
        ]
      }
    },
    {
      "type": "Feature",
      "properties": {
        "name": "Alwaris CNG",
        "brand": "CNG",
        "brand_code": "CNG",
        "operator": "",
        "address": "",
        "state": "",
        "city": "",
        "phone": "",
        "fuel_types": "CNG",
        "amenity": "cng",
        "source": "openstreetmap.org"
      },
      "geometry": {
        "type": "Point",
        "coordinates": [
          72.5766502,
          33.9653591
        ]
      }
    },
    {
      "type": "Feature",
      "properties": {
        "name": "Adani cng",
        "brand": "CNG",
        "brand_code": "CNG",
        "operator": "",
        "address": "",
        "state": "",
        "city": "",
        "phone": "",
        "fuel_types": "CNG",
        "amenity": "cng",
        "source": "openstreetmap.org"
      },
      "geometry": {
        "type": "Point",
        "coordinates": [
          73.1551168,
          22.379562
        ]
      }
    },
    {
      "type": "Feature",
      "properties": {
        "name": "Intraco CNG",
        "brand": "CNG",
        "brand_code": "CNG",
        "operator": "",
        "address": "",
        "state": "",
        "city": "",
        "phone": "",
        "fuel_types": "CNG",
        "amenity": "cng",
        "source": "openstreetmap.org"
      },
      "geometry": {
        "type": "Point",
        "coordinates": [
          91.7921404,
          22.2411085
        ]
      }
    },
    {
      "type": "Feature",
      "properties": {
        "name": "Noor-E-Modina CNG, A K Khan Moor, Chattogram",
        "brand": "CNG",
        "brand_code": "CNG",
        "operator": "",
        "address": "",
        "state": "",
        "city": "",
        "phone": "",
        "fuel_types": "CNG",
        "amenity": "cng",
        "source": "openstreetmap.org"
      },
      "geometry": {
        "type": "Point",
        "coordinates": [
          91.7816711,
          22.3626933
        ]
      }
    },
    {
      "type": "Feature",
      "properties": {
        "name": "SS CNG & Re-Fuelling Center(Gas Station)",
        "brand": "CNG",
        "brand_code": "CNG",
        "operator": "",
        "address": "",
        "state": "",
        "city": "",
        "phone": "",
        "fuel_types": "CNG",
        "amenity": "cng",
        "source": "openstreetmap.org"
      },
      "geometry": {
        "type": "Point",
        "coordinates": [
          90.5257364,
          23.7040072
        ]
      }
    },
    {
      "type": "Feature",
      "properties": {
        "name": "Bashundhara CNG station",
        "brand": "CNG",
        "brand_code": "CNG",
        "operator": "",
        "address": "",
        "state": "",
        "city": "Savar",
        "phone": "",
        "fuel_types": "CNG",
        "amenity": "cng",
        "source": "openstreetmap.org"
      },
      "geometry": {
        "type": "Point",
        "coordinates": [
          90.2411391,
          23.9170717
        ]
      }
    },
    {
      "type": "Feature",
      "properties": {
        "name": "Zaker CNG Filling Station",
        "brand": "CNG",
        "brand_code": "CNG",
        "operator": "",
        "address": "",
        "state": "",
        "city": "",
        "phone": "",
        "fuel_types": "CNG",
        "amenity": "cng",
        "source": "openstreetmap.org"
      },
      "geometry": {
        "type": "Point",
        "coordinates": [
          90.5310113,
          23.6998141
        ]
      }
    },
    {
      "type": "Feature",
      "properties": {
        "name": "Hoque CNG Station হক সিএনজি স্টেশন",
        "brand": "CNG",
        "brand_code": "CNG",
        "operator": "",
        "address": "",
        "state": "",
        "city": "Dhaka- chittagong Highway.",
        "phone": "",
        "fuel_types": "CNG",
        "amenity": "cng",
        "source": "openstreetmap.org"
      },
      "geometry": {
        "type": "Point",
        "coordinates": [
          90.5313123,
          23.6995893
        ]
      }
    },
    {
      "type": "Feature",
      "properties": {
        "name": "Metro CNG and Filling Station মেট্রো সিএনজি এবং ফিলিং স্টেশনে",
        "brand": "CNG",
        "brand_code": "CNG",
        "operator": "",
        "address": "",
        "state": "",
        "city": "Dhaka- chittagong Highway.",
        "phone": "",
        "fuel_types": "CNG",
        "amenity": "cng",
        "source": "openstreetmap.org"
      },
      "geometry": {
        "type": "Point",
        "coordinates": [
          90.5320031,
          23.6983874
        ]
      }
    },
    {
      "type": "Feature",
      "properties": {
        "name": "Navana CNG & Re-Fueling Station",
        "brand": "CNG",
        "brand_code": "CNG",
        "operator": "",
        "address": "",
        "state": "",
        "city": "Navana CNG & Re-Fueling Station",
        "phone": "",
        "fuel_types": "CNG",
        "amenity": "cng",
        "source": "openstreetmap.org"
      },
      "geometry": {
        "type": "Point",
        "coordinates": [
          90.5324633,
          23.6987506
        ]
      }
    },
    {
      "type": "Feature",
      "properties": {
        "name": "Simanto CNG",
        "brand": "CNG",
        "brand_code": "CNG",
        "operator": "",
        "address": "",
        "state": "",
        "city": "",
        "phone": "",
        "fuel_types": "CNG",
        "amenity": "cng",
        "source": "openstreetmap.org"
      },
      "geometry": {
        "type": "Point",
        "coordinates": [
          90.2346137,
          24.0514868
        ]
      }
    },
    {
      "type": "Feature",
      "properties": {
        "name": "CNG Station",
        "brand": "CNG",
        "brand_code": "CNG",
        "operator": "",
        "address": "",
        "state": "",
        "city": "",
        "phone": "",
        "fuel_types": "CNG",
        "amenity": "cng",
        "source": "openstreetmap.org"
      },
      "geometry": {
        "type": "Point",
        "coordinates": [
          90.5636626,
          23.6631488
        ]
      }
    },
    {
      "type": "Feature",
      "properties": {
        "name": "CNG Station",
        "brand": "CNG",
        "brand_code": "CNG",
        "operator": "",
        "address": "",
        "state": "",
        "city": "",
        "phone": "",
        "fuel_types": "CNG",
        "amenity": "cng",
        "source": "openstreetmap.org"
      },
      "geometry": {
        "type": "Point",
        "coordinates": [
          90.5788967,
          23.6528167
        ]
      }
    },
    {
      "type": "Feature",
      "properties": {
        "name": "Ajmot Ali CNG Filing Station",
        "brand": "CNG",
        "brand_code": "CNG",
        "operator": "",
        "address": "",
        "state": "",
        "city": "",
        "phone": "",
        "fuel_types": "CNG",
        "amenity": "cng",
        "source": "openstreetmap.org"
      },
      "geometry": {
        "type": "Point",
        "coordinates": [
          90.1839314,
          24.0893809
        ]
      }
    },
    {
      "type": "Feature",
      "properties": {
        "name": "Highway CNG & Filling Station",
        "brand": "CNG",
        "brand_code": "CNG",
        "operator": "",
        "address": "",
        "state": "",
        "city": "",
        "phone": "",
        "fuel_types": "CNG",
        "amenity": "cng",
        "source": "openstreetmap.org"
      },
      "geometry": {
        "type": "Point",
        "coordinates": [
          90.1838361,
          24.0888471
        ]
      }
    },
    {
      "type": "Feature",
      "properties": {
        "name": "Bhumi CNG & Filling Station ভূমি সিএনজি ও ফিলিং স্টেশনে",
        "brand": "CNG",
        "brand_code": "CNG",
        "operator": "",
        "address": "",
        "state": "",
        "city": "",
        "phone": "",
        "fuel_types": "CNG",
        "amenity": "cng",
        "source": "openstreetmap.org"
      },
      "geometry": {
        "type": "Point",
        "coordinates": [
          90.1828438,
          24.089443
        ]
      }
    },
    {
      "type": "Feature",
      "properties": {
        "name": "Afia CNG & Filling Station Co. Ltd. -2 আফিয়া সিএনজি এন্ড ফিলিং ষ্টেশন -২",
        "brand": "CNG",
        "brand_code": "CNG",
        "operator": "",
        "address": "",
        "state": "",
        "city": "Sonargaon",
        "phone": "",
        "fuel_types": "CNG",
        "amenity": "cng",
        "source": "openstreetmap.org"
      },
      "geometry": {
        "type": "Point",
        "coordinates": [
          90.5926734,
          23.6391584
        ]
      }
    },
    {
      "type": "Feature",
      "properties": {
        "name": "Shah Sher Ali CNG & Filling Station শাহ শের আলী সিএনজি ও ফিলিং স্টেশনে",
        "brand": "CNG",
        "brand_code": "CNG",
        "operator": "",
        "address": "",
        "state": "",
        "city": "",
        "phone": "",
        "fuel_types": "CNG",
        "amenity": "cng",
        "source": "openstreetmap.org"
      },
      "geometry": {
        "type": "Point",
        "coordinates": [
          90.629326,
          23.5922725
        ]
      }
    },
    {
      "type": "Feature",
      "properties": {
        "name": "Mohona CNG Filling Station মোহনা সিএনজি ফিলিং স্টেশনের",
        "brand": "CNG",
        "brand_code": "CNG",
        "operator": "",
        "address": "",
        "state": "",
        "city": "",
        "phone": "",
        "fuel_types": "CNG",
        "amenity": "cng",
        "source": "openstreetmap.org"
      },
      "geometry": {
        "type": "Point",
        "coordinates": [
          90.723731,
          23.5339203
        ]
      }
    },
    {
      "type": "Feature",
      "properties": {
        "name": "Xpeed CNG Station",
        "brand": "CNG",
        "brand_code": "CNG",
        "operator": "",
        "address": "",
        "state": "",
        "city": "",
        "phone": "",
        "fuel_types": "CNG",
        "amenity": "cng",
        "source": "openstreetmap.org"
      },
      "geometry": {
        "type": "Point",
        "coordinates": [
          90.7323738,
          23.5303565
        ]
      }
    },
    {
      "type": "Feature",
      "properties": {
        "name": "Tasfin CNG and Refueling Station সিএনজি স্টেশন",
        "brand": "CNG",
        "brand_code": "CNG",
        "operator": "",
        "address": "",
        "state": "",
        "city": "",
        "phone": "",
        "fuel_types": "CNG",
        "amenity": "cng",
        "source": "openstreetmap.org"
      },
      "geometry": {
        "type": "Point",
        "coordinates": [
          90.7386198,
          23.5280609
        ]
      }
    },
    {
      "type": "Feature",
      "properties": {
        "name": "CNG Station সিএনজি স্টেশন",
        "brand": "CNG",
        "brand_code": "CNG",
        "operator": "",
        "address": "",
        "state": "",
        "city": "",
        "phone": "",
        "fuel_types": "CNG",
        "amenity": "cng",
        "source": "openstreetmap.org"
      },
      "geometry": {
        "type": "Point",
        "coordinates": [
          90.7506872,
          23.5286786
        ]
      }
    },
    {
      "type": "Feature",
      "properties": {
        "name": "Essa Kha CNG Pump",
        "brand": "CNG",
        "brand_code": "CNG",
        "operator": "",
        "address": "",
        "state": "",
        "city": "",
        "phone": "",
        "fuel_types": "CNG",
        "amenity": "cng",
        "source": "openstreetmap.org"
      },
      "geometry": {
        "type": "Point",
        "coordinates": [
          90.7738762,
          23.5307479
        ]
      }
    },
    {
      "type": "Feature",
      "properties": {
        "name": "Rabeya CNG Complex Ltd রাবেয়া সিএনজি কমপ্লেক্স লিমিটেড Gas Station",
        "brand": "CNG",
        "brand_code": "CNG",
        "operator": "",
        "address": "",
        "state": "",
        "city": "",
        "phone": "",
        "fuel_types": "CNG",
        "amenity": "cng",
        "source": "openstreetmap.org"
      },
      "geometry": {
        "type": "Point",
        "coordinates": [
          90.7770374,
          23.5309697
        ]
      }
    },
    {
      "type": "Feature",
      "properties": {
        "name": "Reliable CNG And Petrol Pump নির্ভরযোগ্য সিএনজি আর পেট্রোল পাম্প",
        "brand": "CNG",
        "brand_code": "CNG",
        "operator": "",
        "address": "",
        "state": "",
        "city": "",
        "phone": "",
        "fuel_types": "CNG",
        "amenity": "cng",
        "source": "openstreetmap.org"
      },
      "geometry": {
        "type": "Point",
        "coordinates": [
          90.8605963,
          23.5168081
        ]
      }
    },
    {
      "type": "Feature",
      "properties": {
        "name": "RNR CNG station",
        "brand": "CNG",
        "brand_code": "CNG",
        "operator": "",
        "address": "",
        "state": "",
        "city": "",
        "phone": "",
        "fuel_types": "CNG",
        "amenity": "cng",
        "source": "openstreetmap.org"
      },
      "geometry": {
        "type": "Point",
        "coordinates": [
          90.9874761,
          23.4933525
        ]
      }
    },
    {
      "type": "Feature",
      "properties": {
        "name": "Trimatrik CNG Filling Station",
        "brand": "CNG",
        "brand_code": "CNG",
        "operator": "",
        "address": "",
        "state": "",
        "city": "",
        "phone": "",
        "fuel_types": "CNG",
        "amenity": "cng",
        "source": "openstreetmap.org"
      },
      "geometry": {
        "type": "Point",
        "coordinates": [
          89.9606964,
          24.2286379
        ]
      }
    },
    {
      "type": "Feature",
      "properties": {
        "name": "High Pressure CNG Station",
        "brand": "CNG",
        "brand_code": "CNG",
        "operator": "",
        "address": "",
        "state": "",
        "city": "",
        "phone": "",
        "fuel_types": "CNG",
        "amenity": "cng",
        "source": "openstreetmap.org"
      },
      "geometry": {
        "type": "Point",
        "coordinates": [
          89.9513584,
          24.2384047
        ]
      }
    },
    {
      "type": "Feature",
      "properties": {
        "name": "M/S Sabur & Co. CNG Station এম / এস সবুর এন্ড কোং সিএনজি স্টেশন",
        "brand": "CNG",
        "brand_code": "CNG",
        "operator": "",
        "address": "",
        "state": "",
        "city": "",
        "phone": "",
        "fuel_types": "CNG",
        "amenity": "cng",
        "source": "openstreetmap.org"
      },
      "geometry": {
        "type": "Point",
        "coordinates": [
          89.9192853,
          24.3028834
        ]
      }
    },
    {
      "type": "Feature",
      "properties": {
        "name": "Navana CNG Filling Station",
        "brand": "CNG",
        "brand_code": "CNG",
        "operator": "",
        "address": "",
        "state": "",
        "city": "",
        "phone": "",
        "fuel_types": "CNG",
        "amenity": "cng",
        "source": "openstreetmap.org"
      },
      "geometry": {
        "type": "Point",
        "coordinates": [
          89.9253221,
          24.3326774
        ]
      }
    },
    {
      "type": "Feature",
      "properties": {
        "name": "Madhumati CNG Filling Station",
        "brand": "CNG",
        "brand_code": "CNG",
        "operator": "",
        "address": "",
        "state": "",
        "city": "",
        "phone": "",
        "fuel_types": "CNG",
        "amenity": "cng",
        "source": "openstreetmap.org"
      },
      "geometry": {
        "type": "Point",
        "coordinates": [
          89.9252976,
          24.3332903
        ]
      }
    },
    {
      "type": "Feature",
      "properties": {
        "name": "CNG Pump সিএনজি পাম্প",
        "brand": "CNG",
        "brand_code": "CNG",
        "operator": "",
        "address": "",
        "state": "",
        "city": "",
        "phone": "",
        "fuel_types": "CNG",
        "amenity": "cng",
        "source": "openstreetmap.org"
      },
      "geometry": {
        "type": "Point",
        "coordinates": [
          91.1414155,
          23.4596184
        ]
      }
    },
    {
      "type": "Feature",
      "properties": {
        "name": "Bhuyan & Haque CNG ভূঁইয়া এন্ড হক সি এন জি",
        "brand": "CNG",
        "brand_code": "CNG",
        "operator": "",
        "address": "",
        "state": "",
        "city": "",
        "phone": "",
        "fuel_types": "CNG",
        "amenity": "cng",
        "source": "openstreetmap.org"
      },
      "geometry": {
        "type": "Point",
        "coordinates": [
          91.1527009,
          23.4367715
        ]
      }
    },
    {
      "type": "Feature",
      "properties": {
        "name": "River View CNG & Filling Station",
        "brand": "CNG",
        "brand_code": "CNG",
        "operator": "",
        "address": "",
        "state": "",
        "city": "",
        "phone": "",
        "fuel_types": "CNG",
        "amenity": "cng",
        "source": "openstreetmap.org"
      },
      "geometry": {
        "type": "Point",
        "coordinates": [
          91.1610759,
          23.4247962
        ]
      }
    },
    {
      "type": "Feature",
      "properties": {
        "name": "Nurul Islam Hazari CNG & Filling Station নুরুল ইসলাম হাজারী সিএনজি ও ফিলিং স্টেশনে",
        "brand": "CNG",
        "brand_code": "CNG",
        "operator": "",
        "address": "",
        "state": "",
        "city": "",
        "phone": "",
        "fuel_types": "CNG",
        "amenity": "cng",
        "source": "openstreetmap.org"
      },
      "geometry": {
        "type": "Point",
        "coordinates": [
          91.1766794,
          23.4169762
        ]
      }
    },
    {
      "type": "Feature",
      "properties": {
        "name": "Advance CNG Filling Station এ্যাডভান্স সি এন জি ফিলিং স্টেশন",
        "brand": "CNG",
        "brand_code": "CNG",
        "operator": "",
        "address": "",
        "state": "",
        "city": "",
        "phone": "",
        "fuel_types": "CNG",
        "amenity": "cng",
        "source": "openstreetmap.org"
      },
      "geometry": {
        "type": "Point",
        "coordinates": [
          91.2029459,
          23.4112638
        ]
      }
    },
    {
      "type": "Feature",
      "properties": {
        "name": "Taj CNG Filling Station",
        "brand": "CNG",
        "brand_code": "CNG",
        "operator": "",
        "address": "",
        "state": "",
        "city": "",
        "phone": "",
        "fuel_types": "CNG",
        "amenity": "cng",
        "source": "openstreetmap.org"
      },
      "geometry": {
        "type": "Point",
        "coordinates": [
          91.2163657,
          23.4043376
        ]
      }
    },
    {
      "type": "Feature",
      "properties": {
        "name": "Miah Bazar CNG Filling Station মিয়া বাজার সিএনজি ফিলিং স্টেশনে",
        "brand": "CNG",
        "brand_code": "CNG",
        "operator": "",
        "address": "",
        "state": "",
        "city": "",
        "phone": "",
        "fuel_types": "CNG",
        "amenity": "cng",
        "source": "openstreetmap.org"
      },
      "geometry": {
        "type": "Point",
        "coordinates": [
          91.2628404,
          23.3453906
        ]
      }
    },
    {
      "type": "Feature",
      "properties": {
        "name": "INTRACO CNG refining ইন্ট্রাকো সিএনজি বিশোধক",
        "brand": "CNG",
        "brand_code": "CNG",
        "operator": "",
        "address": "",
        "state": "",
        "city": "",
        "phone": "",
        "fuel_types": "CNG",
        "amenity": "cng",
        "source": "openstreetmap.org"
      },
      "geometry": {
        "type": "Point",
        "coordinates": [
          91.2669256,
          23.3397827
        ]
      }
    },
    {
      "type": "Feature",
      "properties": {
        "name": "Cheora CNG Filling Station Ltd",
        "brand": "CNG",
        "brand_code": "CNG",
        "operator": "",
        "address": "",
        "state": "",
        "city": "",
        "phone": "",
        "fuel_types": "CNG",
        "amenity": "cng",
        "source": "openstreetmap.org"
      },
      "geometry": {
        "type": "Point",
        "coordinates": [
          91.3216249,
          23.1686239
        ]
      }
    },
    {
      "type": "Feature",
      "properties": {
        "name": "Premier Fuel Filling and CNG Station প্রিমিয়ার জ্বালানি ভর্তি এবং সিএনজি স্টেশন",
        "brand": "CNG",
        "brand_code": "CNG",
        "operator": "",
        "address": "",
        "state": "",
        "city": "",
        "phone": "",
        "fuel_types": "CNG",
        "amenity": "cng",
        "source": "openstreetmap.org"
      },
      "geometry": {
        "type": "Point",
        "coordinates": [
          91.3435932,
          23.1016294
        ]
      }
    },
    {
      "type": "Feature",
      "properties": {
        "name": "CNG",
        "brand": "CNG",
        "brand_code": "CNG",
        "operator": "",
        "address": "",
        "state": "",
        "city": "",
        "phone": "",
        "fuel_types": "CNG",
        "amenity": "cng",
        "source": "openstreetmap.org"
      },
      "geometry": {
        "type": "Point",
        "coordinates": [
          91.366051,
          23.0334198
        ]
      }
    },
    {
      "type": "Feature",
      "properties": {
        "name": "Prime CNG Station প্রাইম সিএনজি স্টেশন",
        "brand": "CNG",
        "brand_code": "CNG",
        "operator": "",
        "address": "",
        "state": "",
        "city": "",
        "phone": "",
        "fuel_types": "CNG",
        "amenity": "cng",
        "source": "openstreetmap.org"
      },
      "geometry": {
        "type": "Point",
        "coordinates": [
          91.3657472,
          23.0253135
        ]
      }
    },
    {
      "type": "Feature",
      "properties": {
        "name": "Hazi Nazir Ahmed CNG Filling Station হাজী নাজির আহমেদ সিএনজি ফিলিং স্টেশনে",
        "brand": "CNG",
        "brand_code": "CNG",
        "operator": "",
        "address": "",
        "state": "",
        "city": "",
        "phone": "",
        "fuel_types": "CNG",
        "amenity": "cng",
        "source": "openstreetmap.org"
      },
      "geometry": {
        "type": "Point",
        "coordinates": [
          91.3855377,
          23.0065028
        ]
      }
    },
    {
      "type": "Feature",
      "properties": {
        "name": "Star Line CNG Station",
        "brand": "CNG",
        "brand_code": "CNG",
        "operator": "",
        "address": "",
        "state": "",
        "city": "",
        "phone": "",
        "fuel_types": "CNG",
        "amenity": "cng",
        "source": "openstreetmap.org"
      },
      "geometry": {
        "type": "Point",
        "coordinates": [
          91.4088563,
          22.989426
        ]
      }
    },
    {
      "type": "Feature",
      "properties": {
        "name": "qbal & Son's CNG Complex Ltd. ইকবাল ও ছেলের সিএনজি কমপ্লেক্স লিমিটেড",
        "brand": "CNG",
        "brand_code": "CNG",
        "operator": "",
        "address": "",
        "state": "",
        "city": "",
        "phone": "",
        "fuel_types": "CNG",
        "amenity": "cng",
        "source": "openstreetmap.org"
      },
      "geometry": {
        "type": "Point",
        "coordinates": [
          91.5168664,
          22.9336836
        ]
      }
    },
    {
      "type": "Feature",
      "properties": {
        "name": "Choloman CNG Filling Station, Dhaka - Chittagong Hwyy, Chittagong",
        "brand": "CNG",
        "brand_code": "CNG",
        "operator": "",
        "address": "",
        "state": "",
        "city": "",
        "phone": "",
        "fuel_types": "CNG",
        "amenity": "cng",
        "source": "openstreetmap.org"
      },
      "geometry": {
        "type": "Point",
        "coordinates": [
          91.5500512,
          22.830149
        ]
      }
    },
    {
      "type": "Feature",
      "properties": {
        "name": "CNG",
        "brand": "CNG",
        "brand_code": "CNG",
        "operator": "",
        "address": "",
        "state": "",
        "city": "",
        "phone": "",
        "fuel_types": "CNG",
        "amenity": "cng",
        "source": "openstreetmap.org"
      },
      "geometry": {
        "type": "Point",
        "coordinates": [
          91.64426,
          22.6418041
        ]
      }
    },
    {
      "type": "Feature",
      "properties": {
        "name": "K.U. Ahmed CNG",
        "brand": "CNG",
        "brand_code": "CNG",
        "operator": "",
        "address": "",
        "state": "",
        "city": "",
        "phone": "",
        "fuel_types": "CNG",
        "amenity": "cng",
        "source": "openstreetmap.org"
      },
      "geometry": {
        "type": "Point",
        "coordinates": [
          91.662927,
          22.6112503
        ]
      }
    },
    {
      "type": "Feature",
      "properties": {
        "name": "Sub Plus Limited CNG Dhaka - Chittagong Hwy Muradpur",
        "brand": "CNG",
        "brand_code": "CNG",
        "operator": "",
        "address": "",
        "state": "",
        "city": "",
        "phone": "",
        "fuel_types": "CNG",
        "amenity": "cng",
        "source": "openstreetmap.org"
      },
      "geometry": {
        "type": "Point",
        "coordinates": [
          91.6708866,
          22.5990648
        ]
      }
    },
    {
      "type": "Feature",
      "properties": {
        "name": "Elias Brothers Filling Station & CNG, Kumira, Chattogram",
        "brand": "CNG",
        "brand_code": "CNG",
        "operator": "",
        "address": "",
        "state": "",
        "city": "Kumira",
        "phone": "",
        "fuel_types": "CNG",
        "amenity": "cng",
        "source": "openstreetmap.org"
      },
      "geometry": {
        "type": "Point",
        "coordinates": [
          91.7001772,
          22.531212
        ]
      }
    },
    {
      "type": "Feature",
      "properties": {
        "name": "Chattala CNG চট্টলা সিএনজি",
        "brand": "CNG",
        "brand_code": "CNG",
        "operator": "",
        "address": "",
        "state": "",
        "city": "Bhatiari",
        "phone": "",
        "fuel_types": "CNG",
        "amenity": "cng",
        "source": "openstreetmap.org"
      },
      "geometry": {
        "type": "Point",
        "coordinates": [
          91.7340289,
          22.4506998
        ]
      }
    },
    {
      "type": "Feature",
      "properties": {
        "name": "Sonali CNG Limited",
        "brand": "CNG",
        "brand_code": "CNG",
        "operator": "",
        "address": "",
        "state": "",
        "city": "",
        "phone": "",
        "fuel_types": "CNG",
        "amenity": "cng",
        "source": "openstreetmap.org"
      },
      "geometry": {
        "type": "Point",
        "coordinates": [
          91.7552553,
          22.4094133
        ]
      }
    },
    {
      "type": "Feature",
      "properties": {
        "name": "Almas CNG Filling Station আলমাস সিএনজি ফিলিং স্টেশনের",
        "brand": "CNG",
        "brand_code": "CNG",
        "operator": "",
        "address": "",
        "state": "",
        "city": "",
        "phone": "",
        "fuel_types": "CNG",
        "amenity": "cng",
        "source": "openstreetmap.org"
      },
      "geometry": {
        "type": "Point",
        "coordinates": [
          91.7736604,
          22.3731932
        ]
      }
    },
    {
      "type": "Feature",
      "properties": {
        "name": "Mir CNG Filling Station",
        "brand": "CNG",
        "brand_code": "CNG",
        "operator": "",
        "address": "",
        "state": "",
        "city": "",
        "phone": "",
        "fuel_types": "CNG",
        "amenity": "cng",
        "source": "openstreetmap.org"
      },
      "geometry": {
        "type": "Point",
        "coordinates": [
          91.7749473,
          22.3717881
        ]
      }
    },
    {
      "type": "Feature",
      "properties": {
        "name": "Noor-E-Modina CNG",
        "brand": "CNG",
        "brand_code": "CNG",
        "operator": "",
        "address": "",
        "state": "",
        "city": "",
        "phone": "",
        "fuel_types": "CNG",
        "amenity": "cng",
        "source": "openstreetmap.org"
      },
      "geometry": {
        "type": "Point",
        "coordinates": [
          91.7816678,
          22.3627024
        ]
      }
    },
    {
      "type": "Feature",
      "properties": {
        "name": "Karnaphuli CNG & Filling Station কর্ণফুলী সিএনজি ও ফিলিং স্টেশনে",
        "brand": "CNG",
        "brand_code": "CNG",
        "operator": "",
        "address": "",
        "state": "",
        "city": "",
        "phone": "",
        "fuel_types": "CNG",
        "amenity": "cng",
        "source": "openstreetmap.org"
      },
      "geometry": {
        "type": "Point",
        "coordinates": [
          91.8573397,
          22.3099554
        ]
      }
    },
    {
      "type": "Feature",
      "properties": {
        "name": "Mobil CNG Refuel Station",
        "brand": "CNG",
        "brand_code": "CNG",
        "operator": "",
        "address": "",
        "state": "",
        "city": "",
        "phone": "",
        "fuel_types": "CNG",
        "amenity": "cng",
        "source": "openstreetmap.org"
      },
      "geometry": {
        "type": "Point",
        "coordinates": [
          91.8595192,
          22.3081945
        ]
      }
    },
    {
      "type": "Feature",
      "properties": {
        "name": "Hazrat Tayyab Shah CNG Ltd সিএনজি স্টেশন",
        "brand": "CNG",
        "brand_code": "CNG",
        "operator": "",
        "address": "",
        "state": "",
        "city": "",
        "phone": "",
        "fuel_types": "CNG",
        "amenity": "cng",
        "source": "openstreetmap.org"
      },
      "geometry": {
        "type": "Point",
        "coordinates": [
          91.8611893,
          22.3050551
        ]
      }
    },
    {
      "type": "Feature",
      "properties": {
        "name": "Fossil CNG Refuel Station",
        "brand": "CNG",
        "brand_code": "CNG",
        "operator": "",
        "address": "",
        "state": "",
        "city": "",
        "phone": "",
        "fuel_types": "CNG",
        "amenity": "cng",
        "source": "openstreetmap.org"
      },
      "geometry": {
        "type": "Point",
        "coordinates": [
          91.8626952,
          22.3032571
        ]
      }
    },
    {
      "type": "Feature",
      "properties": {
        "name": "Samantha Mobile Cng Filling Station",
        "brand": "CNG",
        "brand_code": "CNG",
        "operator": "",
        "address": "",
        "state": "",
        "city": "",
        "phone": "",
        "fuel_types": "CNG",
        "amenity": "cng",
        "source": "openstreetmap.org"
      },
      "geometry": {
        "type": "Point",
        "coordinates": [
          92.0564361,
          21.4275571
        ]
      }
    },
    {
      "type": "Feature",
      "properties": {
        "name": "Monwar CNG Station",
        "brand": "CNG",
        "brand_code": "CNG",
        "operator": "",
        "address": "",
        "state": "",
        "city": "Sylhet",
        "phone": "",
        "fuel_types": "CNG",
        "amenity": "cng",
        "source": "openstreetmap.org"
      },
      "geometry": {
        "type": "Point",
        "coordinates": [
          91.8944731,
          24.8952368
        ]
      }
    },
    {
      "type": "Feature",
      "properties": {
        "name": "Krishibid CNG, LPG & Gasoline Station",
        "brand": "CNG",
        "brand_code": "CNG",
        "operator": "",
        "address": "",
        "state": "",
        "city": "",
        "phone": "",
        "fuel_types": "CNG",
        "amenity": "cng",
        "source": "openstreetmap.org"
      },
      "geometry": {
        "type": "Point",
        "coordinates": [
          92.0642833,
          21.5883596
        ]
      }
    },
    {
      "type": "Feature",
      "properties": {
        "name": "Sharif CNG Filling Station সরিফ সিএনজি ফিলিং ষ্টেশন",
        "brand": "CNG",
        "brand_code": "CNG",
        "operator": "",
        "address": "",
        "state": "",
        "city": "",
        "phone": "",
        "fuel_types": "CNG",
        "amenity": "cng",
        "source": "openstreetmap.org"
      },
      "geometry": {
        "type": "Point",
        "coordinates": [
          89.3506605,
          24.8565356
        ]
      }
    },
    {
      "type": "Feature",
      "properties": {
        "name": "Mehera CNG Filling & Service Station",
        "brand": "CNG",
        "brand_code": "CNG",
        "operator": "",
        "address": "",
        "state": "",
        "city": "",
        "phone": "",
        "fuel_types": "CNG",
        "amenity": "cng",
        "source": "openstreetmap.org"
      },
      "geometry": {
        "type": "Point",
        "coordinates": [
          89.3499101,
          24.8531222
        ]
      }
    },
    {
      "type": "Feature",
      "properties": {
        "name": "Autithi CNG Station অতিথি ফিলিং স্টেশন",
        "brand": "CNG",
        "brand_code": "CNG",
        "operator": "",
        "address": "",
        "state": "",
        "city": "",
        "phone": "",
        "fuel_types": "CNG",
        "amenity": "cng",
        "source": "openstreetmap.org"
      },
      "geometry": {
        "type": "Point",
        "coordinates": [
          89.3472361,
          24.8347405
        ]
      }
    },
    {
      "type": "Feature",
      "properties": {
        "name": "ARK CNG STATION",
        "brand": "CNG",
        "brand_code": "CNG",
        "operator": "",
        "address": "",
        "state": "",
        "city": "Bogra",
        "phone": "",
        "fuel_types": "CNG",
        "amenity": "cng",
        "source": "openstreetmap.org"
      },
      "geometry": {
        "type": "Point",
        "coordinates": [
          89.3850457,
          24.8038929
        ]
      }
    },
    {
      "type": "Feature",
      "properties": {
        "name": "Northern Automobiles CNG Refueling Station",
        "brand": "CNG",
        "brand_code": "CNG",
        "operator": "",
        "address": "",
        "state": "",
        "city": "",
        "phone": "",
        "fuel_types": "CNG",
        "amenity": "cng",
        "source": "openstreetmap.org"
      },
      "geometry": {
        "type": "Point",
        "coordinates": [
          89.3863304,
          24.8025165
        ]
      }
    },
    {
      "type": "Feature",
      "properties": {
        "name": "Bablu CNG Refueling Station বাবলু সিএনজি রিফুয়েলিং স্টেশন",
        "brand": "CNG",
        "brand_code": "CNG",
        "operator": "",
        "address": "",
        "state": "",
        "city": "Bogra",
        "phone": "",
        "fuel_types": "CNG",
        "amenity": "cng",
        "source": "openstreetmap.org"
      },
      "geometry": {
        "type": "Point",
        "coordinates": [
          89.3861297,
          24.7999083
        ]
      }
    },
    {
      "type": "Feature",
      "properties": {
        "name": "Monjur Motors CNG Station মঞ্জুর মটরস সিএনজি স্টেশন",
        "brand": "CNG",
        "brand_code": "CNG",
        "operator": "",
        "address": "",
        "state": "",
        "city": "Bogra",
        "phone": "",
        "fuel_types": "CNG",
        "amenity": "cng",
        "source": "openstreetmap.org"
      },
      "geometry": {
        "type": "Point",
        "coordinates": [
          89.3885952,
          24.7914076
        ]
      }
    },
    {
      "type": "Feature",
      "properties": {
        "name": "Intro Solar CNG",
        "brand": "CNG",
        "brand_code": "CNG",
        "operator": "",
        "address": "",
        "state": "",
        "city": "",
        "phone": "",
        "fuel_types": "CNG",
        "amenity": "cng",
        "source": "openstreetmap.org"
      },
      "geometry": {
        "type": "Point",
        "coordinates": [
          89.3923833,
          24.7824984
        ]
      }
    },
    {
      "type": "Feature",
      "properties": {
        "name": "TMSS CNG and Gasoline Station টিএমএসএস সিএনজি এন্ড গ্যাসোলিন স্টেশন",
        "brand": "CNG",
        "brand_code": "CNG",
        "operator": "",
        "address": "",
        "state": "",
        "city": "Bogra",
        "phone": "",
        "fuel_types": "CNG",
        "amenity": "cng",
        "source": "openstreetmap.org"
      },
      "geometry": {
        "type": "Point",
        "coordinates": [
          89.3927499,
          24.781936
        ]
      }
    },
    {
      "type": "Feature",
      "properties": {
        "name": "Alif CNG Filling Station আলিফের সিএনজি ফিলিং স্টেশনের",
        "brand": "CNG",
        "brand_code": "CNG",
        "operator": "",
        "address": "",
        "state": "",
        "city": "",
        "phone": "",
        "fuel_types": "CNG",
        "amenity": "cng",
        "source": "openstreetmap.org"
      },
      "geometry": {
        "type": "Point",
        "coordinates": [
          89.5791466,
          24.2125756
        ]
      }
    },
    {
      "type": "Feature",
      "properties": {
        "name": "Abdul Hamid CNG Filling Station",
        "brand": "CNG",
        "brand_code": "CNG",
        "operator": "",
        "address": "",
        "state": "",
        "city": "",
        "phone": "",
        "fuel_types": "CNG",
        "amenity": "cng",
        "source": "openstreetmap.org"
      },
      "geometry": {
        "type": "Point",
        "coordinates": [
          89.5865644,
          24.1696559
        ]
      }
    },
    {
      "type": "Feature",
      "properties": {
        "name": "Bondhu CNG station পেট্রোল পাম্প",
        "brand": "CNG",
        "brand_code": "CNG",
        "operator": "",
        "address": "",
        "state": "",
        "city": "",
        "phone": "",
        "fuel_types": "CNG",
        "amenity": "cng",
        "source": "openstreetmap.org"
      },
      "geometry": {
        "type": "Point",
        "coordinates": [
          89.6007338,
          24.0830906
        ]
      }
    },
    {
      "type": "Feature",
      "properties": {
        "name": "Laila CNG Filling Station",
        "brand": "CNG",
        "brand_code": "CNG",
        "operator": "",
        "address": "",
        "state": "",
        "city": "",
        "phone": "",
        "fuel_types": "CNG",
        "amenity": "cng",
        "source": "openstreetmap.org"
      },
      "geometry": {
        "type": "Point",
        "coordinates": [
          91.7863496,
          22.2997074
        ]
      }
    },
    {
      "type": "Feature",
      "properties": {
        "name": "Chistiya CNG Refuelling and Conversion Limited",
        "brand": "CNG",
        "brand_code": "CNG",
        "operator": "",
        "address": "",
        "state": "",
        "city": "Chittagong - Rangamati Road",
        "phone": "",
        "fuel_types": "CNG",
        "amenity": "cng",
        "source": "openstreetmap.org"
      },
      "geometry": {
        "type": "Point",
        "coordinates": [
          91.819885,
          22.4314806
        ]
      }
    },
    {
      "type": "Feature",
      "properties": {
        "name": "Semco CNG Filling Station সেমকো সিএনজি ফিলিং ষ্টেশন",
        "brand": "CNG",
        "brand_code": "CNG",
        "operator": "",
        "address": "",
        "state": "",
        "city": "",
        "phone": "",
        "fuel_types": "CNG",
        "amenity": "cng",
        "source": "openstreetmap.org"
      },
      "geometry": {
        "type": "Point",
        "coordinates": [
          89.3589869,
          24.8184781
        ]
      }
    },
    {
      "type": "Feature",
      "properties": {
        "name": "RB CNG Station বিআরবি সিএনজি স্টেশন",
        "brand": "CNG",
        "brand_code": "CNG",
        "operator": "",
        "address": "",
        "state": "",
        "city": "",
        "phone": "",
        "fuel_types": "CNG",
        "amenity": "cng",
        "source": "openstreetmap.org"
      },
      "geometry": {
        "type": "Point",
        "coordinates": [
          89.0551778,
          24.0728018
        ]
      }
    },
    {
      "type": "Feature",
      "properties": {
        "name": "Doyel CNG Filling Station",
        "brand": "CNG",
        "brand_code": "CNG",
        "operator": "",
        "address": "",
        "state": "",
        "city": "",
        "phone": "",
        "fuel_types": "CNG",
        "amenity": "cng",
        "source": "openstreetmap.org"
      },
      "geometry": {
        "type": "Point",
        "coordinates": [
          89.352557,
          24.8723325
        ]
      }
    },
    {
      "type": "Feature",
      "properties": {
        "name": "Nahar CNG",
        "brand": "CNG",
        "brand_code": "CNG",
        "operator": "",
        "address": "",
        "state": "",
        "city": "",
        "phone": "",
        "fuel_types": "CNG",
        "amenity": "cng",
        "source": "openstreetmap.org"
      },
      "geometry": {
        "type": "Point",
        "coordinates": [
          89.3517139,
          24.8747678
        ]
      }
    },
    {
      "type": "Feature",
      "properties": {
        "name": "Bogra CNG Filling Station",
        "brand": "CNG",
        "brand_code": "CNG",
        "operator": "",
        "address": "",
        "state": "",
        "city": "",
        "phone": "",
        "fuel_types": "CNG",
        "amenity": "cng",
        "source": "openstreetmap.org"
      },
      "geometry": {
        "type": "Point",
        "coordinates": [
          89.354949,
          24.8825226
        ]
      }
    },
    {
      "type": "Feature",
      "properties": {
        "name": "Northern CNG, Petrol Pump উত্তরাঞ্চলীয় সিএনজি, পেট্রোল পাম্প",
        "brand": "CNG",
        "brand_code": "CNG",
        "operator": "",
        "address": "",
        "state": "",
        "city": "",
        "phone": "",
        "fuel_types": "CNG",
        "amenity": "cng",
        "source": "openstreetmap.org"
      },
      "geometry": {
        "type": "Point",
        "coordinates": [
          89.3599441,
          24.8933432
        ]
      }
    },
    {
      "type": "Feature",
      "properties": {
        "name": "Raja CNG Station রাজা সিএনজি ষ্টেশন",
        "brand": "CNG",
        "brand_code": "CNG",
        "operator": "",
        "address": "",
        "state": "",
        "city": "",
        "phone": "",
        "fuel_types": "CNG",
        "amenity": "cng",
        "source": "openstreetmap.org"
      },
      "geometry": {
        "type": "Point",
        "coordinates": [
          89.3597133,
          24.8946665
        ]
      }
    },
    {
      "type": "Feature",
      "properties": {
        "name": "Shah Sultan CNG Auto Mobel",
        "brand": "CNG",
        "brand_code": "CNG",
        "operator": "",
        "address": "",
        "state": "",
        "city": "",
        "phone": "",
        "fuel_types": "CNG",
        "amenity": "cng",
        "source": "openstreetmap.org"
      },
      "geometry": {
        "type": "Point",
        "coordinates": [
          89.3466472,
          24.9446316
        ]
      }
    },
    {
      "type": "Feature",
      "properties": {
        "name": "Hazi Mojnu Miah CNG Filling Station",
        "brand": "CNG",
        "brand_code": "CNG",
        "operator": "",
        "address": "",
        "state": "",
        "city": "Sylhet",
        "phone": "",
        "fuel_types": "CNG",
        "amenity": "cng",
        "source": "openstreetmap.org"
      },
      "geometry": {
        "type": "Point",
        "coordinates": [
          91.8491302,
          24.86171
        ]
      }
    },
    {
      "type": "Feature",
      "properties": {
        "name": "CNG/Petrol Station",
        "brand": "CNG",
        "brand_code": "CNG",
        "operator": "",
        "address": "",
        "state": "",
        "city": "Sylhet",
        "phone": "",
        "fuel_types": "CNG",
        "amenity": "cng",
        "source": "openstreetmap.org"
      },
      "geometry": {
        "type": "Point",
        "coordinates": [
          91.8034994,
          24.8206169
        ]
      }
    },
    {
      "type": "Feature",
      "properties": {
        "name": "Hazi oli cng filling station, Chittagong - Kaptai Hwy, Chattogram",
        "brand": "CNG",
        "brand_code": "CNG",
        "operator": "",
        "address": "",
        "state": "",
        "city": "",
        "phone": "",
        "fuel_types": "CNG",
        "amenity": "cng",
        "source": "openstreetmap.org"
      },
      "geometry": {
        "type": "Point",
        "coordinates": [
          91.8660677,
          22.4219614
        ]
      }
    },
    {
      "type": "Feature",
      "properties": {
        "name": "CNG Filling station সিএনজি ফিলিং স্টেশনে",
        "brand": "CNG",
        "brand_code": "CNG",
        "operator": "",
        "address": "",
        "state": "",
        "city": "",
        "phone": "",
        "fuel_types": "CNG",
        "amenity": "cng",
        "source": "openstreetmap.org"
      },
      "geometry": {
        "type": "Point",
        "coordinates": [
          91.8694377,
          22.3985949
        ]
      }
    },
    {
      "type": "Feature",
      "properties": {
        "name": "Shaistaganj CNG Co. Limited",
        "brand": "CNG",
        "brand_code": "CNG",
        "operator": "",
        "address": "",
        "state": "",
        "city": "Shaistaganj",
        "phone": "",
        "fuel_types": "CNG",
        "amenity": "cng",
        "source": "openstreetmap.org"
      },
      "geometry": {
        "type": "Point",
        "coordinates": [
          91.4380595,
          24.2792008
        ]
      }
    },
    {
      "type": "Feature",
      "properties": {
        "name": "G.S Brothers CNG Filling Station",
        "brand": "CNG",
        "brand_code": "CNG",
        "operator": "",
        "address": "",
        "state": "",
        "city": "Dhaka-sylhet hwy",
        "phone": "",
        "fuel_types": "CNG",
        "amenity": "cng",
        "source": "openstreetmap.org"
      },
      "geometry": {
        "type": "Point",
        "coordinates": [
          91.4337259,
          24.2800724
        ]
      }
    },
    {
      "type": "Feature",
      "properties": {
        "name": "Al-Amin CNG Station and Petrol Pump",
        "brand": "CNG",
        "brand_code": "CNG",
        "operator": "",
        "address": "",
        "state": "",
        "city": "Dhaka - Sylhet Hwy",
        "phone": "",
        "fuel_types": "CNG",
        "amenity": "cng",
        "source": "openstreetmap.org"
      },
      "geometry": {
        "type": "Point",
        "coordinates": [
          91.3503377,
          24.1903405
        ]
      }
    },
    {
      "type": "Feature",
      "properties": {
        "name": "Pathan CNG",
        "brand": "CNG",
        "brand_code": "CNG",
        "operator": "",
        "address": "",
        "state": "",
        "city": "Dhaka - Sylhet Hwy",
        "phone": "",
        "fuel_types": "CNG",
        "amenity": "cng",
        "source": "openstreetmap.org"
      },
      "geometry": {
        "type": "Point",
        "coordinates": [
          90.7410225,
          23.9822743
        ]
      }
    },
    {
      "type": "Feature",
      "properties": {
        "name": "M M K Cng",
        "brand": "CNG",
        "brand_code": "CNG",
        "operator": "",
        "address": "",
        "state": "",
        "city": "Dhaka-Sylhet Hwy",
        "phone": "",
        "fuel_types": "CNG",
        "amenity": "cng",
        "source": "openstreetmap.org"
      },
      "geometry": {
        "type": "Point",
        "coordinates": [
          90.6722156,
          23.8608291
        ]
      }
    },
    {
      "type": "Feature",
      "properties": {
        "name": "Navana CNG",
        "brand": "CNG",
        "brand_code": "CNG",
        "operator": "",
        "address": "",
        "state": "",
        "city": "Dhaka - Sylhet Hwy",
        "phone": "",
        "fuel_types": "CNG",
        "amenity": "cng",
        "source": "openstreetmap.org"
      },
      "geometry": {
        "type": "Point",
        "coordinates": [
          90.6730754,
          23.8586296
        ]
      }
    },
    {
      "type": "Feature",
      "properties": {
        "name": "Hamida CNG & LPG Filing Station, Hazi Lal Miah Sarkar Rd, Dhaka",
        "brand": "CNG",
        "brand_code": "CNG",
        "operator": "",
        "address": "",
        "state": "",
        "city": "",
        "phone": "",
        "fuel_types": "CNG",
        "amenity": "cng",
        "source": "openstreetmap.org"
      },
      "geometry": {
        "type": "Point",
        "coordinates": [
          90.4365442,
          23.6977263
        ]
      }
    },
    {
      "type": "Feature",
      "properties": {
        "name": "Shifath Cng Filling Station",
        "brand": "CNG",
        "brand_code": "CNG",
        "operator": "",
        "address": "",
        "state": "",
        "city": "",
        "phone": "",
        "fuel_types": "CNG",
        "amenity": "cng",
        "source": "openstreetmap.org"
      },
      "geometry": {
        "type": "Point",
        "coordinates": [
          90.4351186,
          23.7063744
        ]
      }
    },
    {
      "type": "Feature",
      "properties": {
        "name": "Metro DenCNG",
        "brand": "CNG",
        "brand_code": "CNG",
        "operator": "",
        "address": "",
        "state": "",
        "city": "",
        "phone": "",
        "fuel_types": "CNG",
        "amenity": "cng",
        "source": "openstreetmap.org"
      },
      "geometry": {
        "type": "Point",
        "coordinates": [
          90.4349258,
          23.7077939
        ]
      }
    },
    {
      "type": "Feature",
      "properties": {
        "name": "Maas CNG Station",
        "brand": "CNG",
        "brand_code": "CNG",
        "operator": "",
        "address": "",
        "state": "",
        "city": "",
        "phone": "",
        "fuel_types": "CNG",
        "amenity": "cng",
        "source": "openstreetmap.org"
      },
      "geometry": {
        "type": "Point",
        "coordinates": [
          90.4955827,
          23.6366289
        ]
      }
    },
    {
      "type": "Feature",
      "properties": {
        "name": "Navana CNG Filling Station নাভানা সিএনজি ফিলিং স্টেশন",
        "brand": "CNG",
        "brand_code": "CNG",
        "operator": "",
        "address": "",
        "state": "",
        "city": "",
        "phone": "",
        "fuel_types": "CNG",
        "amenity": "cng",
        "source": "openstreetmap.org"
      },
      "geometry": {
        "type": "Point",
        "coordinates": [
          90.5037119,
          23.5803047
        ]
      }
    },
    {
      "type": "Feature",
      "properties": {
        "name": "ABM Jobayar CNG Filling Station এবিএম জোবায়ের সিএনজি ফিলিং স্টেশন",
        "brand": "CNG",
        "brand_code": "CNG",
        "operator": "",
        "address": "",
        "state": "",
        "city": "",
        "phone": "",
        "fuel_types": "CNG",
        "amenity": "cng",
        "source": "openstreetmap.org"
      },
      "geometry": {
        "type": "Point",
        "coordinates": [
          90.4666582,
          23.6508265
        ]
      }
    },
    {
      "type": "Feature",
      "properties": {
        "name": "kodomtoli CNG filing station prang",
        "brand": "CNG",
        "brand_code": "CNG",
        "operator": "",
        "address": "",
        "state": "",
        "city": "",
        "phone": "",
        "fuel_types": "CNG",
        "amenity": "cng",
        "source": "openstreetmap.org"
      },
      "geometry": {
        "type": "Point",
        "coordinates": [
          90.4360001,
          23.6849953
        ]
      }
    },
    {
      "type": "Feature",
      "properties": {
        "name": "Agira N N CNG Filling Station",
        "brand": "CNG",
        "brand_code": "CNG",
        "operator": "",
        "address": "",
        "state": "",
        "city": "Dhaka - Sylhet Hwy",
        "phone": "",
        "fuel_types": "CNG",
        "amenity": "cng",
        "source": "openstreetmap.org"
      },
      "geometry": {
        "type": "Point",
        "coordinates": [
          90.6616623,
          23.8541469
        ]
      }
    },
    {
      "type": "Feature",
      "properties": {
        "name": "Enviro CNG Filling Station Ltd.",
        "brand": "CNG",
        "brand_code": "CNG",
        "operator": "",
        "address": "",
        "state": "",
        "city": "",
        "phone": "",
        "fuel_types": "CNG",
        "amenity": "cng",
        "source": "openstreetmap.org"
      },
      "geometry": {
        "type": "Point",
        "coordinates": [
          90.39995,
          23.8856618
        ]
      }
    },
    {
      "type": "Feature",
      "properties": {
        "name": "One Stop CNG Filling Station Ltd.",
        "brand": "CNG",
        "brand_code": "CNG",
        "operator": "",
        "address": "",
        "state": "",
        "city": "",
        "phone": "",
        "fuel_types": "CNG",
        "amenity": "cng",
        "source": "openstreetmap.org"
      },
      "geometry": {
        "type": "Point",
        "coordinates": [
          90.4007773,
          23.8870285
        ]
      }
    },
    {
      "type": "Feature",
      "properties": {
        "name": "Aftab CNG Station",
        "brand": "CNG",
        "brand_code": "CNG",
        "operator": "",
        "address": "",
        "state": "",
        "city": "",
        "phone": "",
        "fuel_types": "CNG",
        "amenity": "cng",
        "source": "openstreetmap.org"
      },
      "geometry": {
        "type": "Point",
        "coordinates": [
          90.3995231,
          23.9035999
        ]
      }
    },
    {
      "type": "Feature",
      "properties": {
        "name": "Alam CNG",
        "brand": "CNG",
        "brand_code": "CNG",
        "operator": "",
        "address": "",
        "state": "",
        "city": "",
        "phone": "",
        "fuel_types": "CNG",
        "amenity": "cng",
        "source": "openstreetmap.org"
      },
      "geometry": {
        "type": "Point",
        "coordinates": [
          90.3944282,
          23.9174803
        ]
      }
    },
    {
      "type": "Feature",
      "properties": {
        "name": "Sahajalal CNG & Feeling Station",
        "brand": "CNG",
        "brand_code": "CNG",
        "operator": "",
        "address": "",
        "state": "",
        "city": "Dhaka - Sylhet Hwy",
        "phone": "",
        "fuel_types": "CNG",
        "amenity": "cng",
        "source": "openstreetmap.org"
      },
      "geometry": {
        "type": "Point",
        "coordinates": [
          90.5789702,
          23.7959243
        ]
      }
    },
    {
      "type": "Feature",
      "properties": {
        "name": "Union CNG",
        "brand": "CNG",
        "brand_code": "CNG",
        "operator": "",
        "address": "",
        "state": "",
        "city": "",
        "phone": "",
        "fuel_types": "CNG",
        "amenity": "cng",
        "source": "openstreetmap.org"
      },
      "geometry": {
        "type": "Point",
        "coordinates": [
          90.3811132,
          23.9791087
        ]
      }
    },
    {
      "type": "Feature",
      "properties": {
        "name": "Sagar Saikat CNG Filling Station সাগর সৈকত সিএনজি ফিলিং স্টেশনে",
        "brand": "CNG",
        "brand_code": "CNG",
        "operator": "",
        "address": "",
        "state": "",
        "city": "",
        "phone": "",
        "fuel_types": "CNG",
        "amenity": "cng",
        "source": "openstreetmap.org"
      },
      "geometry": {
        "type": "Point",
        "coordinates": [
          90.3827184,
          24.0033021
        ]
      }
    },
    {
      "type": "Feature",
      "properties": {
        "name": "Khan CNG Filling Station",
        "brand": "CNG",
        "brand_code": "CNG",
        "operator": "",
        "address": "",
        "state": "",
        "city": "",
        "phone": "",
        "fuel_types": "CNG",
        "amenity": "cng",
        "source": "openstreetmap.org"
      },
      "geometry": {
        "type": "Point",
        "coordinates": [
          90.3883767,
          24.057278
        ]
      }
    },
    {
      "type": "Feature",
      "properties": {
        "name": "Molly Evergreen CNG Filing Station মাপ চিরহরিত সিএনজি ফাইলিং স্টেশন",
        "brand": "CNG",
        "brand_code": "CNG",
        "operator": "",
        "address": "",
        "state": "",
        "city": "",
        "phone": "",
        "fuel_types": "CNG",
        "amenity": "cng",
        "source": "openstreetmap.org"
      },
      "geometry": {
        "type": "Point",
        "coordinates": [
          90.3877527,
          24.0586775
        ]
      }
    },
    {
      "type": "Feature",
      "properties": {
        "name": "Bhawal CNG Station",
        "brand": "CNG",
        "brand_code": "CNG",
        "operator": "",
        "address": "",
        "state": "",
        "city": "",
        "phone": "",
        "fuel_types": "CNG",
        "amenity": "cng",
        "source": "openstreetmap.org"
      },
      "geometry": {
        "type": "Point",
        "coordinates": [
          90.3883402,
          24.0604472
        ]
      }
    },
    {
      "type": "Feature",
      "properties": {
        "name": "H S Enterprise CNG Station",
        "brand": "CNG",
        "brand_code": "CNG",
        "operator": "",
        "address": "",
        "state": "",
        "city": "",
        "phone": "",
        "fuel_types": "CNG",
        "amenity": "cng",
        "source": "openstreetmap.org"
      },
      "geometry": {
        "type": "Point",
        "coordinates": [
          90.3942395,
          24.0778002
        ]
      }
    },
    {
      "type": "Feature",
      "properties": {
        "name": "KRC Filling & CNG",
        "brand": "CNG",
        "brand_code": "CNG",
        "operator": "",
        "address": "",
        "state": "",
        "city": "",
        "phone": "",
        "fuel_types": "CNG",
        "amenity": "cng",
        "source": "openstreetmap.org"
      },
      "geometry": {
        "type": "Point",
        "coordinates": [
          90.409949,
          24.1236965
        ]
      }
    },
    {
      "type": "Feature",
      "properties": {
        "name": "M/s Kazi Traders Filling Station & CNG",
        "brand": "CNG",
        "brand_code": "CNG",
        "operator": "",
        "address": "",
        "state": "",
        "city": "",
        "phone": "",
        "fuel_types": "CNG",
        "amenity": "cng",
        "source": "openstreetmap.org"
      },
      "geometry": {
        "type": "Point",
        "coordinates": [
          90.4249882,
          24.1964721
        ]
      }
    },
    {
      "type": "Feature",
      "properties": {
        "name": "Shuvo CNG Filling Station",
        "brand": "CNG",
        "brand_code": "CNG",
        "operator": "",
        "address": "",
        "state": "",
        "city": "Dhaka - Sylhet Hwy",
        "phone": "",
        "fuel_types": "CNG",
        "amenity": "cng",
        "source": "openstreetmap.org"
      },
      "geometry": {
        "type": "Point",
        "coordinates": [
          90.5495126,
          23.762195
        ]
      }
    },
    {
      "type": "Feature",
      "properties": {
        "name": "Maona CNG Ltd.",
        "brand": "CNG",
        "brand_code": "CNG",
        "operator": "",
        "address": "",
        "state": "",
        "city": "",
        "phone": "",
        "fuel_types": "CNG",
        "amenity": "cng",
        "source": "openstreetmap.org"
      },
      "geometry": {
        "type": "Point",
        "coordinates": [
          90.4012312,
          24.2466916
        ]
      }
    },
    {
      "type": "Feature",
      "properties": {
        "name": "Purbasha CNG Station Ltd.",
        "brand": "CNG",
        "brand_code": "CNG",
        "operator": "",
        "address": "",
        "state": "",
        "city": "",
        "phone": "",
        "fuel_types": "CNG",
        "amenity": "cng",
        "source": "openstreetmap.org"
      },
      "geometry": {
        "type": "Point",
        "coordinates": [
          90.3895777,
          24.294365
        ]
      }
    },
    {
      "type": "Feature",
      "properties": {
        "name": "M/S Shahanur Sarker CNG and Filling Station",
        "brand": "CNG",
        "brand_code": "CNG",
        "operator": "",
        "address": "",
        "state": "",
        "city": "",
        "phone": "",
        "fuel_types": "CNG",
        "amenity": "cng",
        "source": "openstreetmap.org"
      },
      "geometry": {
        "type": "Point",
        "coordinates": [
          90.3812731,
          24.3189336
        ]
      }
    },
    {
      "type": "Feature",
      "properties": {
        "name": "Urbi CNG Filling Station",
        "brand": "CNG",
        "brand_code": "CNG",
        "operator": "",
        "address": "",
        "state": "",
        "city": "",
        "phone": "",
        "fuel_types": "CNG",
        "amenity": "cng",
        "source": "openstreetmap.org"
      },
      "geometry": {
        "type": "Point",
        "coordinates": [
          90.3775181,
          24.3867862
        ]
      }
    },
    {
      "type": "Feature",
      "properties": {
        "name": "Sheba CNG and Filling Station",
        "brand": "CNG",
        "brand_code": "CNG",
        "operator": "",
        "address": "",
        "state": "",
        "city": "Dhaka - Sylhet Hwy",
        "phone": "",
        "fuel_types": "CNG",
        "amenity": "cng",
        "source": "openstreetmap.org"
      },
      "geometry": {
        "type": "Point",
        "coordinates": [
          90.5367583,
          23.7451668
        ]
      }
    },
    {
      "type": "Feature",
      "properties": {
        "name": "Allah Bharasha CNG & Petrol Station Station",
        "brand": "CNG",
        "brand_code": "CNG",
        "operator": "",
        "address": "",
        "state": "",
        "city": "Dhaka - Sylhet Hwy",
        "phone": "",
        "fuel_types": "CNG",
        "amenity": "cng",
        "source": "openstreetmap.org"
      },
      "geometry": {
        "type": "Point",
        "coordinates": [
          90.5349147,
          23.7444118
        ]
      }
    },
    {
      "type": "Feature",
      "properties": {
        "name": "Allah Vorosa CNG Refueling Station",
        "brand": "CNG",
        "brand_code": "CNG",
        "operator": "",
        "address": "",
        "state": "",
        "city": "Dhaka - Sylhet Hwy",
        "phone": "",
        "fuel_types": "CNG",
        "amenity": "cng",
        "source": "openstreetmap.org"
      },
      "geometry": {
        "type": "Point",
        "coordinates": [
          90.5346643,
          23.7442957
        ]
      }
    },
    {
      "type": "Feature",
      "properties": {
        "name": "Madani CNG Stations মাদানী সিএনজি স্টেশন",
        "brand": "CNG",
        "brand_code": "CNG",
        "operator": "",
        "address": "",
        "state": "",
        "city": "",
        "phone": "",
        "fuel_types": "CNG",
        "amenity": "cng",
        "source": "openstreetmap.org"
      },
      "geometry": {
        "type": "Point",
        "coordinates": [
          90.3948276,
          24.5842237
        ]
      }
    },
    {
      "type": "Feature",
      "properties": {
        "name": "Ajahar CNG Station",
        "brand": "CNG",
        "brand_code": "CNG",
        "operator": "",
        "address": "",
        "state": "",
        "city": "",
        "phone": "",
        "fuel_types": "CNG",
        "amenity": "cng",
        "source": "openstreetmap.org"
      },
      "geometry": {
        "type": "Point",
        "coordinates": [
          90.3446912,
          24.7826038
        ]
      }
    },
    {
      "type": "Feature",
      "properties": {
        "name": "M/S N. K. Filling & CNG Station",
        "brand": "CNG",
        "brand_code": "CNG",
        "operator": "",
        "address": "",
        "state": "",
        "city": "Dhaka - Sylhet Hwy",
        "phone": "",
        "fuel_types": "CNG",
        "amenity": "cng",
        "source": "openstreetmap.org"
      },
      "geometry": {
        "type": "Point",
        "coordinates": [
          90.5419582,
          23.7481169
        ]
      }
    },
    {
      "type": "Feature",
      "properties": {
        "name": "S International CNG & Filling Station",
        "brand": "CNG",
        "brand_code": "CNG",
        "operator": "",
        "address": "",
        "state": "",
        "city": "Dhaka - Sylhet Hwy",
        "phone": "",
        "fuel_types": "CNG",
        "amenity": "cng",
        "source": "openstreetmap.org"
      },
      "geometry": {
        "type": "Point",
        "coordinates": [
          90.5204486,
          23.7067308
        ]
      }
    },
    {
      "type": "Feature",
      "properties": {
        "name": "Gobindaganj CNG/Petrol Station",
        "brand": "CNG",
        "brand_code": "CNG",
        "operator": "",
        "address": "Sunamganj - Sylhet Highway",
        "state": "",
        "city": "Sunamganj Sylhet Hwy",
        "phone": "",
        "fuel_types": "CNG",
        "amenity": "cng",
        "source": "openstreetmap.org"
      },
      "geometry": {
        "type": "Point",
        "coordinates": [
          91.6806126,
          24.9305225
        ]
      }
    },
    {
      "type": "Feature",
      "properties": {
        "name": "CNG/Petrol Station",
        "brand": "CNG",
        "brand_code": "CNG",
        "operator": "",
        "address": "",
        "state": "",
        "city": "Sunamganj Sylhet Hwy",
        "phone": "",
        "fuel_types": "CNG",
        "amenity": "cng",
        "source": "openstreetmap.org"
      },
      "geometry": {
        "type": "Point",
        "coordinates": [
          91.3891886,
          25.0444401
        ]
      }
    },
    {
      "type": "Feature",
      "properties": {
        "name": "Bolaka CNG Conversion & Filling Station",
        "brand": "CNG",
        "brand_code": "CNG",
        "operator": "",
        "address": "",
        "state": "",
        "city": "Sunamganj Sylhet Hwy",
        "phone": "",
        "fuel_types": "CNG",
        "amenity": "cng",
        "source": "openstreetmap.org"
      },
      "geometry": {
        "type": "Point",
        "coordinates": [
          91.3887157,
          25.0450978
        ]
      }
    },
    {
      "type": "Feature",
      "properties": {
        "name": "Sinthia CNG Refuelling and Conversion Centre.",
        "brand": "CNG",
        "brand_code": "CNG",
        "operator": "",
        "address": "",
        "state": "",
        "city": "Sunamganj-Sylhet Hwy",
        "phone": "",
        "fuel_types": "CNG",
        "amenity": "cng",
        "source": "openstreetmap.org"
      },
      "geometry": {
        "type": "Point",
        "coordinates": [
          91.3902585,
          25.0584566
        ]
      }
    },
    {
      "type": "Feature",
      "properties": {
        "name": "A.R. Khan Pathan CNG and Filling Station",
        "brand": "CNG",
        "brand_code": "CNG",
        "operator": "",
        "address": "",
        "state": "",
        "city": "",
        "phone": "",
        "fuel_types": "CNG",
        "amenity": "cng",
        "source": "openstreetmap.org"
      },
      "geometry": {
        "type": "Point",
        "coordinates": [
          90.7174654,
          24.8720609
        ]
      }
    },
    {
      "type": "Feature",
      "properties": {
        "name": "NIRVANA CNG FILLING STATION নির্বাণ সিএনজি ফিলিং স্টেশনে",
        "brand": "CNG",
        "brand_code": "CNG",
        "operator": "",
        "address": "",
        "state": "",
        "city": "Tongi",
        "phone": "",
        "fuel_types": "CNG",
        "amenity": "cng",
        "source": "openstreetmap.org"
      },
      "geometry": {
        "type": "Point",
        "coordinates": [
          90.4165211,
          23.9058804
        ]
      }
    },
    {
      "type": "Feature",
      "properties": {
        "name": "Bhuiyan CNG Station ভূঁইয়া সিএনজি স্টেশন",
        "brand": "CNG",
        "brand_code": "CNG",
        "operator": "",
        "address": "",
        "state": "",
        "city": "",
        "phone": "",
        "fuel_types": "CNG",
        "amenity": "cng",
        "source": "openstreetmap.org"
      },
      "geometry": {
        "type": "Point",
        "coordinates": [
          90.6642457,
          23.8923454
        ]
      }
    },
    {
      "type": "Feature",
      "properties": {
        "name": "AHB CNG Filling Station",
        "brand": "CNG",
        "brand_code": "CNG",
        "operator": "",
        "address": "",
        "state": "",
        "city": "",
        "phone": "",
        "fuel_types": "CNG",
        "amenity": "cng",
        "source": "openstreetmap.org"
      },
      "geometry": {
        "type": "Point",
        "coordinates": [
          90.670473,
          23.8941267
        ]
      }
    },
    {
      "type": "Feature",
      "properties": {
        "name": "Sachi Oni CNG Ltd",
        "brand": "CNG",
        "brand_code": "CNG",
        "operator": "",
        "address": "",
        "state": "",
        "city": "",
        "phone": "",
        "fuel_types": "CNG",
        "amenity": "cng",
        "source": "openstreetmap.org"
      },
      "geometry": {
        "type": "Point",
        "coordinates": [
          90.6756644,
          23.8951947
        ]
      }
    },
    {
      "type": "Feature",
      "properties": {
        "name": "BL CNG Pump",
        "brand": "CNG",
        "brand_code": "CNG",
        "operator": "",
        "address": "",
        "state": "",
        "city": "",
        "phone": "",
        "fuel_types": "CNG",
        "amenity": "cng",
        "source": "openstreetmap.org"
      },
      "geometry": {
        "type": "Point",
        "coordinates": [
          90.6850946,
          23.9041691
        ]
      }
    },
    {
      "type": "Feature",
      "properties": {
        "name": "Gafargaon - Bhaluka CNG Stand গফরগাঁও - ভালুকা সিএনজি স্ট্যান্ড",
        "brand": "CNG",
        "brand_code": "CNG",
        "operator": "",
        "address": "",
        "state": "",
        "city": "",
        "phone": "",
        "fuel_types": "CNG",
        "amenity": "cng",
        "source": "openstreetmap.org"
      },
      "geometry": {
        "type": "Point",
        "coordinates": [
          90.5452446,
          24.4565913
        ]
      }
    },
    {
      "type": "Feature",
      "properties": {
        "name": "Lalon cng Station. লালন সিএনজি স্টেশন।",
        "brand": "CNG",
        "brand_code": "CNG",
        "operator": "",
        "address": "",
        "state": "",
        "city": "",
        "phone": "",
        "fuel_types": "CNG",
        "amenity": "cng",
        "source": "openstreetmap.org"
      },
      "geometry": {
        "type": "Point",
        "coordinates": [
          90.2624172,
          23.8012242
        ]
      }
    },
    {
      "type": "Feature",
      "properties": {
        "name": "Savar CNG Filling Station সাভার সিএনজি ফিলিং স্টেশনের",
        "brand": "CNG",
        "brand_code": "CNG",
        "operator": "",
        "address": "",
        "state": "",
        "city": "",
        "phone": "",
        "fuel_types": "CNG",
        "amenity": "cng",
        "source": "openstreetmap.org"
      },
      "geometry": {
        "type": "Point",
        "coordinates": [
          90.2586406,
          23.8270236
        ]
      }
    },
    {
      "type": "Feature",
      "properties": {
        "name": "T.S. CNG Refueling and Conversion Limited",
        "brand": "CNG",
        "brand_code": "CNG",
        "operator": "",
        "address": "",
        "state": "",
        "city": "",
        "phone": "",
        "fuel_types": "CNG",
        "amenity": "cng",
        "source": "openstreetmap.org"
      },
      "geometry": {
        "type": "Point",
        "coordinates": [
          90.2687175,
          23.9365663
        ]
      }
    },
    {
      "type": "Feature",
      "properties": {
        "name": "Mostafa CNG Filing Station, Muradpur, Chittagong",
        "brand": "CNG",
        "brand_code": "CNG",
        "operator": "",
        "address": "",
        "state": "",
        "city": "",
        "phone": "",
        "fuel_types": "CNG",
        "amenity": "cng",
        "source": "openstreetmap.org"
      },
      "geometry": {
        "type": "Point",
        "coordinates": [
          91.669728,
          22.6006299
        ]
      }
    },
    {
      "type": "Feature",
      "properties": {
        "name": "Babor And Brothers CNG Parts, Dhaka - Chittagong Hwy, Mirsharai, Chittagong",
        "brand": "CNG",
        "brand_code": "CNG",
        "operator": "",
        "address": "",
        "state": "",
        "city": "",
        "phone": "",
        "fuel_types": "CNG",
        "amenity": "cng",
        "source": "openstreetmap.org"
      },
      "geometry": {
        "type": "Point",
        "coordinates": [
          91.5857421,
          22.7557451
        ]
      }
    },
    {
      "type": "Feature",
      "properties": {
        "name": "Indian Oil Petrol & CNG Pump",
        "brand": "CNG",
        "brand_code": "CNG",
        "operator": "",
        "address": "",
        "state": "",
        "city": "",
        "phone": "",
        "fuel_types": "CNG",
        "amenity": "cng",
        "source": "openstreetmap.org"
      },
      "geometry": {
        "type": "Point",
        "coordinates": [
          76.3212302,
          10.0683152
        ]
      }
    },
    {
      "type": "Feature",
      "properties": {
        "name": "Chottola CNG",
        "brand": "CNG",
        "brand_code": "CNG",
        "operator": "",
        "address": "",
        "state": "",
        "city": "",
        "phone": "",
        "fuel_types": "CNG",
        "amenity": "cng",
        "source": "openstreetmap.org"
      },
      "geometry": {
        "type": "Point",
        "coordinates": [
          91.7340846,
          22.4507727
        ]
      }
    },
    {
      "type": "Feature",
      "properties": {
        "name": "Navana CNG Station",
        "brand": "CNG",
        "brand_code": "CNG",
        "operator": "",
        "address": "",
        "state": "",
        "city": "",
        "phone": "",
        "fuel_types": "CNG",
        "amenity": "cng",
        "source": "openstreetmap.org"
      },
      "geometry": {
        "type": "Point",
        "coordinates": [
          90.5327095,
          23.698727
        ]
      }
    },
    {
      "type": "Feature",
      "properties": {
        "name": "Nazir CNG Station",
        "brand": "CNG",
        "brand_code": "CNG",
        "operator": "",
        "address": "Jaranwala - Lahore Road",
        "state": "",
        "city": "Lahore",
        "phone": "",
        "fuel_types": "CNG",
        "amenity": "cng",
        "source": "openstreetmap.org"
      },
      "geometry": {
        "type": "Point",
        "coordinates": [
          74.2355583,
          31.602512
        ]
      }
    },
    {
      "type": "Feature",
      "properties": {
        "name": "IGL CNG Pump",
        "brand": "IGL",
        "brand_code": "CNG",
        "operator": "",
        "address": "Sector 5 Road",
        "state": "",
        "city": "Sector 5 Dwarka, New Delhi",
        "phone": "",
        "fuel_types": "CNG",
        "amenity": "cng",
        "source": "openstreetmap.org"
      },
      "geometry": {
        "type": "Point",
        "coordinates": [
          77.0587863,
          28.5971123
        ]
      }
    },
    {
      "type": "Feature",
      "properties": {
        "name": "Amrita Fuels IndianOil petrol pump and CNG station",
        "brand": "CNG",
        "brand_code": "CNG",
        "operator": "",
        "address": "",
        "state": "",
        "city": "",
        "phone": "",
        "fuel_types": "CNG",
        "amenity": "cng",
        "source": "openstreetmap.org"
      },
      "geometry": {
        "type": "Point",
        "coordinates": [
          76.2944882,
          10.0503505
        ]
      }
    },
    {
      "type": "Feature",
      "properties": {
        "name": "Gail India Ltd. CNG Station",
        "brand": "CNG",
        "brand_code": "CNG",
        "operator": "",
        "address": "",
        "state": "",
        "city": "",
        "phone": "",
        "fuel_types": "CNG",
        "amenity": "cng",
        "source": "openstreetmap.org"
      },
      "geometry": {
        "type": "Point",
        "coordinates": [
          82.9686506,
          25.2864957
        ]
      }
    },
    {
      "type": "Feature",
      "properties": {
        "name": "Highway CNG",
        "brand": "CNG",
        "brand_code": "CNG",
        "operator": "",
        "address": "",
        "state": "",
        "city": "",
        "phone": "",
        "fuel_types": "CNG",
        "amenity": "cng",
        "source": "openstreetmap.org"
      },
      "geometry": {
        "type": "Point",
        "coordinates": [
          72.3908224,
          30.4483254
        ]
      }
    },
    {
      "type": "Feature",
      "properties": {
        "name": "CNG FILLING station , police line",
        "brand": "Indraprastha Gas Limited",
        "brand_code": "CNG",
        "operator": "",
        "address": "",
        "state": "",
        "city": "",
        "phone": "",
        "fuel_types": "CNG",
        "amenity": "cng",
        "source": "openstreetmap.org"
      },
      "geometry": {
        "type": "Point",
        "coordinates": [
          77.1039504,
          28.6888454
        ]
      }
    },
    {
      "type": "Feature",
      "properties": {
        "name": "Noorjahan CNG Filling Station",
        "brand": "CNG",
        "brand_code": "CNG",
        "operator": "",
        "address": "",
        "state": "",
        "city": "",
        "phone": "",
        "fuel_types": "CNG",
        "amenity": "cng",
        "source": "openstreetmap.org"
      },
      "geometry": {
        "type": "Point",
        "coordinates": [
          92.0255505,
          24.8656345
        ]
      }
    },
    {
      "type": "Feature",
      "properties": {
        "name": "IndianOil CNG Gas Station",
        "brand": "Indian Oil",
        "brand_code": "CNG",
        "operator": "IndianOil",
        "address": "",
        "state": "",
        "city": "",
        "phone": "",
        "fuel_types": "CNG",
        "amenity": "cng",
        "source": "openstreetmap.org"
      },
      "geometry": {
        "type": "Point",
        "coordinates": [
          76.3701535,
          10.2455119
        ]
      }
    },
    {
      "type": "Feature",
      "properties": {
        "name": "Adani CNG Gas Station",
        "brand": "CNG",
        "brand_code": "CNG",
        "operator": "",
        "address": "",
        "state": "",
        "city": "",
        "phone": "",
        "fuel_types": "CNG",
        "amenity": "cng",
        "source": "openstreetmap.org"
      },
      "geometry": {
        "type": "Point",
        "coordinates": [
          77.350323,
          28.3990226
        ]
      }
    },
    {
      "type": "Feature",
      "properties": {
        "name": "Ahmed Filling And CNG, Gas station",
        "brand": "CNG",
        "brand_code": "CNG",
        "operator": "",
        "address": "",
        "state": "",
        "city": "",
        "phone": "",
        "fuel_types": "CNG",
        "amenity": "cng",
        "source": "openstreetmap.org"
      },
      "geometry": {
        "type": "Point",
        "coordinates": [
          90.3957603,
          24.2709176
        ]
      }
    },
    {
      "type": "Feature",
      "properties": {
        "name": "CNG Fuel Station",
        "brand": "CNG",
        "brand_code": "CNG",
        "operator": "",
        "address": "",
        "state": "",
        "city": "",
        "phone": "",
        "fuel_types": "CNG",
        "amenity": "cng",
        "source": "openstreetmap.org"
      },
      "geometry": {
        "type": "Point",
        "coordinates": [
          77.0368488,
          28.5906522
        ]
      }
    },
    {
      "type": "Feature",
      "properties": {
        "name": "Indian Oil Adani CNG Pvt Ltd",
        "brand": "CNG",
        "brand_code": "CNG",
        "operator": "",
        "address": "",
        "state": "",
        "city": "",
        "phone": "",
        "fuel_types": "CNG",
        "amenity": "cng",
        "source": "openstreetmap.org"
      },
      "geometry": {
        "type": "Point",
        "coordinates": [
          76.8096147,
          10.8173457
        ]
      }
    },
    {
      "type": "Feature",
      "properties": {
        "name": "Indraprastha Gas Limited",
        "brand": "IGL",
        "brand_code": "CNG",
        "operator": "",
        "address": "",
        "state": "",
        "city": "",
        "phone": "",
        "fuel_types": "CNG",
        "amenity": "cng",
        "source": "openstreetmap.org"
      },
      "geometry": {
        "type": "Point",
        "coordinates": [
          77.2602207,
          28.5848782
        ]
      }
    },
    {
      "type": "Feature",
      "properties": {
        "name": "Indraprastha Gas Limited",
        "brand": "IGL",
        "brand_code": "CNG",
        "operator": "",
        "address": "",
        "state": "",
        "city": "",
        "phone": "",
        "fuel_types": "CNG",
        "amenity": "cng",
        "source": "openstreetmap.org"
      },
      "geometry": {
        "type": "Point",
        "coordinates": [
          77.2493074,
          28.6186155
        ]
      }
    },
    {
      "type": "Feature",
      "properties": {
        "name": "IGL",
        "brand": "IGL",
        "brand_code": "CNG",
        "operator": "",
        "address": "",
        "state": "",
        "city": "",
        "phone": "",
        "fuel_types": "CNG",
        "amenity": "cng",
        "source": "openstreetmap.org"
      },
      "geometry": {
        "type": "Point",
        "coordinates": [
          77.1529427,
          28.6723785
        ]
      }
    },
    {
      "type": "Feature",
      "properties": {
        "name": "CNG Station",
        "brand": "Indraprastha Gas Station",
        "brand_code": "CNG",
        "operator": "",
        "address": "",
        "state": "",
        "city": "",
        "phone": "",
        "fuel_types": "CNG",
        "amenity": "cng",
        "source": "openstreetmap.org"
      },
      "geometry": {
        "type": "Point",
        "coordinates": [
          77.1903825,
          28.5259072
        ]
      }
    },
    {
      "type": "Feature",
      "properties": {
        "name": "IGL",
        "brand": "IGL",
        "brand_code": "CNG",
        "operator": "",
        "address": "",
        "state": "",
        "city": "",
        "phone": "",
        "fuel_types": "CNG",
        "amenity": "cng",
        "source": "openstreetmap.org"
      },
      "geometry": {
        "type": "Point",
        "coordinates": [
          77.2728188,
          28.5293861
        ]
      }
    },
    {
      "type": "Feature",
      "properties": {
        "name": "IGL",
        "brand": "IGL",
        "brand_code": "CNG",
        "operator": "",
        "address": "",
        "state": "",
        "city": "",
        "phone": "",
        "fuel_types": "CNG",
        "amenity": "cng",
        "source": "openstreetmap.org"
      },
      "geometry": {
        "type": "Point",
        "coordinates": [
          77.2259725,
          28.6417761
        ]
      }
    },
    {
      "type": "Feature",
      "properties": {
        "name": "IGL",
        "brand": "IGL",
        "brand_code": "CNG",
        "operator": "",
        "address": "",
        "state": "",
        "city": "",
        "phone": "",
        "fuel_types": "CNG",
        "amenity": "cng",
        "source": "openstreetmap.org"
      },
      "geometry": {
        "type": "Point",
        "coordinates": [
          77.7001063,
          29.4001728
        ]
      }
    },
    {
      "type": "Feature",
      "properties": {
        "name": "IGL",
        "brand": "IGL",
        "brand_code": "CNG",
        "operator": "",
        "address": "",
        "state": "",
        "city": "",
        "phone": "",
        "fuel_types": "CNG",
        "amenity": "cng",
        "source": "openstreetmap.org"
      },
      "geometry": {
        "type": "Point",
        "coordinates": [
          77.6101415,
          28.6138249
        ]
      }
    },
    {
      "type": "Feature",
      "properties": {
        "name": "IGL",
        "brand": "IGL",
        "brand_code": "CNG",
        "operator": "",
        "address": "",
        "state": "",
        "city": "",
        "phone": "",
        "fuel_types": "CNG",
        "amenity": "cng",
        "source": "openstreetmap.org"
      },
      "geometry": {
        "type": "Point",
        "coordinates": [
          77.4850778,
          28.6905602
        ]
      }
    },
    {
      "type": "Feature",
      "properties": {
        "name": "IGL",
        "brand": "IGL",
        "brand_code": "CNG",
        "operator": "",
        "address": "",
        "state": "",
        "city": "",
        "phone": "",
        "fuel_types": "CNG",
        "amenity": "cng",
        "source": "openstreetmap.org"
      },
      "geometry": {
        "type": "Point",
        "coordinates": [
          77.2897981,
          28.5378783
        ]
      }
    },
    {
      "type": "Feature",
      "properties": {
        "name": "IGL",
        "brand": "IGL",
        "brand_code": "CNG",
        "operator": "",
        "address": "",
        "state": "",
        "city": "",
        "phone": "",
        "fuel_types": "CNG",
        "amenity": "cng",
        "source": "openstreetmap.org"
      },
      "geometry": {
        "type": "Point",
        "coordinates": [
          77.0653889,
          28.7745543
        ]
      }
    },
    {
      "type": "Feature",
      "properties": {
        "name": "IGL",
        "brand": "IGL",
        "brand_code": "CNG",
        "operator": "",
        "address": "",
        "state": "",
        "city": "",
        "phone": "",
        "fuel_types": "CNG",
        "amenity": "cng",
        "source": "openstreetmap.org"
      },
      "geometry": {
        "type": "Point",
        "coordinates": [
          77.1288396,
          28.837251
        ]
      }
    },
    {
      "type": "Feature",
      "properties": {
        "name": "IGL",
        "brand": "IGL",
        "brand_code": "CNG",
        "operator": "",
        "address": "",
        "state": "",
        "city": "",
        "phone": "",
        "fuel_types": "CNG",
        "amenity": "cng",
        "source": "openstreetmap.org"
      },
      "geometry": {
        "type": "Point",
        "coordinates": [
          77.1261318,
          28.8463478
        ]
      }
    },
    {
      "type": "Feature",
      "properties": {
        "name": "CNG Station",
        "brand": "Indraprastha gas",
        "brand_code": "CNG",
        "operator": "",
        "address": "",
        "state": "",
        "city": "",
        "phone": "",
        "fuel_types": "CNG",
        "amenity": "cng",
        "source": "openstreetmap.org"
      },
      "geometry": {
        "type": "Point",
        "coordinates": [
          77.1972612,
          28.5699766
        ]
      }
    },
    {
      "type": "Feature",
      "properties": {
        "name": "IGL",
        "brand": "IGL",
        "brand_code": "CNG",
        "operator": "",
        "address": "",
        "state": "",
        "city": "",
        "phone": "",
        "fuel_types": "CNG",
        "amenity": "cng",
        "source": "openstreetmap.org"
      },
      "geometry": {
        "type": "Point",
        "coordinates": [
          77.0974755,
          28.690212
        ]
      }
    },
    {
      "type": "Feature",
      "properties": {
        "name": "IGL",
        "brand": "IGL",
        "brand_code": "CNG",
        "operator": "",
        "address": "",
        "state": "",
        "city": "",
        "phone": "",
        "fuel_types": "CNG",
        "amenity": "cng",
        "source": "openstreetmap.org"
      },
      "geometry": {
        "type": "Point",
        "coordinates": [
          77.0887668,
          28.6536528
        ]
      }
    },
    {
      "type": "Feature",
      "properties": {
        "name": "GAIL GAS Station",
        "brand": "GAIL",
        "brand_code": "CNG",
        "operator": "GAIL",
        "address": "",
        "state": "",
        "city": "",
        "phone": "",
        "fuel_types": "CNG",
        "amenity": "cng",
        "source": "openstreetmap.org"
      },
      "geometry": {
        "type": "Point",
        "coordinates": [
          85.9454037,
          20.4445754
        ]
      }
    },
    {
      "type": "Feature",
      "properties": {
        "name": "IGL",
        "brand": "IGL",
        "brand_code": "CNG",
        "operator": "",
        "address": "",
        "state": "",
        "city": "",
        "phone": "",
        "fuel_types": "CNG",
        "amenity": "cng",
        "source": "openstreetmap.org"
      },
      "geometry": {
        "type": "Point",
        "coordinates": [
          77.179592,
          28.5805907
        ]
      }
    },
    {
      "type": "Feature",
      "properties": {
        "name": "Indraprastha Gas",
        "brand": "Indraprastha Gas Limited",
        "brand_code": "CNG",
        "operator": "",
        "address": "",
        "state": "",
        "city": "",
        "phone": "",
        "fuel_types": "CNG",
        "amenity": "cng",
        "source": "openstreetmap.org"
      },
      "geometry": {
        "type": "Point",
        "coordinates": [
          77.2948616,
          28.52089
        ]
      }
    },
    {
      "type": "Feature",
      "properties": {
        "name": "Indraprastha Gas Limited",
        "brand": "IGL",
        "brand_code": "CNG",
        "operator": "",
        "address": "",
        "state": "",
        "city": "",
        "phone": "",
        "fuel_types": "CNG",
        "amenity": "cng",
        "source": "openstreetmap.org"
      },
      "geometry": {
        "type": "Point",
        "coordinates": [
          77.1507395,
          28.7473117
        ]
      }
    },
    {
      "type": "Feature",
      "properties": {
        "name": "CNG Station",
        "brand": "Indraprastha Gas Limited",
        "brand_code": "CNG",
        "operator": "Indraprastha Gas Limited",
        "address": "",
        "state": "",
        "city": "",
        "phone": "",
        "fuel_types": "CNG",
        "amenity": "cng",
        "source": "openstreetmap.org"
      },
      "geometry": {
        "type": "Point",
        "coordinates": [
          77.2355394,
          28.5873392
        ]
      }
    },
    {
      "type": "Feature",
      "properties": {
        "name": "CNG Station",
        "brand": "Indraprastha Gas Limited",
        "brand_code": "CNG",
        "operator": "",
        "address": "",
        "state": "",
        "city": "New Delhi",
        "phone": "",
        "fuel_types": "CNG",
        "amenity": "cng",
        "source": "openstreetmap.org"
      },
      "geometry": {
        "type": "Point",
        "coordinates": [
          77.0616569,
          28.7221208
        ]
      }
    },
    {
      "type": "Feature",
      "properties": {
        "name": "GAIL Gas",
        "brand": "GAIL",
        "brand_code": "CNG",
        "operator": "GAIL",
        "address": "",
        "state": "",
        "city": "",
        "phone": "",
        "fuel_types": "CNG",
        "amenity": "cng",
        "source": "openstreetmap.org"
      },
      "geometry": {
        "type": "Point",
        "coordinates": [
          77.6811167,
          13.0102981
        ]
      }
    }
  ]
}