{
  "type": "FeatureCollection",
  "generator": "jiobp_scraper.py",
  "scraped_at": "2026-03-18T07:58:41.205032Z",
  "total_stations": 1525,
  "brand": "Jio-bp",
  "features": [
    {
      "type": "Feature",
      "properties": {
        "name": "NAGERCOIL MADURAI",
        "brand": "Jio-bp",
        "brand_code": "JIOBP",
        "address": "4/4A Main Road, Vellamadam,",
        "state": "Tamil Nadu",
        "city": "NAGERCOIL",
        "ro_code": "TNF062",
        "amenity": "fuel",
        "source": "jiobp.com"
      },
      "geometry": {
        "type": "Point",
        "coordinates": [
          77.459444444,
          8.21
        ]
      }
    },
    {
      "type": "Feature",
      "properties": {
        "name": "MARTHANDAM",
        "brand": "Jio-bp",
        "brand_code": "JIOBP",
        "address": "14-35A, Chenkanmoolai Main Road, Kuzhithurai,",
        "state": "Tamil Nadu",
        "city": "",
        "ro_code": "TNF068",
        "amenity": "fuel",
        "source": "jiobp.com"
      },
      "geometry": {
        "type": "Point",
        "coordinates": [
          77.200438556,
          8.317466034
        ]
      }
    },
    {
      "type": "Feature",
      "properties": {
        "name": "KHOPOLI MUMBAI",
        "brand": "Jio-bp",
        "brand_code": "JIOBP",
        "address": "SURVEY NO.77-2, 77-3 77/7 AND 77-8, VILLAGE HAL BUDRUK VILLAGE KHOPOLI TALUKA KHALAPUR, DIST RAIGAD 410203",
        "state": "Maharashtra",
        "city": "",
        "ro_code": "MHF114",
        "amenity": "fuel",
        "source": "jiobp.com"
      },
      "geometry": {
        "type": "Point",
        "coordinates": [
          73.314493717,
          18.810138974
        ]
      }
    },
    {
      "type": "Feature",
      "properties": {
        "name": "MANCHERIAL HYDERABAD",
        "brand": "Jio-bp",
        "brand_code": "JIOBP",
        "address": "SY.NO.477/19 and 477/20, GARMILLA VILLAGE, HIGHWAY ROAD, MANCHERIAL MANDAL, MANCHERIAL TOWN, ADILABAD DISTRICT. ANDHRA PRADESH  502284",
        "state": "Telangana",
        "city": "",
        "ro_code": "APF037",
        "amenity": "fuel",
        "source": "jiobp.com"
      },
      "geometry": {
        "type": "Point",
        "coordinates": [
          79.421319023,
          18.87532453
        ]
      }
    },
    {
      "type": "Feature",
      "properties": {
        "name": "Baroda HT Road",
        "brand": "Jio-bp",
        "brand_code": "JIOBP",
        "address": "NEAR SUBHANPURA ATITHI GROUP, HT ROAD, SUBHANPURA  DISTT-BARODA",
        "state": "Gujarat",
        "city": "",
        "ro_code": "GJC134",
        "amenity": "fuel",
        "source": "jiobp.com"
      },
      "geometry": {
        "type": "Point",
        "coordinates": [
          73.155555556,
          22.321944444
        ]
      }
    },
    {
      "type": "Feature",
      "properties": {
        "name": "RANCHI HEC",
        "brand": "Jio-bp",
        "brand_code": "JIOBP",
        "address": "NEAR CHECK POST, SECTOR 2, HEC COLONY, POST DHURWA",
        "state": "Jharkhand",
        "city": "",
        "ro_code": "JHC002",
        "amenity": "fuel",
        "source": "jiobp.com"
      },
      "geometry": {
        "type": "Point",
        "coordinates": [
          85.304861,
          23.32275
        ]
      }
    },
    {
      "type": "Feature",
      "properties": {
        "name": "BAHARAGORA FF",
        "brand": "Jio-bp",
        "brand_code": "JIOBP",
        "address": "PLOT NO 10, KHATA NO  32, NH-33,  VILLAGE BELA, PO  PS - BAH TEHSIL - DALBHUM, DIST PURBI SINSGB",
        "state": "Jharkhand",
        "city": "Tehsil-Dalbhum,Purbi Sinsgbhum,",
        "ro_code": "JHF016",
        "amenity": "fuel",
        "source": "jiobp.com"
      },
      "geometry": {
        "type": "Point",
        "coordinates": [
          86.721,
          22.255028
        ]
      }
    },
    {
      "type": "Feature",
      "properties": {
        "name": "KULLAN HISSAR",
        "brand": "Jio-bp",
        "brand_code": "JIOBP",
        "address": "GARG PETRO CITY,MDR-102, VILLAGE DHARSUL, JAKHAL ROAD, KULLAN TEHSIL TOHANA DISTT. FATEHBAD HARYANA 125106",
        "state": "Haryana",
        "city": "",
        "ro_code": "HRF098",
        "amenity": "fuel",
        "source": "jiobp.com"
      },
      "geometry": {
        "type": "Point",
        "coordinates": [
          75.72374106,
          29.664909193
        ]
      }
    },
    {
      "type": "Feature",
      "properties": {
        "name": "KARMALA PUNE",
        "brand": "Jio-bp",
        "brand_code": "JIOBP",
        "address": "SURVEY NO 113, BHAWANI CHOWK",
        "state": "Maharashtra",
        "city": "",
        "ro_code": "MHF116",
        "amenity": "fuel",
        "source": "jiobp.com"
      },
      "geometry": {
        "type": "Point",
        "coordinates": [
          75.204083333,
          18.405277778
        ]
      }
    },
    {
      "type": "Feature",
      "properties": {
        "name": "SAGAR MANGALORE",
        "brand": "Jio-bp",
        "brand_code": "JIOBP",
        "address": "NO: 248/248/1175, 247/247/1174, NEW B.H.ROAD, NIRKODU EXTENSION,SAGAR TALUK,SAGAR - 577401",
        "state": "Karnataka",
        "city": "",
        "ro_code": "KRF033",
        "amenity": "fuel",
        "source": "jiobp.com"
      },
      "geometry": {
        "type": "Point",
        "coordinates": [
          75.551626935,
          13.933279789
        ]
      }
    },
    {
      "type": "Feature",
      "properties": {
        "name": "PBF088-TARN TARAN JALLANDHAR",
        "brand": "Jio-bp",
        "brand_code": "JIOBP",
        "address": "NH-15,RHS TARANTARAN-ASR. ROAD,MS-125,NEAR SATSANG BHAWANandDHILLON RESORTS,VILL-THATI,AMRITSAR",
        "state": "Punjab",
        "city": "TARN TARAN",
        "ro_code": "PBF088",
        "amenity": "fuel",
        "source": "jiobp.com"
      },
      "geometry": {
        "type": "Point",
        "coordinates": [
          74.906416667,
          31.483777778
        ]
      }
    },
    {
      "type": "Feature",
      "properties": {
        "name": "AJNALA",
        "brand": "Jio-bp",
        "brand_code": "JIOBP",
        "address": "VILL ROKHE, PO-UGGARAULAKH, TEHSIL-AJNALA, DISTT-AMRITSAR",
        "state": "Punjab",
        "city": "AJNALA KHE",
        "ro_code": "PBF099",
        "amenity": "fuel",
        "source": "jiobp.com"
      },
      "geometry": {
        "type": "Point",
        "coordinates": [
          74.769027778,
          31.810444444
        ]
      }
    },
    {
      "type": "Feature",
      "properties": {
        "name": "OJHAR NASIK",
        "brand": "Jio-bp",
        "brand_code": "JIOBP",
        "address": "V R AUTO SERVICES , OPP.,  PANCHWAD NAGAR PLOT NO 1 MUMBAI AGRA ROAD NH3 OZHAR MIG. DIST NASHIK  422206",
        "state": "Maharashtra",
        "city": "",
        "ro_code": "MHF085",
        "amenity": "fuel",
        "source": "jiobp.com"
      },
      "geometry": {
        "type": "Point",
        "coordinates": [
          73.915786673,
          20.082245026
        ]
      }
    },
    {
      "type": "Feature",
      "properties": {
        "name": "ULUNDURPET FF",
        "brand": "Jio-bp",
        "brand_code": "JIOBP",
        "address": "# 354, NH-45, PADUR VILLAGE,NEAR PARI HOTEL,  ULUNDURPET  606 115 ,DISTRICT : VILLUPURAM , TN",
        "state": "Tamil Nadu",
        "city": "",
        "ro_code": "TNF066",
        "amenity": "fuel",
        "source": "jiobp.com"
      },
      "geometry": {
        "type": "Point",
        "coordinates": [
          79.349127365,
          11.728394629
        ]
      }
    },
    {
      "type": "Feature",
      "properties": {
        "name": "Bahadurgarh",
        "brand": "Jio-bp",
        "brand_code": "JIOBP",
        "address": "Bahadurgarh Jhajjar road, Near village Nuna Majra, Tehsil Bahadurgarh, Distt. Jhajjar. Haryana-124507",
        "state": "Haryana",
        "city": "Jhajjar",
        "ro_code": "HRF102",
        "amenity": "fuel",
        "source": "jiobp.com"
      },
      "geometry": {
        "type": "Point",
        "coordinates": [
          76.892153283,
          28.67578688
        ]
      }
    },
    {
      "type": "Feature",
      "properties": {
        "name": "GONDIA",
        "brand": "Jio-bp",
        "brand_code": "JIOBP",
        "address": "FULCHAR NAKA COLLECTOR OFFICE ROAD, AMGAON ROAD GONDIA  S.NO.12/2, VILL CHIKHALGAON, TALUKA  - WANI DIST . - YAVATMAL (MH) 441601",
        "state": "Maharashtra",
        "city": "",
        "ro_code": "MHF063",
        "amenity": "fuel",
        "source": "jiobp.com"
      },
      "geometry": {
        "type": "Point",
        "coordinates": [
          80.203249435,
          21.44406597
        ]
      }
    },
    {
      "type": "Feature",
      "properties": {
        "name": "JETPUR RAJKOT",
        "brand": "Jio-bp",
        "brand_code": "JIOBP",
        "address": "JETPUR JUNAGADH STATE HIGHWAY JUNAGHADH ROAD, OPP. COLLAGE JETPUR  360370",
        "state": "Gujarat",
        "city": "",
        "ro_code": "GJF193",
        "amenity": "fuel",
        "source": "jiobp.com"
      },
      "geometry": {
        "type": "Point",
        "coordinates": [
          70.615720757,
          21.749086701
        ]
      }
    },
    {
      "type": "Feature",
      "properties": {
        "name": "Amrokh Jhansi Orai",
        "brand": "Jio-bp",
        "brand_code": "JIOBP",
        "address": "KHATA No. 178, NH-27, VILLAGE GIRTHAN, TEHSIL-ORAI,",
        "state": "Uttar Pradesh",
        "city": "Orai",
        "ro_code": "UEF197",
        "amenity": "fuel",
        "source": "jiobp.com"
      },
      "geometry": {
        "type": "Point",
        "coordinates": [
          79.336731,
          25.924658
        ]
      }
    },
    {
      "type": "Feature",
      "properties": {
        "name": "BAGASARA BHAVNAGAR",
        "brand": "Jio-bp",
        "brand_code": "JIOBP",
        "address": "SURVEY NO:193/P,AMRELI ROAD, BAGASARA,DISTRICT-AMRELI  364550",
        "state": "Gujarat",
        "city": "BAGASARA",
        "ro_code": "GJF029",
        "amenity": "fuel",
        "source": "jiobp.com"
      },
      "geometry": {
        "type": "Point",
        "coordinates": [
          70.966702026,
          21.48824453
        ]
      }
    },
    {
      "type": "Feature",
      "properties": {
        "name": "BANKURA DURGAPUR",
        "brand": "Jio-bp",
        "brand_code": "JIOBP",
        "address": "94/439,107(P) JL.NO. 203,, SANKAROTHI, P.O.-VADUL,, BANKURA, BANKURA, BANKURA",
        "state": "West Bengal",
        "city": "DURGAPUR",
        "ro_code": "WBF015",
        "amenity": "fuel",
        "source": "jiobp.com"
      },
      "geometry": {
        "type": "Point",
        "coordinates": [
          87.089872536,
          23.221316219
        ]
      }
    },
    {
      "type": "Feature",
      "properties": {
        "name": "TANKARA FF",
        "brand": "Jio-bp",
        "brand_code": "JIOBP",
        "address": "SH 24,VILLAGE:LAKHDHIRAGADH,POST_OFFICE NR MILESTONE NO. 43, RAJKOT MORBI SH24, PO LAKHDHIRGARH, TANKARA, RAJKOT - 363650",
        "state": "Gujarat",
        "city": "Tankara(Rajkot)",
        "ro_code": "GJF009",
        "amenity": "fuel",
        "source": "jiobp.com"
      },
      "geometry": {
        "type": "Point",
        "coordinates": [
          70.749972222,
          22.665194444
        ]
      }
    },
    {
      "type": "Feature",
      "properties": {
        "name": "BAMANBORE(SURENDRANAGAR)",
        "brand": "Jio-bp",
        "brand_code": "JIOBP",
        "address": "NH 8A SURVEY NO. 152 , 100 MTRS. BEFORE CHAINAGE 181 FROM RAJKOT TO AHMEDABAD VILL : MOTIMOLDI , TA CHOTILA DIST SURENDRANAGAR--  363520",
        "state": "Gujarat",
        "city": "BAMANBORE",
        "ro_code": "GJT004",
        "amenity": "fuel",
        "source": "jiobp.com"
      },
      "geometry": {
        "type": "Point",
        "coordinates": [
          71.10075,
          22.420194444
        ]
      }
    },
    {
      "type": "Feature",
      "properties": {
        "name": "ITARSI (FF)",
        "brand": "Jio-bp",
        "brand_code": "JIOBP",
        "address": "RPMPL NH69 VILLAGE KHEDA DISTRICT : HOSHANGABAD ,ITARSI-461111",
        "state": "Madhya Pradesh",
        "city": "ITARSI",
        "ro_code": "MPF057",
        "amenity": "fuel",
        "source": "jiobp.com"
      },
      "geometry": {
        "type": "Point",
        "coordinates": [
          77.770916667,
          22.637083333
        ]
      }
    },
    {
      "type": "Feature",
      "properties": {
        "name": "MULTAI",
        "brand": "Jio-bp",
        "brand_code": "JIOBP",
        "address": "RPMPL NH 69 KHASRA NO. 290/7, VILLAGE BHILAI TEHSIL MULTAI DIST. BETUL  460661",
        "state": "Madhya Pradesh",
        "city": "Multai",
        "ro_code": "MPF043",
        "amenity": "fuel",
        "source": "jiobp.com"
      },
      "geometry": {
        "type": "Point",
        "coordinates": [
          78.225638889,
          21.807638889
        ]
      }
    },
    {
      "type": "Feature",
      "properties": {
        "name": "NAVDA",
        "brand": "Jio-bp",
        "brand_code": "JIOBP",
        "address": "SURVEY NO 58/2A, ROHINJAN VILLAGE, POST TALOJA, TALUKA PANVEL, DISTRICT: RAIGAD",
        "state": "Maharashtra",
        "city": "",
        "ro_code": "MHF189",
        "amenity": "fuel",
        "source": "jiobp.com"
      },
      "geometry": {
        "type": "Point",
        "coordinates": [
          73.079460647,
          19.087208589
        ]
      }
    },
    {
      "type": "Feature",
      "properties": {
        "name": "Basti RO",
        "brand": "Jio-bp",
        "brand_code": "JIOBP",
        "address": "Khasra no -224, Khatauni no-140 on Basti to Ayodhya Road, DUDHAURA, Basti, Taluka-Harraiya, District: Basti, State-Uttar Pradesh, 272155",
        "state": "Uttar Pradesh",
        "city": "Basti",
        "ro_code": "UET009",
        "amenity": "fuel",
        "source": "jiobp.com"
      },
      "geometry": {
        "type": "Point",
        "coordinates": [
          82.625487331,
          26.767204602
        ]
      }
    },
    {
      "type": "Feature",
      "properties": {
        "name": "SANOLI ROAD KARNAL",
        "brand": "Jio-bp",
        "brand_code": "JIOBP",
        "address": "RELIANCE PETROLOUTLET,VILLAGE CHAJJPUR KALAN, PANIPAT SHAMLI HIGHWAY, BAPOLI DISTT. PANIPAT HARYANA 132108",
        "state": "Haryana",
        "city": "CHAJPUR",
        "ro_code": "HRF076",
        "amenity": "fuel",
        "source": "jiobp.com"
      },
      "geometry": {
        "type": "Point",
        "coordinates": [
          77.116459847,
          29.384518836
        ]
      }
    },
    {
      "type": "Feature",
      "properties": {
        "name": "SARSOL AGRA",
        "brand": "Jio-bp",
        "brand_code": "JIOBP",
        "address": "M/S HORIZON FUEL CENTRE, KHATA NO 37, KHASRA NO 149  INDUSTRIAL ESTATE, AT BHIKAMPUR, KOAL, ALIGHAR, UP 202001",
        "state": "Uttar Pradesh",
        "city": "",
        "ro_code": "UWF081",
        "amenity": "fuel",
        "source": "jiobp.com"
      },
      "geometry": {
        "type": "Point",
        "coordinates": [
          78.0307444444,
          27.9217583333
        ]
      }
    },
    {
      "type": "Feature",
      "properties": {
        "name": "ASHOKNAGAR BHOPAL",
        "brand": "Jio-bp",
        "brand_code": "JIOBP",
        "address": "NEAR BYPASS ROAD, NEW BUS STAND, GRAM :ASHOK GRAM : ASHOK NAGAR PATWARI HAKKA NO 28, TEHSIL and DIST ASHOKNAGAR M.P 473331",
        "state": "Madhya Pradesh",
        "city": "Ashoknagar",
        "ro_code": "MPF054",
        "amenity": "fuel",
        "source": "jiobp.com"
      },
      "geometry": {
        "type": "Point",
        "coordinates": [
          77.739083333,
          24.577388889
        ]
      }
    },
    {
      "type": "Feature",
      "properties": {
        "name": "DHANA JABALPUR",
        "brand": "Jio-bp",
        "brand_code": "JIOBP",
        "address": "C/O RADHA ROADWAYS, BUS STAND, SAGAR  470002",
        "state": "Madhya Pradesh",
        "city": "JABALPUR",
        "ro_code": "MPR014",
        "amenity": "fuel",
        "source": "jiobp.com"
      },
      "geometry": {
        "type": "Point",
        "coordinates": [
          78.849961848,
          23.750005308
        ]
      }
    },
    {
      "type": "Feature",
      "properties": {
        "name": "MPR030-RAJWAS JABALPUR",
        "brand": "Jio-bp",
        "brand_code": "JIOBP",
        "address": "C/O JAIN AGENCIES, BUS STAND, REHLI, DISTT-SAGAR  470227",
        "state": "Madhya Pradesh",
        "city": "RAJWAS",
        "ro_code": "MPR030",
        "amenity": "fuel",
        "source": "jiobp.com"
      },
      "geometry": {
        "type": "Point",
        "coordinates": [
          78.615740943,
          24.120227797
        ]
      }
    },
    {
      "type": "Feature",
      "properties": {
        "name": "BHAWANIPATNA SAMBALPUR",
        "brand": "Jio-bp",
        "brand_code": "JIOBP",
        "address": "KHATA NO.146 PLOT NO. 621, VILL:RISHIGAON,THANA:BHAWANIPATNA, TAHASIL:BHAWANIPATNA,DIST:KALAHANDI, BHAWANIPATNA",
        "state": "Odisha",
        "city": "SAMBALPUR",
        "ro_code": "ORF048",
        "amenity": "fuel",
        "source": "jiobp.com"
      },
      "geometry": {
        "type": "Point",
        "coordinates": [
          83.165648766,
          19.90416402
        ]
      }
    },
    {
      "type": "Feature",
      "properties": {
        "name": "PARADIP",
        "brand": "Jio-bp",
        "brand_code": "JIOBP",
        "address": "Plot No.1458(P),1460(P),1461(P),1464 (P),1465 (P), and 1466 ,in Khata No 881/275,881/277,885,881/274 situated at Village Udaybhat,P.S. Paradip, Taluka/Tehsil : Kujang, District : Jagatsingpur-754142",
        "state": "Odisha",
        "city": "Jagatsinghpur",
        "ro_code": "ORF012",
        "amenity": "fuel",
        "source": "jiobp.com"
      },
      "geometry": {
        "type": "Point",
        "coordinates": [
          86.630465652,
          20.308777504
        ]
      }
    },
    {
      "type": "Feature",
      "properties": {
        "name": "DIBRA",
        "brand": "Jio-bp",
        "brand_code": "JIOBP",
        "address": "SANGRUR ROAD, VILLAGE TOORBANJARA, DIRBA , DISTT SANGRUR  DIRBA.RETAILOUTLET@RELPETROMAIL.COM",
        "state": "Punjab",
        "city": "",
        "ro_code": "PBF012",
        "amenity": "fuel",
        "source": "jiobp.com"
      },
      "geometry": {
        "type": "Point",
        "coordinates": [
          75.9629590482,
          30.086066618
        ]
      }
    },
    {
      "type": "Feature",
      "properties": {
        "name": "BHIKHI CHANDIGARH",
        "brand": "Jio-bp",
        "brand_code": "JIOBP",
        "address": "BHIKHI- MANSA ROAD  BHIKHI.RETAILOUTLET@RELPETROMAIL.COM",
        "state": "Punjab",
        "city": "Bhikhi",
        "ro_code": "PBF016",
        "amenity": "fuel",
        "source": "jiobp.com"
      },
      "geometry": {
        "type": "Point",
        "coordinates": [
          75.5177883607,
          30.0605651858
        ]
      }
    },
    {
      "type": "Feature",
      "properties": {
        "name": "MALERKOTLA LUDHIANA",
        "brand": "Jio-bp",
        "brand_code": "JIOBP",
        "address": "SANGRUR ROAD, NEAR MAHA SHAKTI RICE MILLS, MALERKOTLA  MALERKOTLA.RETAILOUTLET@RELPETROMAIL.C",
        "state": "Punjab",
        "city": "",
        "ro_code": "PBF023",
        "amenity": "fuel",
        "source": "jiobp.com"
      },
      "geometry": {
        "type": "Point",
        "coordinates": [
          75.54699,
          30.37166
        ]
      }
    },
    {
      "type": "Feature",
      "properties": {
        "name": "SUNAM(SANGRUR)",
        "brand": "Jio-bp",
        "brand_code": "JIOBP",
        "address": "JAKHAL ROAD, SUNAM, DISTT SANGRUR  SUNAM.RETAILOUTLET@RELPETROMAIL.COM",
        "state": "Punjab",
        "city": "",
        "ro_code": "PBF027",
        "amenity": "fuel",
        "source": "jiobp.com"
      },
      "geometry": {
        "type": "Point",
        "coordinates": [
          75.817986978,
          30.1158304617
        ]
      }
    },
    {
      "type": "Feature",
      "properties": {
        "name": "COIMBATORE",
        "brand": "Jio-bp",
        "brand_code": "JIOBP",
        "address": "SF No. 313/3 B Kovai Main Road,",
        "state": "Tamil Nadu",
        "city": "",
        "ro_code": "TNF011",
        "amenity": "fuel",
        "source": "jiobp.com"
      },
      "geometry": {
        "type": "Point",
        "coordinates": [
          77.268786331,
          10.999817772
        ]
      }
    },
    {
      "type": "Feature",
      "properties": {
        "name": "MEDCHAL - HYDERABAD III",
        "brand": "Jio-bp",
        "brand_code": "JIOBP",
        "address": "SURVEY NO. 27 and 28, NH7, MANOHARABAD VILLAGE, POST. TOOPRAN MANDAL MEDAK DIST 501401",
        "state": "Telangana",
        "city": "MANOHARABAD",
        "ro_code": "APT017",
        "amenity": "fuel",
        "source": "jiobp.com"
      },
      "geometry": {
        "type": "Point",
        "coordinates": [
          78.47,
          17.7725
        ]
      }
    },
    {
      "type": "Feature",
      "properties": {
        "name": "HYDERABAD 2 TS ( SANGAREDDY )",
        "brand": "Jio-bp",
        "brand_code": "JIOBP",
        "address": "SURVEY NO. 297/A, NH 9, NANDIKANDI VILLAGE, POST. SADASHIVPET MANDAL Sangareddy DIST 502306",
        "state": "Telangana",
        "city": "",
        "ro_code": "APT002",
        "amenity": "fuel",
        "source": "jiobp.com"
      },
      "geometry": {
        "type": "Point",
        "coordinates": [
          78.001388889,
          17.609722222
        ]
      }
    },
    {
      "type": "Feature",
      "properties": {
        "name": "DHUMIYANI ( FF)",
        "brand": "Jio-bp",
        "brand_code": "JIOBP",
        "address": "NH 8B,VILLAGE:DHUMIYANI,POST_OFFICE : DHUMIYANI,DISTRICT : RAJKOT NEAR KM STONE NO. 78, TA. - UPLETA, DIS, - RAJKOT  360490",
        "state": "Gujarat",
        "city": "Dhumiyani(Rajkot)",
        "ro_code": "GJF051",
        "amenity": "fuel",
        "source": "jiobp.com"
      },
      "geometry": {
        "type": "Point",
        "coordinates": [
          70.318732808,
          21.750154497
        ]
      }
    },
    {
      "type": "Feature",
      "properties": {
        "name": "SHEOPUR",
        "brand": "Jio-bp",
        "brand_code": "JIOBP",
        "address": "Ashok Kumar Aashish Kumar Patwari Halka No. 36, Vill: Jedha Sy. No.311 and 312, Khatoli Road Sheopur, Distt. Sheopur. Sheopur-476337",
        "state": "Madhya Pradesh",
        "city": "SHEOPUR",
        "ro_code": "MPF074",
        "amenity": "fuel",
        "source": "jiobp.com"
      },
      "geometry": {
        "type": "Point",
        "coordinates": [
          76.686562451,
          25.670397341
        ]
      }
    },
    {
      "type": "Feature",
      "properties": {
        "name": "KIRATPUR CHANDIGARH",
        "brand": "Jio-bp",
        "brand_code": "JIOBP",
        "address": "NH - 21, KALYAN PUR, KIRATPUR, ROPAR",
        "state": "Punjab",
        "city": "KIRATPUR",
        "ro_code": "PBF081",
        "amenity": "fuel",
        "source": "jiobp.com"
      },
      "geometry": {
        "type": "Point",
        "coordinates": [
          76.593812078,
          31.195465093
        ]
      }
    },
    {
      "type": "Feature",
      "properties": {
        "name": "Nagod",
        "brand": "Jio-bp",
        "brand_code": "JIOBP",
        "address": "Khasra No.511 ,512 ,Vill.Barapathar ,Tehsil Nagod ,Panna Road NH-75 ,Nagod-485446",
        "state": "Madhya Pradesh",
        "city": "",
        "ro_code": "MPF080",
        "amenity": "fuel",
        "source": "jiobp.com"
      },
      "geometry": {
        "type": "Point",
        "coordinates": [
          80.582283517,
          24.570813777
        ]
      }
    },
    {
      "type": "Feature",
      "properties": {
        "name": "SRI DUNGARGARH JODHPUR",
        "brand": "Jio-bp",
        "brand_code": "JIOBP",
        "address": "Reliance Petrol Pump, NH-11, Bikaner Agra Highway, Sri Dungargarh - 331803",
        "state": "Rajasthan",
        "city": "",
        "ro_code": "RJF123",
        "amenity": "fuel",
        "source": "jiobp.com"
      },
      "geometry": {
        "type": "Point",
        "coordinates": [
          73.995252869,
          28.089186692
        ]
      }
    },
    {
      "type": "Feature",
      "properties": {
        "name": "BHAINSA FF",
        "brand": "Jio-bp",
        "brand_code": "JIOBP",
        "address": "M/S Ladda Enterprises, SY.NO.466, SH 24 VILLAGE and POST BHAINSA, ADILABAD DISTRICT - 504103. ANDHRA PRADESH",
        "state": "Telangana",
        "city": "Adilabad",
        "ro_code": "APF072",
        "amenity": "fuel",
        "source": "jiobp.com"
      },
      "geometry": {
        "type": "Point",
        "coordinates": [
          77.953399874,
          19.09680262
        ]
      }
    },
    {
      "type": "Feature",
      "properties": {
        "name": "MAUDHA KANPUR",
        "brand": "Jio-bp",
        "brand_code": "JIOBP",
        "address": "M/S. TAJ FILLING STATION ,KHATAUNI NO- 454, ARAZI KHASRA NO -458  HAMIRPUR - MAUDAHA ROAD , NH-86 , NR. MILE STONE - 93 , VILL. MAKRAON , TEHSIL - MAUDAHA , DISTT. HAMIRPUR. 210507",
        "state": "Uttar Pradesh",
        "city": "",
        "ro_code": "UWF063",
        "amenity": "fuel",
        "source": "jiobp.com"
      },
      "geometry": {
        "type": "Point",
        "coordinates": [
          80.094646814,
          25.685631197
        ]
      }
    },
    {
      "type": "Feature",
      "properties": {
        "name": "HIRIYUR HUBLI",
        "brand": "Jio-bp",
        "brand_code": "JIOBP",
        "address": "MUYEED FUELS, SY. NO. 143, OPP  GOVT.VANI SUGAR FIRST GRADE COLLEGE,SRIRANGAPATNA and BIDAR ROAD,TALUKA HIRIYUR,DIST CHITRADURGA 572143",
        "state": "Karnataka",
        "city": "",
        "ro_code": "KRF122",
        "amenity": "fuel",
        "source": "jiobp.com"
      },
      "geometry": {
        "type": "Point",
        "coordinates": [
          76.615174638,
          13.940673166
        ]
      }
    },
    {
      "type": "Feature",
      "properties": {
        "name": "MUZAFFARPUR FF",
        "brand": "Jio-bp",
        "brand_code": "JIOBP",
        "address": "NH-77, VILLAGE SAKARI SARAIANCHAL, KUDHANI, PS KHUDHANI",
        "state": "Bihar",
        "city": "",
        "ro_code": "BHF005",
        "amenity": "fuel",
        "source": "jiobp.com"
      },
      "geometry": {
        "type": "Point",
        "coordinates": [
          85.389081549,
          26.098555812
        ]
      }
    },
    {
      "type": "Feature",
      "properties": {
        "name": "GOPALGANJ I PATNA",
        "brand": "Jio-bp",
        "brand_code": "JIOBP",
        "address": "AT NH 28, Land plot No.997 Khata No.48 (New), 748(Old), Mouza-Konhwa, Thana No. 53, Thana- Gopalganj, Dist- Gopalganj, Bihar, Pin-841428.",
        "state": "Bihar",
        "city": "Gopalganj",
        "ro_code": "BHF027",
        "amenity": "fuel",
        "source": "jiobp.com"
      },
      "geometry": {
        "type": "Point",
        "coordinates": [
          84.400210231,
          26.488207797
        ]
      }
    },
    {
      "type": "Feature",
      "properties": {
        "name": "MODASA (CODO)",
        "brand": "Jio-bp",
        "brand_code": "JIOBP",
        "address": "MODASA SURVEY NO 41/1 PAIKY SH 59 KMS 106 ,VILLAGE : MODASA, TALUKA : MODASA,  383315",
        "state": "Gujarat",
        "city": "",
        "ro_code": "GJF126",
        "amenity": "fuel",
        "source": "jiobp.com"
      },
      "geometry": {
        "type": "Point",
        "coordinates": [
          73.294945248,
          23.464653493
        ]
      }
    },
    {
      "type": "Feature",
      "properties": {
        "name": "CHANDIKAPUR NAGPUR",
        "brand": "Jio-bp",
        "brand_code": "JIOBP",
        "address": "Gut Number 169, Hollar to Singhnapur Road, Gate No 16, Mauza Chandikapur, Daryapur Amravati 444803",
        "state": "Maharashtra",
        "city": "CHANDIKAPUR",
        "ro_code": "MHR040",
        "amenity": "fuel",
        "source": "jiobp.com"
      },
      "geometry": {
        "type": "Point",
        "coordinates": [
          77.482886259,
          20.971033877
        ]
      }
    },
    {
      "type": "Feature",
      "properties": {
        "name": "Balrampur",
        "brand": "Jio-bp",
        "brand_code": "JIOBP",
        "address": "PACHPERWA BARHNI MARG, SIRSIA BALRAMPUR, TULSIPUR BALRAMPUR",
        "state": "Uttar Pradesh",
        "city": "Balrampur",
        "ro_code": "UEF031",
        "amenity": "fuel",
        "source": "jiobp.com"
      },
      "geometry": {
        "type": "Point",
        "coordinates": [
          82.407897,
          27.521856
        ]
      }
    },
    {
      "type": "Feature",
      "properties": {
        "name": "CHOMU-I JAIPUR",
        "brand": "Jio-bp",
        "brand_code": "JIOBP",
        "address": "KHASRA NO 7103/2, 7103/3,7104/2,7105,7106 NH11 MILE STONE 263-264 OPP. RADHASWAMI BAG, VILLAGE and TEHSIL CHOMU DIST. JAIPUR RAJASTHAN  - 303702",
        "state": "Rajasthan",
        "city": "CHOMU",
        "ro_code": "RJF022",
        "amenity": "fuel",
        "source": "jiobp.com"
      },
      "geometry": {
        "type": "Point",
        "coordinates": [
          75.728972222,
          27.142861111
        ]
      }
    },
    {
      "type": "Feature",
      "properties": {
        "name": "LAXMANGARH JAIPUR",
        "brand": "Jio-bp",
        "brand_code": "JIOBP",
        "address": "KHASRA NO.202/21, NH-11, VILLAGE GHASSSU, GRAM PANCHYAT JASRASAR, TEHSIL LAXMANGARH, DISTT. SIKAR, RAJASTHAN",
        "state": "Rajasthan",
        "city": "LAXMANGARH",
        "ro_code": "RJF032",
        "amenity": "fuel",
        "source": "jiobp.com"
      },
      "geometry": {
        "type": "Point",
        "coordinates": [
          75.044618191,
          27.790430518
        ]
      }
    },
    {
      "type": "Feature",
      "properties": {
        "name": "Chotoguma",
        "brand": "Jio-bp",
        "brand_code": "JIOBP",
        "address": "Dag No138 Patta No 4 Village:Chotoguma,Mouza-Guma,PS-Tamarhat,and Circle Office-Gossaigaon,Dist:Kokrajhar,State :Assam.Pin code :783336",
        "state": "Assam",
        "city": "DHUBRI",
        "ro_code": "ASR036",
        "amenity": "fuel",
        "source": "jiobp.com"
      },
      "geometry": {
        "type": "Point",
        "coordinates": [
          89.765813,
          26.316177
        ]
      }
    },
    {
      "type": "Feature",
      "properties": {
        "name": "CHILODA ( FF)",
        "brand": "Jio-bp",
        "brand_code": "JIOBP",
        "address": "NH8, SURVEY NO. 270 /P, OPP ADHARSHILA SCHOOL,VILLAGE VALAD, NEAR MILESTONE 506, DIST. GANDHINAGAR -   382360",
        "state": "Gujarat",
        "city": "CHILODA",
        "ro_code": "GJF146",
        "amenity": "fuel",
        "source": "jiobp.com"
      },
      "geometry": {
        "type": "Point",
        "coordinates": [
          72.687777778,
          23.139166667
        ]
      }
    },
    {
      "type": "Feature",
      "properties": {
        "name": "Aslali TS - GJM001 - MDU",
        "brand": "Jio-bp",
        "brand_code": "JIOBP",
        "address": "52, TRISHLA KUTIR, HEBATPUR ROAD, AHMEDABAD GUJARAT 380059",
        "state": "Gujarat",
        "city": "",
        "ro_code": "GJM001",
        "amenity": "fuel",
        "source": "jiobp.com"
      },
      "geometry": {
        "type": "Point",
        "coordinates": [
          72.60429,
          22.84005
        ]
      }
    },
    {
      "type": "Feature",
      "properties": {
        "name": "SANAVAD FF",
        "brand": "Jio-bp",
        "brand_code": "JIOBP",
        "address": "SH-27 VILLAGE MORGADI, INDORE KHANDWA ROAD, SANAWAD, DISTRICT KHARGONE, 451111",
        "state": "Madhya Pradesh",
        "city": "Sanavad(Khargone)",
        "ro_code": "MPF014",
        "amenity": "fuel",
        "source": "jiobp.com"
      },
      "geometry": {
        "type": "Point",
        "coordinates": [
          76.073965092,
          22.168863903
        ]
      }
    },
    {
      "type": "Feature",
      "properties": {
        "name": "ASTHA KOLHAPUR",
        "brand": "Jio-bp",
        "brand_code": "JIOBP",
        "address": "HISSA NO 1, VILLAGE:ASTHA, TAL-WALVA,DIST-SANGLI,ISLAMPUR SANGLI ROAD  416301",
        "state": "Maharashtra",
        "city": "KOLHAPUR",
        "ro_code": "MHF146",
        "amenity": "fuel",
        "source": "jiobp.com"
      },
      "geometry": {
        "type": "Point",
        "coordinates": [
          74.404659748,
          16.945060198
        ]
      }
    },
    {
      "type": "Feature",
      "properties": {
        "name": "RATLAM INDORE",
        "brand": "Jio-bp",
        "brand_code": "JIOBP",
        "address": "POWER HOUSE ROAD, MUNICIPAL HOUSE NO 16/1010/22  PLOT NO.22, HOTEL RITURAJ, RATLAM  457001",
        "state": "Madhya Pradesh",
        "city": "RATLAM",
        "ro_code": "MPC003",
        "amenity": "fuel",
        "source": "jiobp.com"
      },
      "geometry": {
        "type": "Point",
        "coordinates": [
          75.046912195,
          23.332698969
        ]
      }
    },
    {
      "type": "Feature",
      "properties": {
        "name": "RAMNAGARAM BANGALORE",
        "brand": "Jio-bp",
        "brand_code": "JIOBP",
        "address": "Khatha No.1911:38:1, Ward No.27, Of Vivekanandanagar, Jeegenahhli Village, Ramanagara Town",
        "state": "Karnataka",
        "city": "",
        "ro_code": "KRF009",
        "amenity": "fuel",
        "source": "jiobp.com"
      },
      "geometry": {
        "type": "Point",
        "coordinates": [
          77.275944444,
          12.729416667
        ]
      }
    },
    {
      "type": "Feature",
      "properties": {
        "name": "JAMBUSAR FF",
        "brand": "Jio-bp",
        "brand_code": "JIOBP",
        "address": "RELIANCE RETAIL OUTLET R S NO. 2867/2868/1322, BESIDES HOTEL HARDEN, AT and POST VILL JAMBUSAR, DIST: BHARUCH 392150.",
        "state": "Gujarat",
        "city": "bharuch",
        "ro_code": "GJF048",
        "amenity": "fuel",
        "source": "jiobp.com"
      },
      "geometry": {
        "type": "Point",
        "coordinates": [
          72.827222222,
          22.041944444
        ]
      }
    },
    {
      "type": "Feature",
      "properties": {
        "name": "RAKHIYAL AHMEDABAD 1",
        "brand": "Jio-bp",
        "brand_code": "JIOBP",
        "address": "TP SCHEME NO. 10, OP. SURVEY NO. 311+312/2, FINAL PLOT NO 5, OPP OLD NIRMA BHARAT BOBBIN, GARIBNAGAR CHAR RASTA, RAKHIAL, AHMEDABAD 380021",
        "state": "Gujarat",
        "city": "",
        "ro_code": "GJC127",
        "amenity": "fuel",
        "source": "jiobp.com"
      },
      "geometry": {
        "type": "Point",
        "coordinates": [
          72.619995769,
          23.022427789
        ]
      }
    },
    {
      "type": "Feature",
      "properties": {
        "name": "DHARAPURAM",
        "brand": "Jio-bp",
        "brand_code": "JIOBP",
        "address": "TS No 6, Block No. 18 , Ward No. 4 (OLD SF NO 693/1,2A&3A) Dharapuram Town & Taluk, Erode District -  638656",
        "state": "Tamil Nadu",
        "city": "",
        "ro_code": "TNF036",
        "amenity": "fuel",
        "source": "jiobp.com"
      },
      "geometry": {
        "type": "Point",
        "coordinates": [
          77.517968688,
          10.740571769
        ]
      }
    },
    {
      "type": "Feature",
      "properties": {
        "name": "CHOPDA AURANGABAD",
        "brand": "Jio-bp",
        "brand_code": "JIOBP",
        "address": "SY.NO -876, PLOT NO.50/51, NEAR KARGIL CHOWK, CHOPDA, DIST: JALGAON., CHOPDA",
        "state": "Maharashtra",
        "city": "AURANGABAD",
        "ro_code": "MHF083",
        "amenity": "fuel",
        "source": "jiobp.com"
      },
      "geometry": {
        "type": "Point",
        "coordinates": [
          75.294794097,
          21.239792372
        ]
      }
    },
    {
      "type": "Feature",
      "properties": {
        "name": "SAVDA NASHIK",
        "brand": "Jio-bp",
        "brand_code": "JIOBP",
        "address": "PLOT NO 28 29 30 RSNO.1335/2Eand2F MAHURKAR TRADING CO., PL. NO.143/3, NEAR MUNJOBA TEMPLE, AT WEST BAPATLA VILLAGE, FAIZPUR ROAD SAVDA 425502",
        "state": "Maharashtra",
        "city": "Savda",
        "ro_code": "MHF096",
        "amenity": "fuel",
        "source": "jiobp.com"
      },
      "geometry": {
        "type": "Point",
        "coordinates": [
          75.894289025,
          21.151591993
        ]
      }
    },
    {
      "type": "Feature",
      "properties": {
        "name": "VIJAYWADA II FF ( IBRAHIMPATNAM )",
        "brand": "Jio-bp",
        "brand_code": "JIOBP",
        "address": "MS:250/4, NH-9, JUPUDI (V) IBRAHIMPATNAM, POST. IBRAHIMPATNAM, DIST.KRISHNA - 521456 (AP)",
        "state": "Andhra Pradesh",
        "city": "",
        "ro_code": "APF024",
        "amenity": "fuel",
        "source": "jiobp.com"
      },
      "geometry": {
        "type": "Point",
        "coordinates": [
          80.503056,
          16.603056
        ]
      }
    },
    {
      "type": "Feature",
      "properties": {
        "name": "GONDA II LUCKNOW",
        "brand": "Jio-bp",
        "brand_code": "JIOBP",
        "address": "NEAR NAVIN MANDI ,BAHRAICH BY-PASS,GONDA VILLAGE JANKI NAGAR PARGANA and TEHSIL and DIST GONDA UP 271001,",
        "state": "Uttar Pradesh",
        "city": "",
        "ro_code": "UEF076",
        "amenity": "fuel",
        "source": "jiobp.com"
      },
      "geometry": {
        "type": "Point",
        "coordinates": [
          81.956703043,
          27.1439312
        ]
      }
    },
    {
      "type": "Feature",
      "properties": {
        "name": "NARSARAOPET",
        "brand": "Jio-bp",
        "brand_code": "JIOBP",
        "address": "M/S TIRUMALA FILLING STATION, SY.NO:-265/A3,266/C,267/A1,A3 and C1, NARASAROAPET VILLAGE, KESANAPALLI ROAD, NARASARAOPET - 522602 GUNTUR DIST (A.P)",
        "state": "Andhra Pradesh",
        "city": "",
        "ro_code": "APF063",
        "amenity": "fuel",
        "source": "jiobp.com"
      },
      "geometry": {
        "type": "Point",
        "coordinates": [
          80.066993478,
          16.225451545
        ]
      }
    },
    {
      "type": "Feature",
      "properties": {
        "name": "YUYYURU VIJAYAWADA",
        "brand": "Jio-bp",
        "brand_code": "JIOBP",
        "address": "SURVEYNO 530/2C and 531/1C, 26/6, NH-09, BYPASS ROAD, VUYYUR VILLAGE and TALUK VUYYUR, KRISHNA (DIST) 521165",
        "state": "Andhra Pradesh",
        "city": "",
        "ro_code": "APF098",
        "amenity": "fuel",
        "source": "jiobp.com"
      },
      "geometry": {
        "type": "Point",
        "coordinates": [
          80.844688936,
          16.371609701
        ]
      }
    },
    {
      "type": "Feature",
      "properties": {
        "name": "VIJAYWADA I",
        "brand": "Jio-bp",
        "brand_code": "JIOBP",
        "address": "HANUMAN JUNCTION RETAIL OUTLET,MILE STONE :36/4,NH5,OPP. PALM OIL FACTORY, AMPAPURAM VILLAGE,BAPPULA PADU MANDAL, NEAR HNAUMAN JUNCTION,KRISHNA (DIST)- 521109",
        "state": "Andhra Pradesh",
        "city": "",
        "ro_code": "APT006",
        "amenity": "fuel",
        "source": "jiobp.com"
      },
      "geometry": {
        "type": "Point",
        "coordinates": [
          80.894367137,
          16.600179947
        ]
      }
    },
    {
      "type": "Feature",
      "properties": {
        "name": "BALASINOR",
        "brand": "Jio-bp",
        "brand_code": "JIOBP",
        "address": "C/O LALA TRAVELS, OLD BUS STAND  VILLAGE BALASINOR, TALUKA : BALASINOR, DIST : KHEDA BALASINOR - 388255",
        "state": "Gujarat",
        "city": "",
        "ro_code": "GJF097",
        "amenity": "fuel",
        "source": "jiobp.com"
      },
      "geometry": {
        "type": "Point",
        "coordinates": [
          73.33644276,
          22.945841326
        ]
      }
    },
    {
      "type": "Feature",
      "properties": {
        "name": "THARA-KANKREJ(BANASKANTHA)",
        "brand": "Jio-bp",
        "brand_code": "JIOBP",
        "address": "SURVEY NO.122P/1, VILLAGE : SADUJIVAS,  THARA, TALUKA:KANKREJ,  DIST.BANASKANTHA  385555",
        "state": "Gujarat",
        "city": "",
        "ro_code": "GJF017",
        "amenity": "fuel",
        "source": "jiobp.com"
      },
      "geometry": {
        "type": "Point",
        "coordinates": [
          71.811183985,
          23.958140131
        ]
      }
    },
    {
      "type": "Feature",
      "properties": {
        "name": "DEESA AHMEDABAD II",
        "brand": "Jio-bp",
        "brand_code": "JIOBP",
        "address": "SURVEY NO. 27/A/2,  RADHANPUR DEESA HIGHWAY,   NR. VISHWAKARMA TEMPLE, DEESA  385535",
        "state": "Gujarat",
        "city": "DEESA",
        "ro_code": "GJF105",
        "amenity": "fuel",
        "source": "jiobp.com"
      },
      "geometry": {
        "type": "Point",
        "coordinates": [
          72.178949373,
          24.271903479
        ]
      }
    },
    {
      "type": "Feature",
      "properties": {
        "name": "KAPADWANJ BADA-II",
        "brand": "Jio-bp",
        "brand_code": "JIOBP",
        "address": "POSHAK PETROLEUM, SURVEY NO.112/2, OPP.PRIYA CINEMA, NADIAD RD, KAPADWANJ",
        "state": "Gujarat",
        "city": "KAPADWANJ",
        "ro_code": "GJF094",
        "amenity": "fuel",
        "source": "jiobp.com"
      },
      "geometry": {
        "type": "Point",
        "coordinates": [
          73.088186254,
          23.027715726
        ]
      }
    },
    {
      "type": "Feature",
      "properties": {
        "name": "NAYAGARH BHUBANESWAR",
        "brand": "Jio-bp",
        "brand_code": "JIOBP",
        "address": "DURGAPRASAD, GHADUALA,, P.S:-NAYAGARH,NAYAGARH, STATE:-ORISSA., NAYAGARH",
        "state": "Odisha",
        "city": "",
        "ro_code": "ORF042",
        "amenity": "fuel",
        "source": "jiobp.com"
      },
      "geometry": {
        "type": "Point",
        "coordinates": [
          85.128861847,
          20.131942013
        ]
      }
    },
    {
      "type": "Feature",
      "properties": {
        "name": "KAMALPAR RAJKOT",
        "brand": "Jio-bp",
        "brand_code": "JIOBP",
        "address": "SURVEY NO.36/1P, CHOTILA ROAD, VILLAGE KAMALPAR, TALUKA JASDAN, DISTRICT RAJKOT, GUJARAT 360025",
        "state": "Gujarat",
        "city": "KAMALPAR",
        "ro_code": "GJR090",
        "amenity": "fuel",
        "source": "jiobp.com"
      },
      "geometry": {
        "type": "Point",
        "coordinates": [
          71.197537486,
          22.147903047
        ]
      }
    },
    {
      "type": "Feature",
      "properties": {
        "name": "CHITTOR FF",
        "brand": "Jio-bp",
        "brand_code": "JIOBP",
        "address": "RELIANCE RETAILOUTLET. NH4, MILE STONE :151/2, GANGASAGARAM VILLAGE, REDDY GUNTA POST , CHITTOOR, A.P  517004",
        "state": "Andhra Pradesh",
        "city": "CHITTOR",
        "ro_code": "APF026",
        "amenity": "fuel",
        "source": "jiobp.com"
      },
      "geometry": {
        "type": "Point",
        "coordinates": [
          79.105,
          13.160278
        ]
      }
    },
    {
      "type": "Feature",
      "properties": {
        "name": "HINDUPUR ANANTAPUR",
        "brand": "Jio-bp",
        "brand_code": "JIOBP",
        "address": "S.NO:95-2and99-1, OPP:COCOON MARKET, HINDUPUR, ANANTAPUR DIST-515212",
        "state": "Andhra Pradesh",
        "city": "",
        "ro_code": "APF033",
        "amenity": "fuel",
        "source": "jiobp.com"
      },
      "geometry": {
        "type": "Point",
        "coordinates": [
          77.47501,
          13.82583
        ]
      }
    },
    {
      "type": "Feature",
      "properties": {
        "name": "SRIKALAHASTI",
        "brand": "Jio-bp",
        "brand_code": "JIOBP",
        "address": "SRIKALAHASTI RETAIL OUTLET, SURVEY NO. 151/2,  MDR,MILESTONE 42/6,  THOTTEMBEDU VILLAGE, SRIKALAHASTI, CHITTOOR DISTRICT -  ANDHRA PRADESH, PIN CODE -517640",
        "state": "Andhra Pradesh",
        "city": "",
        "ro_code": "APF124",
        "amenity": "fuel",
        "source": "jiobp.com"
      },
      "geometry": {
        "type": "Point",
        "coordinates": [
          79.699620445,
          13.760650907
        ]
      }
    },
    {
      "type": "Feature",
      "properties": {
        "name": "Haridwar Road Dehradun",
        "brand": "Jio-bp",
        "brand_code": "JIOBP",
        "address": "KHASRA NO. 108, NH 72, OPPOSITE IIP GATE, P.O. IIP MOKHAMP, HARIDWAR ROAD, DEHRADUN, DEHRADUN",
        "state": "Uttarakhand",
        "city": "",
        "ro_code": "UTC004",
        "amenity": "fuel",
        "source": "jiobp.com"
      },
      "geometry": {
        "type": "Point",
        "coordinates": [
          78.080637,
          30.2691785
        ]
      }
    },
    {
      "type": "Feature",
      "properties": {
        "name": "KARAULI BHARATPUR",
        "brand": "Jio-bp",
        "brand_code": "JIOBP",
        "address": "HINDAUN ROAD KARAULI JUNCTION, KHASRA NO 558 and562 SH 22 (HINDAUN- KARULI) VILLAGE TEHSIL and DISTT.KARAULI RAJASTHAN",
        "state": "Rajasthan",
        "city": "KARAULI",
        "ro_code": "RJF015",
        "amenity": "fuel",
        "source": "jiobp.com"
      },
      "geometry": {
        "type": "Point",
        "coordinates": [
          77.015187604,
          26.485837526
        ]
      }
    },
    {
      "type": "Feature",
      "properties": {
        "name": "NIRA SATARA",
        "brand": "Jio-bp",
        "brand_code": "JIOBP",
        "address": "GAT NO 188  PADEGAON  TAL- KHANDALA  DIST - SATARA  415521",
        "state": "Maharashtra",
        "city": "",
        "ro_code": "MHF149",
        "amenity": "fuel",
        "source": "jiobp.com"
      },
      "geometry": {
        "type": "Point",
        "coordinates": [
          74.213861111,
          18.093277778
        ]
      }
    },
    {
      "type": "Feature",
      "properties": {
        "name": "GUDIYATTAM CHENNAI",
        "brand": "Jio-bp",
        "brand_code": "JIOBP",
        "address": "113/18 Katpadi Road,",
        "state": "Tamil Nadu",
        "city": "CHENNAI",
        "ro_code": "TNF020",
        "amenity": "fuel",
        "source": "jiobp.com"
      },
      "geometry": {
        "type": "Point",
        "coordinates": [
          78.870654311,
          12.944537464
        ]
      }
    },
    {
      "type": "Feature",
      "properties": {
        "name": "SRIPERUMBUDUR TS CHENNAI 1A",
        "brand": "Jio-bp",
        "brand_code": "JIOBP",
        "address": "NH 4,SRIPERUMPUDUR, NEERVALUR VILLAGE,KANCHEEPURAM DIST,SRIPERUMBUDHOR, DIST. KANCHEEPURAM  631 561, TN,",
        "state": "Tamil Nadu",
        "city": "CHENNAI",
        "ro_code": "TNT006",
        "amenity": "fuel",
        "source": "jiobp.com"
      },
      "geometry": {
        "type": "Point",
        "coordinates": [
          79.806721301,
          12.896729461
        ]
      }
    },
    {
      "type": "Feature",
      "properties": {
        "name": "RUPAHI JORHAT",
        "brand": "Jio-bp",
        "brand_code": "JIOBP",
        "address": "DAG NO.668,669,PATTA NO.225, MOUZA-RUPOHI TOWN,VILL:KHATUAL, P.S.-RUPAHI, DIST-NAGAON,ASSAM, RUPAHI",
        "state": "Assam",
        "city": "RUPAHI",
        "ro_code": "ASR017",
        "amenity": "fuel",
        "source": "jiobp.com"
      },
      "geometry": {
        "type": "Point",
        "coordinates": [
          92.733622179,
          26.416762703
        ]
      }
    },
    {
      "type": "Feature",
      "properties": {
        "name": "BONGALMARA JORHAT",
        "brand": "Jio-bp",
        "brand_code": "JIOBP",
        "address": "Bangalmora Thangal  Vill -- Bangalmora Thangal, Mouza - Laluk  LAKHIMPUR",
        "state": "Assam",
        "city": "BONGALMARA",
        "ro_code": "ASR045",
        "amenity": "fuel",
        "source": "jiobp.com"
      },
      "geometry": {
        "type": "Point",
        "coordinates": [
          94.81050584,
          27.548058739
        ]
      }
    },
    {
      "type": "Feature",
      "properties": {
        "name": "Sonari",
        "brand": "Jio-bp",
        "brand_code": "JIOBP",
        "address": "Village: Naphuk Grant, Mouza: Abhoypur, Revenue Circle Office: Sonari, District: Sivasagar, within the state of Assam,Pin code No : 785690",
        "state": "Assam",
        "city": "Abhaypur, Revenue Circle: Sonari,",
        "ro_code": "ASR043",
        "amenity": "fuel",
        "source": "jiobp.com"
      },
      "geometry": {
        "type": "Point",
        "coordinates": [
          95.012998516,
          27.024084086
        ]
      }
    },
    {
      "type": "Feature",
      "properties": {
        "name": "RAJAHMUNDRY ( THADITOTA)",
        "brand": "Jio-bp",
        "brand_code": "JIOBP",
        "address": "SURVE NO:310,PIDIMGOYYI VILLAGE,NEAR RTC  BUS COMPLEX, MORPUDI ROAD, RAJAHMUNDRY RURAL MANDAL ,EAST GODAVARI DIST ,RAJAHMUNDRY  533103",
        "state": "Andhra Pradesh",
        "city": "THADITOTA",
        "ro_code": "APF059",
        "amenity": "fuel",
        "source": "jiobp.com"
      },
      "geometry": {
        "type": "Point",
        "coordinates": [
          81.791833333,
          17.000611111
        ]
      }
    },
    {
      "type": "Feature",
      "properties": {
        "name": "RAMGARH HAZARIBAUG",
        "brand": "Jio-bp",
        "brand_code": "JIOBP",
        "address": "KHATA NO.:22,PLOTNO-185(P),, OPP GURUNANAKSCHOOL,NH-33,, THANA RAMGARHDISTTHAZARIBAGH, RAMGARH",
        "state": "Jharkhand",
        "city": "RAMGARH",
        "ro_code": "JHF003",
        "amenity": "fuel",
        "source": "jiobp.com"
      },
      "geometry": {
        "type": "Point",
        "coordinates": [
          85.515815451,
          23.610106267
        ]
      }
    },
    {
      "type": "Feature",
      "properties": {
        "name": "FEZPURJHIRKA DELHI",
        "brand": "Jio-bp",
        "brand_code": "JIOBP",
        "address": "KHEWAT / KHATA NO- 5/9 RECT NO 3,KILLA NO 22, MS 83/84 VILLAGE MAHOLI,GURGAON ALWAR RD, FEROZPUR, JHIRKA.HARYANA  122104",
        "state": "Haryana",
        "city": "",
        "ro_code": "HRF008",
        "amenity": "fuel",
        "source": "jiobp.com"
      },
      "geometry": {
        "type": "Point",
        "coordinates": [
          76.948338012,
          27.79328557
        ]
      }
    },
    {
      "type": "Feature",
      "properties": {
        "name": "Barwadda TS - JHM003 - MDU",
        "brand": "Jio-bp",
        "brand_code": "JIOBP",
        "address": "KAUSHIK NIWAS, NEAR ELECTRIC POWER,DHAIYA, DHANBAD, JHARKHAND 826004",
        "state": "Jharkhand",
        "city": "",
        "ro_code": "JHM003",
        "amenity": "fuel",
        "source": "jiobp.com"
      },
      "geometry": {
        "type": "Point",
        "coordinates": [
          86.283729,
          23.883633
        ]
      }
    },
    {
      "type": "Feature",
      "properties": {
        "name": "BUDHAR JABALPUR",
        "brand": "Jio-bp",
        "brand_code": "JIOBP",
        "address": "KHASRA NO 408/5, AMARKANTAK ROAD",
        "state": "Madhya Pradesh",
        "city": "",
        "ro_code": "MPF088",
        "amenity": "fuel",
        "source": "jiobp.com"
      },
      "geometry": {
        "type": "Point",
        "coordinates": [
          81.527795976,
          23.216487991
        ]
      }
    },
    {
      "type": "Feature",
      "properties": {
        "name": "KAMAREDDY",
        "brand": "Jio-bp",
        "brand_code": "JIOBP",
        "address": "M/S Rayeesa Enterprises, SURVEY NO.152,PART 154,NH7, VILLAGE and POST ANTHAMPALLI,BICKNOOR MANDAL, NIZAMABAD DIST- 503101",
        "state": "Telangana",
        "city": "",
        "ro_code": "APF052",
        "amenity": "fuel",
        "source": "jiobp.com"
      },
      "geometry": {
        "type": "Point",
        "coordinates": [
          78.394905102,
          18.214212253
        ]
      }
    },
    {
      "type": "Feature",
      "properties": {
        "name": "KOLHAPUR FF",
        "brand": "Jio-bp",
        "brand_code": "JIOBP",
        "address": "NH4,KASABE VADGOAN VILLAGE,P.O. PETH VADGOAN,KOLHAPUR",
        "state": "Maharashtra",
        "city": "",
        "ro_code": "MHF126",
        "amenity": "fuel",
        "source": "jiobp.com"
      },
      "geometry": {
        "type": "Point",
        "coordinates": [
          74.2857086497,
          16.8208743141
        ]
      }
    },
    {
      "type": "Feature",
      "properties": {
        "name": "WANKANER",
        "brand": "Jio-bp",
        "brand_code": "JIOBP",
        "address": "Survey no. 155, NH-27, Near KM Stone 217. Village: Vaghasia, Taluka: Wankaner, District: Morbi. Gujarat ¿ 363621",
        "state": "Gujarat",
        "city": "Wankaner",
        "ro_code": "GJF011",
        "amenity": "fuel",
        "source": "jiobp.com"
      },
      "geometry": {
        "type": "Point",
        "coordinates": [
          70.947063,
          22.681961
        ]
      }
    },
    {
      "type": "Feature",
      "properties": {
        "name": "JAMUDA-FALA FF",
        "brand": "Jio-bp",
        "brand_code": "JIOBP",
        "address": "NEAR KHIJADIYA BYPASS, SURVEY NO-96,JAMNAGAR/RAJKOT HIGHWAY, KHJADIYA, DIST-JAMNAGAR ARIHANT GAS AGENCY, SHOP NO-213,PAORAMA MARKET,OPPOSITE DSP BUNGLOW,TEEN BATI, JAMNAGAR 361120",
        "state": "Gujarat",
        "city": "Jamuda/Phalla(Jamnagar)",
        "ro_code": "GJF121",
        "amenity": "fuel",
        "source": "jiobp.com"
      },
      "geometry": {
        "type": "Point",
        "coordinates": [
          70.168472222,
          22.497222222
        ]
      }
    },
    {
      "type": "Feature",
      "properties": {
        "name": "NILAMBAUG BHAVNAGAR",
        "brand": "Jio-bp",
        "brand_code": "JIOBP",
        "address": "CITY SURVEY NO:5684/P,PLOT NO:7 and 8, NILAMBAG,BHAVNAGAR,TALUKA-BHAVNAGAR,DISTRICT-BHAVNAGAR 364001",
        "state": "Gujarat",
        "city": "NILAMBAUG",
        "ro_code": "GJC099",
        "amenity": "fuel",
        "source": "jiobp.com"
      },
      "geometry": {
        "type": "Point",
        "coordinates": [
          72.146367108,
          21.770081866
        ]
      }
    },
    {
      "type": "Feature",
      "properties": {
        "name": "BHAVNAGAR 2",
        "brand": "Jio-bp",
        "brand_code": "JIOBP",
        "address": "SURVEY NO:185/PAIKI,NEAR MILESTONE NO:167, SH6 AT VILLAGE NARI,DISTRICT -BHAVNAGAR 364060",
        "state": "Gujarat",
        "city": "BHAVNAGAR",
        "ro_code": "GJF147",
        "amenity": "fuel",
        "source": "jiobp.com"
      },
      "geometry": {
        "type": "Point",
        "coordinates": [
          72.079277213,
          21.764140675
        ]
      }
    },
    {
      "type": "Feature",
      "properties": {
        "name": "Shergarh",
        "brand": "Jio-bp",
        "brand_code": "JIOBP",
        "address": "PLOT  NO 117-26,30-34, 153,121/1059, KHATA NO 226/52 MOUZA OLIPATNA DIST. BALASORE",
        "state": "Odisha",
        "city": "",
        "ro_code": "ORT001",
        "amenity": "fuel",
        "source": "jiobp.com"
      },
      "geometry": {
        "type": "Point",
        "coordinates": [
          86.801730048,
          21.388755219
        ]
      }
    },
    {
      "type": "Feature",
      "properties": {
        "name": "PEDDAMBERPET TS",
        "brand": "Jio-bp",
        "brand_code": "JIOBP",
        "address": "SY.NO.69 (P), 70(P), NH9, VILLAGE and POST MALKAPUR, CHOUTTUPAL MANDAL, NALGONDA DIST.508252",
        "state": "Telangana",
        "city": "",
        "ro_code": "APT003",
        "amenity": "fuel",
        "source": "jiobp.com"
      },
      "geometry": {
        "type": "Point",
        "coordinates": [
          78.774166667,
          17.286944444
        ]
      }
    },
    {
      "type": "Feature",
      "properties": {
        "name": "KHED",
        "brand": "Jio-bp",
        "brand_code": "JIOBP",
        "address": "48/1/A/1/B/1, KHEDDIGAR, NANDURBAR, SHAHADA, MAHARASTRA 425409",
        "state": "Maharashtra",
        "city": "KHED",
        "ro_code": "MHR098",
        "amenity": "fuel",
        "source": "jiobp.com"
      },
      "geometry": {
        "type": "Point",
        "coordinates": [
          74.57241596,
          21.66497332
        ]
      }
    },
    {
      "type": "Feature",
      "properties": {
        "name": "TIRUPPUR-AVINASHIRD COIMBATO",
        "brand": "Jio-bp",
        "brand_code": "JIOBP",
        "address": "562/2A2 & 3 Ammapalayam,",
        "state": "Tamil Nadu",
        "city": "",
        "ro_code": "TNC003",
        "amenity": "fuel",
        "source": "jiobp.com"
      },
      "geometry": {
        "type": "Point",
        "coordinates": [
          77.309106907,
          11.153913485
        ]
      }
    },
    {
      "type": "Feature",
      "properties": {
        "name": "THUDIALUR COIMBATORE",
        "brand": "Jio-bp",
        "brand_code": "JIOBP",
        "address": "S.F No 97/2, Kurudampalayam, Vadamadurai PO.,",
        "state": "Tamil Nadu",
        "city": "COIMBATORE",
        "ro_code": "TNF056",
        "amenity": "fuel",
        "source": "jiobp.com"
      },
      "geometry": {
        "type": "Point",
        "coordinates": [
          76.937975083,
          11.092297535
        ]
      }
    },
    {
      "type": "Feature",
      "properties": {
        "name": "DINDIGUL TS",
        "brand": "Jio-bp",
        "brand_code": "JIOBP",
        "address": "SURVEY NO.1866/1C, 1866/1D, 1868/5, 1868/6, 1866/1A, THADIKOMBU VILLAGE, LANDMARK: OPP TO SHANMUGAVEL MILLS, DINDIGUL DIST.  624709",
        "state": "Tamil Nadu",
        "city": "Dindigul",
        "ro_code": "TNT018",
        "amenity": "fuel",
        "source": "jiobp.com"
      },
      "geometry": {
        "type": "Point",
        "coordinates": [
          77.954019052,
          10.426071698
        ]
      }
    },
    {
      "type": "Feature",
      "properties": {
        "name": "MAHUVA SURAT",
        "brand": "Jio-bp",
        "brand_code": "JIOBP",
        "address": "M/S SHREE SHIV SHAKTI PETROLEUM, SURVEY NO.13/PAIKEE, BUDHLESHWAR CHAR RASTA,TALUKA:MAHUVA, VIA BARDOLI, DIST:SURAT - 394250",
        "state": "Gujarat",
        "city": "",
        "ro_code": "GJF246",
        "amenity": "fuel",
        "source": "jiobp.com"
      },
      "geometry": {
        "type": "Point",
        "coordinates": [
          73.144697204,
          21.007064123
        ]
      }
    },
    {
      "type": "Feature",
      "properties": {
        "name": "VED ROAD SURAT",
        "brand": "Jio-bp",
        "brand_code": "JIOBP",
        "address": "RELIANCE PETROL PUMP FP NO 34P, SUB PLOT NO.2, RS NO. 21/1/1,VED ROAD,SURAT CITY, SURAT - 395004",
        "state": "Gujarat",
        "city": "",
        "ro_code": "GJC022",
        "amenity": "fuel",
        "source": "jiobp.com"
      },
      "geometry": {
        "type": "Point",
        "coordinates": [
          72.821358445,
          21.223028644
        ]
      }
    },
    {
      "type": "Feature",
      "properties": {
        "name": "KURNOOL TOWN ANANTAPUR",
        "brand": "Jio-bp",
        "brand_code": "JIOBP",
        "address": "SUVEY NO.714/A,NANDYAL RAOD, KURNOOL, ANDHRA PRADESH-518002",
        "state": "Andhra Pradesh",
        "city": "KURNOOL",
        "ro_code": "APC046",
        "amenity": "fuel",
        "source": "jiobp.com"
      },
      "geometry": {
        "type": "Point",
        "coordinates": [
          78.040995522,
          15.835446439
        ]
      }
    },
    {
      "type": "Feature",
      "properties": {
        "name": "RAMNAGAR FF",
        "brand": "Jio-bp",
        "brand_code": "JIOBP",
        "address": "KHASRA NO:511, SH 13, PLOT NO. 911, OPP. TELEPHONE EXCHANGE VILLAGE BUDHWAL PARGANA and TEHSIL RAMNAGAR DIST. BARABANK 225202",
        "state": "Uttar Pradesh",
        "city": "",
        "ro_code": "UEF010",
        "amenity": "fuel",
        "source": "jiobp.com"
      },
      "geometry": {
        "type": "Point",
        "coordinates": [
          81.398678206,
          27.085578608
        ]
      }
    },
    {
      "type": "Feature",
      "properties": {
        "name": "ELURU VIZAG",
        "brand": "Jio-bp",
        "brand_code": "JIOBP",
        "address": "NAGA HANUMAN PETROLEUM,VASANTHA MAHAL CENTRE,  T.S.NO. 758, MUNICIPAL BLOCK 14/B, E WARD, ELURU MUNICIPAL AREA, ELURU  534002",
        "state": "Andhra Pradesh",
        "city": "VIZAG",
        "ro_code": "APF050",
        "amenity": "fuel",
        "source": "jiobp.com"
      },
      "geometry": {
        "type": "Point",
        "coordinates": [
          81.105068576,
          16.70968715
        ]
      }
    },
    {
      "type": "Feature",
      "properties": {
        "name": "BADAUN-2 FF",
        "brand": "Jio-bp",
        "brand_code": "JIOBP",
        "address": "Reliance RO Farukhhabad Road Narau Khurd opp mandi samati Badaun",
        "state": "Uttar Pradesh",
        "city": "Badaun",
        "ro_code": "UWF038",
        "amenity": "fuel",
        "source": "jiobp.com"
      },
      "geometry": {
        "type": "Point",
        "coordinates": [
          79.148388889,
          28.010944444
        ]
      }
    },
    {
      "type": "Feature",
      "properties": {
        "name": "MANDIDEEP",
        "brand": "Jio-bp",
        "brand_code": "JIOBP",
        "address": "KHASRA NO.168/1 and 169/2, .NH 12 PATWARI HALKA NO.4, OBEDULLAGANJ, TEHSIL. GOHARGANG,  MANDIDEEP- OBEDULLAHGANJ, DIST. RAISEN.  462046",
        "state": "Madhya Pradesh",
        "city": "",
        "ro_code": "MPF020",
        "amenity": "fuel",
        "source": "jiobp.com"
      },
      "geometry": {
        "type": "Point",
        "coordinates": [
          77.54475,
          23.058833333
        ]
      }
    },
    {
      "type": "Feature",
      "properties": {
        "name": "BALURGHAT",
        "brand": "Jio-bp",
        "brand_code": "JIOBP",
        "address": "VILLAGE PARIAL, POST OFFICE ATRAYEE",
        "state": "West Bengal",
        "city": "",
        "ro_code": "WBF045",
        "amenity": "fuel",
        "source": "jiobp.com"
      },
      "geometry": {
        "type": "Point",
        "coordinates": [
          88.764396934,
          25.314021192
        ]
      }
    },
    {
      "type": "Feature",
      "properties": {
        "name": "ARUPPUKOTTAI",
        "brand": "Jio-bp",
        "brand_code": "JIOBP",
        "address": "RELIANCE PETRO MARKETING PVT LTD,OLD SURVEY NO.192/10 ,NEW TS NO:6/10 WARD F,THIRICHULI ROAD,ARUPPUKOTTAI VIRUDHUNAGAR DISTRICT 626159",
        "state": "Tamil Nadu",
        "city": "Virudhnagar",
        "ro_code": "TNF006",
        "amenity": "fuel",
        "source": "jiobp.com"
      },
      "geometry": {
        "type": "Point",
        "coordinates": [
          78.106944444,
          9.504166667
        ]
      }
    },
    {
      "type": "Feature",
      "properties": {
        "name": "PARAMAKUDI MADURAI",
        "brand": "Jio-bp",
        "brand_code": "JIOBP",
        "address": "RELIANCE PETROLEUM SURVEY NO 17, SAI BAGH 5/229 A-2, BHAGVAT SINGH ROAD , NEAREST MILE STONE 75/O PARAMAKUDI VILLAGE, PARAMAKUDI  TAMILNADU, PINCODE 623707",
        "state": "Tamil Nadu",
        "city": "PARAMAKUDI",
        "ro_code": "TNF106",
        "amenity": "fuel",
        "source": "jiobp.com"
      },
      "geometry": {
        "type": "Point",
        "coordinates": [
          78.592324907,
          9.541999624
        ]
      }
    },
    {
      "type": "Feature",
      "properties": {
        "name": "KOVILPATTAI",
        "brand": "Jio-bp",
        "brand_code": "JIOBP",
        "address": "88-B New Road,",
        "state": "Tamil Nadu",
        "city": "Kovilpatti",
        "ro_code": "TNF067",
        "amenity": "fuel",
        "source": "jiobp.com"
      },
      "geometry": {
        "type": "Point",
        "coordinates": [
          77.874166667,
          9.178611111
        ]
      }
    },
    {
      "type": "Feature",
      "properties": {
        "name": "MALOUT-2",
        "brand": "Jio-bp",
        "brand_code": "JIOBP",
        "address": "RELIANCE PETRO MARKETING PVT. LIMITED, DEFENCE ROAD, NEAR DANAWALA CHOWK, MALOUT  MALOUT.RETAILOUTLET@RELPETROMAIL.COM",
        "state": "Punjab",
        "city": "MALOUT",
        "ro_code": "PBF046",
        "amenity": "fuel",
        "source": "jiobp.com"
      },
      "geometry": {
        "type": "Point",
        "coordinates": [
          74.5025153505,
          30.1635964158
        ]
      }
    },
    {
      "type": "Feature",
      "properties": {
        "name": "BHUCCHO MANDI BHATINDA",
        "brand": "Jio-bp",
        "brand_code": "JIOBP",
        "address": "VILL LEHRA BEGGA  BHUCCHO MANDI DISTT BATHINDA ( PUNJAB)",
        "state": "Punjab",
        "city": "",
        "ro_code": "PBF052",
        "amenity": "fuel",
        "source": "jiobp.com"
      },
      "geometry": {
        "type": "Point",
        "coordinates": [
          75.096500486,
          30.229582759
        ]
      }
    },
    {
      "type": "Feature",
      "properties": {
        "name": "PICHABONI KOLKATA",
        "brand": "Jio-bp",
        "brand_code": "JIOBP",
        "address": "VILLAGE BADALPUR, POST OFFICE PICHABONI",
        "state": "West Bengal",
        "city": "Pichaboni",
        "ro_code": "WBF087",
        "amenity": "fuel",
        "source": "jiobp.com"
      },
      "geometry": {
        "type": "Point",
        "coordinates": [
          87.749003943,
          21.811170185
        ]
      }
    },
    {
      "type": "Feature",
      "properties": {
        "name": "JG-CITY RETAIL OUTLET",
        "brand": "Jio-bp",
        "brand_code": "JIOBP",
        "address": "SURVEY NO.49/1,50 GULAB NAGAR NEAR VICTORIA BRIDGE, HAPPA, RAJKOT ROAD  361006, jamnagar",
        "state": "Gujarat",
        "city": "",
        "ro_code": "GJC114",
        "amenity": "fuel",
        "source": "jiobp.com"
      },
      "geometry": {
        "type": "Point",
        "coordinates": [
          70.083356978,
          22.462194023
        ]
      }
    },
    {
      "type": "Feature",
      "properties": {
        "name": "MEHMOORGANJ VARANASI",
        "brand": "Jio-bp",
        "brand_code": "JIOBP",
        "address": "D 63/10 , M/S GYAN SONS, MEHMOORGANJ, POST OFFICE- MEHMOORGANJ, POLICE STATION- SIGRA, DISTT- VARANSI - 221010",
        "state": "Uttar Pradesh",
        "city": "",
        "ro_code": "UEC018",
        "amenity": "fuel",
        "source": "jiobp.com"
      },
      "geometry": {
        "type": "Point",
        "coordinates": [
          82.988724537,
          25.311360339
        ]
      }
    },
    {
      "type": "Feature",
      "properties": {
        "name": "HARAUA FF",
        "brand": "Jio-bp",
        "brand_code": "JIOBP",
        "address": "AT-NH-56, NEAR MS-266  VILLAGE-SAHMALPUR, TEHSIL-VARANASI(PINDRA),  VARANASI",
        "state": "Uttar Pradesh",
        "city": "Varanasi",
        "ro_code": "UEF013",
        "amenity": "fuel",
        "source": "jiobp.com"
      },
      "geometry": {
        "type": "Point",
        "coordinates": [
          82.882638889,
          25.414
        ]
      }
    },
    {
      "type": "Feature",
      "properties": {
        "name": "KARWI",
        "brand": "Jio-bp",
        "brand_code": "JIOBP",
        "address": "On NH-76, Nearest Mile Stone- 279, Khasra no. 76, Mouza - Amanpur, Village - Amanpur, Post Office - Karwi, Tehsil- Chitrakoot, District - Chitrakoot, Uttar Pradesh",
        "state": "Uttar Pradesh",
        "city": "Chitrakoot",
        "ro_code": "UEF054",
        "amenity": "fuel",
        "source": "jiobp.com"
      },
      "geometry": {
        "type": "Point",
        "coordinates": [
          80.90691971,
          25.211216828
        ]
      }
    },
    {
      "type": "Feature",
      "properties": {
        "name": "NAINI FF",
        "brand": "Jio-bp",
        "brand_code": "JIOBP",
        "address": "KALINJARA,ARAIL,KARCHANA, NH-27,VILLAGE:BADALGANJ,POST_OFFICE : GHOORPUR,DISTRICT : ALLAHABAD , U.P, PIN CODE : 211003",
        "state": "Uttar Pradesh",
        "city": "",
        "ro_code": "UEF060",
        "amenity": "fuel",
        "source": "jiobp.com"
      },
      "geometry": {
        "type": "Point",
        "coordinates": [
          81.829305556,
          25.337861111
        ]
      }
    },
    {
      "type": "Feature",
      "properties": {
        "name": "BERTSGANJ VARANASI",
        "brand": "Jio-bp",
        "brand_code": "JIOBP",
        "address": "KHATA KHATAUNI  NO-71 ARAZI KHASRA NO-15 AT GEGIAR PARANA BADHAR  VILL: GANGUAR, POST: BICHCHI, POLICE STATION: ROBERTSGANJ, DISTT.: SONEBHADRA.UP 231216",
        "state": "Uttar Pradesh",
        "city": "",
        "ro_code": "UEF066",
        "amenity": "fuel",
        "source": "jiobp.com"
      },
      "geometry": {
        "type": "Point",
        "coordinates": [
          83.064406448,
          24.690371337
        ]
      }
    },
    {
      "type": "Feature",
      "properties": {
        "name": "CHIKHLI",
        "brand": "Jio-bp",
        "brand_code": "JIOBP",
        "address": "Reliance Petrol Pump, Plot no, 608/p,NA, Thala Tal Chikhli Dist: Navsari- 396521 State Gujarat",
        "state": "Gujarat",
        "city": "Navsari",
        "ro_code": "GJF140",
        "amenity": "fuel",
        "source": "jiobp.com"
      },
      "geometry": {
        "type": "Point",
        "coordinates": [
          73.062472264,
          20.781290552
        ]
      }
    },
    {
      "type": "Feature",
      "properties": {
        "name": "SALEM II",
        "brand": "Jio-bp",
        "brand_code": "JIOBP",
        "address": "Sy.No 157/1A & 157/1A2, Kaligoundanpalayam,Sankari Taluk,Salem District- 637103, TN",
        "state": "Tamil Nadu",
        "city": "Kaligoundanpalayam",
        "ro_code": "TNT005",
        "amenity": "fuel",
        "source": "jiobp.com"
      },
      "geometry": {
        "type": "Point",
        "coordinates": [
          78.052882674,
          11.580846295
        ]
      }
    },
    {
      "type": "Feature",
      "properties": {
        "name": "Sanver",
        "brand": "Jio-bp",
        "brand_code": "JIOBP",
        "address": "102/5, A.B.ROAD, LASUDIYA MORI, DEWASNAKA, INDORE-452001, MP",
        "state": "Madhya Pradesh",
        "city": "INDORE",
        "ro_code": "MPF007",
        "amenity": "fuel",
        "source": "jiobp.com"
      },
      "geometry": {
        "type": "Point",
        "coordinates": [
          75.83972222,
          22.97433333
        ]
      }
    },
    {
      "type": "Feature",
      "properties": {
        "name": "KHUJNER BHOPAL",
        "brand": "Jio-bp",
        "brand_code": "JIOBP",
        "address": "OPP. GOVT HIGHER S SCHOOL, KHUJNER, OPP KRISHI MANDI,DIST RAJGARH.  465687",
        "state": "Madhya Pradesh",
        "city": "KHUJNER",
        "ro_code": "MPR011",
        "amenity": "fuel",
        "source": "jiobp.com"
      },
      "geometry": {
        "type": "Point",
        "coordinates": [
          76.619695163,
          23.786764899
        ]
      }
    },
    {
      "type": "Feature",
      "properties": {
        "name": "CHAKAN",
        "brand": "Jio-bp",
        "brand_code": "JIOBP",
        "address": "IAI services Survey No.227/P Nanekarwadi (Chakan),PUNE NASHIK HIGHWAY Tal Khed , Dist - Pune Chakan- 410 501",
        "state": "Maharashtra",
        "city": "",
        "ro_code": "MHF014",
        "amenity": "fuel",
        "source": "jiobp.com"
      },
      "geometry": {
        "type": "Point",
        "coordinates": [
          73.858527778,
          18.739527778
        ]
      }
    },
    {
      "type": "Feature",
      "properties": {
        "name": "KHANDALA KOLHAPUR",
        "brand": "Jio-bp",
        "brand_code": "JIOBP",
        "address": "GHAT NO.391/3/A, MDR-3, KHANDALA LONAND RD, PO:KHANDALA, TAL: KHANDALA, DIST: SATARA., SATARA",
        "state": "Maharashtra",
        "city": "KHANDALA",
        "ro_code": "MHR070",
        "amenity": "fuel",
        "source": "jiobp.com"
      },
      "geometry": {
        "type": "Point",
        "coordinates": [
          74.01,
          18.058333333
        ]
      }
    },
    {
      "type": "Feature",
      "properties": {
        "name": "KHERALU(MEHSANA)",
        "brand": "Jio-bp",
        "brand_code": "JIOBP",
        "address": "SURVEY NO.1796/P,   MEHSANA HIGHWAY,  SH 56,   NR. DUDH SIT KENDRA, KHERALU DIST. MEHSANA  384325",
        "state": "Gujarat",
        "city": "KHERALU",
        "ro_code": "GJF099",
        "amenity": "fuel",
        "source": "jiobp.com"
      },
      "geometry": {
        "type": "Point",
        "coordinates": [
          72.608863102,
          23.883370038
        ]
      }
    },
    {
      "type": "Feature",
      "properties": {
        "name": "TAKOLI CHANDIGARH",
        "brand": "Jio-bp",
        "brand_code": "JIOBP",
        "address": "KHASRA NO-773,NH-21,TAKOLI,SUB TEHSIL-AUTH,DISTT-MANDI",
        "state": "Himachal Pradesh",
        "city": "",
        "ro_code": "HPF012",
        "amenity": "fuel",
        "source": "jiobp.com"
      },
      "geometry": {
        "type": "Point",
        "coordinates": [
          77.107595531,
          31.953708573
        ]
      }
    },
    {
      "type": "Feature",
      "properties": {
        "name": "BEHRAMPORE TS",
        "brand": "Jio-bp",
        "brand_code": "JIOBP",
        "address": "KHATIAN NO 390, MAUZA MATH BINKAR, PS BERHAMPUR TOWN, DISTRICT: MURSHIDABAD",
        "state": "West Bengal",
        "city": "Behrampore(Murshidab",
        "ro_code": "WBT009",
        "amenity": "fuel",
        "source": "jiobp.com"
      },
      "geometry": {
        "type": "Point",
        "coordinates": [
          88.068012815,
          24.449210515
        ]
      }
    },
    {
      "type": "Feature",
      "properties": {
        "name": "BHINMAL JODHPUR",
        "brand": "Jio-bp",
        "brand_code": "JIOBP",
        "address": "KHASRA NO 5153 SITUATED ON SH-31 (BHINMAL-JALORE) IN VILLAGE and TEHSIL BHINMAL DISTT. JALORE RAJASTHAN -",
        "state": "Rajasthan",
        "city": "BHINMAL",
        "ro_code": "RJF065",
        "amenity": "fuel",
        "source": "jiobp.com"
      },
      "geometry": {
        "type": "Point",
        "coordinates": [
          72.292778623,
          25.005023507
        ]
      }
    },
    {
      "type": "Feature",
      "properties": {
        "name": "BAR",
        "brand": "Jio-bp",
        "brand_code": "JIOBP",
        "address": "OPPOSITE CHAINAGE NO. 20, VILLAGE JHALA KI CHOWKI NH-14,  BAR DISTT PALI PIN CODE 306105",
        "state": "Rajasthan",
        "city": "",
        "ro_code": "RJF094",
        "amenity": "fuel",
        "source": "jiobp.com"
      },
      "geometry": {
        "type": "Point",
        "coordinates": [
          74.1454527778,
          26.0755472222
        ]
      }
    },
    {
      "type": "Feature",
      "properties": {
        "name": "SOORSAGAR JODHPUR",
        "brand": "Jio-bp",
        "brand_code": "JIOBP",
        "address": "RELIANCE INDUSTRIES LTD, C/O M/S RAMDEV PETRO POINT, KHASRA NO. 75/2 ,NH-114 JODHPUR -JAISALMER ROAD,  VILL-GEVON, TEHSIL JODHPUR DIST- JODHPUR RAJASTHAN, PINCODE - 342024.",
        "state": "Rajasthan",
        "city": "SOORSAGAR",
        "ro_code": "RJF100",
        "amenity": "fuel",
        "source": "jiobp.com"
      },
      "geometry": {
        "type": "Point",
        "coordinates": [
          73.021017087,
          26.320062858
        ]
      }
    },
    {
      "type": "Feature",
      "properties": {
        "name": "BAZPUR BAREILLY",
        "brand": "Jio-bp",
        "brand_code": "JIOBP",
        "address": "Shree OM Narayan fuels, Rampur Road , near bajpur doraha bajpur dist. Udham singh nagar",
        "state": "Uttarakhand",
        "city": "BAZPUR",
        "ro_code": "UTF011",
        "amenity": "fuel",
        "source": "jiobp.com"
      },
      "geometry": {
        "type": "Point",
        "coordinates": [
          79.148885532,
          29.156777917
        ]
      }
    },
    {
      "type": "Feature",
      "properties": {
        "name": "GAJRAULA TS",
        "brand": "Jio-bp",
        "brand_code": "JIOBP",
        "address": "NH-24,Khasra No-58, village Basturi opp altab Mehtab Industries , JP Nagar , Gajraula , UP",
        "state": "Uttar Pradesh",
        "city": "",
        "ro_code": "UWT006",
        "amenity": "fuel",
        "source": "jiobp.com"
      },
      "geometry": {
        "type": "Point",
        "coordinates": [
          78.317051004,
          28.838565946
        ]
      }
    },
    {
      "type": "Feature",
      "properties": {
        "name": "MIRZAPAR",
        "brand": "Jio-bp",
        "brand_code": "JIOBP",
        "address": "SURVEY NO. 237/P, VILL: SUKHPAR, TAL: BHUJ DISTRICT : KUTCH ,  370001",
        "state": "Gujarat",
        "city": "Kachch",
        "ro_code": "GJF129",
        "amenity": "fuel",
        "source": "jiobp.com"
      },
      "geometry": {
        "type": "Point",
        "coordinates": [
          69.629788254,
          23.22041531
        ]
      }
    },
    {
      "type": "Feature",
      "properties": {
        "name": "DAHISARA (DODO)",
        "brand": "Jio-bp",
        "brand_code": "JIOBP",
        "address": "BHUJ-MANDVI ROAD SURVEY NO. 119/7P, VILLAGE: DAHISARA, TAL: BHUJ, DIS: KUTCH  370485",
        "state": "Gujarat",
        "city": "",
        "ro_code": "GJF215",
        "amenity": "fuel",
        "source": "jiobp.com"
      },
      "geometry": {
        "type": "Point",
        "coordinates": [
          69.591318916,
          23.175238588
        ]
      }
    },
    {
      "type": "Feature",
      "properties": {
        "name": "GOLA LUCKNOW",
        "brand": "Jio-bp",
        "brand_code": "JIOBP",
        "address": "M/S SHREE KRISHNA PETROLEUM, AJIT NAGAR,  MOHALLA RAZA NAGAR LAKHIMPUR ROAD,GOLA GOKARNATH,LAKHIMPUR KERI 262802",
        "state": "Uttar Pradesh",
        "city": "",
        "ro_code": "UEF019",
        "amenity": "fuel",
        "source": "jiobp.com"
      },
      "geometry": {
        "type": "Point",
        "coordinates": [
          80.480586032,
          28.071827989
        ]
      }
    },
    {
      "type": "Feature",
      "properties": {
        "name": "SANDILLA LUCKNOW",
        "brand": "Jio-bp",
        "brand_code": "JIOBP",
        "address": "KHATA KHATAURI NO -16 PLOT NO. 798, 799. VILLAGE - MAHATWANA, TEHSIL and PARGANA - SANDILA, DIST: HARDOI, U.P 241204",
        "state": "Uttar Pradesh",
        "city": "",
        "ro_code": "UEF027",
        "amenity": "fuel",
        "source": "jiobp.com"
      },
      "geometry": {
        "type": "Point",
        "coordinates": [
          80.507181906,
          27.062411463
        ]
      }
    },
    {
      "type": "Feature",
      "properties": {
        "name": "PAINTH",
        "brand": "Jio-bp",
        "brand_code": "JIOBP",
        "address": "M/S RAJSHREE ENTERPRISES, KHATA KHATAUNI NO. 86, AGARWAL ENTERPRISES, 10, RAMNAGAR, KRISHNA NAGAR, MATHURA B) 10, RAMNAGAR, KRISHNA NAGAR, KHAIRA NO 259, LOHAVAN, MANTH, MATHURA, UP - 281004",
        "state": "Uttar Pradesh",
        "city": "",
        "ro_code": "UWF002",
        "amenity": "fuel",
        "source": "jiobp.com"
      },
      "geometry": {
        "type": "Point",
        "coordinates": [
          77.762903979,
          27.53643062
        ]
      }
    },
    {
      "type": "Feature",
      "properties": {
        "name": "DABOK FF",
        "brand": "Jio-bp",
        "brand_code": "JIOBP",
        "address": "KHASRA NO. - 448/3, 449 MIN., 450 and 884/447 , LHS TOWARDS :- UDAIPUR-CHITTORGARH , NH - 76 , VILLAGE :- TULSIDAAS JI KI SARAI , TEHSIL :- MAVLI , DISTRICT:-  UDAIPUR   ( RAJ.) PIN CODE  313022",
        "state": "Rajasthan",
        "city": "Dabok",
        "ro_code": "RJF082",
        "amenity": "fuel",
        "source": "jiobp.com"
      },
      "geometry": {
        "type": "Point",
        "coordinates": [
          73.8395888889,
          24.6181138889
        ]
      }
    },
    {
      "type": "Feature",
      "properties": {
        "name": "DEOGARH AJMER",
        "brand": "Jio-bp",
        "brand_code": "JIOBP",
        "address": "KHASRA NO.785/357,NH-8,VILLAGE-KITON KA BADIA,PATWAR KAMLI, KAMLI GHAT CHOURAHA, TEHSIL-DEOGARH,DIST-RAJSAMAND",
        "state": "Rajasthan",
        "city": "",
        "ro_code": "RJF133",
        "amenity": "fuel",
        "source": "jiobp.com"
      },
      "geometry": {
        "type": "Point",
        "coordinates": [
          73.888533804,
          25.555113263
        ]
      }
    },
    {
      "type": "Feature",
      "properties": {
        "name": "SIROHI TS",
        "brand": "Jio-bp",
        "brand_code": "JIOBP",
        "address": "KHASRA NO - 377, LHS TOWARDS :- SIROHI-PALI , NH - 162 , VILLAGE :- PALDI , TEHSIL :- SHIVGANJ , DISTRICT:- SIROHI ( RAJ.)  PIN CODE 307027",
        "state": "Rajasthan",
        "city": "Sirohi",
        "ro_code": "RJT005",
        "amenity": "fuel",
        "source": "jiobp.com"
      },
      "geometry": {
        "type": "Point",
        "coordinates": [
          72.905684482,
          24.988857393
        ]
      }
    },
    {
      "type": "Feature",
      "properties": {
        "name": "FOUNDARY NAGAR (AGRA)",
        "brand": "Jio-bp",
        "brand_code": "JIOBP",
        "address": "M/S BALKESHWAR FILLING STATION KHASRA NO 1346 MIG - 1, SHIVPURI, BALKESHWAR COLONY, AGRA , VILG POIYA,HATRAS ROAD,TEHSIL ETMADUR,DIST AGRA, UP 282006",
        "state": "Uttar Pradesh",
        "city": "",
        "ro_code": "UWF082",
        "amenity": "fuel",
        "source": "jiobp.com"
      },
      "geometry": {
        "type": "Point",
        "coordinates": [
          78.041000515,
          27.207882435
        ]
      }
    },
    {
      "type": "Feature",
      "properties": {
        "name": "BEGUSARAI FF",
        "brand": "Jio-bp",
        "brand_code": "JIOBP",
        "address": "NH-31, VILLAGE KESAVE, MAUZA ANCHAL BARAUNI, THANA NO 557, BARAUNI, DISTRICT: BEGUSARAI",
        "state": "Bihar",
        "city": "",
        "ro_code": "BHF004",
        "amenity": "fuel",
        "source": "jiobp.com"
      },
      "geometry": {
        "type": "Point",
        "coordinates": [
          86.092080417,
          25.429364027
        ]
      }
    },
    {
      "type": "Feature",
      "properties": {
        "name": "NURPUR FF",
        "brand": "Jio-bp",
        "brand_code": "JIOBP",
        "address": "RO- NURPUR,DISTT: BIJNORE, KHASRA NO. 14and 19, KHATAUNI NO. 45, VILLAGE - PIPLA JAGEER, NOORPUR, TEHSIL : CHANDPUR (U.P.)",
        "state": "Uttar Pradesh",
        "city": "NURPUR",
        "ro_code": "UWF022",
        "amenity": "fuel",
        "source": "jiobp.com"
      },
      "geometry": {
        "type": "Point",
        "coordinates": [
          78.399027778,
          29.140333333
        ]
      }
    },
    {
      "type": "Feature",
      "properties": {
        "name": "KURU JAMSHEDPUR",
        "brand": "Jio-bp",
        "brand_code": "JIOBP",
        "address": "PLOT-591(OLD),550(NEW),KHATA-, 17/1(OLD),104(NEW),MOUZA-KUNDO, PS-KURU,  DISTT -LOHARDAGA, KURU",
        "state": "Jharkhand",
        "city": "KURU",
        "ro_code": "JHF037",
        "amenity": "fuel",
        "source": "jiobp.com"
      },
      "geometry": {
        "type": "Point",
        "coordinates": [
          84.811163241,
          23.548296243
        ]
      }
    },
    {
      "type": "Feature",
      "properties": {
        "name": "MEF004-BYRNIHAT GUWAHATI",
        "brand": "Jio-bp",
        "brand_code": "JIOBP",
        "address": "PATTA NO5 OF 1994, VILLAGE AMULKUCHI",
        "state": "Meghalaya",
        "city": "",
        "ro_code": "MEF004",
        "amenity": "fuel",
        "source": "jiobp.com"
      },
      "geometry": {
        "type": "Point",
        "coordinates": [
          91.86815795,
          26.047248504
        ]
      }
    },
    {
      "type": "Feature",
      "properties": {
        "name": "Jowai",
        "brand": "Jio-bp",
        "brand_code": "JIOBP",
        "address": "Jaintia Hills",
        "state": "Meghalaya",
        "city": "",
        "ro_code": "MEF002",
        "amenity": "fuel",
        "source": "jiobp.com"
      },
      "geometry": {
        "type": "Point",
        "coordinates": [
          92.221140002,
          25.46594976
        ]
      }
    },
    {
      "type": "Feature",
      "properties": {
        "name": "PATTUKKOTTAI",
        "brand": "Jio-bp",
        "brand_code": "JIOBP",
        "address": "TS No. 43/2, Ward A, Block  8 (Old  Sy. No. 148B/4)& DOOR NO 9/1 Keelapalayam Village,",
        "state": "Tamil Nadu",
        "city": "",
        "ro_code": "TNF077",
        "amenity": "fuel",
        "source": "jiobp.com"
      },
      "geometry": {
        "type": "Point",
        "coordinates": [
          79.311348781,
          10.423225569
        ]
      }
    },
    {
      "type": "Feature",
      "properties": {
        "name": "PERAMBALUR ( TS )",
        "brand": "Jio-bp",
        "brand_code": "JIOBP",
        "address": "NH 45, SURVEY NO.304/_1, ELAMBALUR VILLAGE,  TALUKA PERAMBALUR , DISTRICT:TRICHY  621212, TN,",
        "state": "Tamil Nadu",
        "city": "Trichy",
        "ro_code": "TNT014",
        "amenity": "fuel",
        "source": "jiobp.com"
      },
      "geometry": {
        "type": "Point",
        "coordinates": [
          78.896068867,
          11.254572197
        ]
      }
    },
    {
      "type": "Feature",
      "properties": {
        "name": "MULANA",
        "brand": "Jio-bp",
        "brand_code": "JIOBP",
        "address": "NH73, ADJOINING BINDER DHARAM KANTA, OPP. NEW GRAIN MARKET, VILLAGE PATTI BHAGERU, POST. MULLANA ,TEHSIL BARARA, DIST. AMBALA 133203 HARYANA",
        "state": "Haryana",
        "city": "MULANA",
        "ro_code": "HRF031",
        "amenity": "fuel",
        "source": "jiobp.com"
      },
      "geometry": {
        "type": "Point",
        "coordinates": [
          77.040194444,
          30.270888889
        ]
      }
    },
    {
      "type": "Feature",
      "properties": {
        "name": "MEERUT ROAD Karnal",
        "brand": "Jio-bp",
        "brand_code": "JIOBP",
        "address": "MDR-17, KHASRA NO.40//5 NEAR ARYA SWATANTRA SENANI FUEL STATION, KARNAL-MEERUT ROAD, VILLAGE and POST NAGLA MEGHA, TEHSIL and DISTT KARNAL - 132001 HARYANA",
        "state": "Haryana",
        "city": "MEERUT",
        "ro_code": "HRF078",
        "amenity": "fuel",
        "source": "jiobp.com"
      },
      "geometry": {
        "type": "Point",
        "coordinates": [
          77.0835437106,
          29.6275381761
        ]
      }
    },
    {
      "type": "Feature",
      "properties": {
        "name": "RASIPURAM SALEM",
        "brand": "Jio-bp",
        "brand_code": "JIOBP",
        "address": "Sf No: 5/4B, Rasipuram - Erode Main ROad, Rasipura , Rasipuram TK, Namakkal District - Pin: 637 408.",
        "state": "Tamil Nadu",
        "city": "",
        "ro_code": "TNF114",
        "amenity": "fuel",
        "source": "jiobp.com"
      },
      "geometry": {
        "type": "Point",
        "coordinates": [
          78.162888889,
          11.449222222
        ]
      }
    },
    {
      "type": "Feature",
      "properties": {
        "name": "NAMAKKAL II ( TS )",
        "brand": "Jio-bp",
        "brand_code": "JIOBP",
        "address": "NH7,SURVEY NO: 88/ 2 B 2, VILLAGE PAPPANIACKANPATTI,  NAMAKKAL 637003, TN",
        "state": "Tamil Nadu",
        "city": "NAMAKKAL",
        "ro_code": "TNT012",
        "amenity": "fuel",
        "source": "jiobp.com"
      },
      "geometry": {
        "type": "Point",
        "coordinates": [
          78.164108524,
          11.279503876
        ]
      }
    },
    {
      "type": "Feature",
      "properties": {
        "name": "KUMHARI RAIPUR",
        "brand": "Jio-bp",
        "brand_code": "JIOBP",
        "address": "NH 6 VILLAGE KUMHARI OPP YUG BODH PRAKASHAN DURG 490042",
        "state": "Chattisgarh",
        "city": "",
        "ro_code": "CGF015",
        "amenity": "fuel",
        "source": "jiobp.com"
      },
      "geometry": {
        "type": "Point",
        "coordinates": [
          81.532134868,
          21.251271776
        ]
      }
    },
    {
      "type": "Feature",
      "properties": {
        "name": "RAJIM RAIPUR",
        "brand": "Jio-bp",
        "brand_code": "JIOBP",
        "address": "GOWARA NAWAPARA RAJIM DIST RAIPUR 493881",
        "state": "Chattisgarh",
        "city": "",
        "ro_code": "CGF019",
        "amenity": "fuel",
        "source": "jiobp.com"
      },
      "geometry": {
        "type": "Point",
        "coordinates": [
          81.88140509,
          20.965816903
        ]
      }
    },
    {
      "type": "Feature",
      "properties": {
        "name": "GADARWARA BHOPAL",
        "brand": "Jio-bp",
        "brand_code": "JIOBP",
        "address": "KATHAL PETROL PUMP, GADARWARA VILLAGE:GADARWARA DIST:NARSINGPUR MP 487551",
        "state": "Madhya Pradesh",
        "city": "BHOPAL",
        "ro_code": "MPF079",
        "amenity": "fuel",
        "source": "jiobp.com"
      },
      "geometry": {
        "type": "Point",
        "coordinates": [
          78.780809748,
          22.920916035
        ]
      }
    },
    {
      "type": "Feature",
      "properties": {
        "name": "SEONI BHOPAL",
        "brand": "Jio-bp",
        "brand_code": "JIOBP",
        "address": "KHARSA NO 57/2, SEONI JABALPUR ROAD",
        "state": "Madhya Pradesh",
        "city": "SEONI",
        "ro_code": "MPF095",
        "amenity": "fuel",
        "source": "jiobp.com"
      },
      "geometry": {
        "type": "Point",
        "coordinates": [
          79.549246728,
          22.100322112
        ]
      }
    },
    {
      "type": "Feature",
      "properties": {
        "name": "KOPERGAON",
        "brand": "Jio-bp",
        "brand_code": "JIOBP",
        "address": "VILLAGE - KHIRDIGANESH, NEAR YESHWANT POULTRY FARM,MANMAD NAGAR ROAD. , 423601",
        "state": "Maharashtra",
        "city": "KOPERGAON",
        "ro_code": "MHF057",
        "amenity": "fuel",
        "source": "jiobp.com"
      },
      "geometry": {
        "type": "Point",
        "coordinates": [
          74.492,
          19.9605
        ]
      }
    },
    {
      "type": "Feature",
      "properties": {
        "name": "AKOLE",
        "brand": "Jio-bp",
        "brand_code": "JIOBP",
        "address": "Gat No. 38/(2A/2)/4 at post Akole Tal Akole Dist Ahmednagar.-422601",
        "state": "Maharashtra",
        "city": "",
        "ro_code": "MHF160",
        "amenity": "fuel",
        "source": "jiobp.com"
      },
      "geometry": {
        "type": "Point",
        "coordinates": [
          74.006058828,
          19.542009154
        ]
      }
    },
    {
      "type": "Feature",
      "properties": {
        "name": "BARGARH",
        "brand": "Jio-bp",
        "brand_code": "JIOBP",
        "address": "NH-6,PLOT NO.3519,3520, VILL:BARAHGUDA,TALUKA:BARGARH, DISTT:BARGARH,ORISSA, BARGARH",
        "state": "Odisha",
        "city": "Bargarh",
        "ro_code": "ORF033",
        "amenity": "fuel",
        "source": "jiobp.com"
      },
      "geometry": {
        "type": "Point",
        "coordinates": [
          83.691058467,
          21.350210349
        ]
      }
    },
    {
      "type": "Feature",
      "properties": {
        "name": "BOLANGIR SAMBALPUR",
        "brand": "Jio-bp",
        "brand_code": "JIOBP",
        "address": "KHATA NO.114,PLOT NO.2025, MOUZA/VILLAGE:BOLANGIR, P.S.:BALANGIR, BALANGIR., BOLANGIR",
        "state": "Odisha",
        "city": "",
        "ro_code": "ORF023",
        "amenity": "fuel",
        "source": "jiobp.com"
      },
      "geometry": {
        "type": "Point",
        "coordinates": [
          83.494101937,
          20.728694086
        ]
      }
    },
    {
      "type": "Feature",
      "properties": {
        "name": "Muvattupuzha 2",
        "brand": "Jio-bp",
        "brand_code": "JIOBP",
        "address": "SY NO.713/3-C,713/3-C-1, Velloorkkunnam Village, Muvattupuzha Taluk, Ernakulam Distict, Kerala, 686669",
        "state": "Kerala",
        "city": "Muvattupuzha",
        "ro_code": "KLF118",
        "amenity": "fuel",
        "source": "jiobp.com"
      },
      "geometry": {
        "type": "Point",
        "coordinates": [
          76.57080457,
          10.00345635
        ]
      }
    },
    {
      "type": "Feature",
      "properties": {
        "name": "RAU",
        "brand": "Jio-bp",
        "brand_code": "JIOBP",
        "address": "M/S. RAJ CARGO CARRIERS SURVEY NO. 76/4/2,  A.B. ROAD, RAU, ADJOINING INDORE PUBLIC SCHOOL,  GRAM - HUKMAKHEDI, DISTT. INDORE.  452014",
        "state": "Madhya Pradesh",
        "city": "",
        "ro_code": "MPF008",
        "amenity": "fuel",
        "source": "jiobp.com"
      },
      "geometry": {
        "type": "Point",
        "coordinates": [
          75.822916667,
          22.653833333
        ]
      }
    },
    {
      "type": "Feature",
      "properties": {
        "name": "DAHOD BADA-I",
        "brand": "Jio-bp",
        "brand_code": "JIOBP",
        "address": "INDORE AHMEDABAD NATIONAL HIGHWAY NO 59, SURVEY  184/1, VILL: JALAT,  DAHOD-INDORE HIGHWAY, DAHOD  389151",
        "state": "Gujarat",
        "city": "DAHOD",
        "ro_code": "GJF089",
        "amenity": "fuel",
        "source": "jiobp.com"
      },
      "geometry": {
        "type": "Point",
        "coordinates": [
          74.202631925,
          22.840812611
        ]
      }
    },
    {
      "type": "Feature",
      "properties": {
        "name": "GARBADA BADA",
        "brand": "Jio-bp",
        "brand_code": "JIOBP",
        "address": "SURVEY NO 615/1/2, VILLAGE GARBADA",
        "state": "Gujarat",
        "city": "GARBADA",
        "ro_code": "GJF232",
        "amenity": "fuel",
        "source": "jiobp.com"
      },
      "geometry": {
        "type": "Point",
        "coordinates": [
          74.307610826,
          22.731311878
        ]
      }
    },
    {
      "type": "Feature",
      "properties": {
        "name": "SARADHANA",
        "brand": "Jio-bp",
        "brand_code": "JIOBP",
        "address": "KHASRA NO. - 682 and 691 , LHS TOWARDS :- AJMER-BEAWAR , NH - 8 , VILLAGE :- ARJUNPURA KHALSA , TEHSIL :- PEENSANGAN , DISTRICT:- AJMER PIN CODE 305203",
        "state": "Rajasthan",
        "city": "Saradhana",
        "ro_code": "RJF072",
        "amenity": "fuel",
        "source": "jiobp.com"
      },
      "geometry": {
        "type": "Point",
        "coordinates": [
          74.537137581,
          26.301754252
        ]
      }
    },
    {
      "type": "Feature",
      "properties": {
        "name": "KEKRI FF",
        "brand": "Jio-bp",
        "brand_code": "JIOBP",
        "address": "KHASRA NO. -  3983 , 3986, 3987, 3988, and 3989, LHS TOWARDS :- KEKRI - AJMER  , SH - 26 , VILLAGE :- KEKRI , TEHSIL :- KEKRI , DISTRICT:- AJMER ( RAJ.)  PIN CODE 305404",
        "state": "Rajasthan",
        "city": "KEKRI",
        "ro_code": "RJF077",
        "amenity": "fuel",
        "source": "jiobp.com"
      },
      "geometry": {
        "type": "Point",
        "coordinates": [
          75.1416667,
          25.9767222
        ]
      }
    },
    {
      "type": "Feature",
      "properties": {
        "name": "DUDU TS",
        "brand": "Jio-bp",
        "brand_code": "JIOBP",
        "address": "KHASRA NO. - 752, 753, 754, 755, 756, 757, 758, 759, 760 and 913 , LHS TOWARDS :- AJMER-JAIPUR , NH -8, VILLAGE :- DUDU , TEHSIL :- DUDU, DISTRICT:- JAIPUR   PIN_CODE : 303008",
        "state": "Rajasthan",
        "city": "Dudu",
        "ro_code": "RJT003",
        "amenity": "fuel",
        "source": "jiobp.com"
      },
      "geometry": {
        "type": "Point",
        "coordinates": [
          75.2567916667,
          26.6979777778
        ]
      }
    },
    {
      "type": "Feature",
      "properties": {
        "name": "SAIPAU",
        "brand": "Jio-bp",
        "brand_code": "JIOBP",
        "address": "Reliance Petrol Pump, Khasra No. 1290/1, 1292, 1252/2/1, 1291/1, Bharatpur Road,Village Saipau, Tehsil Saipau, District Dholpur 328027",
        "state": "Rajasthan",
        "city": "SAIPAU",
        "ro_code": "RJF016",
        "amenity": "fuel",
        "source": "jiobp.com"
      },
      "geometry": {
        "type": "Point",
        "coordinates": [
          77.7418056,
          26.8248611
        ]
      }
    },
    {
      "type": "Feature",
      "properties": {
        "name": "SONARIA",
        "brand": "Jio-bp",
        "brand_code": "JIOBP",
        "address": "NH-17 SURVEY NO: 83/P,NR. KM STONE 261, N.H.8E, VILLAGE : KAJALI (SONARIA), TALUKA:VERAVAL, DISTRICT:JUNAGADH.  362268",
        "state": "Gujarat",
        "city": "Sonaria",
        "ro_code": "GJF062",
        "amenity": "fuel",
        "source": "jiobp.com"
      },
      "geometry": {
        "type": "Point",
        "coordinates": [
          70.428916667,
          20.898333333
        ]
      }
    },
    {
      "type": "Feature",
      "properties": {
        "name": "Diu",
        "brand": "Jio-bp",
        "brand_code": "JIOBP",
        "address": "Reliance Petrol Pump, Plot no. PTS:-108/4(P) and No. PTS:-108/9(P) , Village - Diu, Taluka Diu, District Diu, UT - Daman and Diu",
        "state": "Daman and Diu",
        "city": "",
        "ro_code": "GJF069",
        "amenity": "fuel",
        "source": "jiobp.com"
      },
      "geometry": {
        "type": "Point",
        "coordinates": [
          70.967477637,
          20.713921031
        ]
      }
    },
    {
      "type": "Feature",
      "properties": {
        "name": "TIRUNELVELI MADURAI",
        "brand": "Jio-bp",
        "brand_code": "JIOBP",
        "address": "23 Bye Pass Road,",
        "state": "Tamil Nadu",
        "city": "MADURAI",
        "ro_code": "TNC079",
        "amenity": "fuel",
        "source": "jiobp.com"
      },
      "geometry": {
        "type": "Point",
        "coordinates": [
          77.721111111,
          8.703888889
        ]
      }
    },
    {
      "type": "Feature",
      "properties": {
        "name": "TISAIYINVILAI MADURAI",
        "brand": "Jio-bp",
        "brand_code": "JIOBP",
        "address": "Sy.No: 4/1, Ittamozhi Road, Thisaiyanvilai",
        "state": "Tamil Nadu",
        "city": "MADURAI",
        "ro_code": "TNF120",
        "amenity": "fuel",
        "source": "jiobp.com"
      },
      "geometry": {
        "type": "Point",
        "coordinates": [
          77.865150689,
          8.332930338
        ]
      }
    },
    {
      "type": "Feature",
      "properties": {
        "name": "SIDDIPET",
        "brand": "Jio-bp",
        "brand_code": "JIOBP",
        "address": "SURVEY NO. 244, PONNALA, SIDDIPET DIST 502103",
        "state": "Telangana",
        "city": "",
        "ro_code": "APF012",
        "amenity": "fuel",
        "source": "jiobp.com"
      },
      "geometry": {
        "type": "Point",
        "coordinates": [
          78.867222222,
          18.053611111
        ]
      }
    },
    {
      "type": "Feature",
      "properties": {
        "name": "BOMMAKKAL (KARIM NAGAR)",
        "brand": "Jio-bp",
        "brand_code": "JIOBP",
        "address": "SY. NO. 724 and 725 OPP. HOUSING BOARD COLONY, BOMMAKKAL, KAIMNAGAR.  505001",
        "state": "Telangana",
        "city": "Karimnagar",
        "ro_code": "APF039",
        "amenity": "fuel",
        "source": "jiobp.com"
      },
      "geometry": {
        "type": "Point",
        "coordinates": [
          79.149373573,
          18.422414051
        ]
      }
    },
    {
      "type": "Feature",
      "properties": {
        "name": "CHICKBALLAPUR",
        "brand": "Jio-bp",
        "brand_code": "JIOBP",
        "address": "SURVEY NO.134/2B,AMANI KANDAVARAKERE VILLAGE, BB ROAD CHIKKABALLAPUR 562101",
        "state": "Karnataka",
        "city": "",
        "ro_code": "KRF089",
        "amenity": "fuel",
        "source": "jiobp.com"
      },
      "geometry": {
        "type": "Point",
        "coordinates": [
          77.729945743,
          13.422457576
        ]
      }
    },
    {
      "type": "Feature",
      "properties": {
        "name": "EHL HISSAR",
        "brand": "Jio-bp",
        "brand_code": "JIOBP",
        "address": "RAVI FILLING SATATION, VILLAGE BAHAL, BHIWANI ROAD, BEHL, TEHSIL LOHARU, DISTT. BHIWANI, HARYANA 127028",
        "state": "Haryana",
        "city": "",
        "ro_code": "HRF015",
        "amenity": "fuel",
        "source": "jiobp.com"
      },
      "geometry": {
        "type": "Point",
        "coordinates": [
          75.622221453,
          28.631992952
        ]
      }
    },
    {
      "type": "Feature",
      "properties": {
        "name": "RATIA",
        "brand": "Jio-bp",
        "brand_code": "JIOBP",
        "address": "SHREE BALAJI FILLING STATION,SH-21, KILLA NO - 306/8/2(2-0) ,8/1/1(0-10),8/1/2(0-13) VIDE MUTATION NO- 12668/12669/13523/13912/14270/14285 AT VILLAGE RATTIA FATEHABAD ROAD, RATIA-125051 HARYANA",
        "state": "Haryana",
        "city": "",
        "ro_code": "HRF072",
        "amenity": "fuel",
        "source": "jiobp.com"
      },
      "geometry": {
        "type": "Point",
        "coordinates": [
          75.569129901,
          29.679005058
        ]
      }
    },
    {
      "type": "Feature",
      "properties": {
        "name": "RANIA HTAK",
        "brand": "Jio-bp",
        "brand_code": "JIOBP",
        "address": "SINGLA PETRO CITY, RELIANCE PETROL PUMP, VILLAGE- ABHOLI, TEHSIL RANIA, DISTT. SIRSA - 125076, HARYANA.",
        "state": "Haryana",
        "city": "",
        "ro_code": "HRF097",
        "amenity": "fuel",
        "source": "jiobp.com"
      },
      "geometry": {
        "type": "Point",
        "coordinates": [
          74.8537590164,
          29.5200920921
        ]
      }
    },
    {
      "type": "Feature",
      "properties": {
        "name": "RAJGARH ROAD HISAR",
        "brand": "Jio-bp",
        "brand_code": "JIOBP",
        "address": "SMT. NIHALI DEVI M/S CHAUDHARY PETROCARE  NH-65 VILL. GANGWA TEHSIL and DISTT. HISAR HARYANA 125004",
        "state": "Haryana",
        "city": "",
        "ro_code": "HRF101",
        "amenity": "fuel",
        "source": "jiobp.com"
      },
      "geometry": {
        "type": "Point",
        "coordinates": [
          75.70031951,
          29.117790824
        ]
      }
    },
    {
      "type": "Feature",
      "properties": {
        "name": "BHADRAVATHI MANGALORE",
        "brand": "Jio-bp",
        "brand_code": "JIOBP",
        "address": "MUNICIPAL NO. 278/293/316-1, B.H.ROAD, WARD NO.2. BHADRAVATHI  577301",
        "state": "Karnataka",
        "city": "",
        "ro_code": "KRF034",
        "amenity": "fuel",
        "source": "jiobp.com"
      },
      "geometry": {
        "type": "Point",
        "coordinates": [
          75.693188552,
          13.843639096
        ]
      }
    },
    {
      "type": "Feature",
      "properties": {
        "name": "SARNA JALLANDHAR",
        "brand": "Jio-bp",
        "brand_code": "JIOBP",
        "address": "MS-11,NH-15,LHS PATHANKOT GURDASPUR ROAD,VILL: KOTLI MUGHLAN,TEHSIL-PATHANKOT,DISTT-GURDASPUR,SARNA,PUNJAB-145025",
        "state": "Punjab",
        "city": "",
        "ro_code": "PBF066",
        "amenity": "fuel",
        "source": "jiobp.com"
      },
      "geometry": {
        "type": "Point",
        "coordinates": [
          75.55835,
          32.2363444444
        ]
      }
    },
    {
      "type": "Feature",
      "properties": {
        "name": "JAGATPURA JAIPUR",
        "brand": "Jio-bp",
        "brand_code": "JIOBP",
        "address": "NABARD TIRAHA, VILLAGE CHAKDHULA, TEHSIL SANGANER, DISTRICT JAIPUR.PIN CODE 302017",
        "state": "Rajasthan",
        "city": "",
        "ro_code": "RJC009",
        "amenity": "fuel",
        "source": "jiobp.com"
      },
      "geometry": {
        "type": "Point",
        "coordinates": [
          75.825388889,
          26.850472222
        ]
      }
    },
    {
      "type": "Feature",
      "properties": {
        "name": "DEOLI FF",
        "brand": "Jio-bp",
        "brand_code": "JIOBP",
        "address": "NH12, MILE STONE 155, VILL PANWAD, TALUKA DEOLI, DISTRICT TONK, RAJASTHAN - 304804",
        "state": "Rajasthan",
        "city": "TONK",
        "ro_code": "RJF089",
        "amenity": "fuel",
        "source": "jiobp.com"
      },
      "geometry": {
        "type": "Point",
        "coordinates": [
          75.4199916667,
          25.7930138889
        ]
      }
    },
    {
      "type": "Feature",
      "properties": {
        "name": "MALPURA JAIPUR",
        "brand": "Jio-bp",
        "brand_code": "JIOBP",
        "address": "KHASRA NO 888/1319 SITUATED ON SH-12,  SH-8, KM-73,  MALPURA-JAIPUR ROAD, IN VILLAGE BRIJ LAL NAGAR, TEHSIL-MALPURA, DISTT.TONK RAJASTHAN",
        "state": "Rajasthan",
        "city": "MALPURA",
        "ro_code": "RJF128",
        "amenity": "fuel",
        "source": "jiobp.com"
      },
      "geometry": {
        "type": "Point",
        "coordinates": [
          75.371580752,
          26.291772817
        ]
      }
    },
    {
      "type": "Feature",
      "properties": {
        "name": "Mokhampura",
        "brand": "Jio-bp",
        "brand_code": "JIOBP",
        "address": "KHASRA NO. 1109 AND 1110, MOKHAMPURA, BICHOON, MOJMABAD, RATAN, JAIPUR, RAJASTHAN 303604",
        "state": "Rajasthan",
        "city": "Jaipur",
        "ro_code": "RJF144",
        "amenity": "fuel",
        "source": "jiobp.com"
      },
      "geometry": {
        "type": "Point",
        "coordinates": [
          75.346683,
          26.796402
        ]
      }
    },
    {
      "type": "Feature",
      "properties": {
        "name": "SATANA FF",
        "brand": "Jio-bp",
        "brand_code": "JIOBP",
        "address": "SH 7,VILLAGE INDIRA NAGAR,TALUKA BAGLAN DIST NAHIK. 423301",
        "state": "Maharashtra",
        "city": "Satana",
        "ro_code": "MHF066",
        "amenity": "fuel",
        "source": "jiobp.com"
      },
      "geometry": {
        "type": "Point",
        "coordinates": [
          74.19825,
          20.5756667
        ]
      }
    },
    {
      "type": "Feature",
      "properties": {
        "name": "PIMPALGAON NASIK",
        "brand": "Jio-bp",
        "brand_code": "JIOBP",
        "address": "THAKKAR PETROLEUM  PLOT NO 447/1, NEAR KALYANI WEIGHBRIDGE, MUMBAI AGRA ROAD, AT POST PIMPALGAON BASWANT, TAL NIPHAD, DIST NASHIK 422209",
        "state": "Maharashtra",
        "city": "",
        "ro_code": "MHF079",
        "amenity": "fuel",
        "source": "jiobp.com"
      },
      "geometry": {
        "type": "Point",
        "coordinates": [
          73.985553027,
          20.156007818
        ]
      }
    },
    {
      "type": "Feature",
      "properties": {
        "name": "Chandwad",
        "brand": "Jio-bp",
        "brand_code": "JIOBP",
        "address": "GAT NO 289 and 290, AT CHINCHVE, POST UMRANE, TAL DEOLA, NEAR NH 03, CHINCHVE, NASHIK, MAHARASHTRA, 423110",
        "state": "Maharashtra",
        "city": "Chandwad",
        "ro_code": "MHF381",
        "amenity": "fuel",
        "source": "jiobp.com"
      },
      "geometry": {
        "type": "Point",
        "coordinates": [
          74.316605,
          20.374335
        ]
      }
    },
    {
      "type": "Feature",
      "properties": {
        "name": "THIRUKOVILUR CHENNAI",
        "brand": "Jio-bp",
        "brand_code": "JIOBP",
        "address": "SURVEY NO 181, 182/2,  (OLD SURVEY NO.257/A and 256/A), VILLAGE and  P O THIRUKOILUR, CUDDALORE, KALLAKURICHI ROAD,   TIRUKOVILUR TALUK, SEVALAI ROAD, DIST VILLUPURAM  605757",
        "state": "Tamil Nadu",
        "city": "THIRUKOVILUR",
        "ro_code": "TNF118",
        "amenity": "fuel",
        "source": "jiobp.com"
      },
      "geometry": {
        "type": "Point",
        "coordinates": [
          79.215817556,
          11.983070322
        ]
      }
    },
    {
      "type": "Feature",
      "properties": {
        "name": "Vinchur",
        "brand": "Jio-bp",
        "brand_code": "JIOBP",
        "address": "Gat No. 40/2/2 on SH 30, At Dahegaon Near Bharwas Phata, Tal Niphad, District Nashik, Maharashtra 422305",
        "state": "Maharashtra",
        "city": "Vinchur",
        "ro_code": "MHF451",
        "amenity": "fuel",
        "source": "jiobp.com"
      },
      "geometry": {
        "type": "Point",
        "coordinates": [
          74.272231,
          20.074836
        ]
      }
    },
    {
      "type": "Feature",
      "properties": {
        "name": "AMBAD",
        "brand": "Jio-bp",
        "brand_code": "JIOBP",
        "address": "GATE NO 28 M JALNA BED HIGHWAY DAG/SURVEY NO. 28/1, ON SH-176, NEAR MILESTONE NO.178, AT PO. PARNER, TAL. AMBAD, DIST. JALNA AMBAD 431204",
        "state": "Maharashtra",
        "city": "",
        "ro_code": "MHF028",
        "amenity": "fuel",
        "source": "jiobp.com"
      },
      "geometry": {
        "type": "Point",
        "coordinates": [
          75.802277778,
          19.639388889
        ]
      }
    },
    {
      "type": "Feature",
      "properties": {
        "name": "DANKUNI",
        "brand": "Jio-bp",
        "brand_code": "JIOBP",
        "address": "Mouza-Kanajuli, Shibpur, Gurap, Taluka-Dankuni, Hooghly, West Bengal - 712303",
        "state": "West Bengal",
        "city": "HOOGHLY",
        "ro_code": "WBF090",
        "amenity": "fuel",
        "source": "jiobp.com"
      },
      "geometry": {
        "type": "Point",
        "coordinates": [
          88.157032,
          22.976532
        ]
      }
    },
    {
      "type": "Feature",
      "properties": {
        "name": "NAGPUR CO3 NAGPUR",
        "brand": "Jio-bp",
        "brand_code": "JIOBP",
        "address": "PLOT NO 191 4A SHAIKH COLONOY MOTHER TERESSA MARG, TAKLI FEEDER ROAD, KOTOL ROAD POST OFFICE, NAGPUR 440013",
        "state": "Maharashtra",
        "city": "NAGPUR",
        "ro_code": "MHC060",
        "amenity": "fuel",
        "source": "jiobp.com"
      },
      "geometry": {
        "type": "Point",
        "coordinates": [
          79.070673839,
          21.173553042
        ]
      }
    },
    {
      "type": "Feature",
      "properties": {
        "name": "CHANDRAPUR",
        "brand": "Jio-bp",
        "brand_code": "JIOBP",
        "address": "GAT NO 301/2, P.H.NO.30,THAK NO 92,OF MOUZA FULCHUR,GRAMPANCHAYAT BAPAT NAGAR NAGPUR ROAD CHANDRAPUR 442401",
        "state": "Maharashtra",
        "city": "",
        "ro_code": "MHF064",
        "amenity": "fuel",
        "source": "jiobp.com"
      },
      "geometry": {
        "type": "Point",
        "coordinates": [
          79.295762482,
          19.959775221
        ]
      }
    },
    {
      "type": "Feature",
      "properties": {
        "name": "MANDALWEDHA- CODO",
        "brand": "Jio-bp",
        "brand_code": "JIOBP",
        "address": "P4 CASE/AT GAT NO 1819, PANDHARPUR-VIJAPUR ROAD,MANGALWEDHA BIJAPUR ROAD, DIST SOLAPUR  DIST SOLAPUR  413305",
        "state": "Maharashtra",
        "city": "",
        "ro_code": "MHF101",
        "amenity": "fuel",
        "source": "jiobp.com"
      },
      "geometry": {
        "type": "Point",
        "coordinates": [
          75.456361111,
          17.501444444
        ]
      }
    },
    {
      "type": "Feature",
      "properties": {
        "name": "MHF145 PULGAON",
        "brand": "Jio-bp",
        "brand_code": "JIOBP",
        "address": "Patni Petroleum Sy No.1/2, MouzeaNo 48, PH No:2 Mouza:Chitk, Deoli-Pulgaon Road Chikti, Tah.Deoli, Dist:Wardha Pulgaon-442302",
        "state": "Maharashtra",
        "city": "PULGAON",
        "ro_code": "MHF145",
        "amenity": "fuel",
        "source": "jiobp.com"
      },
      "geometry": {
        "type": "Point",
        "coordinates": [
          78.338988014,
          20.722524579
        ]
      }
    },
    {
      "type": "Feature",
      "properties": {
        "name": "Deoli",
        "brand": "Jio-bp",
        "brand_code": "JIOBP",
        "address": "SR. NO. 525/1,MAUZA SALOD, HIRAPUR, NEAR KHADELWAL MIXTURE PLANT, SALOD, HIRAPUR, WARDHA, MAHARASHTRA 442001",
        "state": "Maharashtra",
        "city": "Deoli",
        "ro_code": "MHF559",
        "amenity": "fuel",
        "source": "jiobp.com"
      },
      "geometry": {
        "type": "Point",
        "coordinates": [
          78.5362605,
          20.68516962
        ]
      }
    },
    {
      "type": "Feature",
      "properties": {
        "name": "CK RD",
        "brand": "Jio-bp",
        "brand_code": "JIOBP",
        "address": "SAKHISOLE,NEAR MONDALKUPI,, P.O:SALBONI, PASCHIM MIDNAPORE-721101, CHANDRAKONA ROAD",
        "state": "West Bengal",
        "city": "",
        "ro_code": "WBF019",
        "amenity": "fuel",
        "source": "jiobp.com"
      },
      "geometry": {
        "type": "Point",
        "coordinates": [
          87.33469834,
          22.722639533
        ]
      }
    },
    {
      "type": "Feature",
      "properties": {
        "name": "RANAGHAT NADIA FF",
        "brand": "Jio-bp",
        "brand_code": "JIOBP",
        "address": "NH-34, VILLAGE PATULI, PS  RANAGHAT, POST OFFICE BEGOPARA, DISTRICT: NADIA",
        "state": "West Bengal",
        "city": "RANAGHAT",
        "ro_code": "WBF007",
        "amenity": "fuel",
        "source": "jiobp.com"
      },
      "geometry": {
        "type": "Point",
        "coordinates": [
          88.565542861,
          23.134521395
        ]
      }
    },
    {
      "type": "Feature",
      "properties": {
        "name": "KALYANI EXPRESSWAY KOLKATA",
        "brand": "Jio-bp",
        "brand_code": "JIOBP",
        "address": "J.L No: 17, Dag No: 1313 and 1310, Mouza: Bidyadharpur, Barackpore Kalyani Expressway, Ucchagarh, Bidyadharpur, PS - Jagatdal, 24 Paraganas(North) - 743127",
        "state": "West Bengal",
        "city": "",
        "ro_code": "WBF059",
        "amenity": "fuel",
        "source": "jiobp.com"
      },
      "geometry": {
        "type": "Point",
        "coordinates": [
          88.367858999,
          22.770067926
        ]
      }
    },
    {
      "type": "Feature",
      "properties": {
        "name": "VADU",
        "brand": "Jio-bp",
        "brand_code": "JIOBP",
        "address": "NR. VISHARAMPURA, PADRA JAMBUSAR ROAD SH-6, TALUKA PADRA  391421",
        "state": "Gujarat",
        "city": "Baroda",
        "ro_code": "GJF046",
        "amenity": "fuel",
        "source": "jiobp.com"
      },
      "geometry": {
        "type": "Point",
        "coordinates": [
          72.971944444,
          22.195833333
        ]
      }
    },
    {
      "type": "Feature",
      "properties": {
        "name": "BORSAD",
        "brand": "Jio-bp",
        "brand_code": "JIOBP",
        "address": "C/O  PATEL  DAHYABHAI KHUSHAKDAS OPP.TELEPHONE EXCHANGE, NR.AAND CHOKDI, BORSAD",
        "state": "Gujarat",
        "city": "BORSAD",
        "ro_code": "GJF160",
        "amenity": "fuel",
        "source": "jiobp.com"
      },
      "geometry": {
        "type": "Point",
        "coordinates": [
          72.898470121,
          22.407902019
        ]
      }
    },
    {
      "type": "Feature",
      "properties": {
        "name": "FAZILKA FF",
        "brand": "Jio-bp",
        "brand_code": "JIOBP",
        "address": "RELIANCE PETRO MARKETING PVT LTD, FAZILKA-MALOUT ROAD, VILLAGE PANCHAN WALI. DISTT FEROZPUR.  FAZILKA.RETAILOUTLET@RELPETROMAIL.COM",
        "state": "Punjab",
        "city": "FAZILKA",
        "ro_code": "PBF084",
        "amenity": "fuel",
        "source": "jiobp.com"
      },
      "geometry": {
        "type": "Point",
        "coordinates": [
          74.057,
          30.400916667
        ]
      }
    },
    {
      "type": "Feature",
      "properties": {
        "name": "SURENDRANAGAR II",
        "brand": "Jio-bp",
        "brand_code": "JIOBP",
        "address": "SH17, SURVEY NO. 233/3/P, NEAR MILE STONE NO. 126, SH NO. 17 SURENDRANAGAR MULI ROAD. RATANPAR, SURENDRANAGAR  363002",
        "state": "Gujarat",
        "city": "",
        "ro_code": "GJF074",
        "amenity": "fuel",
        "source": "jiobp.com"
      },
      "geometry": {
        "type": "Point",
        "coordinates": [
          71.623888889,
          22.718333333
        ]
      }
    },
    {
      "type": "Feature",
      "properties": {
        "name": "HALVAD",
        "brand": "Jio-bp",
        "brand_code": "JIOBP",
        "address": "R.S No. 2562/1 P, Near Bharat Petroleum Pump, Halvad Bye Pass, Halvad, Surendranagar",
        "state": "Gujarat",
        "city": "Halvad",
        "ro_code": "GJF075",
        "amenity": "fuel",
        "source": "jiobp.com"
      },
      "geometry": {
        "type": "Point",
        "coordinates": [
          71.199770783,
          23.012753745
        ]
      }
    },
    {
      "type": "Feature",
      "properties": {
        "name": "CHOTILA",
        "brand": "Jio-bp",
        "brand_code": "JIOBP",
        "address": "NH 8A,SURVEY NO. 10 PAIKI , APPROX. 60 MTRS. FROM CHAINAGE 167 (BETWEEN CHAINAGE 167-168) VILL:KUMBHARA , TA CHOTILA DI : SURENDRANAGAR     363520",
        "state": "Gujarat",
        "city": "",
        "ro_code": "GJT003",
        "amenity": "fuel",
        "source": "jiobp.com"
      },
      "geometry": {
        "type": "Point",
        "coordinates": [
          71.221416667,
          22.437833333
        ]
      }
    },
    {
      "type": "Feature",
      "properties": {
        "name": "BADORA BETUL",
        "brand": "Jio-bp",
        "brand_code": "JIOBP",
        "address": "BADORA CHAUK, NH69, SURVEY NO :29/2,VILLAGE:BATAMA DIST:BETUL  MP",
        "state": "Madhya Pradesh",
        "city": "BETUL",
        "ro_code": "MPF063",
        "amenity": "fuel",
        "source": "jiobp.com"
      },
      "geometry": {
        "type": "Point",
        "coordinates": [
          77.921175917,
          21.869464249
        ]
      }
    },
    {
      "type": "Feature",
      "properties": {
        "name": "DOMKAL DURGAPUR",
        "brand": "Jio-bp",
        "brand_code": "JIOBP",
        "address": "DAG NO.C.S 702,707(P),L.R, 784,788(P), JL.42,KHATNO.758,, 759,DOMKAL, MURSHIDABAD., DOMKAL",
        "state": "West Bengal",
        "city": "DOMKAL",
        "ro_code": "WBF066",
        "amenity": "fuel",
        "source": "jiobp.com"
      },
      "geometry": {
        "type": "Point",
        "coordinates": [
          88.537853417,
          24.116738074
        ]
      }
    },
    {
      "type": "Feature",
      "properties": {
        "name": "KARNAL 2 TS",
        "brand": "Jio-bp",
        "brand_code": "JIOBP",
        "address": "GT Road, NH-44, Village-Kohand, Tehsil-Gharaunda, District-Karnal, Haryana-132114",
        "state": "Haryana",
        "city": "Karnal",
        "ro_code": "HRT002",
        "amenity": "fuel",
        "source": "jiobp.com"
      },
      "geometry": {
        "type": "Point",
        "coordinates": [
          76.970972222,
          29.481166667
        ]
      }
    },
    {
      "type": "Feature",
      "properties": {
        "name": "MIRYALGUDA VIJAYAWADA",
        "brand": "Jio-bp",
        "brand_code": "JIOBP",
        "address": "RELIANCE PETROL RETAIL OUTLET,NAGALAKSHMI SAI FILLING STATION, ADDANKI BY PASS ROAD, MIRYALGUDA,NALGONDA DISTRICT.   508207",
        "state": "Telangana",
        "city": "",
        "ro_code": "APF073",
        "amenity": "fuel",
        "source": "jiobp.com"
      },
      "geometry": {
        "type": "Point",
        "coordinates": [
          79.565658221,
          16.88160297
        ]
      }
    },
    {
      "type": "Feature",
      "properties": {
        "name": "KASGANJ AGRA",
        "brand": "Jio-bp",
        "brand_code": "JIOBP",
        "address": "M/S SHREE PARUSRAM JI FILLING STATION, HOLI CHOWK, MANI RAM, KASGANJ, ETAH ,  KHASRA NO 615, BANKER, KASGANJ, ETAH, UP 207123",
        "state": "Uttar Pradesh",
        "city": "",
        "ro_code": "UWF084",
        "amenity": "fuel",
        "source": "jiobp.com"
      },
      "geometry": {
        "type": "Point",
        "coordinates": [
          78.641841382,
          27.801090043
        ]
      }
    },
    {
      "type": "Feature",
      "properties": {
        "name": "Bhopal Bypass",
        "brand": "Jio-bp",
        "brand_code": "JIOBP",
        "address": "Village - Dobra, Khasra No. 202/2/2/2/2, 203/2, 204/2/Ka/1/2, 205/1/1/1/2, New Bhopal Bypass Road, Bhopal, Madhya Pradesh, Pin-462038",
        "state": "Madhya Pradesh",
        "city": "BHOPAL",
        "ro_code": "MPF111",
        "amenity": "fuel",
        "source": "jiobp.com"
      },
      "geometry": {
        "type": "Point",
        "coordinates": [
          77.35952,
          23.33766
        ]
      }
    },
    {
      "type": "Feature",
      "properties": {
        "name": "Lunavada",
        "brand": "Jio-bp",
        "brand_code": "JIOBP",
        "address": "SURVEY NO 498, GODHRA ROAD, LUNAVADA-389230",
        "state": "Gujarat",
        "city": "",
        "ro_code": "GJF092",
        "amenity": "fuel",
        "source": "jiobp.com"
      },
      "geometry": {
        "type": "Point",
        "coordinates": [
          73.605975188,
          23.128662132
        ]
      }
    },
    {
      "type": "Feature",
      "properties": {
        "name": "SHAHERA BADA",
        "brand": "Jio-bp",
        "brand_code": "JIOBP",
        "address": "SAHERA LUNAWADA HIGHWAY SURVEY NO:32 and 33, NR.MARKETING YARD SAHERA-LUNAWAD ROAD,SAHERA PANCHMAHAL, GODHRA  389210",
        "state": "Gujarat",
        "city": "GODHRA",
        "ro_code": "GJF231",
        "amenity": "fuel",
        "source": "jiobp.com"
      },
      "geometry": {
        "type": "Point",
        "coordinates": [
          73.630416961,
          22.99270251
        ]
      }
    },
    {
      "type": "Feature",
      "properties": {
        "name": "HOSUR 1",
        "brand": "Jio-bp",
        "brand_code": "JIOBP",
        "address": "SURVEY NO 322/1B, 2B, 3B, VILLAGE NALLAGANAKOTHAPALLI, HOSUR KRISHNAGIRI ROAD, SAPPADI PO, DISTRICT: KRISHNAGIRI",
        "state": "Tamil Nadu",
        "city": "HOSUR",
        "ro_code": "TNT002",
        "amenity": "fuel",
        "source": "jiobp.com"
      },
      "geometry": {
        "type": "Point",
        "coordinates": [
          77.980055556,
          12.671277778
        ]
      }
    },
    {
      "type": "Feature",
      "properties": {
        "name": "SURATKIM TS",
        "brand": "Jio-bp",
        "brand_code": "JIOBP",
        "address": "RELIANCE RETAIL OUTLET NH:8 R.S.NO.149-152 and 154, NR.KIM CHAAR RASTA, VILL.PALOD, TALUKA : MANGROL DIST. SURAT - 394110",
        "state": "Gujarat",
        "city": "SURAT",
        "ro_code": "GJT001",
        "amenity": "fuel",
        "source": "jiobp.com"
      },
      "geometry": {
        "type": "Point",
        "coordinates": [
          72.961016771,
          21.397873045
        ]
      }
    },
    {
      "type": "Feature",
      "properties": {
        "name": "KALYAN",
        "brand": "Jio-bp",
        "brand_code": "JIOBP",
        "address": "SURVEY NOS 184 H NO 2 AND SURVEY NOS 185 H NO 11 MAUJE KON, AT POST KALYAN TALUKA BHIWANDI DISTRICT THANE 421302",
        "state": "Maharashtra",
        "city": "KALYAN",
        "ro_code": "MHC033",
        "amenity": "fuel",
        "source": "jiobp.com"
      },
      "geometry": {
        "type": "Point",
        "coordinates": [
          73.12852925,
          19.240849523
        ]
      }
    },
    {
      "type": "Feature",
      "properties": {
        "name": "ATTAPUR HYDERABAD",
        "brand": "Jio-bp",
        "brand_code": "JIOBP",
        "address": "M/S FIDALI S, SY. NO. 40 and 41,UPPARPALLY(V), RAJENDRA NAGAR (M), RANGAREDDY DIST. PIN 500048",
        "state": "Telangana",
        "city": "",
        "ro_code": "APF095",
        "amenity": "fuel",
        "source": "jiobp.com"
      },
      "geometry": {
        "type": "Point",
        "coordinates": [
          78.4163999,
          17.3496799
        ]
      }
    },
    {
      "type": "Feature",
      "properties": {
        "name": "CHINCHOTI",
        "brand": "Jio-bp",
        "brand_code": "JIOBP",
        "address": "M/S. MAHALAXMI AUTOMOBILES - SURVEY NO. 13 AND 14-3 PART, NEXT TO HOTEL SAGAR, BHIWANDI KAMAN ROAD, MAUJE DEVDHAL, TAL-VASAI 401202",
        "state": "Maharashtra",
        "city": "Chinchoti",
        "ro_code": "MHF001",
        "amenity": "fuel",
        "source": "jiobp.com"
      },
      "geometry": {
        "type": "Point",
        "coordinates": [
          72.898701909,
          19.379418792
        ]
      }
    },
    {
      "type": "Feature",
      "properties": {
        "name": "MANGULI BHUBANESWAR",
        "brand": "Jio-bp",
        "brand_code": "JIOBP",
        "address": "MOUZA-DAMAKA, THANA-TANGI,, TEHSIL-TANGI, CHOUDWAR,, DIST-CUTTACK, STATE-ORISSA., MANGULI",
        "state": "Odisha",
        "city": "MANGULI",
        "ro_code": "ORF016",
        "amenity": "fuel",
        "source": "jiobp.com"
      },
      "geometry": {
        "type": "Point",
        "coordinates": [
          86.030965088,
          20.580358482
        ]
      }
    },
    {
      "type": "Feature",
      "properties": {
        "name": "UPLETA RAJKOT",
        "brand": "Jio-bp",
        "brand_code": "JIOBP",
        "address": "SY.NO.183/5,, NEAR MILESTONE- 71,, VILL: UPLETA, RAJKOT., UPLETA",
        "state": "Gujarat",
        "city": "",
        "ro_code": "GJF192",
        "amenity": "fuel",
        "source": "jiobp.com"
      },
      "geometry": {
        "type": "Point",
        "coordinates": [
          70.283582107,
          21.73801823
        ]
      }
    },
    {
      "type": "Feature",
      "properties": {
        "name": "SHIVPURI TS",
        "brand": "Jio-bp",
        "brand_code": "JIOBP",
        "address": "NH-3, RPMPL VILLAGE MUDHENI NEAR SARDA SOLVENT PLANT AB ROAD SHIVPURI  ,POST_OFFICE : SHIVPURI,DISTRICT : SHIVPURI , MP, PIN_CODE : 473551",
        "state": "Madhya Pradesh",
        "city": "SHIVPURI",
        "ro_code": "MPT002",
        "amenity": "fuel",
        "source": "jiobp.com"
      },
      "geometry": {
        "type": "Point",
        "coordinates": [
          77.633305556,
          25.329027778
        ]
      }
    },
    {
      "type": "Feature",
      "properties": {
        "name": "NAIGARHI JABALPUR",
        "brand": "Jio-bp",
        "brand_code": "JIOBP",
        "address": "KHASRA NO.238/3, HALKA NO.28, POST: NAIGARHI, TAH: MAHUGANJ, DISTT: REWA, M.P., NAIGARHI",
        "state": "Madhya Pradesh",
        "city": "NAIGARHI",
        "ro_code": "MPR023",
        "amenity": "fuel",
        "source": "jiobp.com"
      },
      "geometry": {
        "type": "Point",
        "coordinates": [
          81.77874479,
          24.78608257
        ]
      }
    },
    {
      "type": "Feature",
      "properties": {
        "name": "TRICHUR",
        "brand": "Jio-bp",
        "brand_code": "JIOBP",
        "address": "Thrissur Reliance Retail Outlet (KLF068),M/s. Four Star Agencies,Puzhakkal, Muthuvara, Guruvayoor Road,Thrissur District. PIN: 680553.Mr. Girish: +919446347440",
        "state": "Kerala",
        "city": "Trichur",
        "ro_code": "KLF068",
        "amenity": "fuel",
        "source": "jiobp.com"
      },
      "geometry": {
        "type": "Point",
        "coordinates": [
          76.174927778,
          10.548777778
        ]
      }
    },
    {
      "type": "Feature",
      "properties": {
        "name": "KOTTUR HOSPET",
        "brand": "Jio-bp",
        "brand_code": "JIOBP",
        "address": "M/S SRI RAM PETROLEUM, DEALERS: RELIANCE INDUSTRIES LTD, (PETROLEUM BUSINESS) RETAIL OUTLET, SURVEY NO. 768,  SITE NO.3,4,8and9, PATTAN PANCHAYAT NOS. 1642/3,1643,4,1647/8and1648/9 SITUATED AT WARD 6, HARAPANA HALLI ROAD, KOTTUR, HARISH-GIRISH LAY OUT, KUDLIGI TAULK, DIST : BELLARY  586124",
        "state": "Karnataka",
        "city": "NA",
        "ro_code": "KRF114",
        "amenity": "fuel",
        "source": "jiobp.com"
      },
      "geometry": {
        "type": "Point",
        "coordinates": [
          76.215111111,
          14.819944444
        ]
      }
    },
    {
      "type": "Feature",
      "properties": {
        "name": "AKLERA(JHALAWAR) KOTA",
        "brand": "Jio-bp",
        "brand_code": "JIOBP",
        "address": "RELIANCE PETROL PUMP, KHASRA NO.3 MIN ADMEASURING 2 BIGHA VILLAGE and TEHSIL AKLERA,  JHALAWAR ROAD, NEAR RAM MANDIR, NH-12  DISTT. JHALAWAR. RAJSASTHANA 326033",
        "state": "Rajasthan",
        "city": "",
        "ro_code": "RJF008",
        "amenity": "fuel",
        "source": "jiobp.com"
      },
      "geometry": {
        "type": "Point",
        "coordinates": [
          76.19237832,
          24.52895146
        ]
      }
    },
    {
      "type": "Feature",
      "properties": {
        "name": "SINDHANUR HOSPET",
        "brand": "Jio-bp",
        "brand_code": "JIOBP",
        "address": "M/S ADITYA PETROLEUM, MUNICIPAL NO.6-1-1950/A and 6-1-1950/B,SURVEY NO. 754, GANGAVATHI ROAD, SINDHANUR, RACHIUR DISTRICT 584 128",
        "state": "Karnataka",
        "city": "",
        "ro_code": "KRF029",
        "amenity": "fuel",
        "source": "jiobp.com"
      },
      "geometry": {
        "type": "Point",
        "coordinates": [
          76.75383312,
          15.77533058
        ]
      }
    },
    {
      "type": "Feature",
      "properties": {
        "name": "KUDLIGI HOSPET",
        "brand": "Jio-bp",
        "brand_code": "JIOBP",
        "address": "M/S MUNEER SERVICES, DEALERS: RELIANCE INDUSTRIES LTD, (PETROLEUM BUSINESS) RETAIL OUTLET, SURVEY NO. 7/C-1, D1 and E1, NH 13, CHITRADURGA ROAD, VEERUPAPURA VILLAGE, KUDLIGI TQ., BELLARY DIST  583135",
        "state": "Karnataka",
        "city": "Kudligi",
        "ro_code": "KRF094",
        "amenity": "fuel",
        "source": "jiobp.com"
      },
      "geometry": {
        "type": "Point",
        "coordinates": [
          76.422138889,
          14.859555556
        ]
      }
    },
    {
      "type": "Feature",
      "properties": {
        "name": "KARATAGI HOSPET",
        "brand": "Jio-bp",
        "brand_code": "JIOBP",
        "address": "M/S PADMASHREE PETROLEUM, DEALERS: RELIANCE INDUSTRIES LTD, (PETROLEUM BUSINESS) RETAIL OUTLET, SY.NO. 28/2, PANCHAYAT NO.7-2-41,KARATAGI VILLGE  RG ROAD, KARATAGI, TQ: GANGAVATHI, DIST:KOPPAL  583229 ,",
        "state": "Karnataka",
        "city": "",
        "ro_code": "KRF099",
        "amenity": "fuel",
        "source": "jiobp.com"
      },
      "geometry": {
        "type": "Point",
        "coordinates": [
          76.669916667,
          15.624083333
        ]
      }
    },
    {
      "type": "Feature",
      "properties": {
        "name": "MOTIHARI BARAUNI",
        "brand": "Jio-bp",
        "brand_code": "JIOBP",
        "address": "NH-28(A),PLOT NO.1234(P),KHATA-175, VILL: CHANDRAHIYA, P.S.MOTIHARI, DISTT:EAST CHAMPARAN, MOTHIHARI",
        "state": "Bihar",
        "city": "",
        "ro_code": "BHF018",
        "amenity": "fuel",
        "source": "jiobp.com"
      },
      "geometry": {
        "type": "Point",
        "coordinates": [
          84.927264548,
          26.647356213
        ]
      }
    },
    {
      "type": "Feature",
      "properties": {
        "name": "MEGHRAJ AHMEDABAD II",
        "brand": "Jio-bp",
        "brand_code": "JIOBP",
        "address": "MODASA MEGHRAJ STATE HIGHWAY NO. 146, SURVEY NO. 112,  SH NO. 146, VILLAGE : BEDAJ, ATandPO. MEGHARAJ, DIST : SABARKANTHA, PIN : 383350",
        "state": "Gujarat",
        "city": "MEGHRAJ",
        "ro_code": "GJF238",
        "amenity": "fuel",
        "source": "jiobp.com"
      },
      "geometry": {
        "type": "Point",
        "coordinates": [
          73.507744304,
          23.494408507
        ]
      }
    },
    {
      "type": "Feature",
      "properties": {
        "name": "VIJAYNAGAR AHMEDABAD II",
        "brand": "Jio-bp",
        "brand_code": "JIOBP",
        "address": "IDAR RANI ROAD, SURVEY NO. 367,  SH NO. 10, AT and PO: VIJAYNAGAR, DIST: SABARKANTHA.  383460",
        "state": "Gujarat",
        "city": "",
        "ro_code": "GJF240",
        "amenity": "fuel",
        "source": "jiobp.com"
      },
      "geometry": {
        "type": "Point",
        "coordinates": [
          73.342033025,
          24.009081317
        ]
      }
    },
    {
      "type": "Feature",
      "properties": {
        "name": "NIRSA DHANBAD",
        "brand": "Jio-bp",
        "brand_code": "JIOBP",
        "address": "MOUZA RAMKANALI, NH-2",
        "state": "Jharkhand",
        "city": "DHANBAD",
        "ro_code": "JHF042",
        "amenity": "fuel",
        "source": "jiobp.com"
      },
      "geometry": {
        "type": "Point",
        "coordinates": [
          86.66505,
          23.7942611111
        ]
      }
    },
    {
      "type": "Feature",
      "properties": {
        "name": "PARATHWADA FF",
        "brand": "Jio-bp",
        "brand_code": "JIOBP",
        "address": "SH6,VILLAGE:RAMGAON/TEKAD,MSH 6 AMRAVATI ROAD POST_OFFICE : ACHALPUR PARATWADA DISTRICT : AMARAVATI ,444805",
        "state": "Maharashtra",
        "city": "Paratwada",
        "ro_code": "MHF027",
        "amenity": "fuel",
        "source": "jiobp.com"
      },
      "geometry": {
        "type": "Point",
        "coordinates": [
          77.528962224,
          21.257213316
        ]
      }
    },
    {
      "type": "Feature",
      "properties": {
        "name": "UMRER FF",
        "brand": "Jio-bp",
        "brand_code": "JIOBP",
        "address": "100 2 GHOTURALI ROAD,VAIGAON WCL VILLAGE - GHOTURLI(WAIGAON), TQ - UMRED. DIST.- NAGPUR.(MH) UMRER 441203",
        "state": "Maharashtra",
        "city": "UMREAD",
        "ro_code": "MHF053",
        "amenity": "fuel",
        "source": "jiobp.com"
      },
      "geometry": {
        "type": "Point",
        "coordinates": [
          79.2922,
          20.88166
        ]
      }
    },
    {
      "type": "Feature",
      "properties": {
        "name": "SHIRALA AKOLA",
        "brand": "Jio-bp",
        "brand_code": "JIOBP",
        "address": "KHAMGAON NANDURA ROAD AT VILLAGE SHIRALA DIST AMRAVATI 444821",
        "state": "Maharashtra",
        "city": "AKOLA",
        "ro_code": "MHR039",
        "amenity": "fuel",
        "source": "jiobp.com"
      },
      "geometry": {
        "type": "Point",
        "coordinates": [
          74.129693191,
          16.983953894
        ]
      }
    },
    {
      "type": "Feature",
      "properties": {
        "name": "PATHROT",
        "brand": "Jio-bp",
        "brand_code": "JIOBP",
        "address": "Survey No. 176, Gat No. 510/511, Mauza Pathrot, TQ Achalpur, Dist.-Amravati, Maharashtra. Pathrot-444808",
        "state": "Maharashtra",
        "city": "PATHROT",
        "ro_code": "MHR055",
        "amenity": "fuel",
        "source": "jiobp.com"
      },
      "geometry": {
        "type": "Point",
        "coordinates": [
          77.387849086,
          21.180174555
        ]
      }
    },
    {
      "type": "Feature",
      "properties": {
        "name": "KUCHAMAN AJMER",
        "brand": "Jio-bp",
        "brand_code": "JIOBP",
        "address": "KHASRA NO 287,  STAION ROAD,VILLAGE KUCHAMAN CITY, SH-7, TEHSIL NAWA, DIST NAGAUR (RAJASHTHAN)  PINCODE 341560",
        "state": "Rajasthan",
        "city": "KUCHAMAN",
        "ro_code": "RJF138",
        "amenity": "fuel",
        "source": "jiobp.com"
      },
      "geometry": {
        "type": "Point",
        "coordinates": [
          74.878048448,
          27.144643811
        ]
      }
    },
    {
      "type": "Feature",
      "properties": {
        "name": "Naroda",
        "brand": "Jio-bp",
        "brand_code": "JIOBP",
        "address": "SURVEY NO. 361/P, PLOT NO 107, VILL MUTHIYA, OPP VIMAL FACTORY, NARODA GIDC, TAL DASKROI DIST AHMEDABAD.  382325",
        "state": "Gujarat",
        "city": "AHMEDABAD",
        "ro_code": "GJC123",
        "amenity": "fuel",
        "source": "jiobp.com"
      },
      "geometry": {
        "type": "Point",
        "coordinates": [
          72.645644135,
          23.067734927
        ]
      }
    },
    {
      "type": "Feature",
      "properties": {
        "name": "CHATRASAL",
        "brand": "Jio-bp",
        "brand_code": "JIOBP",
        "address": "A.B. Filling Station, Dag No 290(Old)/390(New),Khatian No PattaNo124(Old)/340(New)Dist-Dhubri VillandMouza-Baromera,PS-Golokganj,Ag Chatrasal-783335",
        "state": "Assam",
        "city": "CHATRASAL",
        "ro_code": "ASR023",
        "amenity": "fuel",
        "source": "jiobp.com"
      },
      "geometry": {
        "type": "Point",
        "coordinates": [
          89.765813,
          26.316177
        ]
      }
    },
    {
      "type": "Feature",
      "properties": {
        "name": "Haldiaganj",
        "brand": "Jio-bp",
        "brand_code": "JIOBP",
        "address": "VILLAGE: KASHARIPARA,  MOUZA: NO VI-3 LOT, REVENUE CIRCLE OFFICE: TURA, DISTRICT: WEST GARO HILLS, STATE: MEGHALAYA,PIN CODE : 783135",
        "state": "Meghalaya",
        "city": "",
        "ro_code": "MER018",
        "amenity": "fuel",
        "source": "jiobp.com"
      },
      "geometry": {
        "type": "Point",
        "coordinates": [
          89.904474,
          25.74315
        ]
      }
    },
    {
      "type": "Feature",
      "properties": {
        "name": "GUNDUGOLU VIZAG",
        "brand": "Jio-bp",
        "brand_code": "JIOBP",
        "address": "SINGAVARAM VILLAGE, DENDULURU MANDAM NH5, WEST GODAVARI DISTRICT",
        "state": "Andhra Pradesh",
        "city": "GUNDUGOLU",
        "ro_code": "APF129",
        "amenity": "fuel",
        "source": "jiobp.com"
      },
      "geometry": {
        "type": "Point",
        "coordinates": [
          81.219018217,
          16.775876969
        ]
      }
    },
    {
      "type": "Feature",
      "properties": {
        "name": "NANDINI KOLHAPUR",
        "brand": "Jio-bp",
        "brand_code": "JIOBP",
        "address": "M/S PADMASHRI AUTOMOBILES, SURVEY NO.1933  AT and POST : NANDANI, TALUKA : SHIROL, DISTRICT : KOLHAPUR, MAHARASHTRA, PIN CODE : 416102.",
        "state": "Maharashtra",
        "city": "KOLHAPUR",
        "ro_code": "MHR052",
        "amenity": "fuel",
        "source": "jiobp.com"
      },
      "geometry": {
        "type": "Point",
        "coordinates": [
          74.543540343,
          16.726497672
        ]
      }
    },
    {
      "type": "Feature",
      "properties": {
        "name": "VITA KOLHAPUR",
        "brand": "Jio-bp",
        "brand_code": "JIOBP",
        "address": "MANMANDIR PETROLEUM, 243/1  KARAD VIJAPUR ROAD,SHIVAJI NAGAR,VITA TALUKA:KHANAPUR SANGLI  415311",
        "state": "Maharashtra",
        "city": "KOLHAPUR",
        "ro_code": "MHF089",
        "amenity": "fuel",
        "source": "jiobp.com"
      },
      "geometry": {
        "type": "Point",
        "coordinates": [
          74.522240819,
          17.274692793
        ]
      }
    },
    {
      "type": "Feature",
      "properties": {
        "name": "KOTTABOMMALI TS",
        "brand": "Jio-bp",
        "brand_code": "JIOBP",
        "address": "RELIANCE PETROLEUM RETAIL OUTLET,KONUSULA KOTHUR POST. PARASARAMPURAM, TEKKALI-MANDAL,SRIKAKULAM DISTRICT  532201",
        "state": "Andhra Pradesh",
        "city": "",
        "ro_code": "APT021",
        "amenity": "fuel",
        "source": "jiobp.com"
      },
      "geometry": {
        "type": "Point",
        "coordinates": [
          84.1925,
          18.567222
        ]
      }
    },
    {
      "type": "Feature",
      "properties": {
        "name": "PANDAVAPUR BAGALORE",
        "brand": "Jio-bp",
        "brand_code": "JIOBP",
        "address": "#3476/63/2B NH 150A,Nagamangala road,Pandavpura town,Mandya",
        "state": "Karnataka",
        "city": "",
        "ro_code": "KRF102",
        "amenity": "fuel",
        "source": "jiobp.com"
      },
      "geometry": {
        "type": "Point",
        "coordinates": [
          76.676500681,
          12.49129599
        ]
      }
    },
    {
      "type": "Feature",
      "properties": {
        "name": "EDE COIMBATORE",
        "brand": "Jio-bp",
        "brand_code": "JIOBP",
        "address": "15 Perundurai Road, Erode",
        "state": "Tamil Nadu",
        "city": "EDE COIMBATORE",
        "ro_code": "TNC063",
        "amenity": "fuel",
        "source": "jiobp.com"
      },
      "geometry": {
        "type": "Point",
        "coordinates": [
          77.707741596,
          11.334791456
        ]
      }
    },
    {
      "type": "Feature",
      "properties": {
        "name": "JALGAON",
        "brand": "Jio-bp",
        "brand_code": "JIOBP",
        "address": "S.NO.2+3/2+4A+D+4C/2,NEAR MILLAT HIGH SCHOOL, SURVEY NO 156 31 Mumbai Nagpur Highway, NH53, Next to Laiba Hotel, Jalgaon 425001",
        "state": "Maharashtra",
        "city": "",
        "ro_code": "MHC076",
        "amenity": "fuel",
        "source": "jiobp.com"
      },
      "geometry": {
        "type": "Point",
        "coordinates": [
          75.572095365,
          21.010049097
        ]
      }
    },
    {
      "type": "Feature",
      "properties": {
        "name": "NIHAL SINGH WALA BHATINDA",
        "brand": "Jio-bp",
        "brand_code": "JIOBP",
        "address": "ODR NO 06,BAGHAPURANA ROAD, NEAR VIKRAJ PALACE, NIHAL SINGH WALA, DISTT- MOGA",
        "state": "Punjab",
        "city": "BHATINDA",
        "ro_code": "PBF069",
        "amenity": "fuel",
        "source": "jiobp.com"
      },
      "geometry": {
        "type": "Point",
        "coordinates": [
          75.287967207,
          30.58751978
        ]
      }
    },
    {
      "type": "Feature",
      "properties": {
        "name": "CHIKILI",
        "brand": "Jio-bp",
        "brand_code": "JIOBP",
        "address": "SURVEY NO 179 CHIKHLI JALNA ROAD OPP BPCL RETAIL OUTLET CHIKHLI DIST BULDHANA 443201",
        "state": "Maharashtra",
        "city": "",
        "ro_code": "MHF144",
        "amenity": "fuel",
        "source": "jiobp.com"
      },
      "geometry": {
        "type": "Point",
        "coordinates": [
          76.248912204,
          20.345894713
        ]
      }
    },
    {
      "type": "Feature",
      "properties": {
        "name": "GUDIVADA VIJAYAWADA",
        "brand": "Jio-bp",
        "brand_code": "JIOBP",
        "address": "SY.NO. 39/1, MS:232/6, NH-214, BILLAPADU VILLAGE, GUDIVADA MANDAL,  KRISHNA (DIST) 521322",
        "state": "Andhra Pradesh",
        "city": "VIJAYAWADA",
        "ro_code": "APF013",
        "amenity": "fuel",
        "source": "jiobp.com"
      },
      "geometry": {
        "type": "Point",
        "coordinates": [
          80.995359589,
          16.42826234
        ]
      }
    },
    {
      "type": "Feature",
      "properties": {
        "name": "GORAKHPUR-1 TS",
        "brand": "Jio-bp",
        "brand_code": "JIOBP",
        "address": "GRAM RAMPUR BUJURG,TEHSIL CHAURI CHAURA,NEAR SONBARSA BAZAR,KASIA ROAD,GORAKHPUR NH-28,SARDAR NAGAR,DISTRICT : GORAKHPUR , U.P, PIN CODE 273202",
        "state": "Uttar Pradesh",
        "city": "",
        "ro_code": "UET003",
        "amenity": "fuel",
        "source": "jiobp.com"
      },
      "geometry": {
        "type": "Point",
        "coordinates": [
          83.598924096,
          26.739443571
        ]
      }
    },
    {
      "type": "Feature",
      "properties": {
        "name": "VINUKONDA VIJAYAWADA",
        "brand": "Jio-bp",
        "brand_code": "JIOBP",
        "address": "M/S SRI SIVA SAI FILLING STATION, SY.NO:-401/2A, NARASARAOPET ROAD, VINUKONDA -522647, GUNTUR DIST (A.P)",
        "state": "Andhra Pradesh",
        "city": "",
        "ro_code": "APF064",
        "amenity": "fuel",
        "source": "jiobp.com"
      },
      "geometry": {
        "type": "Point",
        "coordinates": [
          79.749805556,
          16.056333333
        ]
      }
    },
    {
      "type": "Feature",
      "properties": {
        "name": "JAGGAIAHPET TS",
        "brand": "Jio-bp",
        "brand_code": "JIOBP",
        "address": "MS :206/4, NH-9, GATTUBHIMAVARAM VILLAGE, VATSAVAI MANDAL, JAGGAYYAPET, KRISHNA (DIST)- 521175",
        "state": "Andhra Pradesh",
        "city": "",
        "ro_code": "APT015",
        "amenity": "fuel",
        "source": "jiobp.com"
      },
      "geometry": {
        "type": "Point",
        "coordinates": [
          80.170781954,
          16.876337583
        ]
      }
    },
    {
      "type": "Feature",
      "properties": {
        "name": "KATHIAL BADA-II",
        "brand": "Jio-bp",
        "brand_code": "JIOBP",
        "address": "M/S A N andSONS PETROLEUM SH NO 58, NADIAD KAPADWANJ ROAD SURVEY NO.830, NADIAD ROAD, KATHLAL DIST : KHEDA  387630",
        "state": "Gujarat",
        "city": "KATHIAL",
        "ro_code": "GJF263",
        "amenity": "fuel",
        "source": "jiobp.com"
      },
      "geometry": {
        "type": "Point",
        "coordinates": [
          72.989162635,
          22.893768158
        ]
      }
    },
    {
      "type": "Feature",
      "properties": {
        "name": "AJI INDUSTRIAL ESTATE",
        "brand": "Jio-bp",
        "brand_code": "JIOBP",
        "address": "CTS KACHERI NO.12, OPP FIELD MARSHAL., 80 FEET ROAD, AJI INDL, ESTATE RAJKOT 360570",
        "state": "Gujarat",
        "city": "Rajkot",
        "ro_code": "GJC046",
        "amenity": "fuel",
        "source": "jiobp.com"
      },
      "geometry": {
        "type": "Point",
        "coordinates": [
          70.81969402,
          22.282975559
        ]
      }
    },
    {
      "type": "Feature",
      "properties": {
        "name": "RAJKOT",
        "brand": "Jio-bp",
        "brand_code": "JIOBP",
        "address": "HIMALAYA CORPORATION, RAJKOT-AHMEDABAD ROAD, NH-8 , OPP.: EAGLE FARM, MALIYASAN- 363250",
        "state": "Gujarat",
        "city": "",
        "ro_code": "GJF141",
        "amenity": "fuel",
        "source": "jiobp.com"
      },
      "geometry": {
        "type": "Point",
        "coordinates": [
          70.875995968,
          22.330461862
        ]
      }
    },
    {
      "type": "Feature",
      "properties": {
        "name": "ITAWA",
        "brand": "Jio-bp",
        "brand_code": "JIOBP",
        "address": "Itawa filling station,khasra no:439,vil itawa teshsil pipalda,dist: kota 325004",
        "state": "Rajasthan",
        "city": "KOTA",
        "ro_code": "RJF063",
        "amenity": "fuel",
        "source": "jiobp.com"
      },
      "geometry": {
        "type": "Point",
        "coordinates": [
          76.386533846,
          25.54946764
        ]
      }
    },
    {
      "type": "Feature",
      "properties": {
        "name": "Dimnamore TS - JHM001 - MDU",
        "brand": "Jio-bp",
        "brand_code": "JIOBP",
        "address": "GROUND FLOOR, M-27, HOUSING COLONY, KANDRA MAIN ROAD ADITYAPUR-1 Jharkhand 831013",
        "state": "Jharkhand",
        "city": "",
        "ro_code": "JHM001",
        "amenity": "fuel",
        "source": "jiobp.com"
      },
      "geometry": {
        "type": "Point",
        "coordinates": [
          86.338833333,
          22.775777778
        ]
      }
    },
    {
      "type": "Feature",
      "properties": {
        "name": "MADANAPALLE",
        "brand": "Jio-bp",
        "brand_code": "JIOBP",
        "address": "DESAI PETROLEUM ,DOOR NO-17-91-2, SURVEY NO. 256, DIGUVA KAMMAPALLE VILLAGE, NEAR MILESTONE :1/6, NH 219, WARD NO. 17 OF MADANAPALLEE MUNCIPALITY, MADANPALLE, CHITOOR DISTRICT, ANDHRA PRADESH 517325",
        "state": "Andhra Pradesh",
        "city": "",
        "ro_code": "APF009",
        "amenity": "fuel",
        "source": "jiobp.com"
      },
      "geometry": {
        "type": "Point",
        "coordinates": [
          78.516611111,
          13.544055556
        ]
      }
    },
    {
      "type": "Feature",
      "properties": {
        "name": "Gangapur City",
        "brand": "Jio-bp",
        "brand_code": "JIOBP",
        "address": "Gangapurcity-Lalsot Road ,NH-11B,Khasra No. 49,50,51,53/2, in Village-Hingotiya, Tehsil-Gangapurcity, Distt.- Sawaimadhopur,Rajasthan-322201",
        "state": "Rajasthan",
        "city": "SAWAI MADHOPUR",
        "ro_code": "RJF004",
        "amenity": "fuel",
        "source": "jiobp.com"
      },
      "geometry": {
        "type": "Point",
        "coordinates": [
          76.703073273,
          26.478859206
        ]
      }
    },
    {
      "type": "Feature",
      "properties": {
        "name": "SHAHPURA TS",
        "brand": "Jio-bp",
        "brand_code": "JIOBP",
        "address": "KHASRA NO. - 886 TO 896 and 899 , LHS TOWARDS :- DELHI-JAIPUR , NH - 8 , VILLAGE :- LADA KA BAAS , TEHSIL :- KOTPUTLI , DISTRICT:-  JAIPUR ( RAJ.)  PIN CODE 303119",
        "state": "Rajasthan",
        "city": "SHAHPURA",
        "ro_code": "RJT001",
        "amenity": "fuel",
        "source": "jiobp.com"
      },
      "geometry": {
        "type": "Point",
        "coordinates": [
          76.0737083333,
          27.5464
        ]
      }
    },
    {
      "type": "Feature",
      "properties": {
        "name": "Baramati",
        "brand": "Jio-bp",
        "brand_code": "JIOBP",
        "address": "Reliance Petrolium gat no.169 bhigwan road baramati",
        "state": "Maharashtra",
        "city": "",
        "ro_code": "MHF017",
        "amenity": "fuel",
        "source": "jiobp.com"
      },
      "geometry": {
        "type": "Point",
        "coordinates": [
          74.581351924,
          18.155406524
        ]
      }
    },
    {
      "type": "Feature",
      "properties": {
        "name": "LONI KALBHOR PUNE",
        "brand": "Jio-bp",
        "brand_code": "JIOBP",
        "address": "GUT NO 898, PUNE-SOLAPUR HIGHWAY",
        "state": "Maharashtra",
        "city": "PUNE",
        "ro_code": "MHF154",
        "amenity": "fuel",
        "source": "jiobp.com"
      },
      "geometry": {
        "type": "Point",
        "coordinates": [
          73.999442171,
          18.491834236
        ]
      }
    },
    {
      "type": "Feature",
      "properties": {
        "name": "AMBUR CHENNAI",
        "brand": "Jio-bp",
        "brand_code": "JIOBP",
        "address": "34/1 Mc Road, Near Saisakthi Theatre,",
        "state": "Tamil Nadu",
        "city": "CHENNAI",
        "ro_code": "TNF010",
        "amenity": "fuel",
        "source": "jiobp.com"
      },
      "geometry": {
        "type": "Point",
        "coordinates": [
          78.715444832,
          12.777967233
        ]
      }
    },
    {
      "type": "Feature",
      "properties": {
        "name": "POLUR CHENNAI",
        "brand": "Jio-bp",
        "brand_code": "JIOBP",
        "address": "SY.NO.798/2 & 780/1, C.C.Road,",
        "state": "Tamil Nadu",
        "city": "POLUR",
        "ro_code": "TNF029",
        "amenity": "fuel",
        "source": "jiobp.com"
      },
      "geometry": {
        "type": "Point",
        "coordinates": [
          79.123726161,
          12.503761302
        ]
      }
    },
    {
      "type": "Feature",
      "properties": {
        "name": "CHITTORGARH (TS)",
        "brand": "Jio-bp",
        "brand_code": "JIOBP",
        "address": "KHASRA NO. - 2390, 2391, 2392, 2393, 2394 , 2607,2608 LHS TOWARDS :- BHILWARA-CHITTORGARH , NH -79 , VILLAGE :- SONIYANA",
        "state": "Rajasthan",
        "city": "",
        "ro_code": "RJT012",
        "amenity": "fuel",
        "source": "jiobp.com"
      },
      "geometry": {
        "type": "Point",
        "coordinates": [
          74.62465,
          25.1299055556
        ]
      }
    },
    {
      "type": "Feature",
      "properties": {
        "name": "BARHI",
        "brand": "Jio-bp",
        "brand_code": "JIOBP",
        "address": "NH-2, PLOT NO 144, NEAR JANJAGRAN KENDRA, VILLAGE BARSOT, POST OFFICE BARHI, DISTRICT: HAZARIBAGH",
        "state": "Jharkhand",
        "city": "BARHI",
        "ro_code": "JHF007",
        "amenity": "fuel",
        "source": "jiobp.com"
      },
      "geometry": {
        "type": "Point",
        "coordinates": [
          85.448278,
          24.286389
        ]
      }
    },
    {
      "type": "Feature",
      "properties": {
        "name": "SIRSAGANJ AGRA",
        "brand": "Jio-bp",
        "brand_code": "JIOBP",
        "address": "M/S. JYOTI FILLING STATION, 291, KHASRA NO 134  GARRHIYA MOHALLA,  DISTT. FIROZABAD. UP NH2, CHAINAGE 274.085, VILLAGE:- BHAWALI, POST;:- ARYA GURUKUL, SIRSAGANJ, TALUKA/TEHSIL:- SHIKOHABAD SHIKOHABAD ¿ 205135.",
        "state": "Uttar Pradesh",
        "city": "",
        "ro_code": "UWF055",
        "amenity": "fuel",
        "source": "jiobp.com"
      },
      "geometry": {
        "type": "Point",
        "coordinates": [
          78.70490188,
          27.044582807
        ]
      }
    },
    {
      "type": "Feature",
      "properties": {
        "name": "GOD BALAHA",
        "brand": "Jio-bp",
        "brand_code": "JIOBP",
        "address": "M/S RPMPL, GOD BALAHA, KHEWAT NO. 542, KHATIAN N0 785, MUSTKIL NO. 18and20, KILLA NO 23,3 MOUZA and VILLAGE: BALAKALAN, P.O: KRISHAN NAGAR, P.STN.: NANRAUL, TEHSIL: NARNAUL, DIST.: MAHENDERGARH -123001 HARYANA.",
        "state": "Haryana",
        "city": "",
        "ro_code": "HRF002",
        "amenity": "fuel",
        "source": "jiobp.com"
      },
      "geometry": {
        "type": "Point",
        "coordinates": [
          75.986186908,
          28.10534369
        ]
      }
    },
    {
      "type": "Feature",
      "properties": {
        "name": "NIZAMPUR",
        "brand": "Jio-bp",
        "brand_code": "JIOBP",
        "address": "M/S HARI OM FILLING STATION, HADBAST NO. 283, KHEWAT NO. 200/217, KHATIAN NO. 269/293, MUSTKIL NO. 42, KILA NO. 22/2,21/2,20/1,MOUZA and VILLAGE: PAWERA, P.O: NIZAMPUR, P. STN: NANGAL CHOUDHARY, TEHSIL NARNAUL, DIST.: MAHENDERGARH -123001 HARYANA.",
        "state": "Haryana",
        "city": "NIZAMPUR",
        "ro_code": "HRF003",
        "amenity": "fuel",
        "source": "jiobp.com"
      },
      "geometry": {
        "type": "Point",
        "coordinates": [
          76.0097470609,
          27.9725026547
        ]
      }
    },
    {
      "type": "Feature",
      "properties": {
        "name": "KOMARAPALAYAM SALEM",
        "brand": "Jio-bp",
        "brand_code": "JIOBP",
        "address": "T.S No.3A3, Ward C, New Pallipalayam Road,",
        "state": "Tamil Nadu",
        "city": "KOMARAPALAYAM",
        "ro_code": "TNF103",
        "amenity": "fuel",
        "source": "jiobp.com"
      },
      "geometry": {
        "type": "Point",
        "coordinates": [
          77.691333333,
          11.432333333
        ]
      }
    },
    {
      "type": "Feature",
      "properties": {
        "name": "SIYANA",
        "brand": "Jio-bp",
        "brand_code": "JIOBP",
        "address": "M/S SIYANA AUTO ENERGY, BUGRASI RD, SIYANA, UP KHASRA NO 1047, SH 65, BULANDSAHAR, SIYANA GARH MARG, SIYANA, BULANDSAHAR, UP 245412",
        "state": "Uttar Pradesh",
        "city": "Siyana",
        "ro_code": "UWF028",
        "amenity": "fuel",
        "source": "jiobp.com"
      },
      "geometry": {
        "type": "Point",
        "coordinates": [
          78.056071657,
          28.625755053
        ]
      }
    },
    {
      "type": "Feature",
      "properties": {
        "name": "CALICUT BYPASS COFO",
        "brand": "Jio-bp",
        "brand_code": "JIOBP",
        "address": "Calicut Mini Bypass Reliance Retail Outlet (KLF049),M/s. K. V. R. Auto Fuels, Mini By Pass Road, Karimbanapalam, Eranhipalam P.O.,Kozhikode District. PIN: 673006. Mr. Baiju: +919656090005.",
        "state": "Kerala",
        "city": "CALICUT",
        "ro_code": "KLF049",
        "amenity": "fuel",
        "source": "jiobp.com"
      },
      "geometry": {
        "type": "Point",
        "coordinates": [
          75.790722222,
          11.26825
        ]
      }
    },
    {
      "type": "Feature",
      "properties": {
        "name": "MAURANIPUR FF",
        "brand": "Jio-bp",
        "brand_code": "JIOBP",
        "address": "NAGARIA PARISAR, MAURANIPUR- DIST. JHANSI,U.P.NH-76,VILLAGE:MAU - DHIMLONI,POST OFFICE : MAURANIPUR, U.P, PIN CODE  284204",
        "state": "Uttar Pradesh",
        "city": "Mauranipur",
        "ro_code": "UWF016",
        "amenity": "fuel",
        "source": "jiobp.com"
      },
      "geometry": {
        "type": "Point",
        "coordinates": [
          79.141888889,
          25.25975
        ]
      }
    },
    {
      "type": "Feature",
      "properties": {
        "name": "BIJOLI KANPUR",
        "brand": "Jio-bp",
        "brand_code": "JIOBP",
        "address": "M/S OM SHANTI FILLING STATION, 37/1 CIVIL LINES NH-26, NEAREST MILESTONE NO 9,LALITPUR ROAD, BIJOLI DIST JHANSI UP 284001,",
        "state": "Uttar Pradesh",
        "city": "",
        "ro_code": "UWF053",
        "amenity": "fuel",
        "source": "jiobp.com"
      },
      "geometry": {
        "type": "Point",
        "coordinates": [
          78.555928698,
          25.375253354
        ]
      }
    },
    {
      "type": "Feature",
      "properties": {
        "name": "ALANG TRAPAJ FF",
        "brand": "Jio-bp",
        "brand_code": "JIOBP",
        "address": "159/P, NH 8E, VILLAGE TRAPAJ,POST_OFFICE : TRAPAJ DISTRICT-BHAVNAGAR  364150",
        "state": "Gujarat",
        "city": "",
        "ro_code": "GJF178",
        "amenity": "fuel",
        "source": "jiobp.com"
      },
      "geometry": {
        "type": "Point",
        "coordinates": [
          72.110912467,
          21.44525949
        ]
      }
    },
    {
      "type": "Feature",
      "properties": {
        "name": "VARTEJ TS",
        "brand": "Jio-bp",
        "brand_code": "JIOBP",
        "address": "SH 25, SURVEY NO: 18,VARTEJ, BHAVNAGAR-RAJKOT HIGHWAY,DISTRICT-BHAVNAGAR.PIN_CODE : 364060",
        "state": "Gujarat",
        "city": "VARTEJ",
        "ro_code": "GJT006",
        "amenity": "fuel",
        "source": "jiobp.com"
      },
      "geometry": {
        "type": "Point",
        "coordinates": [
          72.054652438,
          21.743457402
        ]
      }
    },
    {
      "type": "Feature",
      "properties": {
        "name": "SHIRPUR FF",
        "brand": "Jio-bp",
        "brand_code": "JIOBP",
        "address": "NH3 VILLAGE UNTAWAD,TALUKA SHIRPUR,DISTRICT DHULE , 425405",
        "state": "Maharashtra",
        "city": "SHIRPUR",
        "ro_code": "MHF112",
        "amenity": "fuel",
        "source": "jiobp.com"
      },
      "geometry": {
        "type": "Point",
        "coordinates": [
          74.884364261,
          21.314380752
        ]
      }
    },
    {
      "type": "Feature",
      "properties": {
        "name": "ARVI( DHULE) TS",
        "brand": "Jio-bp",
        "brand_code": "JIOBP",
        "address": "GUT. NO. 174/2 and 175/2, NH-3 NEAR HOTEL POONAM,  VILLAGE PURMEPADA,TAL-DISTRICT-DHULE. 424006",
        "state": "Maharashtra",
        "city": "ARVI(DHULE)",
        "ro_code": "MHT015",
        "amenity": "fuel",
        "source": "jiobp.com"
      },
      "geometry": {
        "type": "Point",
        "coordinates": [
          74.6933611,
          20.70575
        ]
      }
    },
    {
      "type": "Feature",
      "properties": {
        "name": "ODDENCHATRAM MADURAI",
        "brand": "Jio-bp",
        "brand_code": "JIOBP",
        "address": "SURVEY NO 640/4 PART, PALANI ROAD, KAIRASI NAGAR,  ODDENCHATARAM VILLAGE, ODDENCHATRAM TALUK, DINDIGUL DIST. 624619",
        "state": "Tamil Nadu",
        "city": "",
        "ro_code": "TNF022",
        "amenity": "fuel",
        "source": "jiobp.com"
      },
      "geometry": {
        "type": "Point",
        "coordinates": [
          77.753671292,
          10.48721059
        ]
      }
    },
    {
      "type": "Feature",
      "properties": {
        "name": "UDUMALPET COIMBATORE",
        "brand": "Jio-bp",
        "brand_code": "JIOBP",
        "address": "252 Pollachi Road,",
        "state": "Tamil Nadu",
        "city": "UDUMALPET",
        "ro_code": "TNF055",
        "amenity": "fuel",
        "source": "jiobp.com"
      },
      "geometry": {
        "type": "Point",
        "coordinates": [
          77.252725205,
          10.5854225
        ]
      }
    },
    {
      "type": "Feature",
      "properties": {
        "name": "HANSOT SURAT",
        "brand": "Jio-bp",
        "brand_code": "JIOBP",
        "address": "RELIANCE PETROL PUMP M/S.KUBER PETROLEUM SURVEY NO.6, HISSA NO.1+2/B, PAIKEE, SH NO. 6, HANSOT,  DIST : BHARUCH - 393030",
        "state": "Gujarat",
        "city": "Bharuch",
        "ro_code": "GJF228",
        "amenity": "fuel",
        "source": "jiobp.com"
      },
      "geometry": {
        "type": "Point",
        "coordinates": [
          72.811560477,
          21.582951839
        ]
      }
    },
    {
      "type": "Feature",
      "properties": {
        "name": "RAEBAREILY",
        "brand": "Jio-bp",
        "brand_code": "JIOBP",
        "address": "789/1 ,CIVIL LINES , RAIBARELLY(U.P.) 229001",
        "state": "Uttar Pradesh",
        "city": "",
        "ro_code": "UEF025",
        "amenity": "fuel",
        "source": "jiobp.com"
      },
      "geometry": {
        "type": "Point",
        "coordinates": [
          81.24917634,
          26.211461952
        ]
      }
    },
    {
      "type": "Feature",
      "properties": {
        "name": "KURSI ROAD LUCKNOW",
        "brand": "Jio-bp",
        "brand_code": "JIOBP",
        "address": "PLOT NO 22-23, VILLAGE JAHIRPUR, GAURABAGH, GUDUMBA, KURSI ROAD, LUCKNOW, UP-226026",
        "state": "Uttar Pradesh",
        "city": "Lucknow",
        "ro_code": "UEF090",
        "amenity": "fuel",
        "source": "jiobp.com"
      },
      "geometry": {
        "type": "Point",
        "coordinates": [
          81.00805447,
          26.973666696
        ]
      }
    },
    {
      "type": "Feature",
      "properties": {
        "name": "HAIDERGARH LUCKNOW",
        "brand": "Jio-bp",
        "brand_code": "JIOBP",
        "address": "HAIDERGARH LUCKNOW ROAD, GRAM- GATAUNA HAIDERGARH BARABANKI  HAIDERGARH. 227301",
        "state": "Uttar Pradesh",
        "city": "",
        "ro_code": "UEF009",
        "amenity": "fuel",
        "source": "jiobp.com"
      },
      "geometry": {
        "type": "Point",
        "coordinates": [
          81.348841817,
          26.619980911
        ]
      }
    },
    {
      "type": "Feature",
      "properties": {
        "name": "Lucknow 1",
        "brand": "Jio-bp",
        "brand_code": "JIOBP",
        "address": "VILL.- KUNWARPUR, NH-24, THESIL- SIDHAULI, DISTT.-  SITAPUR, UTTAR PRADESH PIN CODE 261303",
        "state": "Uttar Pradesh",
        "city": "",
        "ro_code": "UET001",
        "amenity": "fuel",
        "source": "jiobp.com"
      },
      "geometry": {
        "type": "Point",
        "coordinates": [
          80.865362223,
          27.152701949
        ]
      }
    },
    {
      "type": "Feature",
      "properties": {
        "name": "UJHANI FF",
        "brand": "Jio-bp",
        "brand_code": "JIOBP",
        "address": "Khasra No 386, 967, SITUATED AT VILLAGE MANAKPUR, PARGANA UJHANI, TEHSIL AND DIST BUDAUN, Budaun, Uttar Pradesh, 243639",
        "state": "Uttar Pradesh",
        "city": "Badaun",
        "ro_code": "UWF024",
        "amenity": "fuel",
        "source": "jiobp.com"
      },
      "geometry": {
        "type": "Point",
        "coordinates": [
          79.037497958,
          28.004604486
        ]
      }
    },
    {
      "type": "Feature",
      "properties": {
        "name": "DALKHOLA FF",
        "brand": "Jio-bp",
        "brand_code": "JIOBP",
        "address": "POST OFFICE KARANDIGHI, PS KARANDIGHI, VILLAGE PICHHLA, SUB DIVISION ISLAMGRAM, DISTRICT: UTTAR DINAJPUR, PANCHAYAT - KARANDIGHI",
        "state": "West Bengal",
        "city": "DALKHOLA",
        "ro_code": "WBF003",
        "amenity": "fuel",
        "source": "jiobp.com"
      },
      "geometry": {
        "type": "Point",
        "coordinates": [
          87.926944494,
          25.831057318
        ]
      }
    },
    {
      "type": "Feature",
      "properties": {
        "name": "GANDHINAGAR-BHOPAL",
        "brand": "Jio-bp",
        "brand_code": "JIOBP",
        "address": "NH-12,VILLAGE:PIPALNER,POST_OFFICE : GANDHINAGAR, TEHSIL HUZUR BHOPAL  462036",
        "state": "Madhya Pradesh",
        "city": "GANDHINAGAR",
        "ro_code": "MPF086",
        "amenity": "fuel",
        "source": "jiobp.com"
      },
      "geometry": {
        "type": "Point",
        "coordinates": [
          77.3359167,
          23.3031944
        ]
      }
    },
    {
      "type": "Feature",
      "properties": {
        "name": "Sehore Bypass",
        "brand": "Jio-bp",
        "brand_code": "JIOBP",
        "address": "KHASRA NO 379 / 2 / 2, TEHSIL- SEHORE, VILLAGE - RAFIQUEGANJ, Sehore, Madhya Pradesh, 466001",
        "state": "Madhya Pradesh",
        "city": "Bhopal",
        "ro_code": "MPF117",
        "amenity": "fuel",
        "source": "jiobp.com"
      },
      "geometry": {
        "type": "Point",
        "coordinates": [
          77.0295906,
          23.1745373
        ]
      }
    },
    {
      "type": "Feature",
      "properties": {
        "name": "WBF078-DHUPGURI SILIGURI",
        "brand": "Jio-bp",
        "brand_code": "JIOBP",
        "address": "Joy Filling Centre NH31 towards Dhupguri,JL No:67 Chura Bhander,PS:Maynaguri Distt: Jalpaiguri, West Bengal Dhupguri-735224",
        "state": "West Bengal",
        "city": "",
        "ro_code": "WBF078",
        "amenity": "fuel",
        "source": "jiobp.com"
      },
      "geometry": {
        "type": "Point",
        "coordinates": [
          88.960674779,
          26.581253528
        ]
      }
    },
    {
      "type": "Feature",
      "properties": {
        "name": "DEVAKOTTAI MADURAI",
        "brand": "Jio-bp",
        "brand_code": "JIOBP",
        "address": "RELIANCE RETAIL OUTLET,KMPN COMPLEX, SURVEY NO. 21/2, 11A, 11B,7 PT NH-210, NEAREST MS-103/0, DEVAKOTTAI-VILLAGE, SILAMPANI NORTH DEVAKOTTAI 630303 TAMILNADU",
        "state": "Tamil Nadu",
        "city": "DEVAKOTTAI",
        "ro_code": "TNF111",
        "amenity": "fuel",
        "source": "jiobp.com"
      },
      "geometry": {
        "type": "Point",
        "coordinates": [
          78.820261222,
          9.94815205
        ]
      }
    },
    {
      "type": "Feature",
      "properties": {
        "name": "VARANASI I TS",
        "brand": "Jio-bp",
        "brand_code": "JIOBP",
        "address": "VILL : THATRA, PARGANA KASWAR RAJA, TEHSIL : VARANASI, DISTT: VARANASI-221307",
        "state": "Uttar Pradesh",
        "city": "",
        "ro_code": "UET004",
        "amenity": "fuel",
        "source": "jiobp.com"
      },
      "geometry": {
        "type": "Point",
        "coordinates": [
          82.69861,
          25.26444
        ]
      }
    },
    {
      "type": "Feature",
      "properties": {
        "name": "HANDIA TS",
        "brand": "Jio-bp",
        "brand_code": "JIOBP",
        "address": "VILLAGE UPARDAHAN,TEHSIL HANDIA,ALLAHABAD NH-27,POST_OFFICE : HANDIA,, U.P, PIN_CODE : 221503",
        "state": "Uttar Pradesh",
        "city": "Allahabad",
        "ro_code": "UET005",
        "amenity": "fuel",
        "source": "jiobp.com"
      },
      "geometry": {
        "type": "Point",
        "coordinates": [
          82.237638889,
          25.349611111
        ]
      }
    },
    {
      "type": "Feature",
      "properties": {
        "name": "DAMAN 2",
        "brand": "Jio-bp",
        "brand_code": "JIOBP",
        "address": "M/S.AJIT PETROLEUM,SURVEY NO 485/P, 483/1, NR. DABHEL CHECK POST,VAPI DAMAN RD. NEAR  VAPI STATION DAMAN : 396215.",
        "state": "Daman and Diu",
        "city": "DAMAN",
        "ro_code": "GJF042",
        "amenity": "fuel",
        "source": "jiobp.com"
      },
      "geometry": {
        "type": "Point",
        "coordinates": [
          72.886209649,
          20.404311346
        ]
      }
    },
    {
      "type": "Feature",
      "properties": {
        "name": "KANNAUJ ( DODO )",
        "brand": "Jio-bp",
        "brand_code": "JIOBP",
        "address": "HARGOVIND DAS AGRO FARMS, G.T. ROAD, KANNAUJ KHATA KHATAUNI NO 73 ARAZI KAHSRA NO 765  PARAGNA and TEHSIL DIST KANNAUJ VILLAGE-RITUKALA, UP 209726",
        "state": "Uttar Pradesh",
        "city": "Kannauj",
        "ro_code": "UWF087",
        "amenity": "fuel",
        "source": "jiobp.com"
      },
      "geometry": {
        "type": "Point",
        "coordinates": [
          79.942944444,
          27.015638889
        ]
      }
    },
    {
      "type": "Feature",
      "properties": {
        "name": "HARUR SALEM",
        "brand": "Jio-bp",
        "brand_code": "JIOBP",
        "address": "156/1C Near NN Mahal, Bye Pass Road, Harur",
        "state": "Tamil Nadu",
        "city": "",
        "ro_code": "TNF099",
        "amenity": "fuel",
        "source": "jiobp.com"
      },
      "geometry": {
        "type": "Point",
        "coordinates": [
          78.479972222,
          12.047388889
        ]
      }
    },
    {
      "type": "Feature",
      "properties": {
        "name": "SANKAGIRI",
        "brand": "Jio-bp",
        "brand_code": "JIOBP",
        "address": "S.No. 45 / 1A1D, Iveli Village, Akkamapet,",
        "state": "Tamil Nadu",
        "city": "SANKAGIRI",
        "ro_code": "TNF050",
        "amenity": "fuel",
        "source": "jiobp.com"
      },
      "geometry": {
        "type": "Point",
        "coordinates": [
          77.855416667,
          11.467416667
        ]
      }
    },
    {
      "type": "Feature",
      "properties": {
        "name": "RAPAR (DODO)",
        "brand": "Jio-bp",
        "brand_code": "JIOBP",
        "address": "SURVEY NO:327/1, ON SH-51, DHORAVIRA ROAD, VILLAGE: RAPAR, DIST: KUTCH,   370165",
        "state": "Gujarat",
        "city": "KUTCH",
        "ro_code": "GJF134",
        "amenity": "fuel",
        "source": "jiobp.com"
      },
      "geometry": {
        "type": "Point",
        "coordinates": [
          70.64081217,
          23.566434877
        ]
      }
    },
    {
      "type": "Feature",
      "properties": {
        "name": "JAUNPUR VARANASI",
        "brand": "Jio-bp",
        "brand_code": "JIOBP",
        "address": "VILL: HESAMPUR, POST: JAFRABAD, POLICE STATION :JAFRABAD,TEHSIL SADAR DIST. JAUNPUR UP 222002",
        "state": "Uttar Pradesh",
        "city": "",
        "ro_code": "UEF046",
        "amenity": "fuel",
        "source": "jiobp.com"
      },
      "geometry": {
        "type": "Point",
        "coordinates": [
          82.706631661,
          25.707058531
        ]
      }
    },
    {
      "type": "Feature",
      "properties": {
        "name": "UNJHA AHMEDABAD 2",
        "brand": "Jio-bp",
        "brand_code": "JIOBP",
        "address": "PALNPUR MEHSANA STATE HIGHWAY NO 41 SURVEY NO. 1370, TPS NO.4, FP NO. 477,  NR. RAHUL GAS AGENCY, STATE HIGHWAY ROAD, UNJHA,   MEHSANA   384170",
        "state": "Gujarat",
        "city": "",
        "ro_code": "GJF125",
        "amenity": "fuel",
        "source": "jiobp.com"
      },
      "geometry": {
        "type": "Point",
        "coordinates": [
          72.3815722222,
          23.7934666667
        ]
      }
    },
    {
      "type": "Feature",
      "properties": {
        "name": "MAJHOLA",
        "brand": "Jio-bp",
        "brand_code": "JIOBP",
        "address": "RO-MAJHOLA, KHASRA NO. 983B TO 990B , MAJOLA - DELHI RD, MORADABAD, UP - 244001",
        "state": "Uttar Pradesh",
        "city": "",
        "ro_code": "UWC016",
        "amenity": "fuel",
        "source": "jiobp.com"
      },
      "geometry": {
        "type": "Point",
        "coordinates": [
          78.744429141,
          28.832465832
        ]
      }
    },
    {
      "type": "Feature",
      "properties": {
        "name": "CHANASMA (DODO)",
        "brand": "Jio-bp",
        "brand_code": "JIOBP",
        "address": "SURVEY NO.9/P,    MEHSANA HIGHWAY,  SH - 55, CHANASMA DIST. PATAN  384220",
        "state": "Gujarat",
        "city": "chanasma",
        "ro_code": "GJF182",
        "amenity": "fuel",
        "source": "jiobp.com"
      },
      "geometry": {
        "type": "Point",
        "coordinates": [
          72.119579721,
          23.717596912
        ]
      }
    },
    {
      "type": "Feature",
      "properties": {
        "name": "VISAKH 2 TS",
        "brand": "Jio-bp",
        "brand_code": "JIOBP",
        "address": "RELIANCE PETROLEUM RETAIL OUTLET, RAVADA-VILLAGE, BHOGAPURAM-POST, BHOGAPURAM-MANDAL, VIZAINAGARAM-DISTRICT  535216",
        "state": "Andhra Pradesh",
        "city": "Vishaka",
        "ro_code": "APT020",
        "amenity": "fuel",
        "source": "jiobp.com"
      },
      "geometry": {
        "type": "Point",
        "coordinates": [
          83.450202241,
          17.981905092
        ]
      }
    },
    {
      "type": "Feature",
      "properties": {
        "name": "CHANDPUR DEHRADUN",
        "brand": "Jio-bp",
        "brand_code": "JIOBP",
        "address": "M/S SHREE RAM ENTERPRISES, SAHUNAM STREET, CHANDPUR,   KHATA NO 242,243,637, 1500, KHASRA NO 2252, MAUJA QURBA CHANDEPUR, TEHSIL CHANDPUR,DISTT BIJNOR BIJNAR, UP -",
        "state": "Uttar Pradesh",
        "city": "",
        "ro_code": "UWF021",
        "amenity": "fuel",
        "source": "jiobp.com"
      },
      "geometry": {
        "type": "Point",
        "coordinates": [
          78.274461513,
          29.12511029
        ]
      }
    },
    {
      "type": "Feature",
      "properties": {
        "name": "HAMIRPUR CHANDIGARH",
        "brand": "Jio-bp",
        "brand_code": "JIOBP",
        "address": "MS-138,NH-88,VILLAGE: CHHATTAR, POST OFFICE:BHIRA, TEHSIL and DISTT: HAMIRPUR, PIN-177001  HAMIRPUR.RETAILOUTLET@RELPETROMAIL.COM",
        "state": "Himachal Pradesh",
        "city": "",
        "ro_code": "HPF011",
        "amenity": "fuel",
        "source": "jiobp.com"
      },
      "geometry": {
        "type": "Point",
        "coordinates": [
          76.529016161,
          31.674337525
        ]
      }
    },
    {
      "type": "Feature",
      "properties": {
        "name": "Ghaggal",
        "brand": "Jio-bp",
        "brand_code": "JIOBP",
        "address": "Village- Rajol, Distt. Kangra, Himachal Pradesh-176206",
        "state": "Himachal Pradesh",
        "city": "Kangra",
        "ro_code": "HPF020",
        "amenity": "fuel",
        "source": "jiobp.com"
      },
      "geometry": {
        "type": "Point",
        "coordinates": [
          76.232473984,
          32.178223104
        ]
      }
    },
    {
      "type": "Feature",
      "properties": {
        "name": "Sundernagar",
        "brand": "Jio-bp",
        "brand_code": "JIOBP",
        "address": "Village- Muhal Chamukha, Tehsil- Sundernagar, District- Mandi, Himachal Pradesh",
        "state": "Himachal Pradesh",
        "city": "Sundernagar",
        "ro_code": "HPF021",
        "amenity": "fuel",
        "source": "jiobp.com"
      },
      "geometry": {
        "type": "Point",
        "coordinates": [
          76.889217682,
          31.530581816
        ]
      }
    },
    {
      "type": "Feature",
      "properties": {
        "name": "MODI NAGAR NOIDA",
        "brand": "Jio-bp",
        "brand_code": "JIOBP",
        "address": "Plot No. 125/314, Khasra No. 314, Meerut - Ghaziabad Road, NH-58, Near Mile Stone-36, Vill. Sadabad Zakhewa, Tehsil - Modinagar, District: Ghaziabad, State: Uttar Pradesh - 201204",
        "state": "Uttar Pradesh",
        "city": "",
        "ro_code": "UWF030",
        "amenity": "fuel",
        "source": "jiobp.com"
      },
      "geometry": {
        "type": "Point",
        "coordinates": [
          77.5355916667,
          28.7955805556
        ]
      }
    },
    {
      "type": "Feature",
      "properties": {
        "name": "HAPUR CITY (DODO)",
        "brand": "Jio-bp",
        "brand_code": "JIOBP",
        "address": "Kh. No. 538, Moradabad - Delhi Road, Near Mile Stone 58, Hapur, District: Ghaziabad, State Uttar Pradesh - 245101",
        "state": "Uttar Pradesh",
        "city": "Hapur",
        "ro_code": "UWF088",
        "amenity": "fuel",
        "source": "jiobp.com"
      },
      "geometry": {
        "type": "Point",
        "coordinates": [
          77.779903799,
          28.730039786
        ]
      }
    },
    {
      "type": "Feature",
      "properties": {
        "name": "TILBEGAMPUR - UWM002 - MDU",
        "brand": "Jio-bp",
        "brand_code": "JIOBP",
        "address": "PLOT NO 35, HARBANS NAGAR, GHAZIABAD, UP 201001",
        "state": "Uttar Pradesh",
        "city": "",
        "ro_code": "UWM002",
        "amenity": "fuel",
        "source": "jiobp.com"
      },
      "geometry": {
        "type": "Point",
        "coordinates": [
          77.422416,
          28.678949
        ]
      }
    },
    {
      "type": "Feature",
      "properties": {
        "name": "BANAD JODHPUR",
        "brand": "Jio-bp",
        "brand_code": "JIOBP",
        "address": "Khasra No. 585/1, Vishnoiyon Ki Dhani, Village Banar Dist. Jodhpur Rajasthan 342027",
        "state": "Rajasthan",
        "city": "Jodhpur",
        "ro_code": "RJF109",
        "amenity": "fuel",
        "source": "jiobp.com"
      },
      "geometry": {
        "type": "Point",
        "coordinates": [
          73.097830934,
          26.316365284
        ]
      }
    },
    {
      "type": "Feature",
      "properties": {
        "name": "DASALPAR FF",
        "brand": "Jio-bp",
        "brand_code": "JIOBP",
        "address": "SURVEY NO 97P, VILLAGE NAYAGIRI, TALUKA BHUJ, DISTRICT: KUTCH",
        "state": "Gujarat",
        "city": "",
        "ro_code": "GJF132",
        "amenity": "fuel",
        "source": "jiobp.com"
      },
      "geometry": {
        "type": "Point",
        "coordinates": [
          69.515806,
          23.20636
        ]
      }
    },
    {
      "type": "Feature",
      "properties": {
        "name": "BHUJ CITY",
        "brand": "Jio-bp",
        "brand_code": "JIOBP",
        "address": "PLOT NO 1,  SURVEY NO. 159/P, ASHAPURA PARK, OPP: AIYA NAGAR, MUNDRA ROAD, KUTCH  370001",
        "state": "Gujarat",
        "city": "BHUJ",
        "ro_code": "GJC105",
        "amenity": "fuel",
        "source": "jiobp.com"
      },
      "geometry": {
        "type": "Point",
        "coordinates": [
          69.668346501,
          23.252032316
        ]
      }
    },
    {
      "type": "Feature",
      "properties": {
        "name": "HINGOLI",
        "brand": "Jio-bp",
        "brand_code": "JIOBP",
        "address": "AT POST BALSOND, POST HINGOLI SH 02 NH6,VILLAGE:ASHOKNAGAR  PARBHANI WASHIM ROAD DIST HINGOLI 431513",
        "state": "Maharashtra",
        "city": "",
        "ro_code": "MHF022",
        "amenity": "fuel",
        "source": "jiobp.com"
      },
      "geometry": {
        "type": "Point",
        "coordinates": [
          77.154611111,
          19.75
        ]
      }
    },
    {
      "type": "Feature",
      "properties": {
        "name": "BICCHIWARA",
        "brand": "Jio-bp",
        "brand_code": "JIOBP",
        "address": "KHASRA NO. - 2316 (OLD) 5301/2316 (NEW) , LHS TOWARDS :- UDAIPUR-RATANPUR , NH - 8 , VILLAGE :- SHISHOD , TEHSIL :- DUNGARPUR , DISTRICT:- DUNGARPUR    ( RAJ.)  PIN CODE 314011",
        "state": "Rajasthan",
        "city": "",
        "ro_code": "RJF097",
        "amenity": "fuel",
        "source": "jiobp.com"
      },
      "geometry": {
        "type": "Point",
        "coordinates": [
          73.5645638889,
          23.9189194444
        ]
      }
    },
    {
      "type": "Feature",
      "properties": {
        "name": "CHAUDAGRA",
        "brand": "Jio-bp",
        "brand_code": "JIOBP",
        "address": "GAYATRI PETROLEUM, CHAUDAGRA, KANPUR, ALLAHABAD ROAD,  VILLAGE MOHAR,PARGANA and TEHSIL BINDIKI, DIST. FATHEHPUR ( U.P ) 209111",
        "state": "Uttar Pradesh",
        "city": "",
        "ro_code": "UEF086",
        "amenity": "fuel",
        "source": "jiobp.com"
      },
      "geometry": {
        "type": "Point",
        "coordinates": [
          80.6157333333,
          26.098325
        ]
      }
    },
    {
      "type": "Feature",
      "properties": {
        "name": "KABRAI",
        "brand": "Jio-bp",
        "brand_code": "JIOBP",
        "address": "Khata no. 280, Gata No. 1604  On NH 34 , Near Mile Stone -174 , Village Kabrai , Tehsil - Mahoba, Police Station ¿ Mahoba, District ¿ Mahoba , Uttar Pradesh.",
        "state": "Uttar Pradesh",
        "city": "",
        "ro_code": "UEF095",
        "amenity": "fuel",
        "source": "jiobp.com"
      },
      "geometry": {
        "type": "Point",
        "coordinates": [
          79.981017,
          25.36923
        ]
      }
    },
    {
      "type": "Feature",
      "properties": {
        "name": "SAMASTIPUR",
        "brand": "Jio-bp",
        "brand_code": "JIOBP",
        "address": "NH-28, Plot no-1757(P), 1759(P), 1760(P), 1761(P), 1758(P), Khata no.364, 444, 427, 358, Mauza-Rupauli Bujurg, Thana no.262, Anchal-Sarairanjan, Pargana-Saraisa, P.S-Musrigharari, Dist-Samastipur, Bihar-848132.",
        "state": "Bihar",
        "city": "",
        "ro_code": "BHF025",
        "amenity": "fuel",
        "source": "jiobp.com"
      },
      "geometry": {
        "type": "Point",
        "coordinates": [
          85.76047077,
          25.787113515
        ]
      }
    },
    {
      "type": "Feature",
      "properties": {
        "name": "SUALKUCHI GUWAHATI",
        "brand": "Jio-bp",
        "brand_code": "JIOBP",
        "address": "DAG NO 291, PATTA NO 94, VILLAGE SANPARA",
        "state": "Assam",
        "city": "SUALKUCHI",
        "ro_code": "ASR014",
        "amenity": "fuel",
        "source": "jiobp.com"
      },
      "geometry": {
        "type": "Point",
        "coordinates": [
          91.569419157,
          26.169882662
        ]
      }
    },
    {
      "type": "Feature",
      "properties": {
        "name": "PURNEA BEGUSARAI",
        "brand": "Jio-bp",
        "brand_code": "JIOBP",
        "address": "NH-31, Plot No.514(P),516(P),451(P),515(P),Khata No.41,44,112,131, Old Khata No.141, 188,Old Plot No-78,997,Thana No.94, Thana Sadar, Mouza ¿  Mohammadpur, Dist.-Purnea, Bihar-854301.",
        "state": "Bihar",
        "city": "",
        "ro_code": "BHF032",
        "amenity": "fuel",
        "source": "jiobp.com"
      },
      "geometry": {
        "type": "Point",
        "coordinates": [
          87.576173242,
          25.801798313
        ]
      }
    },
    {
      "type": "Feature",
      "properties": {
        "name": "Kachhi Pakki",
        "brand": "Jio-bp",
        "brand_code": "JIOBP",
        "address": "Khata No.-170, 72, 106, 148, Khesra no.-1179, 1180, 1181, 1173(P), 1182(P), Anchal-Kudhani, Thana no-272, Distt-Muzaffarpur, Bihar-843119",
        "state": "Bihar",
        "city": "",
        "ro_code": "BHF040",
        "amenity": "fuel",
        "source": "jiobp.com"
      },
      "geometry": {
        "type": "Point",
        "coordinates": [
          85.437787669,
          26.050117358
        ]
      }
    },
    {
      "type": "Feature",
      "properties": {
        "name": "Lumshnong",
        "brand": "Jio-bp",
        "brand_code": "JIOBP",
        "address": "RME Synhen , Elaka: Narpuh, Lumshnong, Revenue Offince: Jowai, Dist: Jaintia Hills, Meghalaya",
        "state": "Meghalaya",
        "city": "",
        "ro_code": "MEF010",
        "amenity": "fuel",
        "source": "jiobp.com"
      },
      "geometry": {
        "type": "Point",
        "coordinates": [
          92.377336454,
          25.226249203
        ]
      }
    },
    {
      "type": "Feature",
      "properties": {
        "name": "ARIYAMANGALAM TRICHY",
        "brand": "Jio-bp",
        "brand_code": "JIOBP",
        "address": "SF No. 261/1A 1D1, Tanjore Main Road,",
        "state": "Tamil Nadu",
        "city": "TRICHY",
        "ro_code": "TNF089",
        "amenity": "fuel",
        "source": "jiobp.com"
      },
      "geometry": {
        "type": "Point",
        "coordinates": [
          78.714795191,
          10.812545427
        ]
      }
    },
    {
      "type": "Feature",
      "properties": {
        "name": "ARIYALUR TRICHY",
        "brand": "Jio-bp",
        "brand_code": "JIOBP",
        "address": "No.4 , Near Railway Gate,",
        "state": "Tamil Nadu",
        "city": "ARIYALUR",
        "ro_code": "TNF104",
        "amenity": "fuel",
        "source": "jiobp.com"
      },
      "geometry": {
        "type": "Point",
        "coordinates": [
          79.071785419,
          11.134177451
        ]
      }
    },
    {
      "type": "Feature",
      "properties": {
        "name": "CHEEKA KARNAL",
        "brand": "Jio-bp",
        "brand_code": "JIOBP",
        "address": "KHETWA NO.1355 KHATONI NO 1661 KHASRA NO 172/7/2/2(2-7), VILLAGE CHEEKA ,OPP.OLD RADHA SOAMI SATSANG, CHEEKA-KAITHAL ROAD,  TEHSIL GUHLA DISTT. KAITHAL HARYANA  131301",
        "state": "Haryana",
        "city": "",
        "ro_code": "HRF083",
        "amenity": "fuel",
        "source": "jiobp.com"
      },
      "geometry": {
        "type": "Point",
        "coordinates": [
          76.336600145,
          30.038575548
        ]
      }
    },
    {
      "type": "Feature",
      "properties": {
        "name": "CHHINDWARA",
        "brand": "Jio-bp",
        "brand_code": "JIOBP",
        "address": "Patwari Halka NO.22,Khasra No.32/26, 32/27 B.N.No.177 Mehta Colony Mata Mandir Ward No.22 Parasia Road Distt.Chhindwara-480001",
        "state": "Madhya Pradesh",
        "city": "CHHINDWARA",
        "ro_code": "MPC006",
        "amenity": "fuel",
        "source": "jiobp.com"
      },
      "geometry": {
        "type": "Point",
        "coordinates": [
          78.943189769,
          22.054270496
        ]
      }
    },
    {
      "type": "Feature",
      "properties": {
        "name": "NAMAKKAL",
        "brand": "Jio-bp",
        "brand_code": "JIOBP",
        "address": "NH7, NO. 191/1, PARAMATHI ROAD, VILLAGE and POST VALLIPURAM, NAMAKKAL TALUKA and DISTRICT. 637003 TN,",
        "state": "Tamil Nadu",
        "city": "Namakkal",
        "ro_code": "TNT011",
        "amenity": "fuel",
        "source": "jiobp.com"
      },
      "geometry": {
        "type": "Point",
        "coordinates": [
          78.1299416667,
          11.2069861111
        ]
      }
    },
    {
      "type": "Feature",
      "properties": {
        "name": "Durg City FF",
        "brand": "Jio-bp",
        "brand_code": "JIOBP",
        "address": "Survey No 492, State Higway 7 Pulgaon Naka.  Near KM stone 315 Durg City,  Pin Code :491001",
        "state": "Chattisgarh",
        "city": "",
        "ro_code": "CGF003",
        "amenity": "fuel",
        "source": "jiobp.com"
      },
      "geometry": {
        "type": "Point",
        "coordinates": [
          81.264825,
          21.1787472222
        ]
      }
    },
    {
      "type": "Feature",
      "properties": {
        "name": "RING ROAD NO-2 RAIPUR",
        "brand": "Jio-bp",
        "brand_code": "JIOBP",
        "address": "RING ROAD 2 NH 200 VILLAGE GONDWARA RAIPUR 493221",
        "state": "Chattisgarh",
        "city": "",
        "ro_code": "CGF010",
        "amenity": "fuel",
        "source": "jiobp.com"
      },
      "geometry": {
        "type": "Point",
        "coordinates": [
          81.635975838,
          21.265965437
        ]
      }
    },
    {
      "type": "Feature",
      "properties": {
        "name": "RAIPUR ROAD BILASPUR RAIPUR",
        "brand": "Jio-bp",
        "brand_code": "JIOBP",
        "address": "TRANSPORT NAGAR GATE,PRASADA,RAIPUR ROAD BILASPUR 495001",
        "state": "Chattisgarh",
        "city": "BILASPUR",
        "ro_code": "CGF007",
        "amenity": "fuel",
        "source": "jiobp.com"
      },
      "geometry": {
        "type": "Point",
        "coordinates": [
          82.134431642,
          22.063194807
        ]
      }
    },
    {
      "type": "Feature",
      "properties": {
        "name": "DHANAULA",
        "brand": "Jio-bp",
        "brand_code": "JIOBP",
        "address": "RELIANCE PETROL PUMP , BARNALA DHANAULA ROAD , VILLAGE MANA PINDI DHANAULA, NH - 7",
        "state": "Punjab",
        "city": "",
        "ro_code": "PBF011",
        "amenity": "fuel",
        "source": "jiobp.com"
      },
      "geometry": {
        "type": "Point",
        "coordinates": [
          75.5665,
          30.310111111
        ]
      }
    },
    {
      "type": "Feature",
      "properties": {
        "name": "SIHORA BHOPAL",
        "brand": "Jio-bp",
        "brand_code": "JIOBP",
        "address": "MOUZA PEHREBA,N.B.191, 11/76, RNM KHITOLA, WARD NO 7 OLD TEHSIL SHIORA DIST JABALPUR  PAHREWA NAKA, SIHORA  482001",
        "state": "Madhya Pradesh",
        "city": "",
        "ro_code": "MPF016",
        "amenity": "fuel",
        "source": "jiobp.com"
      },
      "geometry": {
        "type": "Point",
        "coordinates": [
          80.09806612,
          23.471222754
        ]
      }
    },
    {
      "type": "Feature",
      "properties": {
        "name": "Tewar",
        "brand": "Jio-bp",
        "brand_code": "JIOBP",
        "address": "Khasra No. 268/2, GRAM - TEWAR, JABALPUR, MP - 482003",
        "state": "Madhya Pradesh",
        "city": "Jabalpur",
        "ro_code": "MPF103",
        "amenity": "fuel",
        "source": "jiobp.com"
      },
      "geometry": {
        "type": "Point",
        "coordinates": [
          79.8536345,
          23.1547199
        ]
      }
    },
    {
      "type": "Feature",
      "properties": {
        "name": "SAKRA JABALPUR",
        "brand": "Jio-bp",
        "brand_code": "JIOBP",
        "address": "6, KACHNAR RESIDENCY, NAPIER TOWN, JABALPUR  482001",
        "state": "Madhya Pradesh",
        "city": "SAKRA",
        "ro_code": "MPR027",
        "amenity": "fuel",
        "source": "jiobp.com"
      },
      "geometry": {
        "type": "Point",
        "coordinates": [
          79.732222222,
          23.353333333
        ]
      }
    },
    {
      "type": "Feature",
      "properties": {
        "name": "Ahmednagar II",
        "brand": "Jio-bp",
        "brand_code": "JIOBP",
        "address": "F.PL. NO. 125/9C+9D, Near Hotel Yash Palace, Vill: Chahurana Khurd, Tal and Dist: Ahmednagar",
        "state": "Maharashtra",
        "city": "",
        "ro_code": "MHC005",
        "amenity": "fuel",
        "source": "jiobp.com"
      },
      "geometry": {
        "type": "Point",
        "coordinates": [
          74.738948649,
          19.089962221
        ]
      }
    },
    {
      "type": "Feature",
      "properties": {
        "name": "RAHTA FF",
        "brand": "Jio-bp",
        "brand_code": "JIOBP",
        "address": "SH10,SURVEY NO. 229 P, VILLAGE-PIMPLAS, NEAR SAI KRISHNA HOTEL,TALUKA RAHTA,NAGAR MANMAD RAOD DIST AHEMDNAGAR  423107",
        "state": "Maharashtra",
        "city": "AHMADNAGAR",
        "ro_code": "MHF081",
        "amenity": "fuel",
        "source": "jiobp.com"
      },
      "geometry": {
        "type": "Point",
        "coordinates": [
          74.494861111,
          19.694861111
        ]
      }
    },
    {
      "type": "Feature",
      "properties": {
        "name": "NEWASAPHATA",
        "brand": "Jio-bp",
        "brand_code": "JIOBP",
        "address": "GAT NO - 11, HANDI NIMGAON,  NEWASA PHATA, TALUKA NEWASA DIST.- AHMEDNAGAR 441601",
        "state": "Maharashtra",
        "city": "",
        "ro_code": "MHF132",
        "amenity": "fuel",
        "source": "jiobp.com"
      },
      "geometry": {
        "type": "Point",
        "coordinates": [
          74.960870138,
          19.521011683
        ]
      }
    },
    {
      "type": "Feature",
      "properties": {
        "name": "KOLHAR",
        "brand": "Jio-bp",
        "brand_code": "JIOBP",
        "address": "GAT NO 49  A1, AT POST  KOLHAR NAGAR -MANMAD ROAD, TALUKA:RAHATA,DIST:AHMEDNAGAR -413710",
        "state": "Maharashtra",
        "city": "",
        "ro_code": "MHF186",
        "amenity": "fuel",
        "source": "jiobp.com"
      },
      "geometry": {
        "type": "Point",
        "coordinates": [
          74.531357535,
          19.546324324
        ]
      }
    },
    {
      "type": "Feature",
      "properties": {
        "name": "VAIKOM COCHIN",
        "brand": "Jio-bp",
        "brand_code": "JIOBP",
        "address": "Vaikom Reliance Retail Outlet (KLF001),M/s. Devanarayana Fuels,North Jn, Near LIC Building,Naduvile Village, Vaikom,Kottayam District. PIN: 686141.Mr. Vijayan: +919605613311",
        "state": "Kerala",
        "city": "VAIKOM",
        "ro_code": "KLF001",
        "amenity": "fuel",
        "source": "jiobp.com"
      },
      "geometry": {
        "type": "Point",
        "coordinates": [
          76.396698762,
          9.756719084
        ]
      }
    },
    {
      "type": "Feature",
      "properties": {
        "name": "KUNDARA COCHIN",
        "brand": "Jio-bp",
        "brand_code": "JIOBP",
        "address": "Kundara Reliance Retail Outlet (KLF013), M/s. Mark Fuels, Mangad Village, Chandanathope, Kollam, Kollam District. PIN: 691016.Mr. Tahir: +919495553545",
        "state": "Kerala",
        "city": "Kundara",
        "ro_code": "KLF013",
        "amenity": "fuel",
        "source": "jiobp.com"
      },
      "geometry": {
        "type": "Point",
        "coordinates": [
          76.6405,
          8.928361111
        ]
      }
    },
    {
      "type": "Feature",
      "properties": {
        "name": "PALA COCHIN",
        "brand": "Jio-bp",
        "brand_code": "JIOBP",
        "address": "Pala Reliance Retail Outlet (KLF083),M/s Illathu Fuels, Lalam Village, Opp. St. Thomas School, Pala - Ettumanoor Road, Meenachil Taluk, Pala, Kottayam District. PIN: 686575.Mr. Appachan: +919447127745",
        "state": "Kerala",
        "city": "PALA",
        "ro_code": "KLF083",
        "amenity": "fuel",
        "source": "jiobp.com"
      },
      "geometry": {
        "type": "Point",
        "coordinates": [
          76.682121235,
          9.712111304
        ]
      }
    },
    {
      "type": "Feature",
      "properties": {
        "name": "DEVGURADIA INDORE",
        "brand": "Jio-bp",
        "brand_code": "JIOBP",
        "address": "KHASRA NO. 330/3/1 and 330/3/2, PALDA ROAD, INDORE  452017",
        "state": "Madhya Pradesh",
        "city": "DEVGURADIA",
        "ro_code": "MPF028",
        "amenity": "fuel",
        "source": "jiobp.com"
      },
      "geometry": {
        "type": "Point",
        "coordinates": [
          75.888576917,
          22.686396367
        ]
      }
    },
    {
      "type": "Feature",
      "properties": {
        "name": "KELLOD FF",
        "brand": "Jio-bp",
        "brand_code": "JIOBP",
        "address": "SH-27 VILLAGE KELLOD KARTAL, ADJOINING CARMEL CONVENT SCHOOL, KHANDWA ROAD, INDORE,  453331",
        "state": "Madhya Pradesh",
        "city": "INDORE",
        "ro_code": "MPF033",
        "amenity": "fuel",
        "source": "jiobp.com"
      },
      "geometry": {
        "type": "Point",
        "coordinates": [
          75.888943907,
          22.636487683
        ]
      }
    },
    {
      "type": "Feature",
      "properties": {
        "name": "ASIND",
        "brand": "Jio-bp",
        "brand_code": "JIOBP",
        "address": "Plot No 4251, On Beawar Asind Road, Asind, Distt. Bhilwara (Raj)",
        "state": "Rajasthan",
        "city": "ASIND",
        "ro_code": "RJF050",
        "amenity": "fuel",
        "source": "jiobp.com"
      },
      "geometry": {
        "type": "Point",
        "coordinates": [
          74.33525,
          25.735444444
        ]
      }
    },
    {
      "type": "Feature",
      "properties": {
        "name": "BARI",
        "brand": "Jio-bp",
        "brand_code": "JIOBP",
        "address": "Khasra No.39, Pop Nagar, Tehsil Bari, District Dholpur Rajasthan-323001",
        "state": "Rajasthan",
        "city": "DHOLPUR",
        "ro_code": "RJF112",
        "amenity": "fuel",
        "source": "jiobp.com"
      },
      "geometry": {
        "type": "Point",
        "coordinates": [
          77.584861111,
          26.642916667
        ]
      }
    },
    {
      "type": "Feature",
      "properties": {
        "name": "CHATRODA",
        "brand": "Jio-bp",
        "brand_code": "JIOBP",
        "address": "SURVEY NO.2, OPP.KM STONE 112, N.H.8D, VILLAGE:CHANDUVAV, TALUKA :VERAVAL, DISTRICT:JUNAGADH.  362265",
        "state": "Gujarat",
        "city": "",
        "ro_code": "GJF061",
        "amenity": "fuel",
        "source": "jiobp.com"
      },
      "geometry": {
        "type": "Point",
        "coordinates": [
          70.385489401,
          20.927000417
        ]
      }
    },
    {
      "type": "Feature",
      "properties": {
        "name": "SANKARANKOVIL",
        "brand": "Jio-bp",
        "brand_code": "JIOBP",
        "address": "S.No. 438 B/14C1, 438 B/15A1A  Kallappakulam Village,",
        "state": "Tamil Nadu",
        "city": "SANKARANKOVIL",
        "ro_code": "TNF126",
        "amenity": "fuel",
        "source": "jiobp.com"
      },
      "geometry": {
        "type": "Point",
        "coordinates": [
          77.535519,
          9.170733
        ]
      }
    },
    {
      "type": "Feature",
      "properties": {
        "name": "NAGOTHANE FF",
        "brand": "Jio-bp",
        "brand_code": "JIOBP",
        "address": "PLOT NO 239, VILLAGE PALAS, NEAR PETRON RESORT, MUMBAI GOA NH 17 NAGOTHANE, TALUKA ROHA, DISTRICT RAIGAD, MAHARASHTRA 402106",
        "state": "Maharashtra",
        "city": "Mumbai",
        "ro_code": "MHF051",
        "amenity": "fuel",
        "source": "jiobp.com"
      },
      "geometry": {
        "type": "Point",
        "coordinates": [
          73.119096481,
          18.572414456
        ]
      }
    },
    {
      "type": "Feature",
      "properties": {
        "name": "SAVLI BADA-I",
        "brand": "Jio-bp",
        "brand_code": "JIOBP",
        "address": "Reliance Petrol Pump S. No 2592/1 Paiki, Nr.Adhik Auto Service,Savli-Vadodara Crossing, Savli, District: Baroda",
        "state": "Gujarat",
        "city": "SAVLI",
        "ro_code": "GJF213",
        "amenity": "fuel",
        "source": "jiobp.com"
      },
      "geometry": {
        "type": "Point",
        "coordinates": [
          73.220379774,
          22.553089353
        ]
      }
    },
    {
      "type": "Feature",
      "properties": {
        "name": "Airport Circle",
        "brand": "Jio-bp",
        "brand_code": "JIOBP",
        "address": "R.S.NO/ BLOCK NO 386, KHATA NO.299, R.S,NO/BLOCKNO.385/2 AND TP NO .45, PLOT NO.195 AND 196, SAYAJIPURA, VADODARA GUJARAT-390019",
        "state": "Gujarat",
        "city": "Vadodara",
        "ro_code": "GJC196",
        "amenity": "fuel",
        "source": "jiobp.com"
      },
      "geometry": {
        "type": "Point",
        "coordinates": [
          73.221769,
          22.323716
        ]
      }
    },
    {
      "type": "Feature",
      "properties": {
        "name": "DODDABALLAPUR",
        "brand": "Jio-bp",
        "brand_code": "JIOBP",
        "address": "SURVEYNO 28, MUTHUR VILLAGE,KASABA HOBLI, SH09 DODDEBELLAPUR ,BANGALORE RURAL DT  561203",
        "state": "Karnataka",
        "city": "",
        "ro_code": "KRF085",
        "amenity": "fuel",
        "source": "jiobp.com"
      },
      "geometry": {
        "type": "Point",
        "coordinates": [
          77.554902723,
          13.272454761
        ]
      }
    },
    {
      "type": "Feature",
      "properties": {
        "name": "Kengeri",
        "brand": "Jio-bp",
        "brand_code": "JIOBP",
        "address": "S.No: 36/1A4 , 36/2F2 Pattangere village , Kengeri , Bangalore Urban",
        "state": "Karnataka",
        "city": "Bangalore",
        "ro_code": "KRC005",
        "amenity": "fuel",
        "source": "jiobp.com"
      },
      "geometry": {
        "type": "Point",
        "coordinates": [
          77.500829313,
          12.926320804
        ]
      }
    },
    {
      "type": "Feature",
      "properties": {
        "name": "CHOWKA JAMSHEDPUR",
        "brand": "Jio-bp",
        "brand_code": "JIOBP",
        "address": "PLOT.NO.409/A,KHATA NO.85, VIL:TIRUULDIH,PS.NO198,CHANDIL, DIST:-SERAIKELLA KHARSHWAN, CHOWKA",
        "state": "Jharkhand",
        "city": "CHOWKA",
        "ro_code": "JHF029",
        "amenity": "fuel",
        "source": "jiobp.com"
      },
      "geometry": {
        "type": "Point",
        "coordinates": [
          86.004895884,
          22.823772352
        ]
      }
    },
    {
      "type": "Feature",
      "properties": {
        "name": "BADA JAMDA JAMSHEDPUR",
        "brand": "Jio-bp",
        "brand_code": "JIOBP",
        "address": "PLOT NO. 1482, KHATA NO. 473,, MOUZA MAHUDI, THANA NOAMUNDI,, DIST WEST SINGHBHUM, JHARKHAND., BADA JAMDA",
        "state": "Jharkhand",
        "city": "BADA JAMDA",
        "ro_code": "JHF038",
        "amenity": "fuel",
        "source": "jiobp.com"
      },
      "geometry": {
        "type": "Point",
        "coordinates": [
          85.442554579,
          22.177320651
        ]
      }
    },
    {
      "type": "Feature",
      "properties": {
        "name": "ULLAL",
        "brand": "Jio-bp",
        "brand_code": "JIOBP",
        "address": "NH-17,VILLAGE:SY.NO 95-6AP1 -P4, SOMESHWAR VILLAGE, ,DISTRICT : DAKSHIN KANNADA , KARNATAKA, PIN_CODE : 575003",
        "state": "Karnataka",
        "city": "Ullal",
        "ro_code": "KRF036",
        "amenity": "fuel",
        "source": "jiobp.com"
      },
      "geometry": {
        "type": "Point",
        "coordinates": [
          74.865475395,
          12.776049148
        ]
      }
    },
    {
      "type": "Feature",
      "properties": {
        "name": "BATALA JALLANDHAR",
        "brand": "Jio-bp",
        "brand_code": "JIOBP",
        "address": "SH-66,LHS BATALA-JALANDHAR ROAD,5 KM FROM BATALA,VILL MISHARPUR,TEHSIL BATALA,DISTT-GURDASPUR-143505",
        "state": "Punjab",
        "city": "",
        "ro_code": "PBF030",
        "amenity": "fuel",
        "source": "jiobp.com"
      },
      "geometry": {
        "type": "Point",
        "coordinates": [
          75.221223183,
          31.790532606
        ]
      }
    },
    {
      "type": "Feature",
      "properties": {
        "name": "PATHANKOT TS",
        "brand": "Jio-bp",
        "brand_code": "JIOBP",
        "address": "VILL-JAMMU KALIHARI,NEAR MS7,NH-1A,MADHOPUR ROAD,SUJANPUR, TEHSIL-PATHANKOT-145023,DISTT-GURDASPUR",
        "state": "Punjab",
        "city": "PATHANKOT",
        "ro_code": "PBT003",
        "amenity": "fuel",
        "source": "jiobp.com"
      },
      "geometry": {
        "type": "Point",
        "coordinates": [
          75.6016763933,
          32.3027960382
        ]
      }
    },
    {
      "type": "Feature",
      "properties": {
        "name": "SAWAI MADHOPUR I",
        "brand": "Jio-bp",
        "brand_code": "JIOBP",
        "address": "SH 30,ALANPUR LINK ROAD BAJAJ SHOW ROOM, SAWAIMADHOPUR SAWAIMADHOPUR SAWAIMADHOPURCITY PIN_CODE : 322021",
        "state": "Rajasthan",
        "city": "Sawai Madhopur",
        "ro_code": "RJF002",
        "amenity": "fuel",
        "source": "jiobp.com"
      },
      "geometry": {
        "type": "Point",
        "coordinates": [
          76.367722222,
          25.992305556
        ]
      }
    },
    {
      "type": "Feature",
      "properties": {
        "name": "SAWAI MADHOPUR II FF",
        "brand": "Jio-bp",
        "brand_code": "JIOBP",
        "address": "SH 30,VILLAGE:BAMBORI,DISTRICT : SAWAI MADHOPUR , RAJASTHAN, PIN CODE 322001",
        "state": "Rajasthan",
        "city": "",
        "ro_code": "RJF003",
        "amenity": "fuel",
        "source": "jiobp.com"
      },
      "geometry": {
        "type": "Point",
        "coordinates": [
          76.356444486,
          26.015403531
        ]
      }
    },
    {
      "type": "Feature",
      "properties": {
        "name": "NASIK VI NASIK",
        "brand": "Jio-bp",
        "brand_code": "JIOBP",
        "address": "SHIVANJALI PETROLEUM, S.NO. 207/B/C, PLOT NO 6 +7 A MHASRUL SHIVAR DINDORI RD NASHIK 422004 Nasik",
        "state": "Maharashtra",
        "city": "NASIK",
        "ro_code": "MHC039",
        "amenity": "fuel",
        "source": "jiobp.com"
      },
      "geometry": {
        "type": "Point",
        "coordinates": [
          73.793047903,
          19.998733364
        ]
      }
    },
    {
      "type": "Feature",
      "properties": {
        "name": "AVADI CHENNAI CITY",
        "brand": "Jio-bp",
        "brand_code": "JIOBP",
        "address": "RELIANCE PETRO MARKETING LTD, NO. 5, CTH ROAD, NEAR BABU RAREDIAR KALAYAM MANDABAM, VILINJAMBAKKAM, TALUKA -  AVADI, DISTRICT - THIRUVALLU, PINCODE - 600054",
        "state": "Tamil Nadu",
        "city": "",
        "ro_code": "TNF027",
        "amenity": "fuel",
        "source": "jiobp.com"
      },
      "geometry": {
        "type": "Point",
        "coordinates": [
          80.087902562,
          13.119097233
        ]
      }
    },
    {
      "type": "Feature",
      "properties": {
        "name": "MALEGAON TS",
        "brand": "Jio-bp",
        "brand_code": "JIOBP",
        "address": "SURVEY NO 43-1 AND 43-2, NH-3, , VILLAGE CHIKALHOL,TAL MALEGAON DIST NASHIK. 423203",
        "state": "Maharashtra",
        "city": "MALEGAON",
        "ro_code": "MHT014",
        "amenity": "fuel",
        "source": "jiobp.com"
      },
      "geometry": {
        "type": "Point",
        "coordinates": [
          74.6160278,
          20.6073611
        ]
      }
    },
    {
      "type": "Feature",
      "properties": {
        "name": "LEBAD INDORE",
        "brand": "Jio-bp",
        "brand_code": "JIOBP",
        "address": "KHASRA NO :261/3/1/1, PATWARI HALKA NO.55, SURVEY NO.261/3, SEJWAYA, DIST-DHAR  454773",
        "state": "Madhya Pradesh",
        "city": "LEBAD",
        "ro_code": "MPF003",
        "amenity": "fuel",
        "source": "jiobp.com"
      },
      "geometry": {
        "type": "Point",
        "coordinates": [
          75.504128165,
          22.664208948
        ]
      }
    },
    {
      "type": "Feature",
      "properties": {
        "name": "KONNAGAR KOLKATA",
        "brand": "Jio-bp",
        "brand_code": "JIOBP",
        "address": "100/13, G T ROAD,, BAGKHAL, DIST HOOGHLY,, WEST BENGAL., HOOGHLY",
        "state": "West Bengal",
        "city": "KONNAGAR",
        "ro_code": "WBF060",
        "amenity": "fuel",
        "source": "jiobp.com"
      },
      "geometry": {
        "type": "Point",
        "coordinates": [
          88.3547638889,
          22.7156638889
        ]
      }
    },
    {
      "type": "Feature",
      "properties": {
        "name": "GOHANA KARNAL",
        "brand": "Jio-bp",
        "brand_code": "JIOBP",
        "address": "M/S PARAS FILLING STATION, VILLAGE-GOHANA, NEAR MS 31, GOHANA-ROHTAK ROAD, TEHSIL GOHANA DISTT. SONEPAT, HARYANA 131301",
        "state": "Haryana",
        "city": "GOHANA",
        "ro_code": "HRF023",
        "amenity": "fuel",
        "source": "jiobp.com"
      },
      "geometry": {
        "type": "Point",
        "coordinates": [
          76.6997574855,
          29.1179592112
        ]
      }
    },
    {
      "type": "Feature",
      "properties": {
        "name": "BHANDARA FF",
        "brand": "Jio-bp",
        "brand_code": "JIOBP",
        "address": "SURVEY NO 367/2 VILLAGE MUJBI ASHOK NAGAR POST SHAHPUR NH 53 DISTRICT BHANDARA  441906",
        "state": "Maharashtra",
        "city": "Bhandara",
        "ro_code": "MHF021",
        "amenity": "fuel",
        "source": "jiobp.com"
      },
      "geometry": {
        "type": "Point",
        "coordinates": [
          79.59816,
          21.15336
        ]
      }
    },
    {
      "type": "Feature",
      "properties": {
        "name": "TUMSAR",
        "brand": "Jio-bp",
        "brand_code": "JIOBP",
        "address": "KHAPA SQUARE TUMSAR GONDIA ROAD  DIST BHANDARA SURVEY NO 407,P.H.NO.23,MOUZA KHAPA,GRAMPANCHAYAT-MANGLI,TAH:TUMSAR,  441912",
        "state": "Maharashtra",
        "city": "",
        "ro_code": "MHF176",
        "amenity": "fuel",
        "source": "jiobp.com"
      },
      "geometry": {
        "type": "Point",
        "coordinates": [
          79.746456834,
          21.38206084
        ]
      }
    },
    {
      "type": "Feature",
      "properties": {
        "name": "ORAI KANPUR",
        "brand": "Jio-bp",
        "brand_code": "JIOBP",
        "address": "M/S V.R. PETROLEUM , NH-25 , JHANSI ROAD , BADAGAON , ORAI , DIST.-JALAUN, UP-285001",
        "state": "Uttar Pradesh",
        "city": "",
        "ro_code": "UWF051",
        "amenity": "fuel",
        "source": "jiobp.com"
      },
      "geometry": {
        "type": "Point",
        "coordinates": [
          79.398166667,
          25.960666667
        ]
      }
    },
    {
      "type": "Feature",
      "properties": {
        "name": "ALLIPUR NAGPUR II",
        "brand": "Jio-bp",
        "brand_code": "JIOBP",
        "address": "NEAR ST STAND, ALLIPUR, DIST: WARDHA., ALLIPUR-442304",
        "state": "Maharashtra",
        "city": "ALLIPUR",
        "ro_code": "MHR061",
        "amenity": "fuel",
        "source": "jiobp.com"
      },
      "geometry": {
        "type": "Point",
        "coordinates": [
          78.69218936,
          20.545282637
        ]
      }
    },
    {
      "type": "Feature",
      "properties": {
        "name": "HURA DURGAPUR",
        "brand": "Jio-bp",
        "brand_code": "JIOBP",
        "address": "DAG  3931(P),KHATIAN NO.167, JL.NO.24,TOUZI NO.19, HURA, VILLAGE-LODHURKA, PURULIA, PURULIA NH-60A",
        "state": "West Bengal",
        "city": "HURA",
        "ro_code": "WBF061",
        "amenity": "fuel",
        "source": "jiobp.com"
      },
      "geometry": {
        "type": "Point",
        "coordinates": [
          86.661496086,
          23.299275894
        ]
      }
    },
    {
      "type": "Feature",
      "properties": {
        "name": "GHATAKPUKUR",
        "brand": "Jio-bp",
        "brand_code": "JIOBP",
        "address": "VILLAGE: GHATAKPUKUR, PO: B GOBONDAPUR PS: BHANGAR, DISTT: SOUTH 24 PARGANAS, WB, GHATAKPUKUR",
        "state": "West Bengal",
        "city": "",
        "ro_code": "WBF025",
        "amenity": "fuel",
        "source": "jiobp.com"
      },
      "geometry": {
        "type": "Point",
        "coordinates": [
          88.613605212,
          22.506861988
        ]
      }
    },
    {
      "type": "Feature",
      "properties": {
        "name": "BASIRHAT",
        "brand": "Jio-bp",
        "brand_code": "JIOBP",
        "address": "Dag No: 3236, 3237 and 3238, Khatian No: 1646, J.L.No: 38, Within Raghunathpu, Vill. - Raghunathpur, P.O. -  Raghunathpur, P.S.  Basirhat, Dist. - 24 Parganas(North), WB, Pin 743428",
        "state": "West Bengal",
        "city": "BASIRHAT",
        "ro_code": "WBF047",
        "amenity": "fuel",
        "source": "jiobp.com"
      },
      "geometry": {
        "type": "Point",
        "coordinates": [
          88.859558437,
          22.662804093
        ]
      }
    },
    {
      "type": "Feature",
      "properties": {
        "name": "BELDA KOLKATA",
        "brand": "Jio-bp",
        "brand_code": "JIOBP",
        "address": "142(P)and143(P),KHATIAN NO-5,, YADAVCHOWK, J L NO-318,, P.S.-BELDA,PASCHIM MIDNAPORE., BELDA",
        "state": "West Bengal",
        "city": "",
        "ro_code": "WBF009",
        "amenity": "fuel",
        "source": "jiobp.com"
      },
      "geometry": {
        "type": "Point",
        "coordinates": [
          87.368987622,
          22.064191944
        ]
      }
    },
    {
      "type": "Feature",
      "properties": {
        "name": "BANDHNI",
        "brand": "Jio-bp",
        "brand_code": "JIOBP",
        "address": "SR NO 88, VILLAGE PORDA, TAL:  PETLAD, DIST: ANAND  388327",
        "state": "Gujarat",
        "city": "BANDHNI",
        "ro_code": "GJF138",
        "amenity": "fuel",
        "source": "jiobp.com"
      },
      "geometry": {
        "type": "Point",
        "coordinates": [
          72.823666667,
          22.542277778
        ]
      }
    },
    {
      "type": "Feature",
      "properties": {
        "name": "DHARNGADHRA",
        "brand": "Jio-bp",
        "brand_code": "JIOBP",
        "address": "PLOT NO:31-32,34-36 OPP. JANTA GINNING and PRESSING FACTORY, DHRANGADHARA, GUJARAT  363310",
        "state": "Gujarat",
        "city": "",
        "ro_code": "GJF076",
        "amenity": "fuel",
        "source": "jiobp.com"
      },
      "geometry": {
        "type": "Point",
        "coordinates": [
          71.475802607,
          22.986123432
        ]
      }
    },
    {
      "type": "Feature",
      "properties": {
        "name": "DHARMAJ",
        "brand": "Jio-bp",
        "brand_code": "JIOBP",
        "address": "SH-8,MILESTONE 6  DHARMAJ RO, SURVEY NO. 2405, VILLAGE: DHARMAJ, TAL: TARAPUR, DIST : ANAND, GUJARAT, PINCODE : 388435",
        "state": "Gujarat",
        "city": "",
        "ro_code": "GJF084",
        "amenity": "fuel",
        "source": "jiobp.com"
      },
      "geometry": {
        "type": "Point",
        "coordinates": [
          72.780014767,
          22.422032725
        ]
      }
    },
    {
      "type": "Feature",
      "properties": {
        "name": "PILUKHERA KARNAL",
        "brand": "Jio-bp",
        "brand_code": "JIOBP",
        "address": "KHEWAT NO 263 KHATONI NO 493 KHASRA NO 3/12/1 (5-13), 3//19/2(2-9), KHAWAT NO 437, KHATA NO 528, KILA NO 62, MILE STONE16, SH - 14, VILLAGE PILLUKHERA TEHSIL SAFIDON DISTT. JIND HARYANA 126113",
        "state": "Haryana",
        "city": "Pilukhera",
        "ro_code": "HRF081",
        "amenity": "fuel",
        "source": "jiobp.com"
      },
      "geometry": {
        "type": "Point",
        "coordinates": [
          76.470437089,
          29.360500534
        ]
      }
    },
    {
      "type": "Feature",
      "properties": {
        "name": "ASSANDH AMBALA",
        "brand": "Jio-bp",
        "brand_code": "JIOBP",
        "address": "KHEWAT NO 1947 MIN, ASSANDH, OPP SHANKAR, AGRA INDUATRIES, SH12, ASSAND, DISTT. KARNAL, HARYANA 132039",
        "state": "Haryana",
        "city": "ASSANDH",
        "ro_code": "HRF093",
        "amenity": "fuel",
        "source": "jiobp.com"
      },
      "geometry": {
        "type": "Point",
        "coordinates": [
          76.6183157852,
          29.5308221467
        ]
      }
    },
    {
      "type": "Feature",
      "properties": {
        "name": "KHURAI BHOPAL",
        "brand": "Jio-bp",
        "brand_code": "JIOBP",
        "address": "SHRIMANTH BHAVAN, KHURAI, DISTT-SAGAR  470117",
        "state": "Madhya Pradesh",
        "city": "",
        "ro_code": "MPF092",
        "amenity": "fuel",
        "source": "jiobp.com"
      },
      "geometry": {
        "type": "Point",
        "coordinates": [
          78.330907436,
          24.044484849
        ]
      }
    },
    {
      "type": "Feature",
      "properties": {
        "name": "GUNA TS",
        "brand": "Jio-bp",
        "brand_code": "JIOBP",
        "address": "NH-3,VILLAGE:NARONI, RPMPL NEAR POLICE CHOWKI A B ROAD ,ROTHAI  POST_OFFICE : RUTHIYAI,DISTRICT : GUNA , MP 473001",
        "state": "Madhya Pradesh",
        "city": "Guna",
        "ro_code": "MPT001",
        "amenity": "fuel",
        "source": "jiobp.com"
      },
      "geometry": {
        "type": "Point",
        "coordinates": [
          77.184777778,
          24.525138889
        ]
      }
    },
    {
      "type": "Feature",
      "properties": {
        "name": "Begusarai TCE",
        "brand": "Jio-bp",
        "brand_code": "JIOBP",
        "address": "Tauzi-1406,Khala-567,817,750,",
        "state": "Bihar",
        "city": "Begusarai",
        "ro_code": "BHX002",
        "amenity": "fuel",
        "source": "jiobp.com"
      },
      "geometry": {
        "type": "Point",
        "coordinates": [
          86.044729,
          25.446809
        ]
      }
    },
    {
      "type": "Feature",
      "properties": {
        "name": "BHAWANIGARH",
        "brand": "Jio-bp",
        "brand_code": "JIOBP",
        "address": "PATIALA ROAD, VILLAGE BALAD KALAN, BHAWANIGARH, DISTT SANGRUR  BHAWANIGARH.RETAILOUTLET@RELPETROMAIL.COM",
        "state": "Punjab",
        "city": "BHAWANIGARH",
        "ro_code": "PBF015",
        "amenity": "fuel",
        "source": "jiobp.com"
      },
      "geometry": {
        "type": "Point",
        "coordinates": [
          76.078916667,
          30.263444444
        ]
      }
    },
    {
      "type": "Feature",
      "properties": {
        "name": "GODHRA II FF",
        "brand": "Jio-bp",
        "brand_code": "JIOBP",
        "address": "SH 05,BESIDES HOTEL JYOTI KAMAL HOTEL, VADODARA GODHRA HIGHWAY, PO POPUTPURA, GODHRA  389001",
        "state": "Gujarat",
        "city": "",
        "ro_code": "GJF104",
        "amenity": "fuel",
        "source": "jiobp.com"
      },
      "geometry": {
        "type": "Point",
        "coordinates": [
          73.587160798,
          22.726009387
        ]
      }
    },
    {
      "type": "Feature",
      "properties": {
        "name": "BHAYANDER MUMBAI",
        "brand": "Jio-bp",
        "brand_code": "JIOBP",
        "address": "OLD SURVEY 365, NEW SURVEY NOS 71, H NO 1, 7, 21 VILLAGE GODDEV, NEAR SHIVAR GARDEN, KASHIMIRA ROAD, TALUKA BHYANADER, DISTRICT THANE 401105",
        "state": "Maharashtra",
        "city": "",
        "ro_code": "MHC072",
        "amenity": "fuel",
        "source": "jiobp.com"
      },
      "geometry": {
        "type": "Point",
        "coordinates": [
          72.864981857,
          19.28941035
        ]
      }
    },
    {
      "type": "Feature",
      "properties": {
        "name": "VASAI TS",
        "brand": "Jio-bp",
        "brand_code": "JIOBP",
        "address": "NH8,VIIL. VALIV,P.O. VASAI,THANE",
        "state": "Maharashtra",
        "city": "VASAI",
        "ro_code": "MHT008",
        "amenity": "fuel",
        "source": "jiobp.com"
      },
      "geometry": {
        "type": "Point",
        "coordinates": [
          72.8751389,
          19.42025
        ]
      }
    },
    {
      "type": "Feature",
      "properties": {
        "name": "KHAMBALIYA",
        "brand": "Jio-bp",
        "brand_code": "JIOBP",
        "address": "140/2, PAIKI, DIST:KHAMBALIYA JAMNAGAR / KHAMBALIYA HIGHWAY, SH-25,HARSHADPUR, JAMKHAMBALIYA JIGNESH BARCHHA, 5 GEB COLONY , GAYATRI NAGAR, 361305",
        "state": "Gujarat",
        "city": "",
        "ro_code": "GJF173",
        "amenity": "fuel",
        "source": "jiobp.com"
      },
      "geometry": {
        "type": "Point",
        "coordinates": [
          69.669099068,
          22.229531806
        ]
      }
    },
    {
      "type": "Feature",
      "properties": {
        "name": "LALPUR",
        "brand": "Jio-bp",
        "brand_code": "JIOBP",
        "address": "VERAI PETROLEUM, SURVEY N0-636/1, NEAR PRAGTESWAR TEMPLE, LALPUR/PORBANDAR ROAD, LALPUR, DIST-JAMNAGAR  361170",
        "state": "Gujarat",
        "city": "Lalpur",
        "ro_code": "GJF220",
        "amenity": "fuel",
        "source": "jiobp.com"
      },
      "geometry": {
        "type": "Point",
        "coordinates": [
          69.940560649,
          22.203262383
        ]
      }
    },
    {
      "type": "Feature",
      "properties": {
        "name": "JODA SAMBALPUR",
        "brand": "Jio-bp",
        "brand_code": "JIOBP",
        "address": "PLOT NO.187,KHATA NO.68, KHATA NO:174/137KISSAMTAILA II, KAMARJODA,TEHSIL:BARBIL, JODA",
        "state": "Odisha",
        "city": "KAMARJODA",
        "ro_code": "ORF007",
        "amenity": "fuel",
        "source": "jiobp.com"
      },
      "geometry": {
        "type": "Point",
        "coordinates": [
          85.422985128,
          21.965929354
        ]
      }
    },
    {
      "type": "Feature",
      "properties": {
        "name": "JEHANABAD PATNA",
        "brand": "Jio-bp",
        "brand_code": "JIOBP",
        "address": "ON NH-83, MAUZA KANAUDI",
        "state": "Bihar",
        "city": "",
        "ro_code": "BHF013",
        "amenity": "fuel",
        "source": "jiobp.com"
      },
      "geometry": {
        "type": "Point",
        "coordinates": [
          84.987967651,
          25.219934403
        ]
      }
    },
    {
      "type": "Feature",
      "properties": {
        "name": "GOHAD",
        "brand": "Jio-bp",
        "brand_code": "JIOBP",
        "address": "SURVEY NO. 162, BANDHA ROAD GOHAD  VILLAGE GOHADI, TAL GOHAD, DIST BHIND..  477116",
        "state": "Madhya Pradesh",
        "city": "",
        "ro_code": "MPF060",
        "amenity": "fuel",
        "source": "jiobp.com"
      },
      "geometry": {
        "type": "Point",
        "coordinates": [
          78.764694444,
          26.55175
        ]
      }
    },
    {
      "type": "Feature",
      "properties": {
        "name": "SARKHEJ FF",
        "brand": "Jio-bp",
        "brand_code": "JIOBP",
        "address": "SURVEY NO. 430/P , NEAR SARVOTTAM HOTEL, OPP CADILA ZYDUS RESEARCH CENTRE, NH-8A, VILLAGE - MORIYA , TALUKA - SANAND , DIST - AHMEDABAD ,  382210",
        "state": "Gujarat",
        "city": "AHMEDABAD",
        "ro_code": "GJF145",
        "amenity": "fuel",
        "source": "jiobp.com"
      },
      "geometry": {
        "type": "Point",
        "coordinates": [
          72.432367857,
          22.911281331
        ]
      }
    },
    {
      "type": "Feature",
      "properties": {
        "name": "GWALIOR",
        "brand": "Jio-bp",
        "brand_code": "JIOBP",
        "address": "Khasra Number 893, 894,895, 896, Sushera Kothi, Dilabar Ka Pura, Purani Chawani, Gwalior, Madhya Pradesh, 474005",
        "state": "Madhya Pradesh",
        "city": "Gwalior",
        "ro_code": "MPF109",
        "amenity": "fuel",
        "source": "jiobp.com"
      },
      "geometry": {
        "type": "Point",
        "coordinates": [
          78.174364,
          26.322331
        ]
      }
    },
    {
      "type": "Feature",
      "properties": {
        "name": "BIHARSHARIF I PATNA",
        "brand": "Jio-bp",
        "brand_code": "JIOBP",
        "address": "NH-31,PLOT NO 2697,KHATA NO.245, MOUZA-MAHANANDPUR,PS-DEEPNAGAR, ANCHAL:BIHARSHARIF,DIST-NALANDA, BIHARSHARIF I",
        "state": "Bihar",
        "city": "",
        "ro_code": "BHF019",
        "amenity": "fuel",
        "source": "jiobp.com"
      },
      "geometry": {
        "type": "Point",
        "coordinates": [
          85.520102329,
          25.163742084
        ]
      }
    },
    {
      "type": "Feature",
      "properties": {
        "name": "BEHEA FF",
        "brand": "Jio-bp",
        "brand_code": "JIOBP",
        "address": "NH-84, VILLAGE NAWADAH, MAUZA ANCHAL BEHEA, THANA NO 130, BEHEA, DISTRICT: BHOJPUR",
        "state": "Bihar",
        "city": "",
        "ro_code": "BHF020",
        "amenity": "fuel",
        "source": "jiobp.com"
      },
      "geometry": {
        "type": "Point",
        "coordinates": [
          84.477508887,
          25.583690084
        ]
      }
    },
    {
      "type": "Feature",
      "properties": {
        "name": "MORINDA CHANDIGARH (PUNJAB)",
        "brand": "Jio-bp",
        "brand_code": "JIOBP",
        "address": "VILLAGE BOOTGARH,PO - MORINDA,DISTT.- ROPAR",
        "state": "Punjab",
        "city": "Morinda",
        "ro_code": "PBF062",
        "amenity": "fuel",
        "source": "jiobp.com"
      },
      "geometry": {
        "type": "Point",
        "coordinates": [
          76.452722222,
          30.7865697187
        ]
      }
    },
    {
      "type": "Feature",
      "properties": {
        "name": "REWA-I",
        "brand": "Jio-bp",
        "brand_code": "JIOBP",
        "address": "Smart processingReliance Petrol Pump,CH 243, S.NO 674/2, NH 7Beside: Naresh Kumar and Co. GarrageVillage- BelaDistt ¿Rewa- 486001",
        "state": "Madhya Pradesh",
        "city": "REWA",
        "ro_code": "MPF019",
        "amenity": "fuel",
        "source": "jiobp.com"
      },
      "geometry": {
        "type": "Point",
        "coordinates": [
          81.21977378,
          24.506438523
        ]
      }
    },
    {
      "type": "Feature",
      "properties": {
        "name": "REWA BHOPAL",
        "brand": "Jio-bp",
        "brand_code": "JIOBP",
        "address": "N-H-7 ALLAHABAD ROAD BARA VILLAGE BARA, PATAWARI HALKA NO 394,TRHDIL HUSUR,DIST : REWA- 486001",
        "state": "Madhya Pradesh",
        "city": "Rewa",
        "ro_code": "MPF023",
        "amenity": "fuel",
        "source": "jiobp.com"
      },
      "geometry": {
        "type": "Point",
        "coordinates": [
          81.315361111,
          24.545222222
        ]
      }
    },
    {
      "type": "Feature",
      "properties": {
        "name": "BIKANER II (JAISALMER ROAD)",
        "brand": "Jio-bp",
        "brand_code": "JIOBP",
        "address": "NH15, KOLAYAT BIKANER, VILL-NATHUSAR, DIST. BIKANER, BIKANER, RAJASTHAN 334804",
        "state": "Rajasthan",
        "city": "",
        "ro_code": "RJF114",
        "amenity": "fuel",
        "source": "jiobp.com"
      },
      "geometry": {
        "type": "Point",
        "coordinates": [
          73.292235132,
          28.025273976
        ]
      }
    },
    {
      "type": "Feature",
      "properties": {
        "name": "HUBLI HUBLI",
        "brand": "Jio-bp",
        "brand_code": "JIOBP",
        "address": "CTS NO. 2975/121 G-1;G-2, NEAR BANKAPUR CHOWK, OLD P B ROAD, HUBLI -580024",
        "state": "Karnataka",
        "city": "",
        "ro_code": "KRF051",
        "amenity": "fuel",
        "source": "jiobp.com"
      },
      "geometry": {
        "type": "Point",
        "coordinates": [
          75.151700463,
          15.32459401
        ]
      }
    },
    {
      "type": "Feature",
      "properties": {
        "name": "ADILABAD TS",
        "brand": "Jio-bp",
        "brand_code": "JIOBP",
        "address": "SY.NO.8/3, NH 7, CHANDA VILLAGE, ADILABAD DISTRICT - 504001. ANDHRA PRADESH",
        "state": "Telangana",
        "city": "",
        "ro_code": "APT005",
        "amenity": "fuel",
        "source": "jiobp.com"
      },
      "geometry": {
        "type": "Point",
        "coordinates": [
          78.540833333,
          19.721944444
        ]
      }
    },
    {
      "type": "Feature",
      "properties": {
        "name": "MUZAFFARPUR CITY BARAUNI",
        "brand": "Jio-bp",
        "brand_code": "JIOBP",
        "address": "Khata No.- 559,530 /Plot No. 351,350 (K), 350 (KH), Vill-Adarsh Colony, Kalambagh Road, Thana - Kazi Mahmaddpur, Thana No-374, Ward No-28, Anchal - Musahri, Muzaffapur-842002, Bihar.",
        "state": "Bihar",
        "city": "",
        "ro_code": "BHC003",
        "amenity": "fuel",
        "source": "jiobp.com"
      },
      "geometry": {
        "type": "Point",
        "coordinates": [
          85.390543983,
          26.119561374
        ]
      }
    },
    {
      "type": "Feature",
      "properties": {
        "name": "GANGAVATI HOSPET",
        "brand": "Jio-bp",
        "brand_code": "JIOBP",
        "address": "M/S SHREYA PETROLEUM, DEALERS: RELIANCE INDUSTRIES LTD, (PETROLEUM BUSINESS) RETAIL OUTLET, PLOT NOS 13,14,15,18,19and20 FORMED OUT OF SY. NO. 152/B, JULY NAGAR, GANGAVATHI, RAICHUR ROAD, KOPPAL DIST.  583227",
        "state": "Karnataka",
        "city": "",
        "ro_code": "KRF024",
        "amenity": "fuel",
        "source": "jiobp.com"
      },
      "geometry": {
        "type": "Point",
        "coordinates": [
          76.536388889,
          15.436916667
        ]
      }
    },
    {
      "type": "Feature",
      "properties": {
        "name": "MANVI HOSPET",
        "brand": "Jio-bp",
        "brand_code": "JIOBP",
        "address": "M/S VASAVI FUEL FILLING STATION, SURVEY NO. 447/2, 15-5-408,409,410, RAICHUR - BANGALORE ROAD, MANVI TALUK, RAICHUR DIST  584123",
        "state": "Karnataka",
        "city": "",
        "ro_code": "KRF105",
        "amenity": "fuel",
        "source": "jiobp.com"
      },
      "geometry": {
        "type": "Point",
        "coordinates": [
          77.064612622,
          16.003960552
        ]
      }
    },
    {
      "type": "Feature",
      "properties": {
        "name": "NELAMANGLA",
        "brand": "Jio-bp",
        "brand_code": "JIOBP",
        "address": "SY. NO.113/1, SY. NO. 117/2, SY. NO. 115/1 , ARASHINAKUNTE VILLAGE, KASABA HOBLI , NELAMANGALA TQ, BANGALORE RURAL DISTRICT -562123",
        "state": "Karnataka",
        "city": "NELAMANGLA",
        "ro_code": "KRT005",
        "amenity": "fuel",
        "source": "jiobp.com"
      },
      "geometry": {
        "type": "Point",
        "coordinates": [
          77.408577472,
          13.086358405
        ]
      }
    },
    {
      "type": "Feature",
      "properties": {
        "name": "BAYAD",
        "brand": "Jio-bp",
        "brand_code": "JIOBP",
        "address": "SH-59, SURVEY NO 942, MODASA ROAD, AT and POST BAYAD, TAL- BAYAD,DIST SABARKANTHA-  383325",
        "state": "Gujarat",
        "city": "Bayad(Sabarkantha)",
        "ro_code": "GJF111",
        "amenity": "fuel",
        "source": "jiobp.com"
      },
      "geometry": {
        "type": "Point",
        "coordinates": [
          73.218114872,
          23.233637971
        ]
      }
    },
    {
      "type": "Feature",
      "properties": {
        "name": "MALPUR AHMEDABAD 2",
        "brand": "Jio-bp",
        "brand_code": "JIOBP",
        "address": "SURVEY NO. 143, SH NO. 05, AT and PO: MALPUR, VILLAGE:MALPUR, DIST: SABARKANTHA.  383345",
        "state": "Gujarat",
        "city": "",
        "ro_code": "GJF124",
        "amenity": "fuel",
        "source": "jiobp.com"
      },
      "geometry": {
        "type": "Point",
        "coordinates": [
          73.446293465,
          23.384656177
        ]
      }
    },
    {
      "type": "Feature",
      "properties": {
        "name": "RAMTEK",
        "brand": "Jio-bp",
        "brand_code": "JIOBP",
        "address": "PLOT NO 3 4 MOUZA CHARGAON MSH249 MANSAR RAMTEK ROAD GRAMPANCHAYAT KHEIRI BIJEWADA, DIST NAGPUR 441106",
        "state": "Maharashtra",
        "city": "Ramtek",
        "ro_code": "MHF166",
        "amenity": "fuel",
        "source": "jiobp.com"
      },
      "geometry": {
        "type": "Point",
        "coordinates": [
          79.298319123,
          21.395429496
        ]
      }
    },
    {
      "type": "Feature",
      "properties": {
        "name": "BELTHARAAD VARANASI",
        "brand": "Jio-bp",
        "brand_code": "JIOBP",
        "address": "VILL: AWAYAN, POST: BELTHARA ROAD, POLICE STATION: UBHAVA, PARGANA SIKANDERPUR GARVI TEHSIL BELTHRA DIST. BALLIA U.P.",
        "state": "Uttar Pradesh",
        "city": "",
        "ro_code": "UEF068",
        "amenity": "fuel",
        "source": "jiobp.com"
      },
      "geometry": {
        "type": "Point",
        "coordinates": [
          83.813419496,
          26.115502619
        ]
      }
    },
    {
      "type": "Feature",
      "properties": {
        "name": "MAKRANA",
        "brand": "Jio-bp",
        "brand_code": "JIOBP",
        "address": "PATTA 694, LHS TOWARDS :- MAKRANA-BORAWAR , SH - 2, VILLAGE :- GUNAWATI , TEHSIL :- PARBATSAR , DISTRICT:-  NAGAUR PIN CODE 341505",
        "state": "Rajasthan",
        "city": "Makrana(Nagaur)",
        "ro_code": "RJF071",
        "amenity": "fuel",
        "source": "jiobp.com"
      },
      "geometry": {
        "type": "Point",
        "coordinates": [
          74.731440714,
          27.051245015
        ]
      }
    },
    {
      "type": "Feature",
      "properties": {
        "name": "SIKAR (RANOLI) (DODO)",
        "brand": "Jio-bp",
        "brand_code": "JIOBP",
        "address": "AMBIKA PAETROLEUM, 387/1/1/2 and 387/1/21/1/1, NH-11, MILE STONE - 337,  KHASRA NO. - 387/1, VILLAGE PATWAR HALKA MALKHERA, TALUKA and DISTRICT SIKAR RAJASTHAN, PIN 332001",
        "state": "Rajasthan",
        "city": "",
        "ro_code": "RJF115",
        "amenity": "fuel",
        "source": "jiobp.com"
      },
      "geometry": {
        "type": "Point",
        "coordinates": [
          75.231861111,
          27.562666667
        ]
      }
    },
    {
      "type": "Feature",
      "properties": {
        "name": "BASAVKALYAN HOSPET",
        "brand": "Jio-bp",
        "brand_code": "JIOBP",
        "address": "M/S B D HOLKUNDE PETROLEUM SERVICE, DEALERS: RELIANCE INDUSTRIES LTD, (PETROLEUM BUSINESS) RETAIL OUTLET, SURVEY NO. 201, NH 9, SASTAPUR VILLAGE,MANTALA HOBLI,BASAVAKALYAN TALUK, BIDAR DIST  585327",
        "state": "Karnataka",
        "city": "",
        "ro_code": "KRF096",
        "amenity": "fuel",
        "source": "jiobp.com"
      },
      "geometry": {
        "type": "Point",
        "coordinates": [
          76.915433426,
          17.828953902
        ]
      }
    },
    {
      "type": "Feature",
      "properties": {
        "name": "BALASORE",
        "brand": "Jio-bp",
        "brand_code": "JIOBP",
        "address": "VILLAGE GANDESWAPUR, PS REMUNA, DISTRICT: BALASORE",
        "state": "Odisha",
        "city": "",
        "ro_code": "ORC001",
        "amenity": "fuel",
        "source": "jiobp.com"
      },
      "geometry": {
        "type": "Point",
        "coordinates": [
          86.925702368,
          21.499434688
        ]
      }
    },
    {
      "type": "Feature",
      "properties": {
        "name": "ABHAYAPURI",
        "brand": "Jio-bp",
        "brand_code": "JIOBP",
        "address": "DAGNO15 OLD,13NEW,PATANO88 OLD, 160NEW,VILL-DEOHATI,UTTARPARA,, PO.ABHAYAPURI,DIST-BONGAIGAON,, ABHAYAPURI",
        "state": "Assam",
        "city": "ABHAYAPURI",
        "ro_code": "ASR016",
        "amenity": "fuel",
        "source": "jiobp.com"
      },
      "geometry": {
        "type": "Point",
        "coordinates": [
          90.665337911,
          26.337272143
        ]
      }
    },
    {
      "type": "Feature",
      "properties": {
        "name": "NAD JN. VIZAG",
        "brand": "Jio-bp",
        "brand_code": "JIOBP",
        "address": "SRI BARFANI PETROLEUM, SRI BARFANI FILLING STATION, OPPSITE TO NSTL GATE,NAD JUNCTION, VISHAKAPATNAM  530016",
        "state": "Andhra Pradesh",
        "city": "VIZAG",
        "ro_code": "APC055",
        "amenity": "fuel",
        "source": "jiobp.com"
      },
      "geometry": {
        "type": "Point",
        "coordinates": [
          83.238066496,
          17.745316237
        ]
      }
    },
    {
      "type": "Feature",
      "properties": {
        "name": "LAKHIPUR GUWAHATI",
        "brand": "Jio-bp",
        "brand_code": "JIOBP",
        "address": "LHS ON PWD ROAD,DAG NO 658,659, PATTA NO 416(OLD),765(NEW),77, LAKHIPUR,DIST:GOALPARA;ASSAM, LAKHIPUR",
        "state": "Assam",
        "city": "LAKHIPUR",
        "ro_code": "ASR013",
        "amenity": "fuel",
        "source": "jiobp.com"
      },
      "geometry": {
        "type": "Point",
        "coordinates": [
          90.300180886,
          26.033187779
        ]
      }
    },
    {
      "type": "Feature",
      "properties": {
        "name": "CHEGAON MAKHAN INDORE",
        "brand": "Jio-bp",
        "brand_code": "JIOBP",
        "address": "KM STONE 114, SH 27, INDORE- BURHANPUR ROAD, CHEGAON MAKHAN, KHANDWA. MP 450001",
        "state": "Madhya Pradesh",
        "city": "CHEGAON MAKHAN",
        "ro_code": "MPF082",
        "amenity": "fuel",
        "source": "jiobp.com"
      },
      "geometry": {
        "type": "Point",
        "coordinates": [
          76.210016895,
          21.842840917
        ]
      }
    },
    {
      "type": "Feature",
      "properties": {
        "name": "JAISINGHPUR FF",
        "brand": "Jio-bp",
        "brand_code": "JIOBP",
        "address": "MSH3,GAT NO.254,SANGLI KOLHAPUR ROAD,CHIPRI PATA,MAUJE NANDNI JAISINGPUR  416101",
        "state": "Maharashtra",
        "city": "KOLHAPUR",
        "ro_code": "MHF076",
        "amenity": "fuel",
        "source": "jiobp.com"
      },
      "geometry": {
        "type": "Point",
        "coordinates": [
          74.51358,
          16.75841
        ]
      }
    },
    {
      "type": "Feature",
      "properties": {
        "name": "ISLAMPUR KOLHAPUR",
        "brand": "Jio-bp",
        "brand_code": "JIOBP",
        "address": "PETH SANGLI ROAD,ISLAMPUR  VILLAAGE:URAN,  TALUKA:WALVA,DIST:SANGLI  415409",
        "state": "Maharashtra",
        "city": "Islampur",
        "ro_code": "MHF147",
        "amenity": "fuel",
        "source": "jiobp.com"
      },
      "geometry": {
        "type": "Point",
        "coordinates": [
          74.268507621,
          17.044459043
        ]
      }
    },
    {
      "type": "Feature",
      "properties": {
        "name": "DALAUDA INDORE",
        "brand": "Jio-bp",
        "brand_code": "JIOBP",
        "address": "SURVEY NO.416,414, BANIKHEDI, DALAUDA, DIST.MANDSAUR  458667",
        "state": "Madhya Pradesh",
        "city": "DALAUDA",
        "ro_code": "MPF024",
        "amenity": "fuel",
        "source": "jiobp.com"
      },
      "geometry": {
        "type": "Point",
        "coordinates": [
          75.100990003,
          23.94958131
        ]
      }
    },
    {
      "type": "Feature",
      "properties": {
        "name": "CHAMARAJANAGAR",
        "brand": "Jio-bp",
        "brand_code": "JIOBP",
        "address": "Sy No 685 Chamarajanagar Village ,Kasaba Hobli Chamarajanagar Taluk",
        "state": "Karnataka",
        "city": "",
        "ro_code": "KRF059",
        "amenity": "fuel",
        "source": "jiobp.com"
      },
      "geometry": {
        "type": "Point",
        "coordinates": [
          76.934944444,
          11.929972222
        ]
      }
    },
    {
      "type": "Feature",
      "properties": {
        "name": "MADHUGIRI",
        "brand": "Jio-bp",
        "brand_code": "JIOBP",
        "address": "RELIANCE PETROL BUNK,KHATA NO:5247/3995,WARD NO:22,HARIHARAROPPA VILLAGE,KASABA HOBLI,TUMKUR RAOD,MADHUGIRI TALUKA,TUMKUR DIST  572132",
        "state": "Karnataka",
        "city": "NA",
        "ro_code": "KRF103",
        "amenity": "fuel",
        "source": "jiobp.com"
      },
      "geometry": {
        "type": "Point",
        "coordinates": [
          77.21435076,
          13.651092032
        ]
      }
    },
    {
      "type": "Feature",
      "properties": {
        "name": "KALOL",
        "brand": "Jio-bp",
        "brand_code": "JIOBP",
        "address": "AHMEDABAD MEHSANA HIGHWAY KM STONE NO.27,PLOT NO.8, GIDC,  KALOL (NG)  GANDHINAGAR   382725",
        "state": "Gujarat",
        "city": "Kalol",
        "ro_code": "GJF078",
        "amenity": "fuel",
        "source": "jiobp.com"
      },
      "geometry": {
        "type": "Point",
        "coordinates": [
          72.5087611111,
          23.2252166667
        ]
      }
    },
    {
      "type": "Feature",
      "properties": {
        "name": "NAYAGAON",
        "brand": "Jio-bp",
        "brand_code": "JIOBP",
        "address": "M/S Gayatri Petroleum, Khasra No 214/5, 244/5, Vill Narsimhapur, Nayagaon Distt Narsinghpur-487001",
        "state": "Madhya Pradesh",
        "city": "",
        "ro_code": "MPR033",
        "amenity": "fuel",
        "source": "jiobp.com"
      },
      "geometry": {
        "type": "Point",
        "coordinates": [
          79.30077175,
          23.037126289
        ]
      }
    },
    {
      "type": "Feature",
      "properties": {
        "name": "DODHEWALA",
        "brand": "Jio-bp",
        "brand_code": "JIOBP",
        "address": "RELIANCE PETRO MARKETING PVT LTD, SITTO GUNNO-SADULSAHAR ROAD, VILLAGE DODHEWALA. DISTT FEROZPUR.  DODHEWALA.RETAILOUTLET@RELPETROMAIL.COM",
        "state": "Punjab",
        "city": "DODHEWALA",
        "ro_code": "PBF082",
        "amenity": "fuel",
        "source": "jiobp.com"
      },
      "geometry": {
        "type": "Point",
        "coordinates": [
          74.243388889,
          29.966333333
        ]
      }
    },
    {
      "type": "Feature",
      "properties": {
        "name": "TIRUPPUR COIMBATORE",
        "brand": "Jio-bp",
        "brand_code": "JIOBP",
        "address": "S.F No 23 B/ 2A1, Near Vealaythasamy Kalyan Mahal, K. Chettipalayam, Dharapuram Road, Tiruppur",
        "state": "Tamil Nadu",
        "city": "",
        "ro_code": "TNC006",
        "amenity": "fuel",
        "source": "jiobp.com"
      },
      "geometry": {
        "type": "Point",
        "coordinates": [
          77.369860729,
          11.07564827
        ]
      }
    },
    {
      "type": "Feature",
      "properties": {
        "name": "DEOGHAR DEOGHAR",
        "brand": "Jio-bp",
        "brand_code": "JIOBP",
        "address": "PLOT NO 22(P), JAMABANDI NO 09/1",
        "state": "Jharkhand",
        "city": "DEOGHAR",
        "ro_code": "JHF017",
        "amenity": "fuel",
        "source": "jiobp.com"
      },
      "geometry": {
        "type": "Point",
        "coordinates": [
          86.737531823,
          24.49012725
        ]
      }
    },
    {
      "type": "Feature",
      "properties": {
        "name": "PAKUR",
        "brand": "Jio-bp",
        "brand_code": "JIOBP",
        "address": "PLOT NO 89(P) and 91(P) , MOUZA PIYADJAMABANDI / KHATA NO 14 and 39, PO and PS PAKUR",
        "state": "Jharkhand",
        "city": "HAZARIBAGH",
        "ro_code": "JHF025",
        "amenity": "fuel",
        "source": "jiobp.com"
      },
      "geometry": {
        "type": "Point",
        "coordinates": [
          87.841723591,
          24.642903499
        ]
      }
    },
    {
      "type": "Feature",
      "properties": {
        "name": "BARHARWA DUMKA",
        "brand": "Jio-bp",
        "brand_code": "JIOBP",
        "address": "JAMABANDI NO :12, DAG NO 495",
        "state": "Jharkhand",
        "city": "BARHARWA",
        "ro_code": "JHF052",
        "amenity": "fuel",
        "source": "jiobp.com"
      },
      "geometry": {
        "type": "Point",
        "coordinates": [
          87.876511619,
          24.879643605
        ]
      }
    },
    {
      "type": "Feature",
      "properties": {
        "name": "MALEGAON FF",
        "brand": "Jio-bp",
        "brand_code": "JIOBP",
        "address": "SURVEY NO. 122/1A , GUT NO. 378 . MALEGAON VILLAGE , TALUKA : MALEGAON , DIST:WASHIM PIN-444503",
        "state": "Maharashtra",
        "city": "",
        "ro_code": "MHF133",
        "amenity": "fuel",
        "source": "jiobp.com"
      },
      "geometry": {
        "type": "Point",
        "coordinates": [
          76.99475,
          20.236083333
        ]
      }
    },
    {
      "type": "Feature",
      "properties": {
        "name": "Kalamb",
        "brand": "Jio-bp",
        "brand_code": "JIOBP",
        "address": "Survey No 65 A/2,  Near B.T.E.D college, Parli Road, Kalam, Osmanabad Dist 413507",
        "state": "Maharashtra",
        "city": "Kalam",
        "ro_code": "MHF157",
        "amenity": "fuel",
        "source": "jiobp.com"
      },
      "geometry": {
        "type": "Point",
        "coordinates": [
          76.031805556,
          18.58525
        ]
      }
    },
    {
      "type": "Feature",
      "properties": {
        "name": "BAHRAICH II LUCKNOW",
        "brand": "Jio-bp",
        "brand_code": "JIOBP",
        "address": "ASSAM ROAD MALIPUR CROSSING NEAR GALLA MANDI BEHRAICH  VILLAGE SALARPUR PARGANAILLAGE SALARPUR PARGANA and TEHSIL and DIST. BAHRAICH U.P.271801",
        "state": "Uttar Pradesh",
        "city": "",
        "ro_code": "UEF062",
        "amenity": "fuel",
        "source": "jiobp.com"
      },
      "geometry": {
        "type": "Point",
        "coordinates": [
          81.626880768,
          27.597117709
        ]
      }
    },
    {
      "type": "Feature",
      "properties": {
        "name": "VIRPUR BADA",
        "brand": "Jio-bp",
        "brand_code": "JIOBP",
        "address": "BALASINOR, VIRPUR GANDHARI LUNAVADA STATE HIGHWAY, SY.NO.184/185, NR.YOGESHWAR PARK, TA: VIRPUR, DIST: KHEDA",
        "state": "Gujarat",
        "city": "VIRPUR",
        "ro_code": "GJF230",
        "amenity": "fuel",
        "source": "jiobp.com"
      },
      "geometry": {
        "type": "Point",
        "coordinates": [
          73.483960647,
          23.18960922
        ]
      }
    },
    {
      "type": "Feature",
      "properties": {
        "name": "MEHMDABAD BADA-II",
        "brand": "Jio-bp",
        "brand_code": "JIOBP",
        "address": "GHANSHYAM PETROLEUM, SH- 03,SURVEY NO.186/1,  KHATREJ AHMEDABAD ROAD,  KHATREJ   CHOKDI MAHEMDABAD",
        "state": "Gujarat",
        "city": "MEHMDABAD",
        "ro_code": "GJF096",
        "amenity": "fuel",
        "source": "jiobp.com"
      },
      "geometry": {
        "type": "Point",
        "coordinates": [
          72.775334375,
          22.82376239
        ]
      }
    },
    {
      "type": "Feature",
      "properties": {
        "name": "PALANPUR FF",
        "brand": "Jio-bp",
        "brand_code": "JIOBP",
        "address": "SURVEY NO 307/P,  PALANPUR AHMEDABAD HIGHWAY,   VILL JAGANA, PALANPUR,  BANASKANTHA  385001",
        "state": "Gujarat",
        "city": "PALANPUR",
        "ro_code": "GJF150",
        "amenity": "fuel",
        "source": "jiobp.com"
      },
      "geometry": {
        "type": "Point",
        "coordinates": [
          72.4088495,
          24.135541639
        ]
      }
    },
    {
      "type": "Feature",
      "properties": {
        "name": "AMBAJI AHMEDABAD II",
        "brand": "Jio-bp",
        "brand_code": "JIOBP",
        "address": "SURVEY NO 78/3, VILLAGE AMBAJI",
        "state": "Gujarat",
        "city": "AMBAJI",
        "ro_code": "GJF223",
        "amenity": "fuel",
        "source": "jiobp.com"
      },
      "geometry": {
        "type": "Point",
        "coordinates": [
          72.82181053,
          24.308988469
        ]
      }
    },
    {
      "type": "Feature",
      "properties": {
        "name": "RAJKOT CITY-TA1-P1 CODO",
        "brand": "Jio-bp",
        "brand_code": "JIOBP",
        "address": "SURVEY NO.3501, KATHIAWADI CAR BAZAR, GONDAL ROAD,GONDAL DHEVAR RD JUNCTIOIN RAJKOT 360004",
        "state": "Gujarat",
        "city": "rajkot",
        "ro_code": "GJC045",
        "amenity": "fuel",
        "source": "jiobp.com"
      },
      "geometry": {
        "type": "Point",
        "coordinates": [
          70.799031472,
          22.279372753
        ]
      }
    },
    {
      "type": "Feature",
      "properties": {
        "name": "CHANDIKOL TS",
        "brand": "Jio-bp",
        "brand_code": "JIOBP",
        "address": "NH-5, IN FRONT OF SADBHAV CONSTRUCTION, POST OFFICE DHARMASALA, DISTRICT: JAJPUR, AT SHANKHARIDIHA",
        "state": "Odisha",
        "city": "CHANDIKOL",
        "ro_code": "ORT002",
        "amenity": "fuel",
        "source": "jiobp.com"
      },
      "geometry": {
        "type": "Point",
        "coordinates": [
          86.150208614,
          20.752222212
        ]
      }
    },
    {
      "type": "Feature",
      "properties": {
        "name": "RAMGAJMANDI KOTA",
        "brand": "Jio-bp",
        "brand_code": "JIOBP",
        "address": "SHRI RADHE KISHAN FILLING STATION,CEMENT ROAD, KHASRA NO. 196, RAMGANJMANDI PIN CODE 326519",
        "state": "Rajasthan",
        "city": "RAMGAJMANDI",
        "ro_code": "RJF034",
        "amenity": "fuel",
        "source": "jiobp.com"
      },
      "geometry": {
        "type": "Point",
        "coordinates": [
          75.967430852,
          24.651346394
        ]
      }
    },
    {
      "type": "Feature",
      "properties": {
        "name": "KESHORAIPATAN",
        "brand": "Jio-bp",
        "brand_code": "JIOBP",
        "address": "SH 33, VILLAGE-ISHWARNAGAR, TEHSIL-KESHORAIPATAN, KOTA ROAD, DISTT-BUNDI PIN CODE  323602",
        "state": "Rajasthan",
        "city": "",
        "ro_code": "RJF047",
        "amenity": "fuel",
        "source": "jiobp.com"
      },
      "geometry": {
        "type": "Point",
        "coordinates": [
          75.919472222,
          25.308611111
        ]
      }
    },
    {
      "type": "Feature",
      "properties": {
        "name": "DIMNAMORE TS",
        "brand": "Jio-bp",
        "brand_code": "JIOBP",
        "address": "NH-33, VILLAGE BHAGABANDH, POST OFFICE PIPLA, JAMSHEDPUR, DISTRICT: EAST SINGHBHUM",
        "state": "Jharkhand",
        "city": "DIMNAMORE",
        "ro_code": "JHT002",
        "amenity": "fuel",
        "source": "jiobp.com"
      },
      "geometry": {
        "type": "Point",
        "coordinates": [
          86.338833333,
          22.775777778
        ]
      }
    },
    {
      "type": "Feature",
      "properties": {
        "name": "Dimnamore TS - JHM002 - MDU",
        "brand": "Jio-bp",
        "brand_code": "JIOBP",
        "address": "GROUND FLOOR, M-27, HOUSING COLONY, KANDRA MAIN ROAD ADITYAPUR-1 Jharkhand 831013",
        "state": "Jharkhand",
        "city": "",
        "ro_code": "JHM002",
        "amenity": "fuel",
        "source": "jiobp.com"
      },
      "geometry": {
        "type": "Point",
        "coordinates": [
          86.338833333,
          22.775777778
        ]
      }
    },
    {
      "type": "Feature",
      "properties": {
        "name": "RISHIKESH (DODO)",
        "brand": "Jio-bp",
        "brand_code": "JIOBP",
        "address": "M/S STAR PETROLIUM,GANGA VIHAR , UT KHASRA NO. 1/13 (OLD) 476 (K) and 477 (G) NEW SITUATED AT VILLAG DHALWALA, HARIDWAR RD, RISHIKESH, DEHADUN, PATTI - DHAMAND SYUM, DEOPRAYAG, NARENDRA NAGAR, GARHWAL, UTTARNCHAL 249201",
        "state": "Uttarakhand",
        "city": "",
        "ro_code": "UTF001",
        "amenity": "fuel",
        "source": "jiobp.com"
      },
      "geometry": {
        "type": "Point",
        "coordinates": [
          78.283690164,
          30.114821772
        ]
      }
    },
    {
      "type": "Feature",
      "properties": {
        "name": "HINDAUN BHARATPUR",
        "brand": "Jio-bp",
        "brand_code": "JIOBP",
        "address": "RELIANCE PETROLPUMP, KHASRA 79 SH 25 MAHAWA ROAD OPP JHANDU KA PURA HINDAUN CITY DISTT. KARAULI RAJASTHAN",
        "state": "Rajasthan",
        "city": "",
        "ro_code": "RJF014",
        "amenity": "fuel",
        "source": "jiobp.com"
      },
      "geometry": {
        "type": "Point",
        "coordinates": [
          77.02771595,
          26.762047805
        ]
      }
    },
    {
      "type": "Feature",
      "properties": {
        "name": "JAIPUR(PALDI MEENA) TS",
        "brand": "Jio-bp",
        "brand_code": "JIOBP",
        "address": "SH 33, VILLAGE-ISHWARNAGAR, TEHSIL-KESHORAIPATAN, KOTA ROAD, DISTT-BUNDI  PIN_CODE : 303012",
        "state": "Rajasthan",
        "city": "",
        "ro_code": "RJT019",
        "amenity": "fuel",
        "source": "jiobp.com"
      },
      "geometry": {
        "type": "Point",
        "coordinates": [
          75.927611111,
          26.878333333
        ]
      }
    },
    {
      "type": "Feature",
      "properties": {
        "name": "ARAKKONAM CHENNAI",
        "brand": "Jio-bp",
        "brand_code": "JIOBP",
        "address": "S.No. 1/3, 6th Gandhi Nagar,",
        "state": "Tamil Nadu",
        "city": "ARAKKONAM",
        "ro_code": "TNF071",
        "amenity": "fuel",
        "source": "jiobp.com"
      },
      "geometry": {
        "type": "Point",
        "coordinates": [
          79.672729748,
          13.078726826
        ]
      }
    },
    {
      "type": "Feature",
      "properties": {
        "name": "DIBRUGARH 1",
        "brand": "Jio-bp",
        "brand_code": "JIOBP",
        "address": "ON NH-37, CHAINAGE 589, VILLAGE TEKELA",
        "state": "Assam",
        "city": "DIBRUGARH",
        "ro_code": "ASF005",
        "amenity": "fuel",
        "source": "jiobp.com"
      },
      "geometry": {
        "type": "Point",
        "coordinates": [
          94.891020817,
          27.468217648
        ]
      }
    },
    {
      "type": "Feature",
      "properties": {
        "name": "LANKA",
        "brand": "Jio-bp",
        "brand_code": "JIOBP",
        "address": "ON NH 54 EXTENSION CHAINAGWE 22.5, VILL:PUB BHALUKMARI,, PO:LANKA,DIST:NAGAON,ASSAM, LANKA",
        "state": "Assam",
        "city": "Lanka",
        "ro_code": "ASF015",
        "amenity": "fuel",
        "source": "jiobp.com"
      },
      "geometry": {
        "type": "Point",
        "coordinates": [
          92.953959178,
          25.930999974
        ]
      }
    },
    {
      "type": "Feature",
      "properties": {
        "name": "DIMAPUR CITY JORHAT",
        "brand": "Jio-bp",
        "brand_code": "JIOBP",
        "address": "87 METERS FROM CITY TOWER POINT",
        "state": "Nagaland",
        "city": "",
        "ro_code": "NGC001",
        "amenity": "fuel",
        "source": "jiobp.com"
      },
      "geometry": {
        "type": "Point",
        "coordinates": [
          94.127254477,
          25.769104536
        ]
      }
    },
    {
      "type": "Feature",
      "properties": {
        "name": "NAGAON GUWAHATI",
        "brand": "Jio-bp",
        "brand_code": "JIOBP",
        "address": "DAGNO.202,203,212 PATTANO:262, VILL:KASHARIGAON, CHALCHALI, RCO:SAMAGURI, DISTT:NAGAON., NAGAON",
        "state": "Assam",
        "city": "NAGAON",
        "ro_code": "ASF010",
        "amenity": "fuel",
        "source": "jiobp.com"
      },
      "geometry": {
        "type": "Point",
        "coordinates": [
          92.671177962,
          26.346452017
        ]
      }
    },
    {
      "type": "Feature",
      "properties": {
        "name": "ZIRA LUDHIANA",
        "brand": "Jio-bp",
        "brand_code": "JIOBP",
        "address": "NH-15,VILL-LEHRAN ROHI, TEHSIL-ZIRA, ZIRA-142047. DISTT-FEROZEPUR",
        "state": "Punjab",
        "city": "",
        "ro_code": "PBF071",
        "amenity": "fuel",
        "source": "jiobp.com"
      },
      "geometry": {
        "type": "Point",
        "coordinates": [
          74.9647088541,
          30.9382514053
        ]
      }
    },
    {
      "type": "Feature",
      "properties": {
        "name": "FEROZPUR FF",
        "brand": "Jio-bp",
        "brand_code": "JIOBP",
        "address": "ZIRA FEROZEPUR ROAD, VILL- VALLOR,PO SANDHE HASHAM, DISTT FEROZEPUR,                 PIN-152001",
        "state": "Punjab",
        "city": "FEROZPUR",
        "ro_code": "PBF090",
        "amenity": "fuel",
        "source": "jiobp.com"
      },
      "geometry": {
        "type": "Point",
        "coordinates": [
          74.730861111,
          30.944361111
        ]
      }
    },
    {
      "type": "Feature",
      "properties": {
        "name": "Biswanath Chariali",
        "brand": "Jio-bp",
        "brand_code": "JIOBP",
        "address": "Vill : Kamar gaon Nagar, Mouza: Bishwanath, Revenue Circle office : Bishwanath , District: Sonitpur Assam",
        "state": "Assam",
        "city": "",
        "ro_code": "ASF012",
        "amenity": "fuel",
        "source": "jiobp.com"
      },
      "geometry": {
        "type": "Point",
        "coordinates": [
          93.15321963,
          26.742090309
        ]
      }
    },
    {
      "type": "Feature",
      "properties": {
        "name": "I.PANGIDI / KOVVUR FF",
        "brand": "Jio-bp",
        "brand_code": "JIOBP",
        "address": "MDR 1801, 20/1and56 (P), ISUKAPATLAPANGIDI VILLAGE, KOVVUR MANDAL,WEST GODAVARI, DIST. 534342",
        "state": "Andhra Pradesh",
        "city": "I.Pangdi/Kovvur(West",
        "ro_code": "APF057",
        "amenity": "fuel",
        "source": "jiobp.com"
      },
      "geometry": {
        "type": "Point",
        "coordinates": [
          81.645278,
          17.018333
        ]
      }
    },
    {
      "type": "Feature",
      "properties": {
        "name": "ETAH FF",
        "brand": "Jio-bp",
        "brand_code": "JIOBP",
        "address": "Anshu enterprises H.No 258, Village & post Malawan ,NH 91 ETAH 207001(UP)",
        "state": "Uttar Pradesh",
        "city": "",
        "ro_code": "UWT001",
        "amenity": "fuel",
        "source": "jiobp.com"
      },
      "geometry": {
        "type": "Point",
        "coordinates": [
          78.838063875,
          27.470739873
        ]
      }
    },
    {
      "type": "Feature",
      "properties": {
        "name": "MUZAFFARNAGAR TS",
        "brand": "Jio-bp",
        "brand_code": "JIOBP",
        "address": "Reliance Petrol Pump, Plot No, Khasra.No.47,48,49,50,51/196,Khatoni no.498,607, On Muzaffarnagar-Khatauli Road(NH-58)Near K.M.Stone 107, Village Husainpur Bopara,Teh.-Janshat,, Taluka: Jansath, District:MUZAFFARNAGAR, State: Uttar Pradesh, PIN-CODE : 251203",
        "state": "Uttar Pradesh",
        "city": "",
        "ro_code": "UWT005",
        "amenity": "fuel",
        "source": "jiobp.com"
      },
      "geometry": {
        "type": "Point",
        "coordinates": [
          77.705611111,
          29.373583333
        ]
      }
    },
    {
      "type": "Feature",
      "properties": {
        "name": "DARUHERA",
        "brand": "Jio-bp",
        "brand_code": "JIOBP",
        "address": "KHEWAT/ KHATA 522/587 MUSTIL NO-69 KILLA NO 13/2/2 MIN(4-41),18/1MIN(7-10) , LHS DELHI - JAIPUR , NEAR MS 74 , VILLAGE DHARUHERAand DISTT REWARI VILLAGE DHARUHERA, DISTRICT - REWARI.  123106",
        "state": "Haryana",
        "city": "Haryana",
        "ro_code": "HRF055",
        "amenity": "fuel",
        "source": "jiobp.com"
      },
      "geometry": {
        "type": "Point",
        "coordinates": [
          76.773974052,
          28.203940647
        ]
      }
    },
    {
      "type": "Feature",
      "properties": {
        "name": "SLEEMNABAD",
        "brand": "Jio-bp",
        "brand_code": "JIOBP",
        "address": "OPP. BAHUBALI MARBLES,KHASRA NO. 47/P and 48/P , TEHSIL BAHORIBAND and SAKEEMNABAD ,  VILLAGE-SIHUDI, DIS KATNI SALEEMNABAD  483440",
        "state": "Madhya Pradesh",
        "city": "",
        "ro_code": "MPF097",
        "amenity": "fuel",
        "source": "jiobp.com"
      },
      "geometry": {
        "type": "Point",
        "coordinates": [
          80.248092591,
          23.630270782
        ]
      }
    },
    {
      "type": "Feature",
      "properties": {
        "name": "KESHPUR BHUBANESWAR",
        "brand": "Jio-bp",
        "brand_code": "JIOBP",
        "address": "MOUZA PATHARAKATA, P.S KHALLIKOTE,KHALLIKOTE, KESHPUR GANJAM,ORISSA, KESHPUR",
        "state": "Odisha",
        "city": "",
        "ro_code": "ORF018",
        "amenity": "fuel",
        "source": "jiobp.com"
      },
      "geometry": {
        "type": "Point",
        "coordinates": [
          85.1682722222,
          19.6730027778
        ]
      }
    },
    {
      "type": "Feature",
      "properties": {
        "name": "RAYAGADA SAMBALPUR",
        "brand": "Jio-bp",
        "brand_code": "JIOBP",
        "address": "PLOT NO. 104/258MOUZA: KHOLIGUDA, RAYAGADA TAHASIL, DISTRICT  RAYAGADA, RAYAGADA",
        "state": "Odisha",
        "city": "",
        "ro_code": "ORF027",
        "amenity": "fuel",
        "source": "jiobp.com"
      },
      "geometry": {
        "type": "Point",
        "coordinates": [
          83.419464307,
          19.193896422
        ]
      }
    },
    {
      "type": "Feature",
      "properties": {
        "name": "BODHAN HYDERABAD",
        "brand": "Jio-bp",
        "brand_code": "JIOBP",
        "address": "Laxmi Venkatesa Petro Products Sy.No. 2463, 2464 and 2465 Opp: Fruit Market, Malapalli,Bodhan Raod, Nizamabad.Nizamabad",
        "state": "Telangana",
        "city": "BODHAN",
        "ro_code": "APF078",
        "amenity": "fuel",
        "source": "jiobp.com"
      },
      "geometry": {
        "type": "Point",
        "coordinates": [
          78.073004986,
          18.68276059
        ]
      }
    },
    {
      "type": "Feature",
      "properties": {
        "name": "EDAPPAL CALICUT",
        "brand": "Jio-bp",
        "brand_code": "JIOBP",
        "address": "Edappal Reliance Retail Outlet (KLF031), M/s. CK Gopinathan Fuels,13/191, Trichur, Kuttipuram Road, Edappal, Malapuram District. PIN: 679576.Mr. C.K. Gopinath: +919846272101",
        "state": "Kerala",
        "city": "Edappal",
        "ro_code": "KLF031",
        "amenity": "fuel",
        "source": "jiobp.com"
      },
      "geometry": {
        "type": "Point",
        "coordinates": [
          76.008888889,
          10.790277778
        ]
      }
    },
    {
      "type": "Feature",
      "properties": {
        "name": "AHMADGARH",
        "brand": "Jio-bp",
        "brand_code": "JIOBP",
        "address": "VILLAGE NANAKPUR JAGERA, MALERKOTLA ROAD, AHMEDGARH  AHMEDGARH.RETAILOUTLET@RELPETROMAIL.CO",
        "state": "Punjab",
        "city": "Ahmedgarh",
        "ro_code": "PBF022",
        "amenity": "fuel",
        "source": "jiobp.com"
      },
      "geometry": {
        "type": "Point",
        "coordinates": [
          75.829137017,
          30.667048614
        ]
      }
    },
    {
      "type": "Feature",
      "properties": {
        "name": "VARNAMA TS",
        "brand": "Jio-bp",
        "brand_code": "JIOBP",
        "address": "SURVEY NO 204A, 205, 215A, VILLAGE VARNAMA  ,DISTT-VADODARA,PIN-391242",
        "state": "Gujarat",
        "city": "BARODA",
        "ro_code": "GJT010",
        "amenity": "fuel",
        "source": "jiobp.com"
      },
      "geometry": {
        "type": "Point",
        "coordinates": [
          73.1914361111,
          22.1947861111
        ]
      }
    },
    {
      "type": "Feature",
      "properties": {
        "name": "MULLANPUR LUDHIANA",
        "brand": "Jio-bp",
        "brand_code": "JIOBP",
        "address": "RELIANCE PETRO MARKETING PVT LTD, VILLAGE BHANOUR, NEAR MULLANPUR, NH#5, FEROZEPUR ROAD, LUDHIAANA.  MULLANPUR.RETAILOUTLET@RELPETROMAIL.COM",
        "state": "Punjab",
        "city": "MULLANPUR",
        "ro_code": "PBF064",
        "amenity": "fuel",
        "source": "jiobp.com"
      },
      "geometry": {
        "type": "Point",
        "coordinates": [
          75.7145376926,
          30.8592853577
        ]
      }
    },
    {
      "type": "Feature",
      "properties": {
        "name": "GURSARAI",
        "brand": "Jio-bp",
        "brand_code": "JIOBP",
        "address": "M/S DONDERIYA FILLING STATION , MDR-31 , GURSARAI , TEHSIL GARAUTHA , DISTT. JHANSI , U.P. 284202",
        "state": "Uttar Pradesh",
        "city": "",
        "ro_code": "UWF017",
        "amenity": "fuel",
        "source": "jiobp.com"
      },
      "geometry": {
        "type": "Point",
        "coordinates": [
          79.185298395,
          25.615593674
        ]
      }
    },
    {
      "type": "Feature",
      "properties": {
        "name": "CHITYAL FF",
        "brand": "Jio-bp",
        "brand_code": "JIOBP",
        "address": "RELIANCE PETROL RETAIL OUTLET,SURVEY NO. 322/A,MILE STONE 81,  NH-65,WATTIMARTHI VILLAGE, POST.WATTIMARTHI CHITYAL MANDAL,NALGONDA DISTRICT-508254",
        "state": "Telangana",
        "city": "Chityal(Nalgonda)",
        "ro_code": "APF008",
        "amenity": "fuel",
        "source": "jiobp.com"
      },
      "geometry": {
        "type": "Point",
        "coordinates": [
          79.144166667,
          17.221388889
        ]
      }
    },
    {
      "type": "Feature",
      "properties": {
        "name": "LALITPUR TOWN FF",
        "brand": "Jio-bp",
        "brand_code": "JIOBP",
        "address": "NH-26 OPP: ANNAJ MANDI,LALITPUR JHANSI ROAD, DISTT :LALITPUR PIN_CODE : 284403",
        "state": "Uttar Pradesh",
        "city": "Lalitpur Town",
        "ro_code": "UWF054",
        "amenity": "fuel",
        "source": "jiobp.com"
      },
      "geometry": {
        "type": "Point",
        "coordinates": [
          78.425916667,
          24.71175
        ]
      }
    },
    {
      "type": "Feature",
      "properties": {
        "name": "RATH",
        "brand": "Jio-bp",
        "brand_code": "JIOBP",
        "address": "M/S JAGDISH DIESELS, RELIANCE RETAIL OUTLET,KAHTA KHTAUNI NO 397 ARAZI KHASRA NO 873  RATH- PANWARI ROAD, RATH  DISST. HAMIPUR UP 210431",
        "state": "Uttar Pradesh",
        "city": "",
        "ro_code": "UWF071",
        "amenity": "fuel",
        "source": "jiobp.com"
      },
      "geometry": {
        "type": "Point",
        "coordinates": [
          79.548583333,
          25.571277778
        ]
      }
    },
    {
      "type": "Feature",
      "properties": {
        "name": "GADHADA BHAVNAGAR",
        "brand": "Jio-bp",
        "brand_code": "JIOBP",
        "address": "SUREVY NO:59/2P, BOTAD ROAD, ,VILLAGE:GADHADA,TALUKA:GADHADA.364750",
        "state": "Gujarat",
        "city": "GADHADA",
        "ro_code": "GJF015",
        "amenity": "fuel",
        "source": "jiobp.com"
      },
      "geometry": {
        "type": "Point",
        "coordinates": [
          71.579075507,
          21.962016854
        ]
      }
    },
    {
      "type": "Feature",
      "properties": {
        "name": "DHASA FF",
        "brand": "Jio-bp",
        "brand_code": "JIOBP",
        "address": "SH - 25 SURVEY NO: 250/P,VILLAGE-DHASA,TALUKA-GADHADA,DISTRICT-BHAVNAGAR 364730",
        "state": "Gujarat",
        "city": "Dhasa (Bhavnagar)",
        "ro_code": "GJF020",
        "amenity": "fuel",
        "source": "jiobp.com"
      },
      "geometry": {
        "type": "Point",
        "coordinates": [
          71.530585875,
          21.802702668
        ]
      }
    },
    {
      "type": "Feature",
      "properties": {
        "name": "TRICHY 3 FF",
        "brand": "Jio-bp",
        "brand_code": "JIOBP",
        "address": "Chainage 7/8 N H 45B Trichy Madurai Highway, New Sy. No. 120/1A, Punjappur Village,",
        "state": "Tamil Nadu",
        "city": "",
        "ro_code": "TNF045",
        "amenity": "fuel",
        "source": "jiobp.com"
      },
      "geometry": {
        "type": "Point",
        "coordinates": [
          78.637888265,
          10.738248644
        ]
      }
    },
    {
      "type": "Feature",
      "properties": {
        "name": "TIRUPUR-PERUMANALLUR RD COIM",
        "brand": "Jio-bp",
        "brand_code": "JIOBP",
        "address": "SF No 61/3B  P.N. Road,",
        "state": "Tamil Nadu",
        "city": "TIRUPUR",
        "ro_code": "TNF116",
        "amenity": "fuel",
        "source": "jiobp.com"
      },
      "geometry": {
        "type": "Point",
        "coordinates": [
          77.350201464,
          11.16250426
        ]
      }
    },
    {
      "type": "Feature",
      "properties": {
        "name": "SURAT-VARACHHA RD-P6",
        "brand": "Jio-bp",
        "brand_code": "JIOBP",
        "address": "UMA PETROLUEM PLOT NO 149/B, 150, 151, 152, 17, FP NO 12, TP NO 16, SURAT DISTRICT CO-OPERATIVE SPINNING MILL COPOUND, VILL KAPODARA, NEAR SHIVANI  VARACHHA RD, SURAT CITY, SURAT - 395006",
        "state": "Gujarat",
        "city": "",
        "ro_code": "GJC019",
        "amenity": "fuel",
        "source": "jiobp.com"
      },
      "geometry": {
        "type": "Point",
        "coordinates": [
          72.879369192,
          21.22201235
        ]
      }
    },
    {
      "type": "Feature",
      "properties": {
        "name": "CHINHAT LUCKNOW",
        "brand": "Jio-bp",
        "brand_code": "JIOBP",
        "address": "OPPOSITE AKAASHWANI, FAIZABAD ROAD,CHINHAT VILLAGE GANESHPUR REHMANPUR , PARAGNA TEHSIL and DIST LUCKNOW U.P. 226018",
        "state": "Uttar Pradesh",
        "city": "",
        "ro_code": "UEF079",
        "amenity": "fuel",
        "source": "jiobp.com"
      },
      "geometry": {
        "type": "Point",
        "coordinates": [
          81.033490462,
          26.878833902
        ]
      }
    },
    {
      "type": "Feature",
      "properties": {
        "name": "TADIPATRI 1 FF",
        "brand": "Jio-bp",
        "brand_code": "JIOBP",
        "address": "S.NO:805 and 805/A, OPP: ULTRA TECH MAIN GATE, SH 57,VILLAGE and POST: BHOGASAMUDRAM, TADIPATRI MANDAL, ANANTAPUR DIST-515415",
        "state": "Andhra Pradesh",
        "city": "",
        "ro_code": "APF034",
        "amenity": "fuel",
        "source": "jiobp.com"
      },
      "geometry": {
        "type": "Point",
        "coordinates": [
          78.014444444,
          15.011666667
        ]
      }
    },
    {
      "type": "Feature",
      "properties": {
        "name": "PULIVENDLA NELLORE",
        "brand": "Jio-bp",
        "brand_code": "JIOBP",
        "address": "DINESH TRADING CO, RELIANCE PEROL PUMP, SURVEY NO 24/2, BHAKRAPURAM VILLAGE, KADAPA ROAD, PULIVENDLA MANDAL,PULIVENDULA - PIN 516390",
        "state": "Andhra Pradesh",
        "city": "",
        "ro_code": "APF076",
        "amenity": "fuel",
        "source": "jiobp.com"
      },
      "geometry": {
        "type": "Point",
        "coordinates": [
          78.227333333,
          14.41175
        ]
      }
    },
    {
      "type": "Feature",
      "properties": {
        "name": "DHONEB TS",
        "brand": "Jio-bp",
        "brand_code": "JIOBP",
        "address": "SURVEY NO 266  MILE STONE 268/8, NH7,  VILLAGE UNGARANIGUNTLA HYD-BANGLORE POST. DHONE MANDAL,DISTRICT : KURNOOL- 518222",
        "state": "Andhra Pradesh",
        "city": "",
        "ro_code": "APT018",
        "amenity": "fuel",
        "source": "jiobp.com"
      },
      "geometry": {
        "type": "Point",
        "coordinates": [
          77.8225,
          15.3558333
        ]
      }
    },
    {
      "type": "Feature",
      "properties": {
        "name": "KHATIMA",
        "brand": "Jio-bp",
        "brand_code": "JIOBP",
        "address": "M/S KHATIMA PETROLEUM , SHUBHAM JEWELLERS ,TEHSIL RD., KHATIMA . NH-125,KHASRA NO.39,NEAR M.S - 28, VILLAGE  - KHATIMA  ,U.S NAGAR 262308",
        "state": "Uttarakhand",
        "city": "",
        "ro_code": "UTF012",
        "amenity": "fuel",
        "source": "jiobp.com"
      },
      "geometry": {
        "type": "Point",
        "coordinates": [
          79.971792591,
          28.922196908
        ]
      }
    },
    {
      "type": "Feature",
      "properties": {
        "name": "MALDA SILIGURI",
        "brand": "Jio-bp",
        "brand_code": "JIOBP",
        "address": "Vill. Gourbanga,P.O -  Kamalabari,Dist.  Malda,Pin -  732101",
        "state": "West Bengal",
        "city": "",
        "ro_code": "WBF002",
        "amenity": "fuel",
        "source": "jiobp.com"
      },
      "geometry": {
        "type": "Point",
        "coordinates": [
          88.109691948,
          24.942357172
        ]
      }
    },
    {
      "type": "Feature",
      "properties": {
        "name": "Shyampur",
        "brand": "Jio-bp",
        "brand_code": "JIOBP",
        "address": "SURVEY NO. 58,57/1,57/3, NEAR BY DORAHA JOD, JHARKHEDA,TASHIL SHYAMPUR, Sehore, Madhya Pradesh, 466661",
        "state": "Madhya Pradesh",
        "city": "Shyampur",
        "ro_code": "MPF116",
        "amenity": "fuel",
        "source": "jiobp.com"
      },
      "geometry": {
        "type": "Point",
        "coordinates": [
          77.1729191,
          23.3788219
        ]
      }
    },
    {
      "type": "Feature",
      "properties": {
        "name": "AHMEDPUR BHOPAL",
        "brand": "Jio-bp",
        "brand_code": "JIOBP",
        "address": "DAURAHA BERASIA ROAD, AHEMADPUR, KHASRA NO. 95/3, PIPALKHEDA, AHMADPUR,DIST SEHORE. 466661",
        "state": "Madhya Pradesh",
        "city": "AHMEDPUR",
        "ro_code": "MPR013",
        "amenity": "fuel",
        "source": "jiobp.com"
      },
      "geometry": {
        "type": "Point",
        "coordinates": [
          77.216421134,
          23.516470713
        ]
      }
    },
    {
      "type": "Feature",
      "properties": {
        "name": "SILIGURI TS",
        "brand": "Jio-bp",
        "brand_code": "JIOBP",
        "address": "NH-31, VILLAGE and POST OFFICE BHIMBAR, PS BIDHANAGAR, DISTRICT: DARJEELING",
        "state": "West Bengal",
        "city": "SILIGURI",
        "ro_code": "WBT007",
        "amenity": "fuel",
        "source": "jiobp.com"
      },
      "geometry": {
        "type": "Point",
        "coordinates": [
          88.245441821,
          26.50760893
        ]
      }
    },
    {
      "type": "Feature",
      "properties": {
        "name": "ALIGARH TS",
        "brand": "Jio-bp",
        "brand_code": "JIOBP",
        "address": "NH-91,KHASRANO:505 N,VILLAGE:OGAR NAGLA RAJU,TEHSIL:GABHAN,  DISTT.ALIGARH  UTTAR PRADESH PIN_CODE : 202136",
        "state": "Uttar Pradesh",
        "city": "",
        "ro_code": "UWT009",
        "amenity": "fuel",
        "source": "jiobp.com"
      },
      "geometry": {
        "type": "Point",
        "coordinates": [
          77.974889515,
          28.022715998
        ]
      }
    },
    {
      "type": "Feature",
      "properties": {
        "name": "KAMARAJ SALAI MADURAI",
        "brand": "Jio-bp",
        "brand_code": "JIOBP",
        "address": "RELIANCE RETAIL OUTLET, 137, SURVEY NO 100-PART, NEAR MILE STONE, 2 KM, NH-49, MADURAI VILLAGE, KAMARAJ SALAI, MADURAI SOURTH TALUK, MADURAI DT-625009",
        "state": "Tamil Nadu",
        "city": "MADURAI",
        "ro_code": "TNC076",
        "amenity": "fuel",
        "source": "jiobp.com"
      },
      "geometry": {
        "type": "Point",
        "coordinates": [
          78.142777778,
          9.914444444
        ]
      }
    },
    {
      "type": "Feature",
      "properties": {
        "name": "KARAIKUDI",
        "brand": "Jio-bp",
        "brand_code": "JIOBP",
        "address": "RELIANCE PETRO MARKETING PVT LTD,SURVEY NO.99/2A,2B,6,7,9,20,21,22,23,24,25 and 32, KOVILOOR VILLAGE  KOVILOOR POST, KARAIKUDI TALUK, SIVAGANGA, DIST 630001",
        "state": "Tamil Nadu",
        "city": "Karaikudi",
        "ro_code": "TNF079",
        "amenity": "fuel",
        "source": "jiobp.com"
      },
      "geometry": {
        "type": "Point",
        "coordinates": [
          78.763115112,
          10.06960389
        ]
      }
    },
    {
      "type": "Feature",
      "properties": {
        "name": "RAMAN MANDI",
        "brand": "Jio-bp",
        "brand_code": "JIOBP",
        "address": "VILL RAMAMANDI OPP FCI GODOWN RAMA MANDI TALWANDI ROAD RAMA MANDI DISTT BATHINDA ( PUNJAB)  RAMANMANDI.RETAILOUTLET@RELPETROMAIL.C",
        "state": "Punjab",
        "city": "",
        "ro_code": "PBF008",
        "amenity": "fuel",
        "source": "jiobp.com"
      },
      "geometry": {
        "type": "Point",
        "coordinates": [
          74.979712829,
          29.956820237
        ]
      }
    },
    {
      "type": "Feature",
      "properties": {
        "name": "GONIANA BHATINDA",
        "brand": "Jio-bp",
        "brand_code": "JIOBP",
        "address": "VILL AMAR GARH GONIANA MANDI NEAR OCTROI POST DISTT BATHINDA ( PUNJAB)",
        "state": "Punjab",
        "city": "GONIANA",
        "ro_code": "PBF079",
        "amenity": "fuel",
        "source": "jiobp.com"
      },
      "geometry": {
        "type": "Point",
        "coordinates": [
          74.941615056,
          30.302316435
        ]
      }
    },
    {
      "type": "Feature",
      "properties": {
        "name": "JAMNAGAR CITY",
        "brand": "Jio-bp",
        "brand_code": "JIOBP",
        "address": "RELIANCE PETROL PUMP_GJC135, OPP.REFINERY MAIN GATE, BESIDE RELIANCE GREEN TOWNSHIP, SH-25, JAMNAGAR-DWARKA HIGHWAY,MOTIKHAVDI,JAMNAGAR,GUJARAT  361140",
        "state": "Gujarat",
        "city": "DIGVIJAYGRAM",
        "ro_code": "GJC135",
        "amenity": "fuel",
        "source": "jiobp.com"
      },
      "geometry": {
        "type": "Point",
        "coordinates": [
          69.845777778,
          22.370361111
        ]
      }
    },
    {
      "type": "Feature",
      "properties": {
        "name": "BHASAUR FF",
        "brand": "Jio-bp",
        "brand_code": "JIOBP",
        "address": "NH-7  VILL : MAHUAT, TAPPA UPRAUDH, PARGANA : KANTIT, TEHSIL : LALGANJ, DISTT : MIRZAPUR   PIN CODE 231012",
        "state": "Uttar Pradesh",
        "city": "Bhasaur(Mirjapur)",
        "ro_code": "UEF001",
        "amenity": "fuel",
        "source": "jiobp.com"
      },
      "geometry": {
        "type": "Point",
        "coordinates": [
          82.239583333,
          24.935388889
        ]
      }
    },
    {
      "type": "Feature",
      "properties": {
        "name": "VARANASI II FF",
        "brand": "Jio-bp",
        "brand_code": "JIOBP",
        "address": "NH-2,VILLAGE:KISUNDASPUR,POST_OFFICE : CHANDAULI,DISTRICT : VARANASI , U.P, PARGANA : MAJHVAR, TEHSIL : CHANDAULI, DISTT : PIN CODE CHANDAULI  232104",
        "state": "Uttar Pradesh",
        "city": "Chandauli",
        "ro_code": "UEF004",
        "amenity": "fuel",
        "source": "jiobp.com"
      },
      "geometry": {
        "type": "Point",
        "coordinates": [
          83.225933576,
          25.259181202
        ]
      }
    },
    {
      "type": "Feature",
      "properties": {
        "name": "JHUSI FF",
        "brand": "Jio-bp",
        "brand_code": "JIOBP",
        "address": "BHAGIPUR,JHUNSI,PHOLPUR,ALLAHABAD NH-2,VILLAGE:BAGHIPUR,POST_OFFICE : JHUNSI,DISTRICT : ALLAHABAD , U.P, PIN CODE : 221505",
        "state": "Uttar Pradesh",
        "city": "JHUSI",
        "ro_code": "UEF055",
        "amenity": "fuel",
        "source": "jiobp.com"
      },
      "geometry": {
        "type": "Point",
        "coordinates": [
          81.9641667,
          25.4249167
        ]
      }
    },
    {
      "type": "Feature",
      "properties": {
        "name": "PADAV VARANASI",
        "brand": "Jio-bp",
        "brand_code": "JIOBP",
        "address": "KHATA KHATUANI 544 ARAZI KHARSA 277/3 AT MADHIYA PARGANA RAHULPUR  VILL: MADHILA, POST: KUSTH SEVA ASHRAM,POLICE: MUGHALSARAI, DIST. CHANDAULI U.P 221102",
        "state": "Uttar Pradesh",
        "city": "",
        "ro_code": "UEF088",
        "amenity": "fuel",
        "source": "jiobp.com"
      },
      "geometry": {
        "type": "Point",
        "coordinates": [
          83.0555305556,
          25.3101722222
        ]
      }
    },
    {
      "type": "Feature",
      "properties": {
        "name": "BHADOHI ALLAHABAD",
        "brand": "Jio-bp",
        "brand_code": "JIOBP",
        "address": "AURAI-BHADOHI RD. ARAZI KHASRA NO 64MI AT MAUJA KANSRAIPUR TALUKA CHAUTHAR ,PARGANA DIST  BHADOHI (UP)  221401",
        "state": "Uttar Pradesh",
        "city": "",
        "ro_code": "UEF094",
        "amenity": "fuel",
        "source": "jiobp.com"
      },
      "geometry": {
        "type": "Point",
        "coordinates": [
          82.568385889,
          25.393750585
        ]
      }
    },
    {
      "type": "Feature",
      "properties": {
        "name": "MIRZAPUR",
        "brand": "Jio-bp",
        "brand_code": "JIOBP",
        "address": "DHAURPUR TAPPA 84, PARGANA KANTIT,VILL: DHAURUPUR, POST : SADAR, POLICE STATION : SADAR,  DISTT.: MIRZAPUR U.P-231001",
        "state": "Uttar Pradesh",
        "city": "Mirzapur",
        "ro_code": "UET016",
        "amenity": "fuel",
        "source": "jiobp.com"
      },
      "geometry": {
        "type": "Point",
        "coordinates": [
          82.5945694444,
          25.132
        ]
      }
    },
    {
      "type": "Feature",
      "properties": {
        "name": "SAINI TS",
        "brand": "Jio-bp",
        "brand_code": "JIOBP",
        "address": "KALYANPUR,SIRATHU,NH-2,KAUSHAMBHI.  VILLAGE NIDHIYAWAN-KALYANPUR,ALLAHABAD,UP(E). PIN CODE 212201",
        "state": "Uttar Pradesh",
        "city": "",
        "ro_code": "UET017",
        "amenity": "fuel",
        "source": "jiobp.com"
      },
      "geometry": {
        "type": "Point",
        "coordinates": [
          81.419511111,
          25.61
        ]
      }
    },
    {
      "type": "Feature",
      "properties": {
        "name": "VAPI 4",
        "brand": "Jio-bp",
        "brand_code": "JIOBP",
        "address": "RELIANCE RETAIL OUTLET, SURVEY NO. 84/P, 1/1/P, 27/P, 45/P, BESIDES JAIN MANDIR, ON NH # 8, LHS TOWARDS VAPI, AT and POST NANDIGAM,  TAL UMARGAM, DIST VALSAD, GUJARAT - 396105",
        "state": "Gujarat",
        "city": "VAPI",
        "ro_code": "GJT015",
        "amenity": "fuel",
        "source": "jiobp.com"
      },
      "geometry": {
        "type": "Point",
        "coordinates": [
          72.881998484,
          20.233164392
        ]
      }
    },
    {
      "type": "Feature",
      "properties": {
        "name": "SHAJAPUR (DODO)",
        "brand": "Jio-bp",
        "brand_code": "JIOBP",
        "address": "MOHALLA MAHAPURA SHAJAPUR, 149, A B.ROAD TANKI CHORAHA, SHAJAPUR, MP - 465001",
        "state": "Madhya Pradesh",
        "city": "Shajapur",
        "ro_code": "MPF011",
        "amenity": "fuel",
        "source": "jiobp.com"
      },
      "geometry": {
        "type": "Point",
        "coordinates": [
          76.2865444444,
          23.4216333333
        ]
      }
    },
    {
      "type": "Feature",
      "properties": {
        "name": "BHORASA INDORE",
        "brand": "Jio-bp",
        "brand_code": "JIOBP",
        "address": "KHASARA NO 1551, VILLAGE BHORASA",
        "state": "Madhya Pradesh",
        "city": "BHORASA",
        "ro_code": "MPR005",
        "amenity": "fuel",
        "source": "jiobp.com"
      },
      "geometry": {
        "type": "Point",
        "coordinates": [
          78.02417557,
          24.127292178
        ]
      }
    },
    {
      "type": "Feature",
      "properties": {
        "name": "LATHI ROAD",
        "brand": "Jio-bp",
        "brand_code": "JIOBP",
        "address": "SH - 33 SURVEY NO:179/P, NR.AMRELI BYPASS, LATHI ROAD, AMRELI   365601",
        "state": "Gujarat",
        "city": "LATHI",
        "ro_code": "GJF022",
        "amenity": "fuel",
        "source": "jiobp.com"
      },
      "geometry": {
        "type": "Point",
        "coordinates": [
          71.249444444,
          21.617861111
        ]
      }
    },
    {
      "type": "Feature",
      "properties": {
        "name": "RAJULA HIGHWAY",
        "brand": "Jio-bp",
        "brand_code": "JIOBP",
        "address": "NH 8E,VILLAGE:KADIYALI,POST_OFFICE RAJULA,DISTRICT : BHAVNAGAR   SURVEY NO : 117/118, VILLAGE-KADIYALI,TALUKA-RAJULA,DISTRICT-AMRELI  365560",
        "state": "Gujarat",
        "city": "RAJULA",
        "ro_code": "GJF039",
        "amenity": "fuel",
        "source": "jiobp.com"
      },
      "geometry": {
        "type": "Point",
        "coordinates": [
          71.475298668,
          21.006785446
        ]
      }
    },
    {
      "type": "Feature",
      "properties": {
        "name": "SABALPUR-JUNAGARH CITY",
        "brand": "Jio-bp",
        "brand_code": "JIOBP",
        "address": "VILLAGE:SABALPUR(DOLAPARA) SURVEY NO. 10/2, DAULATPARA, DIST: JUNAGADH, GUJARAT  362003",
        "state": "Gujarat",
        "city": "",
        "ro_code": "GJF191",
        "amenity": "fuel",
        "source": "jiobp.com"
      },
      "geometry": {
        "type": "Point",
        "coordinates": [
          70.460485122,
          21.540615207
        ]
      }
    },
    {
      "type": "Feature",
      "properties": {
        "name": "LILIYA",
        "brand": "Jio-bp",
        "brand_code": "JIOBP",
        "address": "SURVEY NO 21/3P, VILLAGE GODAVADAR, TALUKA LILIYA, DISTRICT: AMRELI",
        "state": "Gujarat",
        "city": "LILIYA",
        "ro_code": "GJF252",
        "amenity": "fuel",
        "source": "jiobp.com"
      },
      "geometry": {
        "type": "Point",
        "coordinates": [
          71.166161013,
          21.634972531
        ]
      }
    },
    {
      "type": "Feature",
      "properties": {
        "name": "Khambra",
        "brand": "Jio-bp",
        "brand_code": "JIOBP",
        "address": "Survey No.  37/P, Village Khedoi, City Khambra , Dist Kutch, Gujarat  - 370110",
        "state": "Gujarat",
        "city": "KACHCHH",
        "ro_code": "GJR087",
        "amenity": "fuel",
        "source": "jiobp.com"
      },
      "geometry": {
        "type": "Point",
        "coordinates": [
          69.129349385,
          23.248891845
        ]
      }
    },
    {
      "type": "Feature",
      "properties": {
        "name": "BASAVANBAGEWADI HOSPET",
        "brand": "Jio-bp",
        "brand_code": "JIOBP",
        "address": "M/S DINESH ASSOCIATES, SURVEY NO. 1547/2, BASAVAN BAGEWADI,MUDDEBIHAL ROAD, BIJAPUR DIST.  586203",
        "state": "Karnataka",
        "city": "",
        "ro_code": "KRF097",
        "amenity": "fuel",
        "source": "jiobp.com"
      },
      "geometry": {
        "type": "Point",
        "coordinates": [
          75.970240364,
          16.569620481
        ]
      }
    },
    {
      "type": "Feature",
      "properties": {
        "name": "HARIJ",
        "brand": "Jio-bp",
        "brand_code": "JIOBP",
        "address": "SURVEY NO.298/P/3, SH 55, OPP. HOTEL UNNATI,  TALUKA : HARIJ,  DIST. PATAN  384240",
        "state": "Gujarat",
        "city": "",
        "ro_code": "GJF183",
        "amenity": "fuel",
        "source": "jiobp.com"
      },
      "geometry": {
        "type": "Point",
        "coordinates": [
          71.929986141,
          23.689704237
        ]
      }
    },
    {
      "type": "Feature",
      "properties": {
        "name": "NALHATI FF",
        "brand": "Jio-bp",
        "brand_code": "JIOBP",
        "address": "VILLAGE GOPALPUR ward no-1, POST OFFICE NALHATI, DISTRICT: BIRBHUM NH-60",
        "state": "West Bengal",
        "city": "",
        "ro_code": "WBF035",
        "amenity": "fuel",
        "source": "jiobp.com"
      },
      "geometry": {
        "type": "Point",
        "coordinates": [
          87.858157195,
          24.314358359
        ]
      }
    },
    {
      "type": "Feature",
      "properties": {
        "name": "MAKWA TS",
        "brand": "Jio-bp",
        "brand_code": "JIOBP",
        "address": "KM-23-24,VILL MAKWA RELIANCE PETROL PUMP, EXPRESS HIGHWAY, NEAR KATHLAL ROAD OVERBRIDGE. VILLAGE:MAKWA TALUKA MAHEMDAVAD, DIST KHEDA  387115",
        "state": "Gujarat",
        "city": "MAKWA",
        "ro_code": "GJT019",
        "amenity": "fuel",
        "source": "jiobp.com"
      },
      "geometry": {
        "type": "Point",
        "coordinates": [
          72.807009951,
          22.861383522
        ]
      }
    },
    {
      "type": "Feature",
      "properties": {
        "name": "BALOTRA",
        "brand": "Jio-bp",
        "brand_code": "JIOBP",
        "address": "Khasra No. 98/1, NH-112, Milestone No. 101/864.5,Village Jairala,Tehsil -Pachpadra,Jodhpur -Balotra Road -344022",
        "state": "Rajasthan",
        "city": "BARMER",
        "ro_code": "RJF026",
        "amenity": "fuel",
        "source": "jiobp.com"
      },
      "geometry": {
        "type": "Point",
        "coordinates": [
          72.252511295,
          25.85520991
        ]
      }
    },
    {
      "type": "Feature",
      "properties": {
        "name": "KHATAULI",
        "brand": "Jio-bp",
        "brand_code": "JIOBP",
        "address": "Khasra No.- 111/2, On Khatauli -Meerut Road, On NH - 580, Mubarikpur Tingai, District: MUZAFFARNAGAR, State: Uttar Pradesh - 251201",
        "state": "Uttar Pradesh",
        "city": "Khatauli",
        "ro_code": "UWF057",
        "amenity": "fuel",
        "source": "jiobp.com"
      },
      "geometry": {
        "type": "Point",
        "coordinates": [
          77.7286444444,
          29.2587166667
        ]
      }
    },
    {
      "type": "Feature",
      "properties": {
        "name": "GUDAMALANI",
        "brand": "Jio-bp",
        "brand_code": "JIOBP",
        "address": "Khasra No. - 1278 ,Village :- Rathoro Ki Dhani",
        "state": "Rajasthan",
        "city": "",
        "ro_code": "RJF028",
        "amenity": "fuel",
        "source": "jiobp.com"
      },
      "geometry": {
        "type": "Point",
        "coordinates": [
          71.7081944,
          25.2116944
        ]
      }
    },
    {
      "type": "Feature",
      "properties": {
        "name": "BARMER II",
        "brand": "Jio-bp",
        "brand_code": "JIOBP",
        "address": "Khasra No. 180, NH 15, Village Bhadkha, District :- Barmer (Rajasthan)  Pin Code :- 344001",
        "state": "Rajasthan",
        "city": "BARMER",
        "ro_code": "RJF039",
        "amenity": "fuel",
        "source": "jiobp.com"
      },
      "geometry": {
        "type": "Point",
        "coordinates": [
          71.386602758,
          25.889647188
        ]
      }
    },
    {
      "type": "Feature",
      "properties": {
        "name": "DAURALA",
        "brand": "Jio-bp",
        "brand_code": "JIOBP",
        "address": "Khasra No. 1733k Khatauni No. 303, On Muzaffarnagar - Meerut Road (NH - 58), Daurala, District: Meerut, State: Uttar Pradesh",
        "state": "Uttar Pradesh",
        "city": "",
        "ro_code": "UWF004",
        "amenity": "fuel",
        "source": "jiobp.com"
      },
      "geometry": {
        "type": "Point",
        "coordinates": [
          77.712583333,
          29.115777778
        ]
      }
    },
    {
      "type": "Feature",
      "properties": {
        "name": "RATNAL",
        "brand": "Jio-bp",
        "brand_code": "JIOBP",
        "address": "SH 45 SURVEY NO. 551/1, VILL: RATNAL, TAL: ANJAR- KUTCH  370105",
        "state": "Gujarat",
        "city": "",
        "ro_code": "GJF137",
        "amenity": "fuel",
        "source": "jiobp.com"
      },
      "geometry": {
        "type": "Point",
        "coordinates": [
          69.914995487,
          23.18223442
        ]
      }
    },
    {
      "type": "Feature",
      "properties": {
        "name": "KOTDA-CHAKAR GANDHIDHAM",
        "brand": "Jio-bp",
        "brand_code": "JIOBP",
        "address": "BHUJ CHAKAR ROAD SURVEY NO. 207/1, 207/2 PAIKY, VILL:JAMBUDI, (KOTDA-CHAKAR), TAL: BHUJ, DIS:KUTCH.  370105",
        "state": "Gujarat",
        "city": "",
        "ro_code": "GJF217",
        "amenity": "fuel",
        "source": "jiobp.com"
      },
      "geometry": {
        "type": "Point",
        "coordinates": [
          69.762057008,
          23.206326475
        ]
      }
    },
    {
      "type": "Feature",
      "properties": {
        "name": "SULTANPUR ALLAHABAD",
        "brand": "Jio-bp",
        "brand_code": "JIOBP",
        "address": "GOMTI PLASTIC PVT LIMITED. 281/2,CIVIL LINES OLD BANK OF BARODA BUILDINGNEAR BUS STATION ,SULTANPUR.228001",
        "state": "Uttar Pradesh",
        "city": "",
        "ro_code": "UEF077",
        "amenity": "fuel",
        "source": "jiobp.com"
      },
      "geometry": {
        "type": "Point",
        "coordinates": [
          82.092010139,
          26.293449909
        ]
      }
    },
    {
      "type": "Feature",
      "properties": {
        "name": "RJF042 MANDAR",
        "brand": "Jio-bp",
        "brand_code": "JIOBP",
        "address": "KHASRA NO. 1589, LHS TOWARDS :- SIROHI-DEESA, NH-27 ,VILLAGE : MANDAR,TEHSIL : REODAR ,DISTRICT:-  SIROHI ( RAJ.) PIN CODE  307513",
        "state": "Rajasthan",
        "city": "Rajastan",
        "ro_code": "RJF042",
        "amenity": "fuel",
        "source": "jiobp.com"
      },
      "geometry": {
        "type": "Point",
        "coordinates": [
          72.369083333,
          24.550305556
        ]
      }
    },
    {
      "type": "Feature",
      "properties": {
        "name": "Sewla",
        "brand": "Jio-bp",
        "brand_code": "JIOBP",
        "address": "NH 03 at Chain age 15.957  Mubarakpur, Post ¿ Kakua, Taluka / Tehsil ¿Fatehabad,  District ¿ Agra (U.P) .PIN - 282001",
        "state": "Uttar Pradesh",
        "city": "",
        "ro_code": "UWF042",
        "amenity": "fuel",
        "source": "jiobp.com"
      },
      "geometry": {
        "type": "Point",
        "coordinates": [
          77.992899277,
          27.09258307
        ]
      }
    },
    {
      "type": "Feature",
      "properties": {
        "name": "BAIHATA CHARIALI",
        "brand": "Jio-bp",
        "brand_code": "JIOBP",
        "address": "Dag No. 680,679,678,676,675,686(Part),687(Part) & 677(Part) of Patta No.1,Village-Maranjana, Mouza- Pub Borigog, Revenue Circle-Rangia, PO & PS-Rangia, Dist- Kamrup, Assam, Pin-781381",
        "state": "Assam",
        "city": "KAMRUP",
        "ro_code": "AST002",
        "amenity": "fuel",
        "source": "jiobp.com"
      },
      "geometry": {
        "type": "Point",
        "coordinates": [
          91.712528942,
          26.344321763
        ]
      }
    },
    {
      "type": "Feature",
      "properties": {
        "name": "RATU JAMSHEDPUR",
        "brand": "Jio-bp",
        "brand_code": "JIOBP",
        "address": "PLOT NO 503, KHATA NO 10, THANA 144",
        "state": "Jharkhand",
        "city": "RATU",
        "ro_code": "JHF014",
        "amenity": "fuel",
        "source": "jiobp.com"
      },
      "geometry": {
        "type": "Point",
        "coordinates": [
          85.287109955,
          23.38357293
        ]
      }
    },
    {
      "type": "Feature",
      "properties": {
        "name": "SILCHAR GUWAHATI",
        "brand": "Jio-bp",
        "brand_code": "JIOBP",
        "address": "DAG NO109 OF PERIODIC PATTA NO33, VILLAGE RAMNAGAR, POTARAPURKHELMA, SILCHAR, DIST- CACHAR, ASSAM, SILCHAR",
        "state": "Assam",
        "city": "SILCHAR",
        "ro_code": "ASF002",
        "amenity": "fuel",
        "source": "jiobp.com"
      },
      "geometry": {
        "type": "Point",
        "coordinates": [
          92.770944946,
          24.832238692
        ]
      }
    },
    {
      "type": "Feature",
      "properties": {
        "name": "LOHARDAGA",
        "brand": "Jio-bp",
        "brand_code": "JIOBP",
        "address": "PLOT NO 2774, KHATA NO 148, NEW ROAD",
        "state": "Jharkhand",
        "city": "LOHARDAGA",
        "ro_code": "JHF049",
        "amenity": "fuel",
        "source": "jiobp.com"
      },
      "geometry": {
        "type": "Point",
        "coordinates": [
          84.68618245,
          23.440596515
        ]
      }
    },
    {
      "type": "Feature",
      "properties": {
        "name": "KARIMGANJ GUWAHATI",
        "brand": "Jio-bp",
        "brand_code": "JIOBP",
        "address": "KHATIAN:280and285,DAG:519(OLD), VILL-LAMAJUAR,PARGANA-CHAPGHAT, MOUZA-LAMAJUAR,DIST-KARIMGANJ, KARIMGANJ",
        "state": "Assam",
        "city": "KARIMGANJ",
        "ro_code": "ASF009",
        "amenity": "fuel",
        "source": "jiobp.com"
      },
      "geometry": {
        "type": "Point",
        "coordinates": [
          92.375007223,
          24.862159901
        ]
      }
    },
    {
      "type": "Feature",
      "properties": {
        "name": "CHENRAYAPATNA",
        "brand": "Jio-bp",
        "brand_code": "JIOBP",
        "address": "RELIANCE PETROL BUNK  RK LAY OUT,NAGASHREE NILAYA, NH-48, SY.NO 35, PLOT NO 80, VILLAGE KERECHIKKANAHALLI,POST CHANNARAYAPATNA DISTRICT: HASSAN, KARNATAKA: 573116",
        "state": "Karnataka",
        "city": "KASABA",
        "ro_code": "KRF026",
        "amenity": "fuel",
        "source": "jiobp.com"
      },
      "geometry": {
        "type": "Point",
        "coordinates": [
          76.37027699,
          12.921973105
        ]
      }
    },
    {
      "type": "Feature",
      "properties": {
        "name": "VENKATGIRI",
        "brand": "Jio-bp",
        "brand_code": "JIOBP",
        "address": "Mr.Chandra Gandlapalli,Sy.No189/18,SH-59,Venkatagiri,Nellore Dist,Andhra Pradesh.",
        "state": "Andhra Pradesh",
        "city": "VENKATGIRI",
        "ro_code": "APF022",
        "amenity": "fuel",
        "source": "jiobp.com"
      },
      "geometry": {
        "type": "Point",
        "coordinates": [
          79.594330968,
          13.949069255
        ]
      }
    },
    {
      "type": "Feature",
      "properties": {
        "name": "DALMIYAPURAM TRICHY",
        "brand": "Jio-bp",
        "brand_code": "JIOBP",
        "address": "Survey NO 246/4 & 5 Trichy - Chidambaram Salai, Dalmiapuram,",
        "state": "Tamil Nadu",
        "city": "DALMIYAPURAM",
        "ro_code": "TNF115",
        "amenity": "fuel",
        "source": "jiobp.com"
      },
      "geometry": {
        "type": "Point",
        "coordinates": [
          78.943436334,
          10.976655049
        ]
      }
    },
    {
      "type": "Feature",
      "properties": {
        "name": "CHIMAKURTHY",
        "brand": "Jio-bp",
        "brand_code": "JIOBP",
        "address": "SURVEY NO.9/1 and 12/1, MILE STONE NO.36, SH-53, MAIN ROAD, CHIMAKURTHY, PRAKASAM DIST. 523226",
        "state": "Andhra Pradesh",
        "city": "",
        "ro_code": "APF080",
        "amenity": "fuel",
        "source": "jiobp.com"
      },
      "geometry": {
        "type": "Point",
        "coordinates": [
          79.876990672,
          15.582594411
        ]
      }
    },
    {
      "type": "Feature",
      "properties": {
        "name": "GUDUR",
        "brand": "Jio-bp",
        "brand_code": "JIOBP",
        "address": "SY. NO. 1829/D, 1829/E, 1843/A2, 1843/B, WEST GUDUR VILLAGE, GUDUR MANDAL and MUNIPALITY NELLOR DIST.  524 102",
        "state": "Andhra Pradesh",
        "city": "",
        "ro_code": "APF094",
        "amenity": "fuel",
        "source": "jiobp.com"
      },
      "geometry": {
        "type": "Point",
        "coordinates": [
          79.836805556,
          14.151
        ]
      }
    },
    {
      "type": "Feature",
      "properties": {
        "name": "HRF042 KAITHAL",
        "brand": "Jio-bp",
        "brand_code": "JIOBP",
        "address": "NEAR MS-87 ON NH-65, VILLAGE and PO PEODA, TEHSIL- KAITHAL DIST. KAITHAL -136027  , HARYANA",
        "state": "Haryana",
        "city": "",
        "ro_code": "HRF042",
        "amenity": "fuel",
        "source": "jiobp.com"
      },
      "geometry": {
        "type": "Point",
        "coordinates": [
          76.404111111,
          29.74625
        ]
      }
    },
    {
      "type": "Feature",
      "properties": {
        "name": "RADUR",
        "brand": "Jio-bp",
        "brand_code": "JIOBP",
        "address": "KHEWAT NO 48 MIN, KHATONI NO 67, VILLAGE JUBBAL HB NO 41 SUB TEHSIL RADAUR,  SAHARANPUR - KURUKSHETRA RAOD, TEHSIL JAGADHRI DISTT. YAMUNA NAGAR HARYANA 135133",
        "state": "Haryana",
        "city": "",
        "ro_code": "HRF084",
        "amenity": "fuel",
        "source": "jiobp.com"
      },
      "geometry": {
        "type": "Point",
        "coordinates": [
          77.1613489511,
          30.0384965481
        ]
      }
    },
    {
      "type": "Feature",
      "properties": {
        "name": "PEHOWA KARNAL",
        "brand": "Jio-bp",
        "brand_code": "JIOBP",
        "address": "OPP.NEW VEGETABLE MARKAT,SH-6,KURUKESHETRA PEHOWA ROAD, TEHSIL PEHOWA DISTT. KURUKSHETRA HARYANA 136128",
        "state": "Haryana",
        "city": "",
        "ro_code": "HRF085",
        "amenity": "fuel",
        "source": "jiobp.com"
      },
      "geometry": {
        "type": "Point",
        "coordinates": [
          76.585004456,
          29.98073378
        ]
      }
    },
    {
      "type": "Feature",
      "properties": {
        "name": "KANGEYAM",
        "brand": "Jio-bp",
        "brand_code": "JIOBP",
        "address": "SURVEY NO. 65 S No.655/2 Coimbatore Trichy Main Road, Agasthilingampalayam, Kangeyam Taluk,",
        "state": "Tamil Nadu",
        "city": "",
        "ro_code": "TNF038",
        "amenity": "fuel",
        "source": "jiobp.com"
      },
      "geometry": {
        "type": "Point",
        "coordinates": [
          77.550444444,
          10.998611111
        ]
      }
    },
    {
      "type": "Feature",
      "properties": {
        "name": "BANUR CHANDIGARH",
        "brand": "Jio-bp",
        "brand_code": "JIOBP",
        "address": "VILLAGE JALALPUR, CHANDIGARH-RAJPURA ROAD, BANUR, NEAR KAJRIWAL BEE CARE LTD. ,POST OFFICE BANUR, TEHSIL RAJPURA, DIST. PATIALA",
        "state": "Punjab",
        "city": "Banur",
        "ro_code": "PBF056",
        "amenity": "fuel",
        "source": "jiobp.com"
      },
      "geometry": {
        "type": "Point",
        "coordinates": [
          76.6843664982,
          30.5345842959
        ]
      }
    },
    {
      "type": "Feature",
      "properties": {
        "name": "SUNDRA TS",
        "brand": "Jio-bp",
        "brand_code": "JIOBP",
        "address": "NH6, NEAR KAMAL SOLVENT, VILLAGE : SUNDRA, DIST : RAJNANDGOAN, CHATTISHGARH, PIN : 491441",
        "state": "Chattisgarh",
        "city": "SOMNI",
        "ro_code": "CGT002",
        "amenity": "fuel",
        "source": "jiobp.com"
      },
      "geometry": {
        "type": "Point",
        "coordinates": [
          81.140324647,
          21.121941291
        ]
      }
    },
    {
      "type": "Feature",
      "properties": {
        "name": "KARELI JABALPUR",
        "brand": "Jio-bp",
        "brand_code": "JIOBP",
        "address": "MAHATMA GANDHI WARD,VILLAGE: GADARWARA, KARELI, NARSINGHPUR(M.P.)  487221",
        "state": "Madhya Pradesh",
        "city": "KARELI",
        "ro_code": "MPF048",
        "amenity": "fuel",
        "source": "jiobp.com"
      },
      "geometry": {
        "type": "Point",
        "coordinates": [
          79.064048593,
          22.920525438
        ]
      }
    },
    {
      "type": "Feature",
      "properties": {
        "name": "PURENA JABALPUR",
        "brand": "Jio-bp",
        "brand_code": "JIOBP",
        "address": "KHASRA NO 112/5, VILLAGE PURENA",
        "state": "Madhya Pradesh",
        "city": "PURENA",
        "ro_code": "MPR025",
        "amenity": "fuel",
        "source": "jiobp.com"
      },
      "geometry": {
        "type": "Point",
        "coordinates": [
          79.933611111,
          23.361944444
        ]
      }
    },
    {
      "type": "Feature",
      "properties": {
        "name": "UDALGURI JORHAT",
        "brand": "Jio-bp",
        "brand_code": "JIOBP",
        "address": "DAG NO:26, PATTA NO:3, MOUZA-UDALGURI, DISTT: UDALGURI, ASSAM, UDALGURI",
        "state": "Assam",
        "city": "UDALGURI",
        "ro_code": "ASR004",
        "amenity": "fuel",
        "source": "jiobp.com"
      },
      "geometry": {
        "type": "Point",
        "coordinates": [
          92.363948439,
          26.689767187
        ]
      }
    },
    {
      "type": "Feature",
      "properties": {
        "name": "SANGAMNER ( FF)",
        "brand": "Jio-bp",
        "brand_code": "JIOBP",
        "address": "S.NO.-13-3, MAUJE CHANDANPURI, NH-50,TALUKA SANGAMNER,DIST -AHEMDNAGAR 422605",
        "state": "Maharashtra",
        "city": "SANGAMNER",
        "ro_code": "MHF060",
        "amenity": "fuel",
        "source": "jiobp.com"
      },
      "geometry": {
        "type": "Point",
        "coordinates": [
          74.19925,
          19.500222222
        ]
      }
    },
    {
      "type": "Feature",
      "properties": {
        "name": "KALADY COCHIN",
        "brand": "Jio-bp",
        "brand_code": "JIOBP",
        "address": "Kalady Reliance Retail Outlet (KLF006),M/s. K. K. R. Petroleum Products,Opp. Nirapara Rice, Okkal,Kalady, Ernakulam District. PIN: 683583.Mr. Raju +919946106446",
        "state": "Kerala",
        "city": "KALADY",
        "ro_code": "KLF006",
        "amenity": "fuel",
        "source": "jiobp.com"
      },
      "geometry": {
        "type": "Point",
        "coordinates": [
          76.454575238,
          10.148101315
        ]
      }
    },
    {
      "type": "Feature",
      "properties": {
        "name": "KOTTARAKARA COCHIN",
        "brand": "Jio-bp",
        "brand_code": "JIOBP",
        "address": "M/s Ambalakkara Fuels ,Reliance Petroleum Retail Outlet ,Sy No: 161/2,3-3, M.C Road, Lower Karickom, Karickom P.O, Melila Village, Kottarakkara",
        "state": "Kerala",
        "city": "KOTTARAKARA",
        "ro_code": "KLF015",
        "amenity": "fuel",
        "source": "jiobp.com"
      },
      "geometry": {
        "type": "Point",
        "coordinates": [
          76.790782991,
          8.993939435
        ]
      }
    },
    {
      "type": "Feature",
      "properties": {
        "name": "SOHELA TS",
        "brand": "Jio-bp",
        "brand_code": "JIOBP",
        "address": "PLOT NO 138, MAUZA KARALMAL, PS SOHELA, DISTRICT: BARGARH",
        "state": "Odisha",
        "city": "",
        "ro_code": "ORT005",
        "amenity": "fuel",
        "source": "jiobp.com"
      },
      "geometry": {
        "type": "Point",
        "coordinates": [
          83.300416667,
          21.314888889
        ]
      }
    },
    {
      "type": "Feature",
      "properties": {
        "name": "CHERTHALA COCHIN",
        "brand": "Jio-bp",
        "brand_code": "JIOBP",
        "address": "Cherthala Town Reliance Retail Outlet (KLF081),M/s. Karthika Fuels,Near Woodlands Lodge,Thannirmokam Road, Cherthala, Alappuzha District. PIN: 688524. Mr. Akhil: +919995806332",
        "state": "Kerala",
        "city": "CHERTHALA",
        "ro_code": "KLF081",
        "amenity": "fuel",
        "source": "jiobp.com"
      },
      "geometry": {
        "type": "Point",
        "coordinates": [
          76.348504964,
          9.683469842
        ]
      }
    },
    {
      "type": "Feature",
      "properties": {
        "name": "HARWOODPOINT",
        "brand": "Jio-bp",
        "brand_code": "JIOBP",
        "address": "VILLAGE KALINAGAR, HARWOOD POINT",
        "state": "West Bengal",
        "city": "",
        "ro_code": "WBF055",
        "amenity": "fuel",
        "source": "jiobp.com"
      },
      "geometry": {
        "type": "Point",
        "coordinates": [
          88.21792313,
          21.777292277
        ]
      }
    },
    {
      "type": "Feature",
      "properties": {
        "name": "AJMER CITY II",
        "brand": "Jio-bp",
        "brand_code": "JIOBP",
        "address": "SRINAGAR ROAD, AJMER, RAJASTHAN, AJMER",
        "state": "Rajasthan",
        "city": "",
        "ro_code": "RJC028",
        "amenity": "fuel",
        "source": "jiobp.com"
      },
      "geometry": {
        "type": "Point",
        "coordinates": [
          74.639919722,
          26.464234319
        ]
      }
    },
    {
      "type": "Feature",
      "properties": {
        "name": "MERTA AJMER",
        "brand": "Jio-bp",
        "brand_code": "JIOBP",
        "address": "RELIANCE PETROL PUMP, M/S GANGARAM PETRO CHEM, NH 89, MS77, VILLAGE DANGAWAS, TEHSIL MARTA CITY, POST MERTA CITY, DIST NAGORE, RAJASTHAN - 341510.",
        "state": "Rajasthan",
        "city": "MERTA",
        "ro_code": "RJF029",
        "amenity": "fuel",
        "source": "jiobp.com"
      },
      "geometry": {
        "type": "Point",
        "coordinates": [
          74.035708511,
          26.649900806
        ]
      }
    },
    {
      "type": "Feature",
      "properties": {
        "name": "NASIRABAD",
        "brand": "Jio-bp",
        "brand_code": "JIOBP",
        "address": "Khasra No. - 817 / 1 , LHS Towards :- Bhilwara - Ajmer , NH - 79 , Village :-Barapathar, Tehsi- Nasirabad,  District:- Ajmer ( Raj.)",
        "state": "Rajasthan",
        "city": "",
        "ro_code": "RJF036",
        "amenity": "fuel",
        "source": "jiobp.com"
      },
      "geometry": {
        "type": "Point",
        "coordinates": [
          74.7279083333,
          26.2708138889
        ]
      }
    },
    {
      "type": "Feature",
      "properties": {
        "name": "JNPT MUMBAI",
        "brand": "Jio-bp",
        "brand_code": "JIOBP",
        "address": "THREE S PETRO, SURVEY NO 132, H NO 5, MOUJE JASAI, TAL URAN, DIST RAIGAD, MAHARASHTRA 410206",
        "state": "Maharashtra",
        "city": "",
        "ro_code": "MHF034",
        "amenity": "fuel",
        "source": "jiobp.com"
      },
      "geometry": {
        "type": "Point",
        "coordinates": [
          73.032300542,
          18.93923851
        ]
      }
    },
    {
      "type": "Feature",
      "properties": {
        "name": "TENKASI MADURAI",
        "brand": "Jio-bp",
        "brand_code": "JIOBP",
        "address": "175T Madurai Road, (opp. New Bus Stand),",
        "state": "Tamil Nadu",
        "city": "",
        "ro_code": "TNF105",
        "amenity": "fuel",
        "source": "jiobp.com"
      },
      "geometry": {
        "type": "Point",
        "coordinates": [
          77.300671398,
          8.972129199
        ]
      }
    },
    {
      "type": "Feature",
      "properties": {
        "name": "PEN MUMBAI",
        "brand": "Jio-bp",
        "brand_code": "JIOBP",
        "address": "SURVEY NO75 AND 76A, INDRANAGAR, VILLAGE - WADKHAL, TALUKA - PEN, DIST-RAIGAD 402107",
        "state": "Maharashtra",
        "city": "PEN",
        "ro_code": "MHF052",
        "amenity": "fuel",
        "source": "jiobp.com"
      },
      "geometry": {
        "type": "Point",
        "coordinates": [
          73.059052985,
          18.715444073
        ]
      }
    },
    {
      "type": "Feature",
      "properties": {
        "name": "PEDDAPALLE",
        "brand": "Jio-bp",
        "brand_code": "JIOBP",
        "address": "SURVEY NO.301, VILLAGE RANGAPALLY, POST. P.P.COLONY, MDL.PEDDAPALLY, DIST. KARIMNAGAR - 505174",
        "state": "Telangana",
        "city": "Peddapalli",
        "ro_code": "APF038",
        "amenity": "fuel",
        "source": "jiobp.com"
      },
      "geometry": {
        "type": "Point",
        "coordinates": [
          79.375,
          18.593611111
        ]
      }
    },
    {
      "type": "Feature",
      "properties": {
        "name": "VEGA(BADA)",
        "brand": "Jio-bp",
        "brand_code": "JIOBP",
        "address": "SH 11,VILLAGE:FARTIKUI,POST_OFFICE : DABHOI,DISTRICT : VADODARA ,GUJARAT SURVEY NO 28/15, VILLAGE FARTIKUI, TALUKA DABHOI  391107",
        "state": "Gujarat",
        "city": "VEGA",
        "ro_code": "GJF043",
        "amenity": "fuel",
        "source": "jiobp.com"
      },
      "geometry": {
        "type": "Point",
        "coordinates": [
          73.383734665,
          22.146862743
        ]
      }
    },
    {
      "type": "Feature",
      "properties": {
        "name": "IPCL CORPORATE OFFICE ( FF",
        "brand": "Jio-bp",
        "brand_code": "JIOBP",
        "address": "SURVEY NO. 306/P, 311/P and 312/P, GORWA REFINERY ROAD, VILLAGE UNDERA DISTT-BARODA",
        "state": "Gujarat",
        "city": "Baroda",
        "ro_code": "GJC136",
        "amenity": "fuel",
        "source": "jiobp.com"
      },
      "geometry": {
        "type": "Point",
        "coordinates": [
          73.142626575,
          22.344437291
        ]
      }
    },
    {
      "type": "Feature",
      "properties": {
        "name": "MALUR(KOLAR)",
        "brand": "Jio-bp",
        "brand_code": "JIOBP",
        "address": "SY NO 81,HOSKORE -MALUR RD,POST : MALUR,DISTRICT : KOLAR, KARNATAKA : 563130",
        "state": "Karnataka",
        "city": "Kolar",
        "ro_code": "KRF017",
        "amenity": "fuel",
        "source": "jiobp.com"
      },
      "geometry": {
        "type": "Point",
        "coordinates": [
          77.93775,
          13.010833333
        ]
      }
    },
    {
      "type": "Feature",
      "properties": {
        "name": "KOLAR BANGALORE",
        "brand": "Jio-bp",
        "brand_code": "JIOBP",
        "address": "Sy.No. 8,9,10,11,12,30,31,32, Arahalli Grampanchyat, 15th Ward, Harohalli, Kolar, Town Kolar District",
        "state": "Karnataka",
        "city": "",
        "ro_code": "KRC006",
        "amenity": "fuel",
        "source": "jiobp.com"
      },
      "geometry": {
        "type": "Point",
        "coordinates": [
          78.139444444,
          13.138611111
        ]
      }
    },
    {
      "type": "Feature",
      "properties": {
        "name": "KANTATOLI JAMSHEDPUR",
        "brand": "Jio-bp",
        "brand_code": "JIOBP",
        "address": "GARKE, NH-33, BUNDU ROAD ,PO-RAJAULATU, RANCHI, KANTATOLI",
        "state": "Jharkhand",
        "city": "KANTATOLI",
        "ro_code": "JHF011",
        "amenity": "fuel",
        "source": "jiobp.com"
      },
      "geometry": {
        "type": "Point",
        "coordinates": [
          85.390129678,
          23.312791519
        ]
      }
    },
    {
      "type": "Feature",
      "properties": {
        "name": "CHAIBASA JAMSHEDPUR",
        "brand": "Jio-bp",
        "brand_code": "JIOBP",
        "address": "PLOT NO.16(P),17(P),18(P),19(P), KHATA NO.- 4,11,NEKRAKOCHA, RAJNAGAR SERAIKELA-KHARSAWAN, CHAIBASA",
        "state": "Jharkhand",
        "city": "CHAIBASA",
        "ro_code": "JHF034",
        "amenity": "fuel",
        "source": "jiobp.com"
      },
      "geometry": {
        "type": "Point",
        "coordinates": [
          85.806887834,
          22.547975963
        ]
      }
    },
    {
      "type": "Feature",
      "properties": {
        "name": "LOHARU",
        "brand": "Jio-bp",
        "brand_code": "JIOBP",
        "address": "SH8, VILLAGE-SHYAMA DHANI,RAHIMPUR,POST.LOHARU, PILANI ROAD,DIST-BHIWANI-127201",
        "state": "Haryana",
        "city": "LOHARU",
        "ro_code": "HRF032",
        "amenity": "fuel",
        "source": "jiobp.com"
      },
      "geometry": {
        "type": "Point",
        "coordinates": [
          75.775914448,
          28.422387616
        ]
      }
    },
    {
      "type": "Feature",
      "properties": {
        "name": "FATEHABAD HISSAR",
        "brand": "Jio-bp",
        "brand_code": "JIOBP",
        "address": "MADAN GOPAL AND SONS,NH-10, SITUATED IN THE FATEHABAD, HISSAR ROAD, TEHSIL and DISTT. FATEHABAD HARYANA 125050",
        "state": "Haryana",
        "city": "",
        "ro_code": "HRF041",
        "amenity": "fuel",
        "source": "jiobp.com"
      },
      "geometry": {
        "type": "Point",
        "coordinates": [
          75.477519893,
          29.500113902
        ]
      }
    },
    {
      "type": "Feature",
      "properties": {
        "name": "BHIKKIWIND JALLANDHAR",
        "brand": "Jio-bp",
        "brand_code": "JIOBP",
        "address": "SH-21,MS-35,AMRITSAR BHIKIWIND ROAD,VILL-SINGHPURA,TEHSIL-PATTI,AMRITSAR",
        "state": "Punjab",
        "city": "",
        "ro_code": "PBF067",
        "amenity": "fuel",
        "source": "jiobp.com"
      },
      "geometry": {
        "type": "Point",
        "coordinates": [
          74.698272572,
          31.351519735
        ]
      }
    },
    {
      "type": "Feature",
      "properties": {
        "name": "HASSAN BYPASS MANGALORE",
        "brand": "Jio-bp",
        "brand_code": "JIOBP",
        "address": "SERVAY NO.52,NH48, MUNICIPAL NO 231, HASAN MANGALORE BY PASS ROAD NEAR CHANNAPATNA VILLAGE HASAN 573201",
        "state": "Karnataka",
        "city": "",
        "ro_code": "KRF065",
        "amenity": "fuel",
        "source": "jiobp.com"
      },
      "geometry": {
        "type": "Point",
        "coordinates": [
          76.097722222,
          12.989861111
        ]
      }
    },
    {
      "type": "Feature",
      "properties": {
        "name": "TONK II FF",
        "brand": "Jio-bp",
        "brand_code": "JIOBP",
        "address": "KHASRA NO. - 6715/1/1and 6715/1/2 , LHS TOWARDS :- KOTA-JAIPUR , NH - 12 , VILLAGE :- TONK , TEHSIL :- TONK, DISTRICT:-  TONK ( RAJ.)  PIN_CODE : 304001",
        "state": "Rajasthan",
        "city": "TONK",
        "ro_code": "RJF088",
        "amenity": "fuel",
        "source": "jiobp.com"
      },
      "geometry": {
        "type": "Point",
        "coordinates": [
          75.7981222222,
          26.1587527778
        ]
      }
    },
    {
      "type": "Feature",
      "properties": {
        "name": "NASIK CITY IV",
        "brand": "Jio-bp",
        "brand_code": "JIOBP",
        "address": "ANANDWALLI PIPELINE ROAD, GANESH NAGAR BUS STOP, SATPUR NASHIK  SATPUR, NASIK. 422007 Nashik",
        "state": "Maharashtra",
        "city": "Nashik",
        "ro_code": "MHC037",
        "amenity": "fuel",
        "source": "jiobp.com"
      },
      "geometry": {
        "type": "Point",
        "coordinates": [
          73.795269565,
          20.009613668
        ]
      }
    },
    {
      "type": "Feature",
      "properties": {
        "name": "MANMAD",
        "brand": "Jio-bp",
        "brand_code": "JIOBP",
        "address": "Survey No. 5/4 A,B,C/2, Village- Manmad, Taluka- Nandgaon, District- Nashik, Manmad, Maharashtra 423104",
        "state": "Maharashtra",
        "city": "MANMAD",
        "ro_code": "MHF008",
        "amenity": "fuel",
        "source": "jiobp.com"
      },
      "geometry": {
        "type": "Point",
        "coordinates": [
          74.44207898,
          20.25685338
        ]
      }
    },
    {
      "type": "Feature",
      "properties": {
        "name": "VILLUPURAM CHENNAI",
        "brand": "Jio-bp",
        "brand_code": "JIOBP",
        "address": "SURVEY NO. 172/1 PART, NH 45, TRICHY, MAIN ROAD,VALUDHAREDDY VILLAGE, VILLUPURAM TALUK,VILLUPURAM DISTRICT 605 401",
        "state": "Tamil Nadu",
        "city": "",
        "ro_code": "TNF065",
        "amenity": "fuel",
        "source": "jiobp.com"
      },
      "geometry": {
        "type": "Point",
        "coordinates": [
          79.479350003,
          11.92182493
        ]
      }
    },
    {
      "type": "Feature",
      "properties": {
        "name": "VANDAVSI CHENNAI",
        "brand": "Jio-bp",
        "brand_code": "JIOBP",
        "address": "Survey No 558/1, 558/2 Chetpet Road, Vandavasi, Tiruvannamalai District",
        "state": "Tamil Nadu",
        "city": "VANDAVSI",
        "ro_code": "TNF108",
        "amenity": "fuel",
        "source": "jiobp.com"
      },
      "geometry": {
        "type": "Point",
        "coordinates": [
          79.60167656,
          12.501794242
        ]
      }
    },
    {
      "type": "Feature",
      "properties": {
        "name": "AMBEJOGAI",
        "brand": "Jio-bp",
        "brand_code": "JIOBP",
        "address": "GAT NO 149,PALI ROAD, NEAR YOGESHWARI GARDEN AMBEJOGAI  DIST BEED 431517",
        "state": "Maharashtra",
        "city": "Ambejogai",
        "ro_code": "MHF020",
        "amenity": "fuel",
        "source": "jiobp.com"
      },
      "geometry": {
        "type": "Point",
        "coordinates": [
          76.392790546,
          18.732337868
        ]
      }
    },
    {
      "type": "Feature",
      "properties": {
        "name": "SILLOD",
        "brand": "Jio-bp",
        "brand_code": "JIOBP",
        "address": "Mohindra Enterprises, Doangargaon Phata, Sillod -Jalgaon road, Sillod Pin. No.431112",
        "state": "Maharashtra",
        "city": "JALGAON",
        "ro_code": "MHF023",
        "amenity": "fuel",
        "source": "jiobp.com"
      },
      "geometry": {
        "type": "Point",
        "coordinates": [
          75.65625,
          20.2945278
        ]
      }
    },
    {
      "type": "Feature",
      "properties": {
        "name": "SODEPUR",
        "brand": "Jio-bp",
        "brand_code": "JIOBP",
        "address": "Plot No. 3395, 3396, 3397, Mouza-Sukchar, PO-Panihati, PS-Khardah, District-North 24 Parganas, Sodepur, West Bengal - 700114",
        "state": "West Bengal",
        "city": "Kolkata",
        "ro_code": "WBF031",
        "amenity": "fuel",
        "source": "jiobp.com"
      },
      "geometry": {
        "type": "Point",
        "coordinates": [
          88.3738682,
          22.70696384
        ]
      }
    },
    {
      "type": "Feature",
      "properties": {
        "name": "PITHAMPUR",
        "brand": "Jio-bp",
        "brand_code": "JIOBP",
        "address": "RAGHUVANSHI PETROL PUMP, STATE HIGHWAY  MAUNIMACH ROAD, VILLAGE AKOLIA PITHAMPUR, GRAM AKOLIYA, PITHAMPUR, DISTT. DHAR, 454775",
        "state": "Madhya Pradesh",
        "city": "",
        "ro_code": "MPF004",
        "amenity": "fuel",
        "source": "jiobp.com"
      },
      "geometry": {
        "type": "Point",
        "coordinates": [
          75.653496338,
          22.612427869
        ]
      }
    },
    {
      "type": "Feature",
      "properties": {
        "name": "SURI FF",
        "brand": "Jio-bp",
        "brand_code": "JIOBP",
        "address": "VILLAGE KHAIRAKURI, POST OFFICE -AMJOLA PAHARI, PS MOHAMMAD BAZAR, DISTRICT: BIRBHUM NH-60",
        "state": "West Bengal",
        "city": "Birbhum",
        "ro_code": "WBF036",
        "amenity": "fuel",
        "source": "jiobp.com"
      },
      "geometry": {
        "type": "Point",
        "coordinates": [
          87.520735294,
          23.959001513
        ]
      }
    },
    {
      "type": "Feature",
      "properties": {
        "name": "BEED 1",
        "brand": "Jio-bp",
        "brand_code": "JIOBP",
        "address": "NH-11, SURVEY NO 31, NH 211 ANADAWADI BEED MOUZA AKOT, GAOM NO 4,WARD NO 5 DIST BEED   431122",
        "state": "Maharashtra",
        "city": "",
        "ro_code": "MHF134",
        "amenity": "fuel",
        "source": "jiobp.com"
      },
      "geometry": {
        "type": "Point",
        "coordinates": [
          75.756367996,
          19.012467371
        ]
      }
    },
    {
      "type": "Feature",
      "properties": {
        "name": "GONDKHAIRI TS",
        "brand": "Jio-bp",
        "brand_code": "JIOBP",
        "address": "SURVEY NO 53 1 2 NH 6 VILLAGE PETH POST VYAHAD TAH KALMESHWAR DIST NAGPUR 441501",
        "state": "Maharashtra",
        "city": "Nagpur",
        "ro_code": "MHT006",
        "amenity": "fuel",
        "source": "jiobp.com"
      },
      "geometry": {
        "type": "Point",
        "coordinates": [
          78.862423639,
          21.137272198
        ]
      }
    },
    {
      "type": "Feature",
      "properties": {
        "name": "HINGHANGHAT FF",
        "brand": "Jio-bp",
        "brand_code": "JIOBP",
        "address": "SURVEY NO 27 NATIONAL HIGHWAY 7 AJANTI NAGPUR POST_OFFICE : HIGANGHAT HYDERABAD ROAD DIST WARDHA 442301",
        "state": "Maharashtra",
        "city": "Hinganghat(Wardha)",
        "ro_code": "MHF035",
        "amenity": "fuel",
        "source": "jiobp.com"
      },
      "geometry": {
        "type": "Point",
        "coordinates": [
          78.87019,
          20.56694
        ]
      }
    },
    {
      "type": "Feature",
      "properties": {
        "name": "WANI FF",
        "brand": "Jio-bp",
        "brand_code": "JIOBP",
        "address": "SURVEY NO 12 2 CHIKHALGAON TEH WANI , YAVATMAL 445305",
        "state": "Maharashtra",
        "city": "wani",
        "ro_code": "MHF062",
        "amenity": "fuel",
        "source": "jiobp.com"
      },
      "geometry": {
        "type": "Point",
        "coordinates": [
          78.92567,
          20.07692
        ]
      }
    },
    {
      "type": "Feature",
      "properties": {
        "name": "PUSAD",
        "brand": "Jio-bp",
        "brand_code": "JIOBP",
        "address": "SURVEY NO. 5893/2 and 5893/3 ,WARD NO.3 , MOUZA PUSAD , SURVEY NO 25 A YAVATMAL DIGRAS ROAD ,DIST YAVATMAL  445204",
        "state": "Maharashtra",
        "city": "PUSAD",
        "ro_code": "MHF102",
        "amenity": "fuel",
        "source": "jiobp.com"
      },
      "geometry": {
        "type": "Point",
        "coordinates": [
          77.575891396,
          19.909223966
        ]
      }
    },
    {
      "type": "Feature",
      "properties": {
        "name": "TARAPUR",
        "brand": "Jio-bp",
        "brand_code": "JIOBP",
        "address": "OPP. GANGOTRI HOTEL, NR.RAAS HOTEL, TARRAPUR CROSSING, TARAPUR",
        "state": "Gujarat",
        "city": "",
        "ro_code": "GJF161",
        "amenity": "fuel",
        "source": "jiobp.com"
      },
      "geometry": {
        "type": "Point",
        "coordinates": [
          72.641677522,
          22.494860925
        ]
      }
    },
    {
      "type": "Feature",
      "properties": {
        "name": "Thangadh",
        "brand": "Jio-bp",
        "brand_code": "JIOBP",
        "address": "Reliance Petrol Pump. Survey No. 221/1/3P, City Survey No. 4831,  Near Vagadiya Na Nala, Siddhivinayak Weigh Bridge, Chotila Road, Thangadh, Tal: Chotila, Dist: urendranagar - 363530",
        "state": "Gujarat",
        "city": "Thangadh",
        "ro_code": "GJF212",
        "amenity": "fuel",
        "source": "jiobp.com"
      },
      "geometry": {
        "type": "Point",
        "coordinates": [
          71.203416667,
          22.565805556
        ]
      }
    },
    {
      "type": "Feature",
      "properties": {
        "name": "Morbi",
        "brand": "Jio-bp",
        "brand_code": "JIOBP",
        "address": "Sarve No 213 Paiki 1 & 2, on SH 22, Village - Nichi Mandal, Tehsil - Morbi, District - Morbi, Gujarat - 363641",
        "state": "Gujarat",
        "city": "Morbi",
        "ro_code": "GJF307",
        "amenity": "fuel",
        "source": "jiobp.com"
      },
      "geometry": {
        "type": "Point",
        "coordinates": [
          70.952593,
          22.858654
        ]
      }
    },
    {
      "type": "Feature",
      "properties": {
        "name": "TIMARNI BHOPAL",
        "brand": "Jio-bp",
        "brand_code": "JIOBP",
        "address": "TEHSIL :TIMERNI,  NH 59 A, HARDA ROAD, TIMERNI, DIST :HARDA  461228",
        "state": "Madhya Pradesh",
        "city": "TIMARNI",
        "ro_code": "MPF017",
        "amenity": "fuel",
        "source": "jiobp.com"
      },
      "geometry": {
        "type": "Point",
        "coordinates": [
          77.230961497,
          22.373932873
        ]
      }
    },
    {
      "type": "Feature",
      "properties": {
        "name": "DHUBULIA",
        "brand": "Jio-bp",
        "brand_code": "JIOBP",
        "address": "Krishna Bhadra Plot no-1044(P),KhatianNo-486 J L No- 100, Village- Gaccha P.S: Nakashipara, Dist: Nadia Dhubulia-741154",
        "state": "West Bengal",
        "city": "DHUBULIA",
        "ro_code": "WBF081",
        "amenity": "fuel",
        "source": "jiobp.com"
      },
      "geometry": {
        "type": "Point",
        "coordinates": [
          88.432114934,
          23.538256071
        ]
      }
    },
    {
      "type": "Feature",
      "properties": {
        "name": "PANIPAT",
        "brand": "Jio-bp",
        "brand_code": "JIOBP",
        "address": "83rd Km Stone on G.T Road (NH-44) RHS, Village Siwah, Distt: Panipat, Haryana - 132103",
        "state": "Haryana",
        "city": "Panipat",
        "ro_code": "HRF049",
        "amenity": "fuel",
        "source": "jiobp.com"
      },
      "geometry": {
        "type": "Point",
        "coordinates": [
          76.978162471,
          29.368908699
        ]
      }
    },
    {
      "type": "Feature",
      "properties": {
        "name": "SAFIDON",
        "brand": "Jio-bp",
        "brand_code": "JIOBP",
        "address": "Khawat No 437, Khata No 528, Kila No 62, Mile Stone29.4, SH - 14, Panipat- Saffidon, Haryana  Pincode 126112",
        "state": "Haryana",
        "city": "SAFIDON",
        "ro_code": "HRF080",
        "amenity": "fuel",
        "source": "jiobp.com"
      },
      "geometry": {
        "type": "Point",
        "coordinates": [
          76.702602748,
          29.404327817
        ]
      }
    },
    {
      "type": "Feature",
      "properties": {
        "name": "HANMAKONDA",
        "brand": "Jio-bp",
        "brand_code": "JIOBP",
        "address": "Reliance Retail Outlet, MUNICIPAL NO.3/12(OID) and 3-1-421(NEW),WARD NO.3,BLOCK NO.1,MAIN ROAD,RAYAPURA,OPP.THOUSAND PILLARS TEMPLE,HANAMKONDA,WARANGAL URBAN (DIST) 506011",
        "state": "Telangana",
        "city": "",
        "ro_code": "APC052",
        "amenity": "fuel",
        "source": "jiobp.com"
      },
      "geometry": {
        "type": "Point",
        "coordinates": [
          79.561081548,
          18.010454216
        ]
      }
    },
    {
      "type": "Feature",
      "properties": {
        "name": "KODAD FF",
        "brand": "Jio-bp",
        "brand_code": "JIOBP",
        "address": "RELIANCE PETROL RETAIL OUTLET,SURVEY NO.178/1, MILE STONE - 173/4 NH-65, AKUPAMALA VILLAGE, MUNAGALA MANDAL,NEAR KODAD, SURYAPET DISTRICT- 508233",
        "state": "Telangana",
        "city": "Kodad(Nalgonda)",
        "ro_code": "APF007",
        "amenity": "fuel",
        "source": "jiobp.com"
      },
      "geometry": {
        "type": "Point",
        "coordinates": [
          79.911388889,
          17.012777778
        ]
      }
    },
    {
      "type": "Feature",
      "properties": {
        "name": "SATTUPALLY",
        "brand": "Jio-bp",
        "brand_code": "JIOBP",
        "address": "VIJAYA FILLING STATION, RELIANCE RETAIL OUTLET, SY NO 134/C, SATHUPALLY VILLAGE and MANDAL, ASWARAOPET ROAD, KHAMMAM ( DIST )  507303",
        "state": "Telangana",
        "city": "",
        "ro_code": "APF053",
        "amenity": "fuel",
        "source": "jiobp.com"
      },
      "geometry": {
        "type": "Point",
        "coordinates": [
          80.838226023,
          17.208965708
        ]
      }
    },
    {
      "type": "Feature",
      "properties": {
        "name": "KHAMMAM",
        "brand": "Jio-bp",
        "brand_code": "JIOBP",
        "address": "VAMSHI OILS, RELIANCE RETAIL OUTLET, PLOT NOS2,3,4,5 IN SNO.301/2 AT YEDULAPURAM VILLAGE, OPP : RURAL POICE STATION ,WARANGAL X ROAD, KHAMMAM, Telangana  507003",
        "state": "Telangana",
        "city": "Yedullapuram,",
        "ro_code": "APF069",
        "amenity": "fuel",
        "source": "jiobp.com"
      },
      "geometry": {
        "type": "Point",
        "coordinates": [
          80.082977948,
          17.271252374
        ]
      }
    },
    {
      "type": "Feature",
      "properties": {
        "name": "WARRANGAL KHAMMAM",
        "brand": "Jio-bp",
        "brand_code": "JIOBP",
        "address": "ARUN ENTERPRISES, RELIANCE RETAIL OUTLET, SY.NO. 314, (AT TIMES SY. NO. RECORDED IN REVENUE PAHANIES AS 314/B4) ,  (VILL) TIMMAPUR (H), (POST) MAMNOOR, (MDL) HANAMAKONDA, WARANGAL (DIST)  506166",
        "state": "Telangana",
        "city": "Warangal",
        "ro_code": "APF084",
        "amenity": "fuel",
        "source": "jiobp.com"
      },
      "geometry": {
        "type": "Point",
        "coordinates": [
          79.596416394,
          17.928383688
        ]
      }
    },
    {
      "type": "Feature",
      "properties": {
        "name": "GULAWATI BULANDSAHAR",
        "brand": "Jio-bp",
        "brand_code": "JIOBP",
        "address": "M/S BALWANT FILLING STATION,V1699, NEW SHIVPURI, HAPUR,  KHASRA NO 45, VILL. MAKHDOON NAGAR ALIAS MITHAPUR, PARGANA AGANTA TEH and DIST BULANDSAHAR,   GHAZIABAD, UP- 245101",
        "state": "Uttar Pradesh",
        "city": "",
        "ro_code": "UWF031",
        "amenity": "fuel",
        "source": "jiobp.com"
      },
      "geometry": {
        "type": "Point",
        "coordinates": [
          77.791104663,
          28.582859708
        ]
      }
    },
    {
      "type": "Feature",
      "properties": {
        "name": "PITAL MILL VIDISHA",
        "brand": "Jio-bp",
        "brand_code": "JIOBP",
        "address": "Khasra No: 27/5,27/6 & 27/12 On Old NH - 86 Exit, Mirzapur, Vidisha, M.P.",
        "state": "Madhya Pradesh",
        "city": "VIDISHA",
        "ro_code": "MPF053",
        "amenity": "fuel",
        "source": "jiobp.com"
      },
      "geometry": {
        "type": "Point",
        "coordinates": [
          77.840286,
          23.53572
        ]
      }
    },
    {
      "type": "Feature",
      "properties": {
        "name": "PIPLOD",
        "brand": "Jio-bp",
        "brand_code": "JIOBP",
        "address": "HOTEL GHANSHYAM, GODHRA INDORE HIGHWAY,  SURVEY 248/2, NH-59, VILLAGE: PANCHELA TAL: PIPLODA, TALUKA DEVGADHBARIYA, DIST: DAHOD  389130",
        "state": "Gujarat",
        "city": "",
        "ro_code": "GJF091",
        "amenity": "fuel",
        "source": "jiobp.com"
      },
      "geometry": {
        "type": "Point",
        "coordinates": [
          73.922387131,
          22.821821683
        ]
      }
    },
    {
      "type": "Feature",
      "properties": {
        "name": "BARETA FF",
        "brand": "Jio-bp",
        "brand_code": "JIOBP",
        "address": "JAKHAL-BHIKHI ROAD  BARETA.RETAILOUTLET@RELPETROMAIL.COM",
        "state": "Punjab",
        "city": "BARETA",
        "ro_code": "PBF017",
        "amenity": "fuel",
        "source": "jiobp.com"
      },
      "geometry": {
        "type": "Point",
        "coordinates": [
          75.7025278,
          29.873
        ]
      }
    },
    {
      "type": "Feature",
      "properties": {
        "name": "MANSA (DODO)",
        "brand": "Jio-bp",
        "brand_code": "JIOBP",
        "address": "BHIKHI ROAD",
        "state": "Punjab",
        "city": "Mansa",
        "ro_code": "PBF031",
        "amenity": "fuel",
        "source": "jiobp.com"
      },
      "geometry": {
        "type": "Point",
        "coordinates": [
          75.410694444,
          30.037166667
        ]
      }
    },
    {
      "type": "Feature",
      "properties": {
        "name": "WBM002 - MDU",
        "brand": "Jio-bp",
        "brand_code": "JIOBP",
        "address": "Eastern Metropolitan Bypass, Sector C, East Kolkata Twp, Calcutta State transport corporation, Kolkata, West Bengal 700107",
        "state": "West Bengal",
        "city": "Kolkata",
        "ro_code": "WBM002",
        "amenity": "fuel",
        "source": "jiobp.com"
      },
      "geometry": {
        "type": "Point",
        "coordinates": [
          88.397456535,
          22.578754102
        ]
      }
    },
    {
      "type": "Feature",
      "properties": {
        "name": "PATANCHERU HYDERABAD",
        "brand": "Jio-bp",
        "brand_code": "JIOBP",
        "address": "PLOT NO: 19, SURVEY NO: 412, PHASE-1, IDA-PATANCHERU, PATANCHERU VILLAGE AND MANDAL, MEDAK DISTRICT, ANDHRA PRADESH - 502319",
        "state": "Telangana",
        "city": "",
        "ro_code": "APC040",
        "amenity": "fuel",
        "source": "jiobp.com"
      },
      "geometry": {
        "type": "Point",
        "coordinates": [
          78.282428444,
          17.51657635
        ]
      }
    },
    {
      "type": "Feature",
      "properties": {
        "name": "Turkapally",
        "brand": "Jio-bp",
        "brand_code": "JIOBP",
        "address": "SY NO 8, TURKAPALLY VILLAGE, SHAMIRPET MANDAL, MEDCHAL-MALKAJGIRI DISTRICT, TELANGANA, 500087",
        "state": "Telangana",
        "city": "MEDCHAL",
        "ro_code": "TLF048",
        "amenity": "fuel",
        "source": "jiobp.com"
      },
      "geometry": {
        "type": "Point",
        "coordinates": [
          78.594089,
          17.675257
        ]
      }
    },
    {
      "type": "Feature",
      "properties": {
        "name": "PURNA BHIWANDI",
        "brand": "Jio-bp",
        "brand_code": "JIOBP",
        "address": "S.P.Petroleum Sy. No.149/1, Vill: Rehnal Takuka: Bhiwandi Dist: Thane. Purna-421302",
        "state": "Maharashtra",
        "city": "",
        "ro_code": "MHF124",
        "amenity": "fuel",
        "source": "jiobp.com"
      },
      "geometry": {
        "type": "Point",
        "coordinates": [
          73.035091,
          19.26629
        ]
      }
    },
    {
      "type": "Feature",
      "properties": {
        "name": "MASAURI",
        "brand": "Jio-bp",
        "brand_code": "JIOBP",
        "address": "SH-1, PLOT NO 3179, 3184 KHATA NO 473, 477, MOUZA BARNI, THANA MASAURI, TOUZI NO-6564, DISTRICT: PATNA",
        "state": "Bihar",
        "city": "",
        "ro_code": "BHF017",
        "amenity": "fuel",
        "source": "jiobp.com"
      },
      "geometry": {
        "type": "Point",
        "coordinates": [
          85.054333333,
          25.348611111
        ]
      }
    },
    {
      "type": "Feature",
      "properties": {
        "name": "RUDRAPUR BHUBANESWAR",
        "brand": "Jio-bp",
        "brand_code": "JIOBP",
        "address": "VILLAGE NUAHAT, PS CUTTACK SADAR",
        "state": "Odisha",
        "city": "",
        "ro_code": "ORF021",
        "amenity": "fuel",
        "source": "jiobp.com"
      },
      "geometry": {
        "type": "Point",
        "coordinates": [
          85.889477098,
          20.369971627
        ]
      }
    },
    {
      "type": "Feature",
      "properties": {
        "name": "Choudwa",
        "brand": "Jio-bp",
        "brand_code": "JIOBP",
        "address": "Plot No.343/1361, Khata No.198/356 and Plot No.343/1362, Khata No.198/357, Mouza Kapursingh, Athgarh Tahasil, Cuttack District, Odisha-754029",
        "state": "Odisha",
        "city": "Kapursingh",
        "ro_code": "ORF052",
        "amenity": "fuel",
        "source": "jiobp.com"
      },
      "geometry": {
        "type": "Point",
        "coordinates": [
          85.87458,
          20.55082
        ]
      }
    },
    {
      "type": "Feature",
      "properties": {
        "name": "AB ROAD GWALIOR",
        "brand": "Jio-bp",
        "brand_code": "JIOBP",
        "address": "NEAR FRUIT MANDI AB ROAD MOTI JHEEL AB ROAD, GWALIOR-MP 474010",
        "state": "Madhya Pradesh",
        "city": "GWALIOR",
        "ro_code": "MPF069",
        "amenity": "fuel",
        "source": "jiobp.com"
      },
      "geometry": {
        "type": "Point",
        "coordinates": [
          78.139472222,
          26.255222222
        ]
      }
    },
    {
      "type": "Feature",
      "properties": {
        "name": "BHIND ROAD",
        "brand": "Jio-bp",
        "brand_code": "JIOBP",
        "address": "Survey No.113, Maharajpura Ramanna Adityapuram Bhind Road Gwalior MP-474006",
        "state": "Madhya Pradesh",
        "city": "",
        "ro_code": "MPF090",
        "amenity": "fuel",
        "source": "jiobp.com"
      },
      "geometry": {
        "type": "Point",
        "coordinates": [
          78.191439219,
          26.220801994
        ]
      }
    },
    {
      "type": "Feature",
      "properties": {
        "name": "PALASPANGA",
        "brand": "Jio-bp",
        "brand_code": "JIOBP",
        "address": "Alliance Metal Pvt. Ltd. Plot No188(P) underKhata No.67 KissamSarad III,Vill:Kesapanka ThanaandTehsil:Sadar Palaspanga-758013",
        "state": "Odisha",
        "city": "",
        "ro_code": "ORF037",
        "amenity": "fuel",
        "source": "jiobp.com"
      },
      "geometry": {
        "type": "Point",
        "coordinates": [
          85.571222133,
          21.796574849
        ]
      }
    },
    {
      "type": "Feature",
      "properties": {
        "name": "DHANKANAL",
        "brand": "Jio-bp",
        "brand_code": "JIOBP",
        "address": "C/O REGIONAL CO-OP MKT SOC, RATAN BAZAR, NEAR IOC PETROL PUMP MADHUSUDAN FILLING STATION",
        "state": "Odisha",
        "city": "",
        "ro_code": "ORC002",
        "amenity": "fuel",
        "source": "jiobp.com"
      },
      "geometry": {
        "type": "Point",
        "coordinates": [
          85.588583333,
          20.67325
        ]
      }
    },
    {
      "type": "Feature",
      "properties": {
        "name": "TALCHER BHUBANESWAR",
        "brand": "Jio-bp",
        "brand_code": "JIOBP",
        "address": "PLOT NO 599 / 8667, MOUZA GOTAMARA, THANA ANGUL, TALCHER",
        "state": "Odisha",
        "city": "",
        "ro_code": "ORF003",
        "amenity": "fuel",
        "source": "jiobp.com"
      },
      "geometry": {
        "type": "Point",
        "coordinates": [
          85.216124426,
          20.870827968
        ]
      }
    },
    {
      "type": "Feature",
      "properties": {
        "name": "BANWAR BHOPAL",
        "brand": "Jio-bp",
        "brand_code": "JIOBP",
        "address": "Survey No. 934,Vill. Banwar ,Tehsil Bhitarwar , Dist.Gwalior - 474001",
        "state": "Madhya Pradesh",
        "city": "BANWAR",
        "ro_code": "MPR022",
        "amenity": "fuel",
        "source": "jiobp.com"
      },
      "geometry": {
        "type": "Point",
        "coordinates": [
          78.246535723,
          26.007201417
        ]
      }
    },
    {
      "type": "Feature",
      "properties": {
        "name": "KURALI CHANDIGARH",
        "brand": "Jio-bp",
        "brand_code": "JIOBP",
        "address": "MS - 29.7, VILL.BANMAJRA, OPP. CHEEMA BOILER, KURALI ROPAR RD, KURALI ,DISTT.-ROPAR  KURALI.RETAILOUTLET@RELPETROMAIL.COM",
        "state": "Punjab",
        "city": "",
        "ro_code": "PBF060",
        "amenity": "fuel",
        "source": "jiobp.com"
      },
      "geometry": {
        "type": "Point",
        "coordinates": [
          76.563710908,
          30.855781204
        ]
      }
    },
    {
      "type": "Feature",
      "properties": {
        "name": "DHARWAD-HUBLI",
        "brand": "Jio-bp",
        "brand_code": "JIOBP",
        "address": "LAKAMANAHALLI,VIVEKANANDA NGR, PB ROAD,DHARWAD",
        "state": "Karnataka",
        "city": "",
        "ro_code": "KRC050",
        "amenity": "fuel",
        "source": "jiobp.com"
      },
      "geometry": {
        "type": "Point",
        "coordinates": [
          75.013833857,
          15.455698266
        ]
      }
    },
    {
      "type": "Feature",
      "properties": {
        "name": "HARIHAR HUBLI",
        "brand": "Jio-bp",
        "brand_code": "JIOBP",
        "address": "SNO.8/5, OF MAHAJENAHALLI VILLAGE, HARIHAR TAULK, OPP.SJVP COLLEGE, OLD PB ROAD, DAVANGERE DIST. 577601",
        "state": "Karnataka",
        "city": "",
        "ro_code": "KRF012",
        "amenity": "fuel",
        "source": "jiobp.com"
      },
      "geometry": {
        "type": "Point",
        "coordinates": [
          75.812444444,
          14.512083333
        ]
      }
    },
    {
      "type": "Feature",
      "properties": {
        "name": "MUMMIGATTI FF",
        "brand": "Jio-bp",
        "brand_code": "JIOBP",
        "address": "NH-4,BLOCK NO 605 and 609/1A, VILLAGE and POST KOTUR CROSS ,DISTRICT : DHARWAD , KARNATAKA, PIN_CODE : 580006",
        "state": "Karnataka",
        "city": "Mummigatti",
        "ro_code": "KRF061",
        "amenity": "fuel",
        "source": "jiobp.com"
      },
      "geometry": {
        "type": "Point",
        "coordinates": [
          74.900899782,
          15.528981562
        ]
      }
    },
    {
      "type": "Feature",
      "properties": {
        "name": "SURATGARH JAIPUR",
        "brand": "Jio-bp",
        "brand_code": "JIOBP",
        "address": "M/S NIRWANA ENTRPRISES, RELIANCE PUMP, KHASRA NO.-322, NH-15, VILLAGE-SURATGARH, NEAR INCOME TAX OFFICE, SURATGARH, DIST:GANGANAGAR RAJASTHAN",
        "state": "Rajasthan",
        "city": "SURATGARH",
        "ro_code": "RJF119",
        "amenity": "fuel",
        "source": "jiobp.com"
      },
      "geometry": {
        "type": "Point",
        "coordinates": [
          73.8820694444,
          29.3193305556
        ]
      }
    },
    {
      "type": "Feature",
      "properties": {
        "name": "BIKANER TS",
        "brand": "Jio-bp",
        "brand_code": "JIOBP",
        "address": "KHASRA NO. - 147-5 , LHS TOWARDS - BIKANER-GANGANAGAR  , NH-15, VILLAGE - KHARA TEHSIL - BIKANER , DISTRICT-  BIKANER  PIN CODE 334601",
        "state": "Rajasthan",
        "city": "",
        "ro_code": "RJT007",
        "amenity": "fuel",
        "source": "jiobp.com"
      },
      "geometry": {
        "type": "Point",
        "coordinates": [
          73.38615,
          28.2116611111
        ]
      }
    },
    {
      "type": "Feature",
      "properties": {
        "name": "DABHADEH(KOTA) FF",
        "brand": "Jio-bp",
        "brand_code": "JIOBP",
        "address": "NH 12 RPMPL, DABHADEH SUKET ROAD, PIN CODE 326517",
        "state": "Rajasthan",
        "city": "Dabhadeh",
        "ro_code": "RJF035",
        "amenity": "fuel",
        "source": "jiobp.com"
      },
      "geometry": {
        "type": "Point",
        "coordinates": [
          76.002444444,
          24.714083333
        ]
      }
    },
    {
      "type": "Feature",
      "properties": {
        "name": "Bangalore Nandini",
        "brand": "Jio-bp",
        "brand_code": "JIOBP",
        "address": "Plot No. Sy.No. 17/A1(17/A1-1 & 3), Yeshwantpur Industrial Suburb, 2nd Stage, Goraguntepalya, Bangalore Rural, Karnataka-560022",
        "state": "Karnataka",
        "city": "Bangalore",
        "ro_code": "KRC051",
        "amenity": "fuel",
        "source": "jiobp.com"
      },
      "geometry": {
        "type": "Point",
        "coordinates": [
          77.536104985,
          13.028519625
        ]
      }
    },
    {
      "type": "Feature",
      "properties": {
        "name": "RAXAUL BARAUNI",
        "brand": "Jio-bp",
        "brand_code": "JIOBP",
        "address": "PLOT NO.:507(P) KHATA NO.:99,, GAMHARIYA,P.S.:RAXAUL,, EAST CHAMPARAN., RAXAUL",
        "state": "Bihar",
        "city": "",
        "ro_code": "BHF006",
        "amenity": "fuel",
        "source": "jiobp.com"
      },
      "geometry": {
        "type": "Point",
        "coordinates": [
          84.843902924,
          26.953146857
        ]
      }
    },
    {
      "type": "Feature",
      "properties": {
        "name": "SARAIYA BEGUSARAI",
        "brand": "Jio-bp",
        "brand_code": "JIOBP",
        "address": "NH-102,PLOT NO.650(P),655(P), KHATA135,12,193, MARWAN KHURD, ANCHAL KANTI,KARJA MUZAFFARPUR, SARAIYA",
        "state": "Bihar",
        "city": "",
        "ro_code": "BHF038",
        "amenity": "fuel",
        "source": "jiobp.com"
      },
      "geometry": {
        "type": "Point",
        "coordinates": [
          85.255000505,
          26.103594897
        ]
      }
    },
    {
      "type": "Feature",
      "properties": {
        "name": "MUZAFFARPUR II TS",
        "brand": "Jio-bp",
        "brand_code": "JIOBP",
        "address": "NH-28, VILLAGE HARPURNAG, PS and POST OFFICE MEHSI, THANA NO 110, TALUKA MEHSI, DISTRICT: EAST CHAMPARAN",
        "state": "Bihar",
        "city": "",
        "ro_code": "BHT008",
        "amenity": "fuel",
        "source": "jiobp.com"
      },
      "geometry": {
        "type": "Point",
        "coordinates": [
          85.0796138889,
          26.3850944444
        ]
      }
    },
    {
      "type": "Feature",
      "properties": {
        "name": "HIMMATNAGAR-I",
        "brand": "Jio-bp",
        "brand_code": "JIOBP",
        "address": "SURVEY NO. 12, NR. MILESTONE 450, NH-8, VILLAGE : BORIA, HIMMATNAGAR  383001",
        "state": "Gujarat",
        "city": "HIMMATNAGAR",
        "ro_code": "GJF006",
        "amenity": "fuel",
        "source": "jiobp.com"
      },
      "geometry": {
        "type": "Point",
        "coordinates": [
          72.953160098,
          23.55962912
        ]
      }
    },
    {
      "type": "Feature",
      "properties": {
        "name": "GIRIDIH DHANBAD",
        "brand": "Jio-bp",
        "brand_code": "JIOBP",
        "address": "PLOT NO.:413(PART),KHATA -48,, PLOT-3(PART),KHATA:43,GIRIDIH-, TUNDIRD,VILL:MOHANPUR,GIRIDIH., GIRIDIH",
        "state": "Jharkhand",
        "city": "GIRIDIH",
        "ro_code": "JHF021",
        "amenity": "fuel",
        "source": "jiobp.com"
      },
      "geometry": {
        "type": "Point",
        "coordinates": [
          86.307495656,
          24.185759707
        ]
      }
    },
    {
      "type": "Feature",
      "properties": {
        "name": "Warud",
        "brand": "Jio-bp",
        "brand_code": "JIOBP",
        "address": "Survey No. 515/3, Mauza Warud, Tal. Warud Dist. Amravati, PIN-444906",
        "state": "Maharashtra",
        "city": "Warud",
        "ro_code": "MHF061",
        "amenity": "fuel",
        "source": "jiobp.com"
      },
      "geometry": {
        "type": "Point",
        "coordinates": [
          78.269414063,
          21.473673274
        ]
      }
    },
    {
      "type": "Feature",
      "properties": {
        "name": "KURHA AKOLA",
        "brand": "Jio-bp",
        "brand_code": "JIOBP",
        "address": "M/S ATHARVA PETROLEUM, AT VILLAGE KURHA TAL TIWSA DIST AMRAVATI 444909",
        "state": "Maharashtra",
        "city": "",
        "ro_code": "MHR041",
        "amenity": "fuel",
        "source": "jiobp.com"
      },
      "geometry": {
        "type": "Point",
        "coordinates": [
          76.292313149,
          20.986470156
        ]
      }
    },
    {
      "type": "Feature",
      "properties": {
        "name": "TULSIPUR LUCKNOW",
        "brand": "Jio-bp",
        "brand_code": "JIOBP",
        "address": "KHATA KHATAUNI NO 767 ARAZI KAHSRA NO 299 ITU PLYWOODS,BY-PASS ROAD,TULSIPUR 271208",
        "state": "Uttar Pradesh",
        "city": "Kanpur",
        "ro_code": "UEF030",
        "amenity": "fuel",
        "source": "jiobp.com"
      },
      "geometry": {
        "type": "Point",
        "coordinates": [
          82.421791248,
          27.525657
        ]
      }
    },
    {
      "type": "Feature",
      "properties": {
        "name": "KOKRAJHAR",
        "brand": "Jio-bp",
        "brand_code": "JIOBP",
        "address": "DAG NO.2045/3582(OLD),5287(NEW)- PA, PATTANO58(OLD)1501(NEW), VILL-KOKAR, REVENUECIRCLE OFF.andDIST-KOKARAJHAR, KOKRAJHAR",
        "state": "Assam",
        "city": "",
        "ro_code": "ASF030",
        "amenity": "fuel",
        "source": "jiobp.com"
      },
      "geometry": {
        "type": "Point",
        "coordinates": [
          90.278123739,
          26.423887536
        ]
      }
    },
    {
      "type": "Feature",
      "properties": {
        "name": "TIKRIKILLA GUWAHAI",
        "brand": "Jio-bp",
        "brand_code": "JIOBP",
        "address": "Dag No. 208, Patta No. 69, vill: Kathalbari part-2 , Mouza: V-2-Lot, Dist: West Garo Hills ,  Meghalaya",
        "state": "Meghalaya",
        "city": "",
        "ro_code": "MER003",
        "amenity": "fuel",
        "source": "jiobp.com"
      },
      "geometry": {
        "type": "Point",
        "coordinates": [
          90.23444143,
          25.956190335
        ]
      }
    },
    {
      "type": "Feature",
      "properties": {
        "name": "BURHANPUR INDORE",
        "brand": "Jio-bp",
        "brand_code": "JIOBP",
        "address": "PATWARI HALKA NO.5, SURVEY NO. 475/8, EMAGIRD, TEHSIL and DISTRICT BURHANPUR  450331",
        "state": "Madhya Pradesh",
        "city": "BURHANPUR",
        "ro_code": "MPF021",
        "amenity": "fuel",
        "source": "jiobp.com"
      },
      "geometry": {
        "type": "Point",
        "coordinates": [
          76.234909591,
          21.316645306
        ]
      }
    },
    {
      "type": "Feature",
      "properties": {
        "name": "JAISINGPUR-II FF",
        "brand": "Jio-bp",
        "brand_code": "JIOBP",
        "address": "GATE NO. 254,, MAUJE NANDANI, GAT NO.1638,SURVEY NO. 379,UDGAON,TAL-SHIROL,DIST-KOP  416134",
        "state": "Maharashtra",
        "city": "",
        "ro_code": "MHF077",
        "amenity": "fuel",
        "source": "jiobp.com"
      },
      "geometry": {
        "type": "Point",
        "coordinates": [
          74.56739,
          16.79576
        ]
      }
    },
    {
      "type": "Feature",
      "properties": {
        "name": "KALAMBI KOLHAPUR",
        "brand": "Jio-bp",
        "brand_code": "JIOBP",
        "address": "M/S TIRUPATI PETROLEUM, GAT NO.423-A/1-A,MIRAJ-PANDURPUR ROAD,AandP-KALAMBI,TAL-MIRAJ,DIST-SANG.  416410",
        "state": "Maharashtra",
        "city": "",
        "ro_code": "MHF105",
        "amenity": "fuel",
        "source": "jiobp.com"
      },
      "geometry": {
        "type": "Point",
        "coordinates": [
          74.693051764,
          16.897586255
        ]
      }
    },
    {
      "type": "Feature",
      "properties": {
        "name": "MIRAJ KOLHAPUR",
        "brand": "Jio-bp",
        "brand_code": "JIOBP",
        "address": "SUYASH PETROLEUM, SURVEY NO. 891, HISSA NO. 1A/ 1A/ 1/A/ 2B/ 2, PLOT NO. 1, 2, 3, 4, 5,SANGLI MIRAJ ROAD, CHANDANWADI, MIRAJ.  416410",
        "state": "Maharashtra",
        "city": "KOLHAPUR",
        "ro_code": "MHC050",
        "amenity": "fuel",
        "source": "jiobp.com"
      },
      "geometry": {
        "type": "Point",
        "coordinates": [
          74.64452986,
          16.830731
        ]
      }
    },
    {
      "type": "Feature",
      "properties": {
        "name": "ALIRAJPUR",
        "brand": "Jio-bp",
        "brand_code": "JIOBP",
        "address": "SURVEY NO.14,14/1, KHANDWA BARODA ROAD, ALIRAJPUR, KASRA NO:14/1/2, GRAM LAKHANKOT, TEHSIL ALIRAJPUR DIST-JHABUA MP 457887",
        "state": "Madhya Pradesh",
        "city": "",
        "ro_code": "MPF075",
        "amenity": "fuel",
        "source": "jiobp.com"
      },
      "geometry": {
        "type": "Point",
        "coordinates": [
          74.355375942,
          22.307271515
        ]
      }
    },
    {
      "type": "Feature",
      "properties": {
        "name": "MAGADI ROAD BANGALORE",
        "brand": "Jio-bp",
        "brand_code": "JIOBP",
        "address": "439/490, 524/663, B.M.SHANKARAPPA ESTATE, SUNKUDAKATTE, MAGADI MAIN ROAD, BANGALORE  560091",
        "state": "Karnataka",
        "city": "",
        "ro_code": "KRC038",
        "amenity": "fuel",
        "source": "jiobp.com"
      },
      "geometry": {
        "type": "Point",
        "coordinates": [
          77.517080105,
          12.988164391
        ]
      }
    },
    {
      "type": "Feature",
      "properties": {
        "name": "TCC - KRB002",
        "brand": "Jio-bp",
        "brand_code": "JIOBP",
        "address": "",
        "state": "Karnataka",
        "city": "Mangalore",
        "ro_code": "KRB002",
        "amenity": "fuel",
        "source": "jiobp.com"
      },
      "geometry": {
        "type": "Point",
        "coordinates": [
          74.836606,
          12.864848
        ]
      }
    },
    {
      "type": "Feature",
      "properties": {
        "name": "SIRA",
        "brand": "Jio-bp",
        "brand_code": "JIOBP",
        "address": "RELIANCE PETROL BUNK, SH-58, SIT NO 173/P NEAR AYYAPPA SWAMY TEMPLE,VILLAGE: MUDIGEREKAVAL , BUKKAAPATANA ROAD, TALUKA-SIRA, DIST. TUMKUR-572137 KARNATAKA",
        "state": "Karnataka",
        "city": "Tumkur",
        "ro_code": "KRF067",
        "amenity": "fuel",
        "source": "jiobp.com"
      },
      "geometry": {
        "type": "Point",
        "coordinates": [
          76.901039813,
          13.744365318
        ]
      }
    },
    {
      "type": "Feature",
      "properties": {
        "name": "KADI (CODO)",
        "brand": "Jio-bp",
        "brand_code": "JIOBP",
        "address": "SURVEY NO.473/2,  NR. HITYSON COLONY,   OPP. ANJALI OIL MILL,  KADI-KALOL ROAD,  KADI   382715",
        "state": "Gujarat",
        "city": "KADI",
        "ro_code": "GJF117",
        "amenity": "fuel",
        "source": "jiobp.com"
      },
      "geometry": {
        "type": "Point",
        "coordinates": [
          72.350865172,
          23.293042864
        ]
      }
    },
    {
      "type": "Feature",
      "properties": {
        "name": "KAPURTHALA LUDHIANA",
        "brand": "Jio-bp",
        "brand_code": "JIOBP",
        "address": "MDR-52,LHS KAPURTHALA SULTANPUR ROAD AT MS 23,VILL:BRINDPUR,SHEKHPUR, KAPURTHALA-144601  KAPURTHALA.RETAILOUTLET@RELPETROMAIL.COM",
        "state": "Punjab",
        "city": "Sultanpur",
        "ro_code": "PBF019",
        "amenity": "fuel",
        "source": "jiobp.com"
      },
      "geometry": {
        "type": "Point",
        "coordinates": [
          75.3570859652,
          31.3451027379
        ]
      }
    },
    {
      "type": "Feature",
      "properties": {
        "name": "KOTKAPURA-1",
        "brand": "Jio-bp",
        "brand_code": "JIOBP",
        "address": "C/O RELIANCE PUMP, MOGA ROAD, KOTKAPURA",
        "state": "Punjab",
        "city": "Kot Kapura-I(Faridko",
        "ro_code": "PBF037",
        "amenity": "fuel",
        "source": "jiobp.com"
      },
      "geometry": {
        "type": "Point",
        "coordinates": [
          74.859465028,
          30.590704683
        ]
      }
    },
    {
      "type": "Feature",
      "properties": {
        "name": "SATHYAMANGALAM COIMBATORE",
        "brand": "Jio-bp",
        "brand_code": "JIOBP",
        "address": "Sy.No. 80, Mysore Trunk Road, KV Palayam, Sathyamangalam",
        "state": "Tamil Nadu",
        "city": "COIMBATORE",
        "ro_code": "TNC026",
        "amenity": "fuel",
        "source": "jiobp.com"
      },
      "geometry": {
        "type": "Point",
        "coordinates": [
          77.24354905,
          11.497972555
        ]
      }
    },
    {
      "type": "Feature",
      "properties": {
        "name": "DUMKA DUMKA",
        "brand": "Jio-bp",
        "brand_code": "JIOBP",
        "address": "MOUZA BABUPUR, JAMABANDI NO 4",
        "state": "Jharkhand",
        "city": "DUMKA",
        "ro_code": "JHF018",
        "amenity": "fuel",
        "source": "jiobp.com"
      },
      "geometry": {
        "type": "Point",
        "coordinates": [
          87.243112051,
          24.273745233
        ]
      }
    },
    {
      "type": "Feature",
      "properties": {
        "name": "PACHORA AURANGABAD",
        "brand": "Jio-bp",
        "brand_code": "JIOBP",
        "address": "NEAR RAILWAY BRIDGE PACHORA PLOT NO 1 and 2, BASKAR NAGAR  DIST JALGAON 424201",
        "state": "Maharashtra",
        "city": "AURANGABAD",
        "ro_code": "MHF119",
        "amenity": "fuel",
        "source": "jiobp.com"
      },
      "geometry": {
        "type": "Point",
        "coordinates": [
          75.355097027,
          20.659456607
        ]
      }
    },
    {
      "type": "Feature",
      "properties": {
        "name": "HOSHIARPUR 2",
        "brand": "Jio-bp",
        "brand_code": "JIOBP",
        "address": "VILLAGE PUNGA, PHAGWARA ROAD, HOSHIARPUR, HOSHIARPUR",
        "state": "Punjab",
        "city": "",
        "ro_code": "PBF114",
        "amenity": "fuel",
        "source": "jiobp.com"
      },
      "geometry": {
        "type": "Point",
        "coordinates": [
          75.8807,
          31.4769
        ]
      }
    },
    {
      "type": "Feature",
      "properties": {
        "name": "AKOLA",
        "brand": "Jio-bp",
        "brand_code": "JIOBP",
        "address": "SURVEY NO624 623 NH6 MILESTONE NO 260 VILLAGE VYALA TAL BALAPUR DIST AKOLA 444302",
        "state": "Maharashtra",
        "city": "Akola",
        "ro_code": "MHT001",
        "amenity": "fuel",
        "source": "jiobp.com"
      },
      "geometry": {
        "type": "Point",
        "coordinates": [
          76.901632227,
          20.679407135
        ]
      }
    },
    {
      "type": "Feature",
      "properties": {
        "name": "VIJAYWADA III TS",
        "brand": "Jio-bp",
        "brand_code": "JIOBP",
        "address": "SY.NO:21/1,21/2 and 22/1, NEAR NH MILE STONE NO:360/600, NH-16, CHINNAPASUMARRU VILLAGE, CHILAKALURIPET - 522616, GUNTUR DIST, (A.P)",
        "state": "Andhra Pradesh",
        "city": "",
        "ro_code": "APT007",
        "amenity": "fuel",
        "source": "jiobp.com"
      },
      "geometry": {
        "type": "Point",
        "coordinates": [
          80.154869663,
          16.071744793
        ]
      }
    },
    {
      "type": "Feature",
      "properties": {
        "name": "JEWARGI HOSPET",
        "brand": "Jio-bp",
        "brand_code": "JIOBP",
        "address": "M/S WALI PETROLEUM, SURVEY NO. 27/A AND 13TH SITE FORMED SURVEY NO.27-1-6,  JEWARGI VILLAGE, BIDAR-SRIRANGAPATNAM ROAD, HOBLI TALUK, GULBARGA DIST  585310",
        "state": "Karnataka",
        "city": "",
        "ro_code": "KRF110",
        "amenity": "fuel",
        "source": "jiobp.com"
      },
      "geometry": {
        "type": "Point",
        "coordinates": [
          76.774308491,
          17.015083361
        ]
      }
    },
    {
      "type": "Feature",
      "properties": {
        "name": "Nadiad MCN",
        "brand": "Jio-bp",
        "brand_code": "JIOBP",
        "address": "SURVEY NO. 3124,RELAINCE INFOCOMM MCN COMPOUNDNEAR CEEMA INDUSTRIES,NEAR PIJ CROSS ROAD,NH-8, NADIAD-387002 DIST : KHEDA",
        "state": "Gujarat",
        "city": "",
        "ro_code": "GJF200",
        "amenity": "fuel",
        "source": "jiobp.com"
      },
      "geometry": {
        "type": "Point",
        "coordinates": [
          72.8384111111,
          22.6864388889
        ]
      }
    },
    {
      "type": "Feature",
      "properties": {
        "name": "DEODAR AHMEDABAD 2",
        "brand": "Jio-bp",
        "brand_code": "JIOBP",
        "address": "SURVEY NO.99/P/4, SH72,    VILLAGE : DEODHAR, TALUKA : DEODHAR,   DIST. BANASKANTHA   385330",
        "state": "Gujarat",
        "city": "",
        "ro_code": "GJF226",
        "amenity": "fuel",
        "source": "jiobp.com"
      },
      "geometry": {
        "type": "Point",
        "coordinates": [
          71.780197025,
          24.101494333
        ]
      }
    },
    {
      "type": "Feature",
      "properties": {
        "name": "SOLAPUR TS",
        "brand": "Jio-bp",
        "brand_code": "JIOBP",
        "address": "NH9, SURVEY NO 528-2 AND 528-3 VILLAGE SAWALESHWAR  TAL MOHOL  DIST SOLAPUR  413213",
        "state": "Maharashtra",
        "city": "",
        "ro_code": "MHT002",
        "amenity": "fuel",
        "source": "jiobp.com"
      },
      "geometry": {
        "type": "Point",
        "coordinates": [
          75.75294,
          17.76532
        ]
      }
    },
    {
      "type": "Feature",
      "properties": {
        "name": "SARAPDAD RAJKOT",
        "brand": "Jio-bp",
        "brand_code": "JIOBP",
        "address": "RELIANCE PETROL PUMP, KHIJADIYA ROAD,SARPADAD,TAL.:PADDHARI,DIST.:RAJKOT-360110",
        "state": "Gujarat",
        "city": "SARAPDAD",
        "ro_code": "GJR079",
        "amenity": "fuel",
        "source": "jiobp.com"
      },
      "geometry": {
        "type": "Point",
        "coordinates": [
          70.617785359,
          22.354251127
        ]
      }
    },
    {
      "type": "Feature",
      "properties": {
        "name": "ANANTAPUR HYDERABAD",
        "brand": "Jio-bp",
        "brand_code": "JIOBP",
        "address": "PLOT NO. 7 and 8, S.NO:447-2, VIJAYANAGAR COLONY, WARD NO;28, ANANTAPUR-515001",
        "state": "Andhra Pradesh",
        "city": "",
        "ro_code": "APF020",
        "amenity": "fuel",
        "source": "jiobp.com"
      },
      "geometry": {
        "type": "Point",
        "coordinates": [
          77.626799172,
          14.629547668
        ]
      }
    },
    {
      "type": "Feature",
      "properties": {
        "name": "NAGARI NELLORE",
        "brand": "Jio-bp",
        "brand_code": "JIOBP",
        "address": "Nagari Retail Outlet, Survey No.259/3, Nagari Nagalapuram Rd, Milestone 0/4, Nagari village, Nagari, Chittoor dist. Andhra Pradesh, Pin Code-517 592",
        "state": "Andhra Pradesh",
        "city": "",
        "ro_code": "APF117",
        "amenity": "fuel",
        "source": "jiobp.com"
      },
      "geometry": {
        "type": "Point",
        "coordinates": [
          79.585362338,
          13.31698303
        ]
      }
    },
    {
      "type": "Feature",
      "properties": {
        "name": "KODUR NELLORE",
        "brand": "Jio-bp",
        "brand_code": "JIOBP",
        "address": "KODURU RETAIL OUTLET, SURVEY NO. 1575/A,  SH 31, MILESTONE NO 39/4, MYSURAVARIPALLI VILLAGE, KODURU, CUDDAPAH DISTRICT -  ANDHRA PRADESH, PIN CODE -516101",
        "state": "Andhra Pradesh",
        "city": "KODUR",
        "ro_code": "APF126",
        "amenity": "fuel",
        "source": "jiobp.com"
      },
      "geometry": {
        "type": "Point",
        "coordinates": [
          79.352964893,
          13.955055922
        ]
      }
    },
    {
      "type": "Feature",
      "properties": {
        "name": "SAHARANPUR NOIDA",
        "brand": "Jio-bp",
        "brand_code": "JIOBP",
        "address": "M/S GUPTA FILLING STATION ,HAKIKAT NAGAR, OPP SALES TAX OFFICE, SAHARAMPUR, KHASRA NO 490 and 492 and 494, SADAK DHUDDI, SAHARANPUR , UP 247001",
        "state": "Uttar Pradesh",
        "city": "",
        "ro_code": "UWF048",
        "amenity": "fuel",
        "source": "jiobp.com"
      },
      "geometry": {
        "type": "Point",
        "coordinates": [
          77.602441316,
          29.971600471
        ]
      }
    },
    {
      "type": "Feature",
      "properties": {
        "name": "DEOBAND",
        "brand": "Jio-bp",
        "brand_code": "JIOBP",
        "address": "M/S RAJ FILLING STATION, SH. R S PANWAR 504, RAJ BHAWAN NORTH CIVIL LINE, MUZAFFAR NAGAR,  KHASRA NO 442,  DEOBAND, SAHARANPUR,  UP  251001",
        "state": "Uttar Pradesh",
        "city": "",
        "ro_code": "UWF066",
        "amenity": "fuel",
        "source": "jiobp.com"
      },
      "geometry": {
        "type": "Point",
        "coordinates": [
          77.682776394,
          29.697026253
        ]
      }
    },
    {
      "type": "Feature",
      "properties": {
        "name": "SHIKRAPUR",
        "brand": "Jio-bp",
        "brand_code": "JIOBP",
        "address": "GUT NO.5 and 6, VILLAGE SHIKRAPUR, TALUKA SHIRUR, DIST AHMEDNAGAR 12 208",
        "state": "Maharashtra",
        "city": "",
        "ro_code": "MHF032",
        "amenity": "fuel",
        "source": "jiobp.com"
      },
      "geometry": {
        "type": "Point",
        "coordinates": [
          74.136777778,
          18.694583333
        ]
      }
    },
    {
      "type": "Feature",
      "properties": {
        "name": "GOGAMUKH GUWAHATI",
        "brand": "Jio-bp",
        "brand_code": "JIOBP",
        "address": "PATTA NO 83,33,DAGNO.285(PART), VILL:MOINAPARACHETIA,BORDOLONI, PS:GOGAMUKH,DIST:DHEMAJI, GOGAMUKH",
        "state": "Assam",
        "city": "GOGAMUKH",
        "ro_code": "ASR025",
        "amenity": "fuel",
        "source": "jiobp.com"
      },
      "geometry": {
        "type": "Point",
        "coordinates": [
          94.347696067,
          27.40068418
        ]
      }
    },
    {
      "type": "Feature",
      "properties": {
        "name": "Dhakuakhana",
        "brand": "Jio-bp",
        "brand_code": "JIOBP",
        "address": "VILLAGE: KONWARGAON, MOUZA: DHAKUAKHANA, REVENUE CIRCLE OFFICE: DHAKUAKHANA,  POLICE STATION: DHAKUAKHANA, DISTRICT: LAKHIMPUR, STATE: ASSAM-787055",
        "state": "Assam",
        "city": "",
        "ro_code": "ASR046",
        "amenity": "fuel",
        "source": "jiobp.com"
      },
      "geometry": {
        "type": "Point",
        "coordinates": [
          94.414529771,
          27.194704209
        ]
      }
    },
    {
      "type": "Feature",
      "properties": {
        "name": "SADIK",
        "brand": "Jio-bp",
        "brand_code": "JIOBP",
        "address": "FARIDKOT ROAD, NEAR MONGA PICNIC RESORT, SADIQ",
        "state": "Punjab",
        "city": "SADIK",
        "ro_code": "PBF033",
        "amenity": "fuel",
        "source": "jiobp.com"
      },
      "geometry": {
        "type": "Point",
        "coordinates": [
          74.599916667,
          30.704305556
        ]
      }
    },
    {
      "type": "Feature",
      "properties": {
        "name": "FARIDKOT",
        "brand": "Jio-bp",
        "brand_code": "JIOBP",
        "address": "FARIDKOT - TALWANDI ROAD, VILLAGE CHAND BAJA, DIST. FARIDKOT",
        "state": "Punjab",
        "city": "FARIDKOT",
        "ro_code": "PBF078",
        "amenity": "fuel",
        "source": "jiobp.com"
      },
      "geometry": {
        "type": "Point",
        "coordinates": [
          74.781592871,
          30.684936501
        ]
      }
    },
    {
      "type": "Feature",
      "properties": {
        "name": "PALKOL VIZAG",
        "brand": "Jio-bp",
        "brand_code": "JIOBP",
        "address": "SRI LAXMI SRINIVASA FILLING STATION,SURVEY NO.412/4,27TH WARD,PALAKOLE TOWN,NARSAPUR ROAD,WEST GODAVARI DIST,ANDHRA PRADESH - 536240",
        "state": "Andhra Pradesh",
        "city": "",
        "ro_code": "APF015",
        "amenity": "fuel",
        "source": "jiobp.com"
      },
      "geometry": {
        "type": "Point",
        "coordinates": [
          81.721,
          16.5135
        ]
      }
    },
    {
      "type": "Feature",
      "properties": {
        "name": "MANGALWAD",
        "brand": "Jio-bp",
        "brand_code": "JIOBP",
        "address": "VILL RODJI KA KHEDACH-168, N H 76, LHS MANGALWAR UDAIPUR ROAD",
        "state": "Rajasthan",
        "city": "",
        "ro_code": "RJF087",
        "amenity": "fuel",
        "source": "jiobp.com"
      },
      "geometry": {
        "type": "Point",
        "coordinates": [
          74.2636485,
          24.611763192
        ]
      }
    },
    {
      "type": "Feature",
      "properties": {
        "name": "Jaswantnagar",
        "brand": "Jio-bp",
        "brand_code": "JIOBP",
        "address": "Khasra no.194 NH-2,Post office jaswant nagar, Distt. Etawah",
        "state": "Uttar Pradesh",
        "city": "",
        "ro_code": "UWF093",
        "amenity": "fuel",
        "source": "jiobp.com"
      },
      "geometry": {
        "type": "Point",
        "coordinates": [
          78.830654,
          26.951938
        ]
      }
    },
    {
      "type": "Feature",
      "properties": {
        "name": "SHRI HANUMAN FILLING STATION",
        "brand": "Jio-bp",
        "brand_code": "JIOBP",
        "address": "ON  NH-19 , Near M.S. 446, Khasra No. 2279, Village -  Bisayakpur,  Mouza ¿ Nagri,  , Police Station - Rania,Tehsil  - Akbarpur , Distt: Kanpur Dehat , State ¿ UP.",
        "state": "Uttar Pradesh",
        "city": "",
        "ro_code": "UEF096",
        "amenity": "fuel",
        "source": "jiobp.com"
      },
      "geometry": {
        "type": "Point",
        "coordinates": [
          80.093321,
          26.411003
        ]
      }
    },
    {
      "type": "Feature",
      "properties": {
        "name": "VALANCHERY CALICUT",
        "brand": "Jio-bp",
        "brand_code": "JIOBP",
        "address": "Valanchery Reliance Retail Outlet (KLF020),M/s. G. S. International,Opposite Pandi Auto Bazaar,NH-17, Calicut Road, Valanchery,Malappuram District. PIN: 676552.Mr. Mohan: +919349816501",
        "state": "Kerala",
        "city": "VALANCHERY",
        "ro_code": "KLF020",
        "amenity": "fuel",
        "source": "jiobp.com"
      },
      "geometry": {
        "type": "Point",
        "coordinates": [
          76.065867255,
          10.892206823
        ]
      }
    },
    {
      "type": "Feature",
      "properties": {
        "name": "KAKKANAD COCHIN",
        "brand": "Jio-bp",
        "brand_code": "JIOBP",
        "address": "Kakkanad Reliance Retail Outlet (KLF087),M/s. Infinity Enterprises,Opp. Cochin SEZ, Seaport - Airport Road, Kakkanad, Ernakulam District. PIN: 682030.Mr. Jayakrishnan +919447614782",
        "state": "Kerala",
        "city": "",
        "ro_code": "KLF087",
        "amenity": "fuel",
        "source": "jiobp.com"
      },
      "geometry": {
        "type": "Point",
        "coordinates": [
          76.345117909,
          10.006663624
        ]
      }
    },
    {
      "type": "Feature",
      "properties": {
        "name": "TIKAMGARH",
        "brand": "Jio-bp",
        "brand_code": "JIOBP",
        "address": "MAHAKAL FILLING STATION, NEAR BUST STAND, TIKAMGARH, DISTT TIKAMGARH, MP,   472001",
        "state": "Madhya Pradesh",
        "city": "Tikamgarh",
        "ro_code": "MPF087",
        "amenity": "fuel",
        "source": "jiobp.com"
      },
      "geometry": {
        "type": "Point",
        "coordinates": [
          78.835143749,
          24.756717986
        ]
      }
    },
    {
      "type": "Feature",
      "properties": {
        "name": "BALINGA KOLHAPUR",
        "brand": "Jio-bp",
        "brand_code": "JIOBP",
        "address": "A/P-SURVEY NO.22/4,GAGANBAWADA ROAD,VILLAGE BALINGA, TALUKA:KARVEER,DIST:KOLHAPUR 416010",
        "state": "Maharashtra",
        "city": "KOLHAPUR",
        "ro_code": "MHF075",
        "amenity": "fuel",
        "source": "jiobp.com"
      },
      "geometry": {
        "type": "Point",
        "coordinates": [
          73.9650719,
          16.651893186
        ]
      }
    },
    {
      "type": "Feature",
      "properties": {
        "name": "KUDAL KOLHAPUR",
        "brand": "Jio-bp",
        "brand_code": "JIOBP",
        "address": "M/S PARULEKAR PETROLEUM, PLOT NO.B1,MKG.ROAD,SANGIRDEWADI,KUDAL,DIST-SINDURAGH  416520",
        "state": "Maharashtra",
        "city": "",
        "ro_code": "MHF099",
        "amenity": "fuel",
        "source": "jiobp.com"
      },
      "geometry": {
        "type": "Point",
        "coordinates": [
          73.694261362,
          15.998471393
        ]
      }
    },
    {
      "type": "Feature",
      "properties": {
        "name": "BIDRI KOLHAPUR",
        "brand": "Jio-bp",
        "brand_code": "JIOBP",
        "address": "GAT NO-469,470,472. GARGOTI-KOLHAPUR ROAD,,TAL:KAGAL BIDRI (BORAWADE),  416208",
        "state": "Maharashtra",
        "city": "",
        "ro_code": "MHF164",
        "amenity": "fuel",
        "source": "jiobp.com"
      },
      "geometry": {
        "type": "Point",
        "coordinates": [
          74.137382605,
          16.420031337
        ]
      }
    },
    {
      "type": "Feature",
      "properties": {
        "name": "GADHINGLAJ KOLHAPUR",
        "brand": "Jio-bp",
        "brand_code": "JIOBP",
        "address": "SANKASHWAR ROAD,GADLIGANGH,TAL-GADHINGALG DST:KOLHAPUR 416502",
        "state": "Maharashtra",
        "city": "",
        "ro_code": "MHF168",
        "amenity": "fuel",
        "source": "jiobp.com"
      },
      "geometry": {
        "type": "Point",
        "coordinates": [
          74.353875044,
          16.225847083
        ]
      }
    },
    {
      "type": "Feature",
      "properties": {
        "name": "MEENCHANDA CALICUT",
        "brand": "Jio-bp",
        "brand_code": "JIOBP",
        "address": "Calicut Meenchanda Reliance Retail Outlet (KLF048),M/s. K. V. N. Petro Products,Opposite Nallalam Police Station,Meenchanda, Calicut,Kozhikode District. PIN: 673018. Mr. Mani: +919645080534.",
        "state": "Kerala",
        "city": "MEENCHANDA",
        "ro_code": "KLF048",
        "amenity": "fuel",
        "source": "jiobp.com"
      },
      "geometry": {
        "type": "Point",
        "coordinates": [
          75.808283524,
          11.211703111
        ]
      }
    },
    {
      "type": "Feature",
      "properties": {
        "name": "MACHHIWARA LUDHIANA",
        "brand": "Jio-bp",
        "brand_code": "JIOBP",
        "address": "RELIANCE PETRO MARKETING PVT LTD, VILLAGE GARHI TARKHANA,MACHHIWARA SAMRALA ROAD, MACHHIWARA DIST; LUDHIANA",
        "state": "Punjab",
        "city": "",
        "ro_code": "PBF108",
        "amenity": "fuel",
        "source": "jiobp.com"
      },
      "geometry": {
        "type": "Point",
        "coordinates": [
          76.194689228,
          30.913532204
        ]
      }
    },
    {
      "type": "Feature",
      "properties": {
        "name": "LALLORI LUDHIANA",
        "brand": "Jio-bp",
        "brand_code": "JIOBP",
        "address": "RELIANCE PETRO MARKETING PVT LTD, VILLAGE LALOURI, KHANNA SAMRALA ROAD, MDR # 53 , STONE # 6, KHANNA.",
        "state": "Punjab",
        "city": "",
        "ro_code": "PBF111",
        "amenity": "fuel",
        "source": "jiobp.com"
      },
      "geometry": {
        "type": "Point",
        "coordinates": [
          76.209615103,
          30.730999005
        ]
      }
    },
    {
      "type": "Feature",
      "properties": {
        "name": "MAHUVA BHAVANGAR",
        "brand": "Jio-bp",
        "brand_code": "JIOBP",
        "address": "SURVEY NO:282, PLOT NO:224,225, NEAR HOTEL HEAVEN,STATION ROADMAHUVA CITY  364290",
        "state": "Gujarat",
        "city": "MAHUVA",
        "ro_code": "GJF189",
        "amenity": "fuel",
        "source": "jiobp.com"
      },
      "geometry": {
        "type": "Point",
        "coordinates": [
          71.76790524,
          21.093325662
        ]
      }
    },
    {
      "type": "Feature",
      "properties": {
        "name": "THENI MADURAI",
        "brand": "Jio-bp",
        "brand_code": "JIOBP",
        "address": "SATHYA NARAYANAN FILLING CENTER(RELIANCE PETRO PUMP), THENI PERAYAKULAM MAIN ROAD, RELIANCE RETAIL OUTLET, S.NO.331/3 and 329/2, SUKKUVADANPATTI, UNJAMPATTI, THENI 625 531  TAMIL NADU.",
        "state": "Tamil Nadu",
        "city": "THENI",
        "ro_code": "TNF053",
        "amenity": "fuel",
        "source": "jiobp.com"
      },
      "geometry": {
        "type": "Point",
        "coordinates": [
          77.47410794,
          10.007973024
        ]
      }
    },
    {
      "type": "Feature",
      "properties": {
        "name": "UDHNA NAVSARI RD SURAT",
        "brand": "Jio-bp",
        "brand_code": "JIOBP",
        "address": "RELIANCE PETROL PUMP,TPS NO. 02, FP NO. 19/P, OPP BRC GATE,UDHNA NAVSARI ROAD, TAL CHORYASI, SURAT CITY,UDHNA NAVSARI - 394210.",
        "state": "Gujarat",
        "city": "",
        "ro_code": "GJC016",
        "amenity": "fuel",
        "source": "jiobp.com"
      },
      "geometry": {
        "type": "Point",
        "coordinates": [
          72.844302989,
          21.155807726
        ]
      }
    },
    {
      "type": "Feature",
      "properties": {
        "name": "Songadh 2",
        "brand": "Jio-bp",
        "brand_code": "JIOBP",
        "address": "SURVEY NO 60 P1 P1 SUBPLOT 2, SONARPADA, FORT SONGADH, TAPI, GUJARAT 394670",
        "state": "Gujarat",
        "city": "Songadh",
        "ro_code": "GJF275",
        "amenity": "fuel",
        "source": "jiobp.com"
      },
      "geometry": {
        "type": "Point",
        "coordinates": [
          73.54716,
          21.16284
        ]
      }
    },
    {
      "type": "Feature",
      "properties": {
        "name": "JAIS",
        "brand": "Jio-bp",
        "brand_code": "JIOBP",
        "address": "BAHADURPUR(JAIS),TELOI,DIST.RAIBERAILY SH-34,VILLAGE:BAMADPUR, U.P, PIN_CODE : 229304",
        "state": "Uttar Pradesh",
        "city": "Jais",
        "ro_code": "UEF045",
        "amenity": "fuel",
        "source": "jiobp.com"
      },
      "geometry": {
        "type": "Point",
        "coordinates": [
          81.541668135,
          26.260823324
        ]
      }
    },
    {
      "type": "Feature",
      "properties": {
        "name": "YERRAGUNTLA",
        "brand": "Jio-bp",
        "brand_code": "JIOBP",
        "address": "M/s.Yerram Reddy Enterprises ,Sy.No:77, Sunkesula Village,Yerraguntla Mandal,Cuddapah District,A.P.",
        "state": "Andhra Pradesh",
        "city": "CHAUDAGRA ALLAHABAD",
        "ro_code": "APF088",
        "amenity": "fuel",
        "source": "jiobp.com"
      },
      "geometry": {
        "type": "Point",
        "coordinates": [
          78.547648439,
          14.631936597
        ]
      }
    },
    {
      "type": "Feature",
      "properties": {
        "name": "GOOTY 2 TS",
        "brand": "Jio-bp",
        "brand_code": "JIOBP",
        "address": "S.NO:64/Aand65, MILE STONE;311/4, NH-7, VILLAGE and POST. RAMARAJUPALLY, PAMIDI MANDAL, ANANTAPUR DIST  515404",
        "state": "Andhra Pradesh",
        "city": "MANDAL PAMIDI",
        "ro_code": "APT013",
        "amenity": "fuel",
        "source": "jiobp.com"
      },
      "geometry": {
        "type": "Point",
        "coordinates": [
          77.626940972,
          15.050315024
        ]
      }
    },
    {
      "type": "Feature",
      "properties": {
        "name": "SITARGANJ",
        "brand": "Jio-bp",
        "brand_code": "JIOBP",
        "address": "M B FILLING STATION, KHATIMA RD, SITARGANJ, UTTARANCHAL KHASRA NO 198/3, 199/1 and 199/2, RAMPUR, SITARGANJ, UDHAN SINGH NAGAR, UTTRANCHAL 262405",
        "state": "Uttarakhand",
        "city": "",
        "ro_code": "UTF010",
        "amenity": "fuel",
        "source": "jiobp.com"
      },
      "geometry": {
        "type": "Point",
        "coordinates": [
          79.892297987,
          28.937235374
        ]
      }
    },
    {
      "type": "Feature",
      "properties": {
        "name": "RAMNAGAR BAREILLY",
        "brand": "Jio-bp",
        "brand_code": "JIOBP",
        "address": "M/S MAHALAXMI FILLING STATION ,  3/13, KASERA LANE, P.O. RAMNAGAR , ON RAMNAGAR TO KASHIPUR , N.H 121 , KHATAUNI NO. 87 , KHASRA NO. 197,198 ,NEAR M.S 25 , VILLAGE RAMNAGAR  DISTT. NAINITAL   UTTARANCHAL. 244715",
        "state": "Uttarakhand",
        "city": "",
        "ro_code": "UTF014",
        "amenity": "fuel",
        "source": "jiobp.com"
      },
      "geometry": {
        "type": "Point",
        "coordinates": [
          79.129512083,
          29.394219355
        ]
      }
    },
    {
      "type": "Feature",
      "properties": {
        "name": "RAISEN",
        "brand": "Jio-bp",
        "brand_code": "JIOBP",
        "address": "RELAINCE RETAIL OUTLET RAISEN ROAD NEAR DARGAH.RAISEN.  464551",
        "state": "Madhya Pradesh",
        "city": "RAISEN",
        "ro_code": "MPF064",
        "amenity": "fuel",
        "source": "jiobp.com"
      },
      "geometry": {
        "type": "Point",
        "coordinates": [
          77.768666667,
          23.315055556
        ]
      }
    },
    {
      "type": "Feature",
      "properties": {
        "name": "MOTI KHAVDI",
        "brand": "Jio-bp",
        "brand_code": "JIOBP",
        "address": "RELIANCE TS, OPP. VINAYAK PETROL PUMP, NEAR MOTIKHAVDI RAILWAY CROSSING,MOTIKHAVDI,JAMNAGAR  361140",
        "state": "Gujarat",
        "city": "JAMNAGAR",
        "ro_code": "GJT012",
        "amenity": "fuel",
        "source": "jiobp.com"
      },
      "geometry": {
        "type": "Point",
        "coordinates": [
          69.865138889,
          22.390361111
        ]
      }
    },
    {
      "type": "Feature",
      "properties": {
        "name": "MALDA FF",
        "brand": "Jio-bp",
        "brand_code": "JIOBP",
        "address": "NH-34, VILLAGE PANDUA, POST OFFICE QUTUBSAHAR, PS GAZOLE, DISTRICT: MALDA",
        "state": "West Bengal",
        "city": "Maldah",
        "ro_code": "WBT005",
        "amenity": "fuel",
        "source": "jiobp.com"
      },
      "geometry": {
        "type": "Point",
        "coordinates": [
          88.150593326,
          25.129690577
        ]
      }
    },
    {
      "type": "Feature",
      "properties": {
        "name": "TPK ROAD MADURAI",
        "brand": "Jio-bp",
        "brand_code": "JIOBP",
        "address": "RELIANCE RETAIL OUTLET, NO.40/3B, 4and10, PASUMALAI VILLAGE, NH-7, THIRUPARANKUNDRAM ROAD, MADURAI SOUTH TALUK, MADURAI 625004",
        "state": "Tamil Nadu",
        "city": "MADURAI",
        "ro_code": "TNC077",
        "amenity": "fuel",
        "source": "jiobp.com"
      },
      "geometry": {
        "type": "Point",
        "coordinates": [
          78.090144442,
          9.898106397
        ]
      }
    },
    {
      "type": "Feature",
      "properties": {
        "name": "HALDIA TS",
        "brand": "Jio-bp",
        "brand_code": "JIOBP",
        "address": "Plot No. 2697, 2695, 2687, 2689, 2690, 2693, 2694, 2692, 2691, 2727, 2729(P), 2730, 2731, 2732 (P) J.L No. : 135,  P.O:Kapasaria, Village : Kapasaria,  Mouza: Kapasaria, P.S : Mahishadal, District: Purba Medinipur, West Bengal-721628",
        "state": "West Bengal",
        "city": "Haldia",
        "ro_code": "WBT003",
        "amenity": "fuel",
        "source": "jiobp.com"
      },
      "geometry": {
        "type": "Point",
        "coordinates": [
          88.084564223,
          22.065818877
        ]
      }
    },
    {
      "type": "Feature",
      "properties": {
        "name": "Lahartara",
        "brand": "Jio-bp",
        "brand_code": "JIOBP",
        "address": "Khasra no. 660, Taluka Bhullanpur, District Varanasi",
        "state": "Uttar Pradesh",
        "city": "VARANASI",
        "ro_code": "UEC028",
        "amenity": "fuel",
        "source": "jiobp.com"
      },
      "geometry": {
        "type": "Point",
        "coordinates": [
          82.941067,
          25.295525
        ]
      }
    },
    {
      "type": "Feature",
      "properties": {
        "name": "Sirdharpur",
        "brand": "Jio-bp",
        "brand_code": "JIOBP",
        "address": "At Chainage 227+100 Near MS 226 On Agra ¿ Lucknow Expressway,  Village - Sirdharpur Gair Ahatmali, Taluka - Bangarmau, District ¿ Unnao, Uttar Pradesh",
        "state": "Uttar Pradesh",
        "city": "",
        "ro_code": "UEF113",
        "amenity": "fuel",
        "source": "jiobp.com"
      },
      "geometry": {
        "type": "Point",
        "coordinates": [
          80.089242,
          26.936563
        ]
      }
    },
    {
      "type": "Feature",
      "properties": {
        "name": "UDWADA",
        "brand": "Jio-bp",
        "brand_code": "JIOBP",
        "address": "Reliance Petrol Pump,Survey No 525/p,NH-8,Pardi,Tal- pardi,district Valsad,taluka pardi-396125",
        "state": "Gujarat",
        "city": "",
        "ro_code": "GJF152",
        "amenity": "fuel",
        "source": "jiobp.com"
      },
      "geometry": {
        "type": "Point",
        "coordinates": [
          72.955296077,
          20.589254514
        ]
      }
    },
    {
      "type": "Feature",
      "properties": {
        "name": "FARRUKHABAD KANPUR",
        "brand": "Jio-bp",
        "brand_code": "JIOBP",
        "address": "On Bewar - Bareilly  Road, (SH-29), Near Mile Stone No. 541,  Village - Bijadharpur,  FARRUKHABAD",
        "state": "Uttar Pradesh",
        "city": "kanpur",
        "ro_code": "UWF080",
        "amenity": "fuel",
        "source": "jiobp.com"
      },
      "geometry": {
        "type": "Point",
        "coordinates": [
          79.591755802,
          27.38475874
        ]
      }
    },
    {
      "type": "Feature",
      "properties": {
        "name": "METTUR FF (SALEM)",
        "brand": "Jio-bp",
        "brand_code": "JIOBP",
        "address": "SY No. 758A/2B, 758A/2C1 Mile Stone 20 Tundukodu Village, Kandhanoor Near Samathuvapuram,  Salem Main Road,  Gonur,",
        "state": "Tamil Nadu",
        "city": "",
        "ro_code": "TNF016",
        "amenity": "fuel",
        "source": "jiobp.com"
      },
      "geometry": {
        "type": "Point",
        "coordinates": [
          77.87525,
          11.822194444
        ]
      }
    },
    {
      "type": "Feature",
      "properties": {
        "name": "SALEM SALEM",
        "brand": "Jio-bp",
        "brand_code": "JIOBP",
        "address": "18/13A1 of Adhikarippatty & 38/1A2 & 38/1B of Udayappatty, Attur Road, Salem",
        "state": "Tamil Nadu",
        "city": "SALEM",
        "ro_code": "TNF096",
        "amenity": "fuel",
        "source": "jiobp.com"
      },
      "geometry": {
        "type": "Point",
        "coordinates": [
          78.209916667,
          11.666027778
        ]
      }
    },
    {
      "type": "Feature",
      "properties": {
        "name": "GHATIA",
        "brand": "Jio-bp",
        "brand_code": "JIOBP",
        "address": "KHASRA-643, VILL-NAZARPUR, THE-GHATIA, DIST-UJJAIN 456550",
        "state": "Madhya Pradesh",
        "city": "GHATIA",
        "ro_code": "MPF030",
        "amenity": "fuel",
        "source": "jiobp.com"
      },
      "geometry": {
        "type": "Point",
        "coordinates": [
          75.855500515,
          23.358623362
        ]
      }
    },
    {
      "type": "Feature",
      "properties": {
        "name": "DEWAS FF",
        "brand": "Jio-bp",
        "brand_code": "JIOBP",
        "address": "NH-3,VILLAGE:LOHAR PIPALYA, AB ROAD, OPP. GULMOHAR DHABA, DEWAS,  455001",
        "state": "Madhya Pradesh",
        "city": "DEWAS",
        "ro_code": "MPF076",
        "amenity": "fuel",
        "source": "jiobp.com"
      },
      "geometry": {
        "type": "Point",
        "coordinates": [
          76.004194444,
          22.920138889
        ]
      }
    },
    {
      "type": "Feature",
      "properties": {
        "name": "KANTAPHOD INDORE",
        "brand": "Jio-bp",
        "brand_code": "JIOBP",
        "address": "SURVEY NO. 104/3/2, VILLAGE KANTAPHOD, DIST: DEWAS, KANTAPHOD, MP-455440",
        "state": "Madhya Pradesh",
        "city": "KANTAPHOD",
        "ro_code": "MPR003",
        "amenity": "fuel",
        "source": "jiobp.com"
      },
      "geometry": {
        "type": "Point",
        "coordinates": [
          76.561511768,
          22.57628146
        ]
      }
    },
    {
      "type": "Feature",
      "properties": {
        "name": "ALEPHATA(PUNE)",
        "brand": "Jio-bp",
        "brand_code": "JIOBP",
        "address": "NH60,VILLAGE:ALE,POST_OFFICE- ALE, SURVEY NO-2725   TAL JUNNAR 412411",
        "state": "Maharashtra",
        "city": "Pune",
        "ro_code": "MHF018",
        "amenity": "fuel",
        "source": "jiobp.com"
      },
      "geometry": {
        "type": "Point",
        "coordinates": [
          74.105007368,
          19.191032292
        ]
      }
    },
    {
      "type": "Feature",
      "properties": {
        "name": "NARAYANGAON",
        "brand": "Jio-bp",
        "brand_code": "JIOBP",
        "address": "SURVEY NO 734/1+2D,WARULWADI, NARAYANGAON, OPP. OASIS HOTEL. ON NH60,POST_OFFICE : NARAYANGAON TALUKA JUNNAR, DIST. PUNE  410504",
        "state": "Maharashtra",
        "city": "NARAYANGAON",
        "ro_code": "MHF033",
        "amenity": "fuel",
        "source": "jiobp.com"
      },
      "geometry": {
        "type": "Point",
        "coordinates": [
          73.9706944,
          19.0955278
        ]
      }
    },
    {
      "type": "Feature",
      "properties": {
        "name": "BHOR",
        "brand": "Jio-bp",
        "brand_code": "JIOBP",
        "address": "SURVEY NO 69, NEAR CHOWPATI, MAHAD - PANDHARPUR ROAD, Village- BHOR,  DIST- PUNE,  Maharashtra - 412206",
        "state": "Maharashtra",
        "city": "BHOR",
        "ro_code": "MHF148",
        "amenity": "fuel",
        "source": "jiobp.com"
      },
      "geometry": {
        "type": "Point",
        "coordinates": [
          73.853574062,
          18.14305714
        ]
      }
    },
    {
      "type": "Feature",
      "properties": {
        "name": "NIRGUDSAR",
        "brand": "Jio-bp",
        "brand_code": "JIOBP",
        "address": "GUT NO 27/12A, VILLAGE NIRGUDSAR TQ AMBEGAON",
        "state": "Maharashtra",
        "city": "",
        "ro_code": "MHR071",
        "amenity": "fuel",
        "source": "jiobp.com"
      },
      "geometry": {
        "type": "Point",
        "coordinates": [
          74.043888889,
          18.980833333
        ]
      }
    },
    {
      "type": "Feature",
      "properties": {
        "name": "Muddebihal",
        "brand": "Jio-bp",
        "brand_code": "JIOBP",
        "address": "Sy.No. 2343, Talikot Road Muddebhial Town, Dist: Bijapur",
        "state": "Karnataka",
        "city": "",
        "ro_code": "KRF115",
        "amenity": "fuel",
        "source": "jiobp.com"
      },
      "geometry": {
        "type": "Point",
        "coordinates": [
          76.129732351,
          16.334577805
        ]
      }
    },
    {
      "type": "Feature",
      "properties": {
        "name": "BECHRAJI",
        "brand": "Jio-bp",
        "brand_code": "JIOBP",
        "address": "SURVEY NO.599,   C/O V S PATEL PETROLEUM,MEHSANA HIGHWAY,   SH 7, NR. RAILWAY CROSSING,  BECHRAJI DIST. MEHSANA  384210",
        "state": "Gujarat",
        "city": "",
        "ro_code": "GJF102",
        "amenity": "fuel",
        "source": "jiobp.com"
      },
      "geometry": {
        "type": "Point",
        "coordinates": [
          72.053355772,
          23.502328351
        ]
      }
    },
    {
      "type": "Feature",
      "properties": {
        "name": "SAMBHAL BAREILLY",
        "brand": "Jio-bp",
        "brand_code": "JIOBP",
        "address": "M/S BABU RAM AGARWAL RADHA KRISHNA MANGLAM, SAMBHAL, NARODABAD, MBR 69, MS-35,KHASRA NO. 74,KHATAUNI NO.25,VILL- SANBHAL,DISTT. MORADABAD.  PIN CODE : 244302",
        "state": "Uttar Pradesh",
        "city": "",
        "ro_code": "UWF007",
        "amenity": "fuel",
        "source": "jiobp.com"
      },
      "geometry": {
        "type": "Point",
        "coordinates": [
          78.575,
          28.583583333
        ]
      }
    },
    {
      "type": "Feature",
      "properties": {
        "name": "MANALI CHANDIGARH",
        "brand": "Jio-bp",
        "brand_code": "JIOBP",
        "address": "MS 292, KATRAIN, KULLU, MANALI, HP",
        "state": "Himachal Pradesh",
        "city": "",
        "ro_code": "HPF016",
        "amenity": "fuel",
        "source": "jiobp.com"
      },
      "geometry": {
        "type": "Point",
        "coordinates": [
          77.193014398,
          32.245676439
        ]
      }
    },
    {
      "type": "Feature",
      "properties": {
        "name": "KULTI DURGAPUR",
        "brand": "Jio-bp",
        "brand_code": "JIOBP",
        "address": "KHATIAN 273382,433/1,143/149, JL.NO.22,TOUZI NO.19,PUNURI, PS.-KULTI PUNURI,BURDWAN, KULTI",
        "state": "West Bengal",
        "city": "KULTI",
        "ro_code": "WBF033",
        "amenity": "fuel",
        "source": "jiobp.com"
      },
      "geometry": {
        "type": "Point",
        "coordinates": [
          86.883400808,
          23.718467715
        ]
      }
    },
    {
      "type": "Feature",
      "properties": {
        "name": "BAGPAT ROAD DEHRADUN",
        "brand": "Jio-bp",
        "brand_code": "JIOBP",
        "address": "Khasra no. 103, 104, On Bagpat to Meerut Road, SH-14, Village Maliyana, Tehsil: Meerut Sadar, District: MEERUT, State: Uttar Pradesh",
        "state": "Uttar Pradesh",
        "city": "",
        "ro_code": "UWC009",
        "amenity": "fuel",
        "source": "jiobp.com"
      },
      "geometry": {
        "type": "Point",
        "coordinates": [
          77.683851658,
          28.971962835
        ]
      }
    },
    {
      "type": "Feature",
      "properties": {
        "name": "MEERUT DEHRADUN",
        "brand": "Jio-bp",
        "brand_code": "JIOBP",
        "address": "House no. 149, Part of Property no. 150, Khasra no. 965, 969, On Garhmuktsar to Meerut road SH-14, Village: Garth Road, Opp. Medical College, Meerut, District: MEERUT, State: Uttar Pradesh - 250004",
        "state": "Uttar Pradesh",
        "city": "",
        "ro_code": "UWF005",
        "amenity": "fuel",
        "source": "jiobp.com"
      },
      "geometry": {
        "type": "Point",
        "coordinates": [
          77.742985917,
          28.963569892
        ]
      }
    },
    {
      "type": "Feature",
      "properties": {
        "name": "SANCHORE(JALORE)",
        "brand": "Jio-bp",
        "brand_code": "JIOBP",
        "address": "KHASRA NO. - 324 (OLD) and 640 / 324 ( NEW ), LHS TOWARDS :- SANCHORE-GUJRAT , NH - 15 , VILLAGE :- GARDALI , TEHSIL :- SANCHORE , DISTRICT:-  JALORE PIN_CODE : 343041",
        "state": "Rajasthan",
        "city": "Sanchore",
        "ro_code": "RJF064",
        "amenity": "fuel",
        "source": "jiobp.com"
      },
      "geometry": {
        "type": "Point",
        "coordinates": [
          71.765,
          24.6780278
        ]
      }
    },
    {
      "type": "Feature",
      "properties": {
        "name": "KICHHA BAREILLY",
        "brand": "Jio-bp",
        "brand_code": "JIOBP",
        "address": "M/S MADAAN MOTORS, NH-74,VILLAGE:SIROALI KALAN,POST_OFFICE : KICHHA,DISTRICT : UDHAM SINGH NAGAR , UTTARANCHAL, PIN_CODE : 263148",
        "state": "Uttarakhand",
        "city": "",
        "ro_code": "UTF004",
        "amenity": "fuel",
        "source": "jiobp.com"
      },
      "geometry": {
        "type": "Point",
        "coordinates": [
          79.505448204,
          28.902633209
        ]
      }
    },
    {
      "type": "Feature",
      "properties": {
        "name": "MADHAPAR(KUTCHH)",
        "brand": "Jio-bp",
        "brand_code": "JIOBP",
        "address": "SURVEY NO. 209/P, VILL: MADHAPAR, TAL: BHUJ -DISTRICT : KUTCH  370020",
        "state": "Gujarat",
        "city": "MADHAPAR",
        "ro_code": "GJF202",
        "amenity": "fuel",
        "source": "jiobp.com"
      },
      "geometry": {
        "type": "Point",
        "coordinates": [
          69.726327006,
          23.237072646
        ]
      }
    },
    {
      "type": "Feature",
      "properties": {
        "name": "SULTANPUR FF",
        "brand": "Jio-bp",
        "brand_code": "JIOBP",
        "address": "NH-56,SULTANPUR. VILLAGE:HARIHARPUR,POST_OFFICE : RUDRADULI,DISTRICT : SULTANPUR , U.P,SADAR,   PIN_CODE : 228001",
        "state": "Uttar Pradesh",
        "city": "",
        "ro_code": "UEF003",
        "amenity": "fuel",
        "source": "jiobp.com"
      },
      "geometry": {
        "type": "Point",
        "coordinates": [
          82.108781988,
          26.215706443
        ]
      }
    },
    {
      "type": "Feature",
      "properties": {
        "name": "LUCKNOW 2 TS",
        "brand": "Jio-bp",
        "brand_code": "JIOBP",
        "address": "VILLAGE BASANTPUR, PARGANA BADI, TEHSIL SIDHAULI, DISTRICT SITAPUR NH-24, U.P, PIN CODE 261302",
        "state": "Uttar Pradesh",
        "city": "",
        "ro_code": "UET002",
        "amenity": "fuel",
        "source": "jiobp.com"
      },
      "geometry": {
        "type": "Point",
        "coordinates": [
          80.828842726,
          27.33117745
        ]
      }
    },
    {
      "type": "Feature",
      "properties": {
        "name": "ROSA FF",
        "brand": "Jio-bp",
        "brand_code": "JIOBP",
        "address": "MILE STONE 333, NH 24 VILLAGE JAMUHI ROSA. DIST SHAJAHANPUR  U.P, PIN CODE 242001",
        "state": "Uttar Pradesh",
        "city": "",
        "ro_code": "UWF046",
        "amenity": "fuel",
        "source": "jiobp.com"
      },
      "geometry": {
        "type": "Point",
        "coordinates": [
          79.967172009,
          27.863760704
        ]
      }
    },
    {
      "type": "Feature",
      "properties": {
        "name": "UDGIR",
        "brand": "Jio-bp",
        "brand_code": "JIOBP",
        "address": "SHREE PETROLEUM NANDED BIDAR ROAD UDGIR DIST LATUR SURVEY NO 108,VILLAGE :NIDEBAN,TALUKA:UDGIR,DIST:LATUR 413517",
        "state": "Maharashtra",
        "city": "Udgir",
        "ro_code": "MHF107",
        "amenity": "fuel",
        "source": "jiobp.com"
      },
      "geometry": {
        "type": "Point",
        "coordinates": [
          77.105450785,
          18.39851766
        ]
      }
    },
    {
      "type": "Feature",
      "properties": {
        "name": "DUNGARPUR",
        "brand": "Jio-bp",
        "brand_code": "JIOBP",
        "address": "M/S AL-ANWAR ENTERPRISE, KHASRA NO 66,67 and 68  NEAR MILE STONE NO.22,SH-10, VILLAGE BILARI, TEHSIL DUNGARPUR, DISTRICT DUNGARPUR ( RAJASTHAN)",
        "state": "Rajasthan",
        "city": "Dungarpur",
        "ro_code": "RJF006",
        "amenity": "fuel",
        "source": "jiobp.com"
      },
      "geometry": {
        "type": "Point",
        "coordinates": [
          73.72460837,
          23.835709384
        ]
      }
    },
    {
      "type": "Feature",
      "properties": {
        "name": "KELWA",
        "brand": "Jio-bp",
        "brand_code": "JIOBP",
        "address": "KHASRA NO-449 and 4677/445 , NH-8, MILE STONE 194, VILLAGE-KELWA,TEHSIL and DIST-RAJSAMAND (RAJ) -",
        "state": "Rajasthan",
        "city": "Kelwa",
        "ro_code": "RJF099",
        "amenity": "fuel",
        "source": "jiobp.com"
      },
      "geometry": {
        "type": "Point",
        "coordinates": [
          73.841427224,
          25.166840697
        ]
      }
    },
    {
      "type": "Feature",
      "properties": {
        "name": "CHALESAR AGRA",
        "brand": "Jio-bp",
        "brand_code": "JIOBP",
        "address": "Kh. No. 7, To Agra Firozabad road, Kuberpur, District: Agra, State: Uttar Pradesh - 282006",
        "state": "Uttar Pradesh",
        "city": "",
        "ro_code": "UWF089",
        "amenity": "fuel",
        "source": "jiobp.com"
      },
      "geometry": {
        "type": "Point",
        "coordinates": [
          78.1100527778,
          27.2231166667
        ]
      }
    },
    {
      "type": "Feature",
      "properties": {
        "name": "AGRA 1 TS",
        "brand": "Jio-bp",
        "brand_code": "JIOBP",
        "address": "NH-2, M/S CANNON MANAGEMENT and SECURITY SERVICES PROP. COL NARENDER SINGH  295 PASCHIM PURI, SHASTRIPURAM ROAD,AGRA KHASRA NO.:252,248,249,254,251,250,VILLAGE: SHAHJADPUR PAURI,TEHSILandDISTT: MATHURA PIN CODE 282007",
        "state": "Uttar Pradesh",
        "city": "AGRA",
        "ro_code": "UWT007",
        "amenity": "fuel",
        "source": "jiobp.com"
      },
      "geometry": {
        "type": "Point",
        "coordinates": [
          77.796722222,
          27.284111111
        ]
      }
    },
    {
      "type": "Feature",
      "properties": {
        "name": "CHILBILA",
        "brand": "Jio-bp",
        "brand_code": "JIOBP",
        "address": "VILLAGE-GONDE,SADAR,CHILBILLA,PARGANA and TEHSIL  SADAR DIST. PRATAPGARH ( U.P. ) 230001",
        "state": "Uttar Pradesh",
        "city": "",
        "ro_code": "UEF053",
        "amenity": "fuel",
        "source": "jiobp.com"
      },
      "geometry": {
        "type": "Point",
        "coordinates": [
          82.010703719,
          25.973190987
        ]
      }
    },
    {
      "type": "Feature",
      "properties": {
        "name": "HATIDAH PATNA",
        "brand": "Jio-bp",
        "brand_code": "JIOBP",
        "address": "NH-80,PLOT NO.385,KHATA NO.55, MAUZA:BAJIDPUR, BARIYAR, GRAM:BADPUR, DIST:PATNA, HATIDAH",
        "state": "Bihar",
        "city": "",
        "ro_code": "BHF021",
        "amenity": "fuel",
        "source": "jiobp.com"
      },
      "geometry": {
        "type": "Point",
        "coordinates": [
          85.995351053,
          25.351691424
        ]
      }
    },
    {
      "type": "Feature",
      "properties": {
        "name": "NAUGACHIA TS",
        "brand": "Jio-bp",
        "brand_code": "JIOBP",
        "address": "NH-31, VILLAGE TAIYABPUR BAGDI, MAUZA ANCHAL NAUGACHIA, THANA N49, BIHPUR, DISTRICT: BHAGALPUR",
        "state": "Bihar",
        "city": "Naugachia",
        "ro_code": "BHT009",
        "amenity": "fuel",
        "source": "jiobp.com"
      },
      "geometry": {
        "type": "Point",
        "coordinates": [
          86.989707007,
          25.386019702
        ]
      }
    },
    {
      "type": "Feature",
      "properties": {
        "name": "PENNADAM FF",
        "brand": "Jio-bp",
        "brand_code": "JIOBP",
        "address": "S.No. 99/11 Dalavoi Village, Sendurai Taluk, Pennadam, Ariyalur District -",
        "state": "Tamil Nadu",
        "city": "Pennadam",
        "ro_code": "TNF014",
        "amenity": "fuel",
        "source": "jiobp.com"
      },
      "geometry": {
        "type": "Point",
        "coordinates": [
          79.225138889,
          11.386194444
        ]
      }
    },
    {
      "type": "Feature",
      "properties": {
        "name": "MANNARGUDI TRICHY",
        "brand": "Jio-bp",
        "brand_code": "JIOBP",
        "address": "29 Keela Raja",
        "state": "Tamil Nadu",
        "city": "MANNARGUDI",
        "ro_code": "TNF051",
        "amenity": "fuel",
        "source": "jiobp.com"
      },
      "geometry": {
        "type": "Point",
        "coordinates": [
          79.446841871,
          10.662685867
        ]
      }
    },
    {
      "type": "Feature",
      "properties": {
        "name": "ONGOLE TS",
        "brand": "Jio-bp",
        "brand_code": "JIOBP",
        "address": "NH 5, MILE STONE : 279, VILLAGE:TANGUTUR,POST_OFFICE : TANGUTUR,DISTRICT : PRAKASAM , ANDHRA PRADESH,  523274",
        "state": "Andhra Pradesh",
        "city": "Prakasam",
        "ro_code": "APT014",
        "amenity": "fuel",
        "source": "jiobp.com"
      },
      "geometry": {
        "type": "Point",
        "coordinates": [
          80.041944,
          15.370833
        ]
      }
    },
    {
      "type": "Feature",
      "properties": {
        "name": "KARUR TRICHY",
        "brand": "Jio-bp",
        "brand_code": "JIOBP",
        "address": "RELIANCE IND LTD, S.F.NO.1309/3B, NH 67, STONE MILE 209/8, TRICHY MAIN ROAD, SANAPIRATY VILAGE and PO MULLAKATTANUR DIST KARUR, TAMILNADU, PINCODE - 639004",
        "state": "Tamil Nadu",
        "city": "KARUR TRICHY",
        "ro_code": "TNF041",
        "amenity": "fuel",
        "source": "jiobp.com"
      },
      "geometry": {
        "type": "Point",
        "coordinates": [
          78.119179156,
          10.944635684
        ]
      }
    },
    {
      "type": "Feature",
      "properties": {
        "name": "SRIHIND",
        "brand": "Jio-bp",
        "brand_code": "JIOBP",
        "address": "Village Baran, Patiala Sirhind Road, MS 7.3 LHS towards Sirhind Patiala ,Patiala 147001",
        "state": "Punjab",
        "city": "SRIHIND",
        "ro_code": "PBF028",
        "amenity": "fuel",
        "source": "jiobp.com"
      },
      "geometry": {
        "type": "Point",
        "coordinates": [
          76.401075024,
          30.372783011
        ]
      }
    },
    {
      "type": "Feature",
      "properties": {
        "name": "HATHKHOJ",
        "brand": "Jio-bp",
        "brand_code": "JIOBP",
        "address": "46,HEAVY INDUSTRIAL AREA HATHKHOJ,BHILAI. 490026",
        "state": "Chattisgarh",
        "city": "Hathkhoj",
        "ro_code": "CGF002",
        "amenity": "fuel",
        "source": "jiobp.com"
      },
      "geometry": {
        "type": "Point",
        "coordinates": [
          81.401649923,
          21.226653407
        ]
      }
    },
    {
      "type": "Feature",
      "properties": {
        "name": "DHAMTARI RAIPUR",
        "brand": "Jio-bp",
        "brand_code": "JIOBP",
        "address": "ADJACENT TO SURYA RICE MILL,NH 43 GRAM ARJUNI DHAMTARI 493773",
        "state": "Chattisgarh",
        "city": "",
        "ro_code": "CGF006",
        "amenity": "fuel",
        "source": "jiobp.com"
      },
      "geometry": {
        "type": "Point",
        "coordinates": [
          81.545186978,
          20.707604594
        ]
      }
    },
    {
      "type": "Feature",
      "properties": {
        "name": "RANITARAI RAIPURC",
        "brand": "Jio-bp",
        "brand_code": "JIOBP",
        "address": "POST OFFICE and VILLAGE RANITARAI POLICE STN",
        "state": "Chattisgarh",
        "city": "",
        "ro_code": "CGR007",
        "amenity": "fuel",
        "source": "jiobp.com"
      },
      "geometry": {
        "type": "Point",
        "coordinates": [
          81.532769458,
          20.942319746
        ]
      }
    },
    {
      "type": "Feature",
      "properties": {
        "name": "RAIGARH-CH",
        "brand": "Jio-bp",
        "brand_code": "JIOBP",
        "address": "JINDAL ROAD NH 200 VILLAGE BHAGWANPUR RAIGARH 496000",
        "state": "Chattisgarh",
        "city": "",
        "ro_code": "CGF011",
        "amenity": "fuel",
        "source": "jiobp.com"
      },
      "geometry": {
        "type": "Point",
        "coordinates": [
          83.367246595,
          21.921724996
        ]
      }
    },
    {
      "type": "Feature",
      "properties": {
        "name": "AMBIKAPUR RAIPUR",
        "brand": "Jio-bp",
        "brand_code": "JIOBP",
        "address": "VILLAGE AMBIKAPUR DIST SARGUJA SARGUJA 497001",
        "state": "Chattisgarh",
        "city": "",
        "ro_code": "CGF014",
        "amenity": "fuel",
        "source": "jiobp.com"
      },
      "geometry": {
        "type": "Point",
        "coordinates": [
          83.182770539,
          23.130912407
        ]
      }
    },
    {
      "type": "Feature",
      "properties": {
        "name": "SEONI",
        "brand": "Jio-bp",
        "brand_code": "JIOBP",
        "address": "KHASRA NO 44, VILLAGE SILADEHI, NAGPUR ROAD, SEONI, Madhya Pradesh, 480661",
        "state": "Madhya Pradesh",
        "city": "Seoni",
        "ro_code": "MPF062",
        "amenity": "fuel",
        "source": "jiobp.com"
      },
      "geometry": {
        "type": "Point",
        "coordinates": [
          79.53883333,
          22.04297222
        ]
      }
    },
    {
      "type": "Feature",
      "properties": {
        "name": "TILWARA FF",
        "brand": "Jio-bp",
        "brand_code": "JIOBP",
        "address": "RELIANCE PETRO MARKETING, NH-7, NAGPUR ROAD, VILLAGE:NARAYANPUR,POST_OFFICE : TILWARA, MP JABALPUR  482001",
        "state": "Madhya Pradesh",
        "city": "",
        "ro_code": "MPF070",
        "amenity": "fuel",
        "source": "jiobp.com"
      },
      "geometry": {
        "type": "Point",
        "coordinates": [
          79.903458524,
          23.096627934
        ]
      }
    },
    {
      "type": "Feature",
      "properties": {
        "name": "NABHA (DODO)",
        "brand": "Jio-bp",
        "brand_code": "JIOBP",
        "address": "KHASRA NO 24/2 (2-9),25/1(1-1), ROHTA, NABHA, PATIALA RD, PATIALA",
        "state": "Punjab",
        "city": "Patiala",
        "ro_code": "PBF068",
        "amenity": "fuel",
        "source": "jiobp.com"
      },
      "geometry": {
        "type": "Point",
        "coordinates": [
          76.1804640327,
          30.3900468127
        ]
      }
    },
    {
      "type": "Feature",
      "properties": {
        "name": "PERUMBAVOOR COCHIN",
        "brand": "Jio-bp",
        "brand_code": "JIOBP",
        "address": "Perumbavoor Reliance Retail Outlet (KLF011),M/s. Saw Mill Owners Service Ltd.,M. C. Road, Perumbavoor,Ernakulam District. PIN: 683542. Mr. Binu: +919946142975",
        "state": "Kerala",
        "city": "Perumbavoor",
        "ro_code": "KLF011",
        "amenity": "fuel",
        "source": "jiobp.com"
      },
      "geometry": {
        "type": "Point",
        "coordinates": [
          76.480361111,
          10.108833333
        ]
      }
    },
    {
      "type": "Feature",
      "properties": {
        "name": "CHANGANASSERY COCHIN",
        "brand": "Jio-bp",
        "brand_code": "JIOBP",
        "address": "Changanacherry Reliance Retail Outlet (KLF036),M/s. Varsha Fuels, Vazhoor Road, Near Parel Church, Pareppally, Changanassery, Kottayam District. PIN: 686104.Mr. Ashok: +919349037005",
        "state": "Kerala",
        "city": "CHANGANASSERY",
        "ro_code": "KLF036",
        "amenity": "fuel",
        "source": "jiobp.com"
      },
      "geometry": {
        "type": "Point",
        "coordinates": [
          76.542166552,
          9.448157617
        ]
      }
    },
    {
      "type": "Feature",
      "properties": {
        "name": "Aroor",
        "brand": "Jio-bp",
        "brand_code": "JIOBP",
        "address": "Aroor Cherthala Reliance Retail Outlet (KLF066),M/s. Emay Petroleum,Kuthiyathodu Village, Cherthla Taluk, Alappuzha District. PIN: 688532.  Mr. Sajeesh: +919847478283",
        "state": "Kerala",
        "city": "THURAVOOR",
        "ro_code": "KLF066",
        "amenity": "fuel",
        "source": "jiobp.com"
      },
      "geometry": {
        "type": "Point",
        "coordinates": [
          76.318611111,
          9.772138889
        ]
      }
    },
    {
      "type": "Feature",
      "properties": {
        "name": "RAJGANGPUR",
        "brand": "Jio-bp",
        "brand_code": "JIOBP",
        "address": "SH-10,PLOT NO.76/3396/P86/3397, VILL:LAING,TALUKA RAJGANGPUR, DISTT:SUNDERGARH,ORISSA, RAJGANGPUR",
        "state": "Odisha",
        "city": "",
        "ro_code": "ORF026",
        "amenity": "fuel",
        "source": "jiobp.com"
      },
      "geometry": {
        "type": "Point",
        "coordinates": [
          84.630222222,
          22.238666667
        ]
      }
    },
    {
      "type": "Feature",
      "properties": {
        "name": "AINTHAPALLI SAMBALPUR",
        "brand": "Jio-bp",
        "brand_code": "JIOBP",
        "address": "KHATA NO. 515 PLOT NO.638/3709,, SAMBALPURTOWN,UNIT-13,BARAIPALI, PS:AINTHAPALLI, DIST:SAMBALPUR, BALANGIR",
        "state": "Odisha",
        "city": "",
        "ro_code": "ORF038",
        "amenity": "fuel",
        "source": "jiobp.com"
      },
      "geometry": {
        "type": "Point",
        "coordinates": [
          83.9655972222,
          21.4945583333
        ]
      }
    },
    {
      "type": "Feature",
      "properties": {
        "name": "AMTALA FF",
        "brand": "Jio-bp",
        "brand_code": "JIOBP",
        "address": "DAG NO 648, 649, 651, JL NO 2, SH-1, VILLAGE RAJARHAT, MOUZA AYODHYANAGAR, PS USTI, DISTRICT: 24 PARGANA (S)",
        "state": "West Bengal",
        "city": "",
        "ro_code": "WBF021",
        "amenity": "fuel",
        "source": "jiobp.com"
      },
      "geometry": {
        "type": "Point",
        "coordinates": [
          88.270388889,
          22.323722222
        ]
      }
    },
    {
      "type": "Feature",
      "properties": {
        "name": "Namkhana",
        "brand": "Jio-bp",
        "brand_code": "JIOBP",
        "address": "R.S Dag No: 244(P), 245(P) and LR Dag No: 327(P), 328(P), J.L No: 47, Mouza: Narayanpur, P.O and VILL:Narayanpur, Near Namkhana power house and Namkhana railway station , P.S: Kakdwip, District: South 24 Parganas, Pin Code: 743357.",
        "state": "West Bengal",
        "city": "P.S. Kakdwip",
        "ro_code": "WBF054",
        "amenity": "fuel",
        "source": "jiobp.com"
      },
      "geometry": {
        "type": "Point",
        "coordinates": [
          88.235548549,
          21.769796289
        ]
      }
    },
    {
      "type": "Feature",
      "properties": {
        "name": "Khatri Khedi",
        "brand": "Jio-bp",
        "brand_code": "JIOBP",
        "address": "Survey No.11/2/3 , 12/2/3 Village Chitkana Tehsil Indore Distt.Indore MP",
        "state": "Madhya Pradesh",
        "city": "INDORE",
        "ro_code": "MPR001",
        "amenity": "fuel",
        "source": "jiobp.com"
      },
      "geometry": {
        "type": "Point",
        "coordinates": [
          75.994912514,
          22.751469501
        ]
      }
    },
    {
      "type": "Feature",
      "properties": {
        "name": "BIJAY NAGAR FF",
        "brand": "Jio-bp",
        "brand_code": "JIOBP",
        "address": "KHASRA NO. - 542 / 543  and 544 , LHS TOWARDS :- VIJAYNAGAR-GULABPURA , SH - 39 , VILLAGE :-  VIJAYNAGAR, TEHSIL :- MASODA , DISTRICT:- AJMER  PIN_CODE : 305624",
        "state": "Rajasthan",
        "city": "",
        "ro_code": "RJF079",
        "amenity": "fuel",
        "source": "jiobp.com"
      },
      "geometry": {
        "type": "Point",
        "coordinates": [
          74.653277778,
          25.92175
        ]
      }
    },
    {
      "type": "Feature",
      "properties": {
        "name": "Rajgarh",
        "brand": "Jio-bp",
        "brand_code": "JIOBP",
        "address": "SH-5 (Alwar-Rajgarh)Vill-Badwari Patwar Halka.Firozpur Jagir, The.-Rajgarh,Distt Alwar-301408",
        "state": "Rajasthan",
        "city": "",
        "ro_code": "RJF019",
        "amenity": "fuel",
        "source": "jiobp.com"
      },
      "geometry": {
        "type": "Point",
        "coordinates": [
          76.623888889,
          27.319888889
        ]
      }
    },
    {
      "type": "Feature",
      "properties": {
        "name": "METPALLY HYDERABAD",
        "brand": "Jio-bp",
        "brand_code": "JIOBP",
        "address": "M/S SRI RAJA RAJESHWARA FUEL POINT, 65/2  SY.NO.793, OPP.LIC BUILDING, NH 16, METPALLY VILLAGE and MANDAL, KARIM NAGAR DISTRICT, ANDHRA PRADESH  505325",
        "state": "Telangana",
        "city": "METPALLY",
        "ro_code": "APF004",
        "amenity": "fuel",
        "source": "jiobp.com"
      },
      "geometry": {
        "type": "Point",
        "coordinates": [
          78.62716,
          18.85743
        ]
      }
    },
    {
      "type": "Feature",
      "properties": {
        "name": "SENKOTTAH",
        "brand": "Jio-bp",
        "brand_code": "JIOBP",
        "address": "SY.No- 283/10, Puthur Village,",
        "state": "Tamil Nadu",
        "city": "",
        "ro_code": "TNF039",
        "amenity": "fuel",
        "source": "jiobp.com"
      },
      "geometry": {
        "type": "Point",
        "coordinates": [
          77.210305854,
          8.995872778
        ]
      }
    },
    {
      "type": "Feature",
      "properties": {
        "name": "AMBASAMUDRAM",
        "brand": "Jio-bp",
        "brand_code": "JIOBP",
        "address": "SY.No.201/28, Door No. 78 - E , Thilagapuram Main Road,",
        "state": "Tamil Nadu",
        "city": "",
        "ro_code": "TNF117",
        "amenity": "fuel",
        "source": "jiobp.com"
      },
      "geometry": {
        "type": "Point",
        "coordinates": [
          77.451871073,
          8.70546147
        ]
      }
    },
    {
      "type": "Feature",
      "properties": {
        "name": "KARJAT",
        "brand": "Jio-bp",
        "brand_code": "JIOBP",
        "address": "PLOT NO 15/4, KARJAT-MURBAD ROAD",
        "state": "Maharashtra",
        "city": "",
        "ro_code": "MHF165",
        "amenity": "fuel",
        "source": "jiobp.com"
      },
      "geometry": {
        "type": "Point",
        "coordinates": [
          73.326659925,
          18.915670102
        ]
      }
    },
    {
      "type": "Feature",
      "properties": {
        "name": "AJWA ROAD COCO",
        "brand": "Jio-bp",
        "brand_code": "JIOBP",
        "address": "RELIANCE PETROL PUMP PLOT SURVEY NO. 151-1-D, TP-4, FP NO. 81,PAKKI-1-D 920,NEAR MANKI COMPLEX, WAGHODIA-AJWA ROAD, VADODARA-390019",
        "state": "Gujarat",
        "city": "VADODARA",
        "ro_code": "GJC077",
        "amenity": "fuel",
        "source": "jiobp.com"
      },
      "geometry": {
        "type": "Point",
        "coordinates": [
          73.229872078,
          22.303147755
        ]
      }
    },
    {
      "type": "Feature",
      "properties": {
        "name": "BODELI",
        "brand": "Jio-bp",
        "brand_code": "JIOBP",
        "address": "BLOCK NO/88, TAIKI, AT CHAROLA, CHAROTA VILLAGE LZAKHAPUR, PO: BODELI, TAL: SANKHEDA, DIST: Chhotaudepur  391135",
        "state": "Gujarat",
        "city": "",
        "ro_code": "GJF045",
        "amenity": "fuel",
        "source": "jiobp.com"
      },
      "geometry": {
        "type": "Point",
        "coordinates": [
          73.712978965,
          22.267774885
        ]
      }
    },
    {
      "type": "Feature",
      "properties": {
        "name": "BANGARPET BANGALORE",
        "brand": "Jio-bp",
        "brand_code": "JIOBP",
        "address": "#5248, OLD SURVEY NO.201/2A OF KARAHALLI VILLAGE,HOSABA HOBLI, KOLAR ROAD,  BANGARPET TAULK, KOLAR DIST, KARNATAKA 563114",
        "state": "Karnataka",
        "city": "",
        "ro_code": "KRF106",
        "amenity": "fuel",
        "source": "jiobp.com"
      },
      "geometry": {
        "type": "Point",
        "coordinates": [
          78.173732858,
          13.001468441
        ]
      }
    },
    {
      "type": "Feature",
      "properties": {
        "name": "MANDI ADAMPUR",
        "brand": "Jio-bp",
        "brand_code": "JIOBP",
        "address": "KARTIK FUELS,BY PASS ROAD,NEAR NEERAJ COTTON FACTORY, KHATAUNI NO-1417, KILLA NO 4419/2MIN(0-14),22/1 MIN(5-10) AT MANDI ADAMPUR DIST. HISSAR (HARYANA) 125052",
        "state": "Haryana",
        "city": "",
        "ro_code": "HRF013",
        "amenity": "fuel",
        "source": "jiobp.com"
      },
      "geometry": {
        "type": "Point",
        "coordinates": [
          75.477887106,
          29.283764091
        ]
      }
    },
    {
      "type": "Feature",
      "properties": {
        "name": "BAHARAGORA JAMSHEDPUR",
        "brand": "Jio-bp",
        "brand_code": "JIOBP",
        "address": "PLOT NO 365, 367, KHATA NO 32, BAHRAGORA",
        "state": "Jharkhand",
        "city": "BAHARAGORA",
        "ro_code": "JHF022",
        "amenity": "fuel",
        "source": "jiobp.com"
      },
      "geometry": {
        "type": "Point",
        "coordinates": [
          86.8029416667,
          22.2891666667
        ]
      }
    },
    {
      "type": "Feature",
      "properties": {
        "name": "SIRSA II",
        "brand": "Jio-bp",
        "brand_code": "JIOBP",
        "address": "HANS RAJ VIJESH KUMAR,NH-10,  KHATA NO 539 VILLAGE SHAMSHABAD, DABWALI ROAD,TEHSIL and DISTT SIRSA -125055  HARYANA",
        "state": "Haryana",
        "city": "SIRSA",
        "ro_code": "HRF045",
        "amenity": "fuel",
        "source": "jiobp.com"
      },
      "geometry": {
        "type": "Point",
        "coordinates": [
          75.0246826498,
          29.5555171529
        ]
      }
    },
    {
      "type": "Feature",
      "properties": {
        "name": "HISAR SIRSA ROAD HISAR",
        "brand": "Jio-bp",
        "brand_code": "JIOBP",
        "address": "SH.SANDEEP JAIN M/S GAURI PETROLEUM 4TH MILE, SIRSA RD. VILL. BIR, TEHSIL and DISTT. HISAR HARYANA 125005",
        "state": "Haryana",
        "city": "HISAR",
        "ro_code": "HRF104",
        "amenity": "fuel",
        "source": "jiobp.com"
      },
      "geometry": {
        "type": "Point",
        "coordinates": [
          75.6839851,
          29.2055654
        ]
      }
    },
    {
      "type": "Feature",
      "properties": {
        "name": "MIRAJGAON",
        "brand": "Jio-bp",
        "brand_code": "JIOBP",
        "address": "SR NO 136-2,MIRAJGAON R.O. NEAR MITRA PREM DHABHA,AT POST MIRAJGAON  414401",
        "state": "Maharashtra",
        "city": "MIRAJGAON",
        "ro_code": "MHF082",
        "amenity": "fuel",
        "source": "jiobp.com"
      },
      "geometry": {
        "type": "Point",
        "coordinates": [
          75.021916667,
          18.737555556
        ]
      }
    },
    {
      "type": "Feature",
      "properties": {
        "name": "Lalbagh",
        "brand": "Jio-bp",
        "brand_code": "JIOBP",
        "address": "Opposite HDFC Bank, MG ROAD, Ballalbagh, Mangaluru, Karnataka",
        "state": "Karnataka",
        "city": "",
        "ro_code": "KRC022",
        "amenity": "fuel",
        "source": "jiobp.com"
      },
      "geometry": {
        "type": "Point",
        "coordinates": [
          74.84032041,
          12.881467241
        ]
      }
    },
    {
      "type": "Feature",
      "properties": {
        "name": "UDUPI BY PASS-MANGALORE",
        "brand": "Jio-bp",
        "brand_code": "JIOBP",
        "address": "PARAM ENTERPRISES, RELIANCE PETROLEUM RETAIL OUTLET DEALER, NH17, AT KEDIYOOR VILLAGE, UDUPI TALUK, AMBALPADI, UDUPI NA 576103",
        "state": "Karnataka",
        "city": "",
        "ro_code": "KRF005",
        "amenity": "fuel",
        "source": "jiobp.com"
      },
      "geometry": {
        "type": "Point",
        "coordinates": [
          74.736955325,
          13.335004645
        ]
      }
    },
    {
      "type": "Feature",
      "properties": {
        "name": "Taran Tarn Byepas",
        "brand": "Jio-bp",
        "brand_code": "JIOBP",
        "address": "GURU NANAK GRACE PUBLIC SCHOOL, NH-54, VILLAGE KADGILL, TARN TARAN, AMRITSAR, PUNJAB 143401",
        "state": "Punjab",
        "city": "Tarn Taran",
        "ro_code": "PBF158",
        "amenity": "fuel",
        "source": "jiobp.com"
      },
      "geometry": {
        "type": "Point",
        "coordinates": [
          74.95266,
          31.47112
        ]
      }
    },
    {
      "type": "Feature",
      "properties": {
        "name": "M M NAGAR CHENNAI",
        "brand": "Jio-bp",
        "brand_code": "JIOBP",
        "address": "Sy.No.560,561 & 562, 47th KM, GST Road, NH-45, MM Nagar, Chennai",
        "state": "Tamil Nadu",
        "city": "CHENNAI",
        "ro_code": "TNF091",
        "amenity": "fuel",
        "source": "jiobp.com"
      },
      "geometry": {
        "type": "Point",
        "coordinates": [
          80.006565151,
          12.767784906
        ]
      }
    },
    {
      "type": "Feature",
      "properties": {
        "name": "PARLIVAIJANATH",
        "brand": "Jio-bp",
        "brand_code": "JIOBP",
        "address": "GAT NO 149,  OMKAR HIGHWAY SERVICES, BEED ROAD, NEAR THERMAL POWER STATION , MENKUDLE, FARM HOUSE, NEAR TPS VILLAGE SANGAM PARLIVAIJNATH 431520",
        "state": "Maharashtra",
        "city": "Parli-Vaijnath",
        "ro_code": "MHF019",
        "amenity": "fuel",
        "source": "jiobp.com"
      },
      "geometry": {
        "type": "Point",
        "coordinates": [
          76.520131587,
          18.866860343
        ]
      }
    },
    {
      "type": "Feature",
      "properties": {
        "name": "RAMPURHAT",
        "brand": "Jio-bp",
        "brand_code": "JIOBP",
        "address": "KHATIAN NO 300, 59, 540, TOUZI 72, MOUZA BARSHAL, DISTRICT: BIRBHUM nh-60",
        "state": "West Bengal",
        "city": "Kolkata",
        "ro_code": "WBF037",
        "amenity": "fuel",
        "source": "jiobp.com"
      },
      "geometry": {
        "type": "Point",
        "coordinates": [
          87.787066093,
          24.16230489
        ]
      }
    },
    {
      "type": "Feature",
      "properties": {
        "name": "NAGPUR CO5",
        "brand": "Jio-bp",
        "brand_code": "JIOBP",
        "address": "SURVEY NO 58/3, MOUZA KALAMNA, Nagpur",
        "state": "Maharashtra",
        "city": "",
        "ro_code": "MHC062",
        "amenity": "fuel",
        "source": "jiobp.com"
      },
      "geometry": {
        "type": "Point",
        "coordinates": [
          79.161333333,
          21.190861111
        ]
      }
    },
    {
      "type": "Feature",
      "properties": {
        "name": "PANDARPUR",
        "brand": "Jio-bp",
        "brand_code": "JIOBP",
        "address": "M/S GANDHI PETROLEUM, SURVEY NO 123-2K3 NEXT TO DIGAMBER MAHARAJ MECHANICAL CHOWK PANDHARPUR, NEW SOLAPUR ROAD, PANDARPUR, DISTRICT : SOLAPUR 413304.",
        "state": "Maharashtra",
        "city": "",
        "ro_code": "MHF139",
        "amenity": "fuel",
        "source": "jiobp.com"
      },
      "geometry": {
        "type": "Point",
        "coordinates": [
          75.325,
          17.685611111
        ]
      }
    },
    {
      "type": "Feature",
      "properties": {
        "name": "RAJUR FF",
        "brand": "Jio-bp",
        "brand_code": "JIOBP",
        "address": "MSH6, SURVEY NO 78 GATE NO 9 VILLAGE NIMBALA POST RAJUR TAH WANI DIST YAVATMAL OFFICE : PARSODI, YAVATMAL , 445305",
        "state": "Maharashtra",
        "city": "",
        "ro_code": "MHF092",
        "amenity": "fuel",
        "source": "jiobp.com"
      },
      "geometry": {
        "type": "Point",
        "coordinates": [
          78.887712898,
          20.090580639
        ]
      }
    },
    {
      "type": "Feature",
      "properties": {
        "name": "KHARAGPUR KOLKATA",
        "brand": "Jio-bp",
        "brand_code": "JIOBP",
        "address": "PLOT NO 308(P), 312, MOUZA INDA",
        "state": "West Bengal",
        "city": "KHARAGPUR",
        "ro_code": "WBF046",
        "amenity": "fuel",
        "source": "jiobp.com"
      },
      "geometry": {
        "type": "Point",
        "coordinates": [
          87.340389105,
          22.376253699
        ]
      }
    },
    {
      "type": "Feature",
      "properties": {
        "name": "MIDNAPORE FF",
        "brand": "Jio-bp",
        "brand_code": "JIOBP",
        "address": "DAG NO 1310, 1311, RS JL NO 205, PS KHARAGPUR, MOUZA and VILLAGE SATKUI, DISTRICT: MIDNAPORE (WEST)",
        "state": "West Bengal",
        "city": "KHARAGPUR",
        "ro_code": "WBF004",
        "amenity": "fuel",
        "source": "jiobp.com"
      },
      "geometry": {
        "type": "Point",
        "coordinates": [
          87.34425,
          22.380944444
        ]
      }
    },
    {
      "type": "Feature",
      "properties": {
        "name": "VALLABH VIDYA NAGAR",
        "brand": "Jio-bp",
        "brand_code": "JIOBP",
        "address": "ANAND SOJITRA ROAD NEAR ELECON V.V.NAGAR, ANAND  PINCODE -388121",
        "state": "Gujarat",
        "city": "",
        "ro_code": "GJC113",
        "amenity": "fuel",
        "source": "jiobp.com"
      },
      "geometry": {
        "type": "Point",
        "coordinates": [
          72.930785366,
          22.540119887
        ]
      }
    },
    {
      "type": "Feature",
      "properties": {
        "name": "DOLIYA AHMEDABAD I",
        "brand": "Jio-bp",
        "brand_code": "JIOBP",
        "address": "CHALANGE 148 SURVEY NO. 3271/ 272, NR DOLIYA BOUNDARY CIRCLE, VILL DOLIYA, TAL SAYLA, DIST SURENDRANAGAR  363430",
        "state": "Gujarat",
        "city": "",
        "ro_code": "GJF211",
        "amenity": "fuel",
        "source": "jiobp.com"
      },
      "geometry": {
        "type": "Point",
        "coordinates": [
          71.358081099,
          22.513881792
        ]
      }
    },
    {
      "type": "Feature",
      "properties": {
        "name": "LUNSAR RAJKOT",
        "brand": "Jio-bp",
        "brand_code": "JIOBP",
        "address": "RELIANCE PETROL PUMP, NEAR GEB SUB STATION, LUNSAR , TALUKA : WAKANER , DIST: RAJKOT  363621",
        "state": "Gujarat",
        "city": "LUNSAR",
        "ro_code": "GJR081",
        "amenity": "fuel",
        "source": "jiobp.com"
      },
      "geometry": {
        "type": "Point",
        "coordinates": [
          71.012984445,
          22.601227975
        ]
      }
    },
    {
      "type": "Feature",
      "properties": {
        "name": "PIPARIYA BHOPAL",
        "brand": "Jio-bp",
        "brand_code": "JIOBP",
        "address": "KHASRA NO.105/11, VILLAGE HATHWANS, PH NO.17, SHOBHAPUR ROAD,TEHSIL PIPARIYA, DIST HOSHANGABAD MP 461775",
        "state": "Madhya Pradesh",
        "city": "PIPARIYA",
        "ro_code": "MPF032",
        "amenity": "fuel",
        "source": "jiobp.com"
      },
      "geometry": {
        "type": "Point",
        "coordinates": [
          78.353823848,
          22.762859239
        ]
      }
    },
    {
      "type": "Feature",
      "properties": {
        "name": "ATHNER BHOPAL",
        "brand": "Jio-bp",
        "brand_code": "JIOBP",
        "address": "BETUL ROAD, ATHNER  460001",
        "state": "Madhya Pradesh",
        "city": "",
        "ro_code": "MPR017",
        "amenity": "fuel",
        "source": "jiobp.com"
      },
      "geometry": {
        "type": "Point",
        "coordinates": [
          77.917110198,
          21.624305837
        ]
      }
    },
    {
      "type": "Feature",
      "properties": {
        "name": "G.T. Karnal Road",
        "brand": "Jio-bp",
        "brand_code": "JIOBP",
        "address": "Khasra No 47/18/19/22, GT karnal road, Bakoli, Bakoli, New Delhi, Delhi 110036",
        "state": "Delhi",
        "city": "NORTH WEST DELHI",
        "ro_code": "DLC040",
        "amenity": "fuel",
        "source": "jiobp.com"
      },
      "geometry": {
        "type": "Point",
        "coordinates": [
          77.147184289,
          28.808448358
        ]
      }
    },
    {
      "type": "Feature",
      "properties": {
        "name": "NAJAFGARH",
        "brand": "Jio-bp",
        "brand_code": "JIOBP",
        "address": "VILL.DINDARPUR,NAJAFGARH-BIJWASAN ROAD,TEHSIL NAJAFGARH,NEW DELHI- 110043",
        "state": "Delhi",
        "city": "DELHI",
        "ro_code": "DLF002",
        "amenity": "fuel",
        "source": "jiobp.com"
      },
      "geometry": {
        "type": "Point",
        "coordinates": [
          77.056391468,
          28.669140352
        ]
      }
    },
    {
      "type": "Feature",
      "properties": {
        "name": "KALNA",
        "brand": "Jio-bp",
        "brand_code": "JIOBP",
        "address": "DAG NO.-1281,1277(P), MOUZA- JIUDHARA, P.S. KALNA, VILL:JIUDHARA,DIST.- BURDWAN WB, BARDHAMAN",
        "state": "West Bengal",
        "city": "Mouza-Jiudhara,Village-Jiudhara, P.O-Kalna, P.S-Ka",
        "ro_code": "WBF048",
        "amenity": "fuel",
        "source": "jiobp.com"
      },
      "geometry": {
        "type": "Point",
        "coordinates": [
          88.358999929,
          23.205921913
        ]
      }
    },
    {
      "type": "Feature",
      "properties": {
        "name": "BARASAT TS",
        "brand": "Jio-bp",
        "brand_code": "JIOBP",
        "address": "NH-34,Mouza and Vill:Narapatipara, Khatian No. 1301, J.L. No. 103,Gram Panchayat - Simurali,P.O. - Narapatipara,P.S. - Chakda,District - Nadia,West Bengal- 741248",
        "state": "West Bengal",
        "city": "BARASAT",
        "ro_code": "WBT004",
        "amenity": "fuel",
        "source": "jiobp.com"
      },
      "geometry": {
        "type": "Point",
        "coordinates": [
          88.529872732,
          23.01516296
        ]
      }
    },
    {
      "type": "Feature",
      "properties": {
        "name": "SURYAPET FF",
        "brand": "Jio-bp",
        "brand_code": "JIOBP",
        "address": "RELIANCE PETROL RETAIL OUTLET,SURVEY NO.108/2 and 29/2, NH65, INDUSTRIAL ESTATE,MILE STONE 141,DURRAJPALLI VILLAGE, CHEVEMLA MANDAL,SURYAPET, Suryapet DISTRICT.508213",
        "state": "Telangana",
        "city": "Suryapet(Nalgonda)",
        "ro_code": "APF025",
        "amenity": "fuel",
        "source": "jiobp.com"
      },
      "geometry": {
        "type": "Point",
        "coordinates": [
          79.651666667,
          17.119444444
        ]
      }
    },
    {
      "type": "Feature",
      "properties": {
        "name": "BHADRACHALAM",
        "brand": "Jio-bp",
        "brand_code": "JIOBP",
        "address": "Reliance Retail Outlet,,Sy.No. 455/19/1,455/16, Lakshmipuram,Musalamadugu(Post),Burgampahad(M),Bhadradri Kothagudem Dist,Telangana-507114",
        "state": "Telangana",
        "city": "BHADRACHALAM",
        "ro_code": "APF054",
        "amenity": "fuel",
        "source": "jiobp.com"
      },
      "geometry": {
        "type": "Point",
        "coordinates": [
          80.777717086,
          17.598867912
        ]
      }
    },
    {
      "type": "Feature",
      "properties": {
        "name": "DHOLKHEDI",
        "brand": "Jio-bp",
        "brand_code": "JIOBP",
        "address": "KHASRA NO 70/1, VILLAGE BHANSA,  BASODA ROAD DHOULKHEDI CHOURAHA TEHSIL DIST. VIDISHA.  464001",
        "state": "Madhya Pradesh",
        "city": "Dhoulkhedi",
        "ro_code": "MPF051",
        "amenity": "fuel",
        "source": "jiobp.com"
      },
      "geometry": {
        "type": "Point",
        "coordinates": [
          77.793611111,
          23.559638889
        ]
      }
    },
    {
      "type": "Feature",
      "properties": {
        "name": "DHANIPUR AGRA",
        "brand": "Jio-bp",
        "brand_code": "JIOBP",
        "address": "PURANI SUBZI MANDI, SASHI, MAHA MAYA NAGAR KHATA NO 202, KHASARA NO 5/2, PANTHI, KOAL, ALIGARH 202001",
        "state": "Uttar Pradesh",
        "city": "",
        "ro_code": "UWF034",
        "amenity": "fuel",
        "source": "jiobp.com"
      },
      "geometry": {
        "type": "Point",
        "coordinates": [
          78.162480782,
          27.853114686
        ]
      }
    },
    {
      "type": "Feature",
      "properties": {
        "name": "GANJBASODA",
        "brand": "Jio-bp",
        "brand_code": "JIOBP",
        "address": "SURVEY  NO:40/1/3,KHASRA  /1MIN,VILL:BEHLOT,BASODA SIRONJ BY PASS,NEAR NEW BUS STAND, GANJBASODA  DIST:VIDISHA 464221",
        "state": "Madhya Pradesh",
        "city": "BHOPAL",
        "ro_code": "MPF052",
        "amenity": "fuel",
        "source": "jiobp.com"
      },
      "geometry": {
        "type": "Point",
        "coordinates": [
          77.941186684,
          23.859991961
        ]
      }
    },
    {
      "type": "Feature",
      "properties": {
        "name": "WBM001 - MDU",
        "brand": "Jio-bp",
        "brand_code": "JIOBP",
        "address": "169,170 Maniktala Main Road, Calcutta State transport corporation, Kakurgachi, Kolkata, West Bengal 700054",
        "state": "West Bengal",
        "city": "Kolkata",
        "ro_code": "WBM001",
        "amenity": "fuel",
        "source": "jiobp.com"
      },
      "geometry": {
        "type": "Point",
        "coordinates": [
          88.400797781,
          22.514847207
        ]
      }
    },
    {
      "type": "Feature",
      "properties": {
        "name": "ZAHEERABAD FF",
        "brand": "Jio-bp",
        "brand_code": "JIOBP",
        "address": "SURVEY NO. 8/1, NH-9, HUGGELLI VILLAGE, POST RANJOLE, ZAHEERABAD MANDAL DIST. MEDAK-502220",
        "state": "Telangana",
        "city": "",
        "ro_code": "APF055",
        "amenity": "fuel",
        "source": "jiobp.com"
      },
      "geometry": {
        "type": "Point",
        "coordinates": [
          77.663055556,
          17.677777778
        ]
      }
    },
    {
      "type": "Feature",
      "properties": {
        "name": "NAGOLE HYDERABAD",
        "brand": "Jio-bp",
        "brand_code": "JIOBP",
        "address": "3-7-112/20/4 Plot No 483 To 487, Mansoorabad, Hyderabad, Rangareddy, Telangana, 500068",
        "state": "Telangana",
        "city": "Hyderabad",
        "ro_code": "APF003",
        "amenity": "fuel",
        "source": "jiobp.com"
      },
      "geometry": {
        "type": "Point",
        "coordinates": [
          78.557500857,
          17.374580164
        ]
      }
    },
    {
      "type": "Feature",
      "properties": {
        "name": "Kompally",
        "brand": "Jio-bp",
        "brand_code": "JIOBP",
        "address": "M/s Curewell Pharma Sy No 103/B, Kompally Village,Quthballapur Mandal, Rangareddy Dist.",
        "state": "Telangana",
        "city": "RANGAREDDY",
        "ro_code": "APF128",
        "amenity": "fuel",
        "source": "jiobp.com"
      },
      "geometry": {
        "type": "Point",
        "coordinates": [
          78.485052638,
          17.525930625
        ]
      }
    },
    {
      "type": "Feature",
      "properties": {
        "name": "ANJUR MUMBAI",
        "brand": "Jio-bp",
        "brand_code": "JIOBP",
        "address": "NH3, SURVEY NO.79,86,171 VILLAGE SONALE, BHIWANDI BIAPASS NH3, TAL BHIWANDI, DIST THANE 421302",
        "state": "Maharashtra",
        "city": "BHIWANDI",
        "ro_code": "MHF084",
        "amenity": "fuel",
        "source": "jiobp.com"
      },
      "geometry": {
        "type": "Point",
        "coordinates": [
          73.0981389,
          19.2783611
        ]
      }
    },
    {
      "type": "Feature",
      "properties": {
        "name": "MITHAPUR",
        "brand": "Jio-bp",
        "brand_code": "JIOBP",
        "address": "NEAR MILE STONE 250, SH 25,BEFORE RAILWAY CROSSING, AT VILL BHIMRANA - (MITHAPUR)  361345",
        "state": "Gujarat",
        "city": "",
        "ro_code": "GJF174",
        "amenity": "fuel",
        "source": "jiobp.com"
      },
      "geometry": {
        "type": "Point",
        "coordinates": [
          68.995166667,
          22.396083333
        ]
      }
    },
    {
      "type": "Feature",
      "properties": {
        "name": "ANANDPUR SAMBALPUR",
        "brand": "Jio-bp",
        "brand_code": "JIOBP",
        "address": "PLOT NO. 706,KHATA NO.21, MOUZA:INDUPURA,GHASIPURA, TEHSIL:ANANDPUR,DISTT:KEONJHAR, ANANDPUR",
        "state": "Odisha",
        "city": "",
        "ro_code": "ORF006",
        "amenity": "fuel",
        "source": "jiobp.com"
      },
      "geometry": {
        "type": "Point",
        "coordinates": [
          86.121113849,
          21.205468115
        ]
      }
    },
    {
      "type": "Feature",
      "properties": {
        "name": "BHIND TOWN (DODO)",
        "brand": "Jio-bp",
        "brand_code": "JIOBP",
        "address": "VIRENDRA AUTOMOBILES,3211/2, CHARUAHA, NEAR NAI KAHCHAIR NH-92, LAHAR ROAD , KASBA BHIND, MP GWALIOR  477105",
        "state": "Madhya Pradesh",
        "city": "Bhind",
        "ro_code": "MPF071",
        "amenity": "fuel",
        "source": "jiobp.com"
      },
      "geometry": {
        "type": "Point",
        "coordinates": [
          78.782338536,
          26.564409725
        ]
      }
    },
    {
      "type": "Feature",
      "properties": {
        "name": "BETNOTI BHUBANESWAR",
        "brand": "Jio-bp",
        "brand_code": "JIOBP",
        "address": "MOUZA-BHAGABATI P.S- BETNOTI, DISTRICT MAYURBHANJ, ORISSA ,, BETNOTI",
        "state": "Odisha",
        "city": "",
        "ro_code": "ORF043",
        "amenity": "fuel",
        "source": "jiobp.com"
      },
      "geometry": {
        "type": "Point",
        "coordinates": [
          86.850021343,
          21.751842942
        ]
      }
    },
    {
      "type": "Feature",
      "properties": {
        "name": "BAGODRA FF",
        "brand": "Jio-bp",
        "brand_code": "JIOBP",
        "address": "ON NH - 8A , NR, MILE STONE  - 64 , SURVEY NO. - 638 ,NEAR TOLL NAKA, VILLAGE - BAGODARA , TALUKA - BAVLA , DISTRICT - AHMEDABAD   382230",
        "state": "Gujarat",
        "city": "Ahmedabad",
        "ro_code": "GJF142",
        "amenity": "fuel",
        "source": "jiobp.com"
      },
      "geometry": {
        "type": "Point",
        "coordinates": [
          72.173333333,
          22.627777778
        ]
      }
    },
    {
      "type": "Feature",
      "properties": {
        "name": "CHAHAL CHANDIGARH",
        "brand": "Jio-bp",
        "brand_code": "JIOBP",
        "address": "KHATA NO 61/103, KHASRA NO ( 5B - 18B - OB), 694 (4B - 13B-OB), AT BHAGWANPURA, AMLOH, DIST . FATEHGARH, SAHIB, PUNJAB",
        "state": "Punjab",
        "city": "",
        "ro_code": "PBF097",
        "amenity": "fuel",
        "source": "jiobp.com"
      },
      "geometry": {
        "type": "Point",
        "coordinates": [
          76.237555556,
          30.553416667
        ]
      }
    },
    {
      "type": "Feature",
      "properties": {
        "name": "HANUMANGARH",
        "brand": "Jio-bp",
        "brand_code": "JIOBP",
        "address": "MATHURA DAS CHARAN DAS COMPANY, RELIANCE PETRO PUMP,  CHAK NO 49 NSG, KILA NO. 4,6,7,14,15, WARD NO.33 KHASRA NO. 127-263, SH 7,  CH. -1628.26  TOWN JUNCTION ROAD, NEAR HANUMAN TEMPLE, HANUMAN GARGH TOWN,NEAR SRI GANGANAGAR CITY, DIST- HANUMANGARH, RAJASTHAN",
        "state": "Rajasthan",
        "city": "",
        "ro_code": "RJF103",
        "amenity": "fuel",
        "source": "jiobp.com"
      },
      "geometry": {
        "type": "Point",
        "coordinates": [
          74.312007845,
          29.598066779
        ]
      }
    },
    {
      "type": "Feature",
      "properties": {
        "name": "HONNALLI HUBLI",
        "brand": "Jio-bp",
        "brand_code": "JIOBP",
        "address": "SURVEY NO.43/3, GRAM PANCHAYAT NO. 98 GOLLARAHALLI VILLAGE,MASADI GRAM PANCHAYAT, HONNALI TAULUK, DAVANGERE DISTRICT  577213",
        "state": "Karnataka",
        "city": "",
        "ro_code": "KRF112",
        "amenity": "fuel",
        "source": "jiobp.com"
      },
      "geometry": {
        "type": "Point",
        "coordinates": [
          75.666277778,
          14.244361111
        ]
      }
    },
    {
      "type": "Feature",
      "properties": {
        "name": "DAVANGERE2",
        "brand": "Jio-bp",
        "brand_code": "JIOBP",
        "address": "DAVANGERE TRUCK STOP, NH4, SURVEY NO. 86/9, VILLAGE : KAMDOOD, TALUKA : RANEBENNUR , DIST.: HAVERI - 577113",
        "state": "Karnataka",
        "city": "",
        "ro_code": "KRT001",
        "amenity": "fuel",
        "source": "jiobp.com"
      },
      "geometry": {
        "type": "Point",
        "coordinates": [
          75.6903611111,
          14.5727611111
        ]
      }
    },
    {
      "type": "Feature",
      "properties": {
        "name": "HUBLI",
        "brand": "Jio-bp",
        "brand_code": "JIOBP",
        "address": "SURVEY. NO. 79/1A, SY NO. 99/1A, SY NO. 137/7E/C/F, AGADI CROSS, NEAR AGADI VILLAGE, NH4,  CHABBI HOBLI, HUBLI TQ., DIST. : DHARWAD, KARNATKA - 581207",
        "state": "Karnataka",
        "city": "",
        "ro_code": "KRT004",
        "amenity": "fuel",
        "source": "jiobp.com"
      },
      "geometry": {
        "type": "Point",
        "coordinates": [
          75.138414856,
          15.185225219
        ]
      }
    },
    {
      "type": "Feature",
      "properties": {
        "name": "SARHAD(JHALAWAR) FF",
        "brand": "Jio-bp",
        "brand_code": "JIOBP",
        "address": "RELIANCE PETROL PUMP, NH-12, BHOPAL ROAD NH 12,VILLAGE:BANKAD,DISTRICT : JHALAWAR PIN CODE 326039",
        "state": "Rajasthan",
        "city": "SARHAD",
        "ro_code": "RJF009",
        "amenity": "fuel",
        "source": "jiobp.com"
      },
      "geometry": {
        "type": "Point",
        "coordinates": [
          76.504277778,
          24.220666667
        ]
      }
    },
    {
      "type": "Feature",
      "properties": {
        "name": "TUMKUR",
        "brand": "Jio-bp",
        "brand_code": "JIOBP",
        "address": "NH 4 KASABA NIJAGAL DABBASPET POST NELAMANGALA TALUK BANGALORE (RURAL)  562111",
        "state": "Karnataka",
        "city": "Banglore",
        "ro_code": "KRT009",
        "amenity": "fuel",
        "source": "jiobp.com"
      },
      "geometry": {
        "type": "Point",
        "coordinates": [
          77.224270967,
          13.24886762
        ]
      }
    },
    {
      "type": "Feature",
      "properties": {
        "name": "DARBHANGA BEGUSARAI",
        "brand": "Jio-bp",
        "brand_code": "JIOBP",
        "address": "NH-57, in Plot no.- 232, Khata no.82, Village (Mauza)-Chakka, Thana-Mabbi, Dist- Darbhanga, (Bihar)",
        "state": "Bihar",
        "city": "",
        "ro_code": "BHF023",
        "amenity": "fuel",
        "source": "jiobp.com"
      },
      "geometry": {
        "type": "Point",
        "coordinates": [
          85.856497234,
          26.178548586
        ]
      }
    },
    {
      "type": "Feature",
      "properties": {
        "name": "MUZAFFARPUR TS-I",
        "brand": "Jio-bp",
        "brand_code": "JIOBP",
        "address": "NH-28, PLOT NO 6388, MOUZA PANAPUR, VILLAGE PANAPUR, DISTRICT: MUZAFFARPUR",
        "state": "Bihar",
        "city": "",
        "ro_code": "BHT002",
        "amenity": "fuel",
        "source": "jiobp.com"
      },
      "geometry": {
        "type": "Point",
        "coordinates": [
          85.252710314,
          26.239346229
        ]
      }
    },
    {
      "type": "Feature",
      "properties": {
        "name": "SHAMLAJI",
        "brand": "Jio-bp",
        "brand_code": "JIOBP",
        "address": "SURVEY NO. NH 8, NAVA VENPUR, SHAMLAJI, TALUKA : BHILODA, DIST. SABARKANTHA  383455",
        "state": "Gujarat",
        "city": "",
        "ro_code": "GJT016",
        "amenity": "fuel",
        "source": "jiobp.com"
      },
      "geometry": {
        "type": "Point",
        "coordinates": [
          73.403011312,
          23.728460065
        ]
      }
    },
    {
      "type": "Feature",
      "properties": {
        "name": "Lakhni",
        "brand": "Jio-bp",
        "brand_code": "JIOBP",
        "address": "Survey No 63 / Paiki 2, SH 54, Deesa - Tharad Highway, Village - Lakhani, Tehsil - Lakhani, District - Banaskantha, Gujarat - 385535",
        "state": "Gujarat",
        "city": "Lakhani",
        "ro_code": "GJF367",
        "amenity": "fuel",
        "source": "jiobp.com"
      },
      "geometry": {
        "type": "Point",
        "coordinates": [
          71.83718,
          24.30829
        ]
      }
    },
    {
      "type": "Feature",
      "properties": {
        "name": "BHILODA",
        "brand": "Jio-bp",
        "brand_code": "JIOBP",
        "address": "SURVEY NO.371/2, SHNO.145, NR. HATHMATI BRIDGE, AT and POST : BHILODA, DIST SABARKANTHA-  383245",
        "state": "Gujarat",
        "city": "",
        "ro_code": "GJF179",
        "amenity": "fuel",
        "source": "jiobp.com"
      },
      "geometry": {
        "type": "Point",
        "coordinates": [
          73.240927972,
          23.765577347
        ]
      }
    },
    {
      "type": "Feature",
      "properties": {
        "name": "BELGAUM",
        "brand": "Jio-bp",
        "brand_code": "JIOBP",
        "address": "BELGAUM TRUCK STOP. SY NO.305 and 314, CHIKALAGUDDA VILLAGE, NH-4  HUKKERI TALUK, DIST : BELGAUM-591313, KARNATKA",
        "state": "Karnataka",
        "city": "",
        "ro_code": "KRT003",
        "amenity": "fuel",
        "source": "jiobp.com"
      },
      "geometry": {
        "type": "Point",
        "coordinates": [
          74.5179095323,
          16.1929583985
        ]
      }
    },
    {
      "type": "Feature",
      "properties": {
        "name": "MUDHOL HOSPET",
        "brand": "Jio-bp",
        "brand_code": "JIOBP",
        "address": "M/S SRI BASAVA PETROLEUM, DEALERS: RELIANCE INDUSTRIES LTD, (PETROLEUM BUSINESS) RETAIL OUTLET, CTS NO. 3819 and 3820/B, AT JAMKHANDI, LOKAPUR ROAD, MUDHOL, DIST : BAGALKOT  587313",
        "state": "Karnataka",
        "city": "Mudhol",
        "ro_code": "KRF042",
        "amenity": "fuel",
        "source": "jiobp.com"
      },
      "geometry": {
        "type": "Point",
        "coordinates": [
          75.28625,
          16.330527778
        ]
      }
    },
    {
      "type": "Feature",
      "properties": {
        "name": "BELGAUM GAOVES",
        "brand": "Jio-bp",
        "brand_code": "JIOBP",
        "address": "S S PETROLEUM,N-7 INDUSTRIAL ESTATE,UDYAMBAG,BELGAUM-590006",
        "state": "Karnataka",
        "city": "",
        "ro_code": "KRC046",
        "amenity": "fuel",
        "source": "jiobp.com"
      },
      "geometry": {
        "type": "Point",
        "coordinates": [
          74.501318325,
          15.838113988
        ]
      }
    },
    {
      "type": "Feature",
      "properties": {
        "name": "GOVINDPUR DHANBAD",
        "brand": "Jio-bp",
        "brand_code": "JIOBP",
        "address": "GOVINDPUR, DEOLI, DHANBAD, GOVINDPUR",
        "state": "Jharkhand",
        "city": "Gobindpur",
        "ro_code": "JHF004",
        "amenity": "fuel",
        "source": "jiobp.com"
      },
      "geometry": {
        "type": "Point",
        "coordinates": [
          86.5724527778,
          23.8129055556
        ]
      }
    },
    {
      "type": "Feature",
      "properties": {
        "name": "DIGHORI",
        "brand": "Jio-bp",
        "brand_code": "JIOBP",
        "address": "SH9,VILLAGE:KALAMNA NEAR 16 KM MILESTONE UMRER ROAD NEAR KALAMNA ROAD DIST NAGPUR 441204",
        "state": "Maharashtra",
        "city": "",
        "ro_code": "MHF080",
        "amenity": "fuel",
        "source": "jiobp.com"
      },
      "geometry": {
        "type": "Point",
        "coordinates": [
          79.16765,
          21.05691
        ]
      }
    },
    {
      "type": "Feature",
      "properties": {
        "name": "BALLIA VARANASI",
        "brand": "Jio-bp",
        "brand_code": "JIOBP",
        "address": "ARAZI KHASRA NO .478 ,479,480,481,504,505,506,507,508,509 SITUATED WITHIN REVENUE STATE OF VILLAGE - VAINA, POST: PHEPHNA, POLICE: PHEPHNA,DISTT.: BALLIA(U.P)",
        "state": "Uttar Pradesh",
        "city": "",
        "ro_code": "UEF069",
        "amenity": "fuel",
        "source": "jiobp.com"
      },
      "geometry": {
        "type": "Point",
        "coordinates": [
          84.141311114,
          25.753483298
        ]
      }
    },
    {
      "type": "Feature",
      "properties": {
        "name": "KHANDWA INDORE",
        "brand": "Jio-bp",
        "brand_code": "JIOBP",
        "address": "VILLAGE:KHANDWA TARAF KUNBI,SURVEY NO. 566/2, PANDHANA ROAD, KHANDWA  450001",
        "state": "Madhya Pradesh",
        "city": "KHANDWA",
        "ro_code": "MPF022",
        "amenity": "fuel",
        "source": "jiobp.com"
      },
      "geometry": {
        "type": "Point",
        "coordinates": [
          76.339485208,
          21.806178263
        ]
      }
    },
    {
      "type": "Feature",
      "properties": {
        "name": "KOLHAPUR TS",
        "brand": "Jio-bp",
        "brand_code": "JIOBP",
        "address": "NH4 ,  NEAR MILE STONE 645600, SURVEY NO. 1126/4, 1228, 1229(P), A/P-ITKARE,PUNE-BANGALORE HIGHWAY, TAL-WALWA DIST-SANGLI  415403",
        "state": "Maharashtra",
        "city": "Kolhapur",
        "ro_code": "MHT016",
        "amenity": "fuel",
        "source": "jiobp.com"
      },
      "geometry": {
        "type": "Point",
        "coordinates": [
          74.272416667,
          16.960694444
        ]
      }
    },
    {
      "type": "Feature",
      "properties": {
        "name": "BADNAWAR INDORE",
        "brand": "Jio-bp",
        "brand_code": "JIOBP",
        "address": "SURVEY NO. 57/1/2, 59/2, PATWARI HALKA NO.13, VILLAGE PITGARA, TELSIL-BADNAWAR, DIST-DHAR  454660",
        "state": "Madhya Pradesh",
        "city": "",
        "ro_code": "MPF002",
        "amenity": "fuel",
        "source": "jiobp.com"
      },
      "geometry": {
        "type": "Point",
        "coordinates": [
          75.250971168,
          23.01745983
        ]
      }
    },
    {
      "type": "Feature",
      "properties": {
        "name": "JAORA INDORE",
        "brand": "Jio-bp",
        "brand_code": "JIOBP",
        "address": "SURVEY NO.4, NAHATA FARMS,VILLAGE KUMHARI, MHOW-NEEMUCH RD., OPP. DEGREE COLLEGE, JAORA, DIST RATLAM  457226",
        "state": "Madhya Pradesh",
        "city": "JAORA",
        "ro_code": "MPF025",
        "amenity": "fuel",
        "source": "jiobp.com"
      },
      "geometry": {
        "type": "Point",
        "coordinates": [
          75.111129428,
          23.627524765
        ]
      }
    },
    {
      "type": "Feature",
      "properties": {
        "name": "NEEMUCH HIGHWAY INDORE",
        "brand": "Jio-bp",
        "brand_code": "JIOBP",
        "address": "SURVEY NO.1955, MHOW-NEEMUCH HIGHWAY,VILLAGE :NEEMUCH,  NEEMUCH MP - 458441",
        "state": "Madhya Pradesh",
        "city": "Neemuch",
        "ro_code": "MPF056",
        "amenity": "fuel",
        "source": "jiobp.com"
      },
      "geometry": {
        "type": "Point",
        "coordinates": [
          74.878717441,
          24.44051188
        ]
      }
    },
    {
      "type": "Feature",
      "properties": {
        "name": "CHANNAPATNA",
        "brand": "Jio-bp",
        "brand_code": "JIOBP",
        "address": "Khata No. 4531,BM Road ,Kuvempu Nagar ,Channapatna",
        "state": "Karnataka",
        "city": "Banglore Rural.",
        "ro_code": "KRF008",
        "amenity": "fuel",
        "source": "jiobp.com"
      },
      "geometry": {
        "type": "Point",
        "coordinates": [
          77.200111111,
          12.653111111
        ]
      }
    },
    {
      "type": "Feature",
      "properties": {
        "name": "MANDYA",
        "brand": "Jio-bp",
        "brand_code": "JIOBP",
        "address": "Sy.No.236/3B-P(1) at Ummadahalli, Mandya District",
        "state": "Karnataka",
        "city": "",
        "ro_code": "KRF078",
        "amenity": "fuel",
        "source": "jiobp.com"
      },
      "geometry": {
        "type": "Point",
        "coordinates": [
          76.902526378,
          12.541021793
        ]
      }
    },
    {
      "type": "Feature",
      "properties": {
        "name": "GONNIKOPPA MANGLORE",
        "brand": "Jio-bp",
        "brand_code": "JIOBP",
        "address": "Sy.No.33/1,33/5, Aravathokkalu Village, Ponnampet, Gonikoppa TMC Virajpet Taluk Kodagu Dist",
        "state": "Karnataka",
        "city": "",
        "ro_code": "KRF056",
        "amenity": "fuel",
        "source": "jiobp.com"
      },
      "geometry": {
        "type": "Point",
        "coordinates": [
          75.931388889,
          12.181444444
        ]
      }
    },
    {
      "type": "Feature",
      "properties": {
        "name": "VAGRA FF",
        "brand": "Jio-bp",
        "brand_code": "JIOBP",
        "address": "SH 161 RELIANCE RETAIL OUTLET PLOT SURVEY NO.639/A, 640/A,BESIDES TIRUPATI DAL MILLS,0.9KM FROM CHAINAGE 12 TWDS GANDHAR, TAL. VILL-VAGRA, DIST:BHARUCH - 392140",
        "state": "Gujarat",
        "city": "VAGRA",
        "ro_code": "GJF109",
        "amenity": "fuel",
        "source": "jiobp.com"
      },
      "geometry": {
        "type": "Point",
        "coordinates": [
          72.845098627,
          21.839822162
        ]
      }
    },
    {
      "type": "Feature",
      "properties": {
        "name": "PATDI(SURENDRANAGAR)",
        "brand": "Jio-bp",
        "brand_code": "JIOBP",
        "address": "Reliance Petrol Pump. Survey No. 1397/2/p, Khara Gotha Road, Patdi. Taluka Dasada. Dist. Surendranagar",
        "state": "Gujarat",
        "city": "SURENDRANAGAR",
        "ro_code": "GJF077",
        "amenity": "fuel",
        "source": "jiobp.com"
      },
      "geometry": {
        "type": "Point",
        "coordinates": [
          71.796077472,
          23.187863323
        ]
      }
    },
    {
      "type": "Feature",
      "properties": {
        "name": "NAKODER JALLANDHAR",
        "brand": "Jio-bp",
        "brand_code": "JIOBP",
        "address": "MDR 48, MS 49,NIDO TEXTILE MILLS COMPLEX, NOORMAHAL ROAD, NAKODER,DISTT-JALANDHAR  NAKODER.RETAILOUTLET@RELPETROMAIL.COM",
        "state": "Punjab",
        "city": "",
        "ro_code": "PBF001",
        "amenity": "fuel",
        "source": "jiobp.com"
      },
      "geometry": {
        "type": "Point",
        "coordinates": [
          75.497075937,
          31.123598459
        ]
      }
    },
    {
      "type": "Feature",
      "properties": {
        "name": "GODDA GODDA",
        "brand": "Jio-bp",
        "brand_code": "JIOBP",
        "address": "SH-16, AT KM STONE NO 5, KHATIAN",
        "state": "Jharkhand",
        "city": "KHATIAN",
        "ro_code": "JHF045",
        "amenity": "fuel",
        "source": "jiobp.com"
      },
      "geometry": {
        "type": "Point",
        "coordinates": [
          87.213887218,
          24.820547313
        ]
      }
    },
    {
      "type": "Feature",
      "properties": {
        "name": "EDE-SATHY ROAD COIMBATORE",
        "brand": "Jio-bp",
        "brand_code": "JIOBP",
        "address": "No:9,Sathy Main Road, Choolai, Erode",
        "state": "Tamil Nadu",
        "city": "COIMBATORE",
        "ro_code": "TNF098",
        "amenity": "fuel",
        "source": "jiobp.com"
      },
      "geometry": {
        "type": "Point",
        "coordinates": [
          77.716279238,
          11.349398068
        ]
      }
    },
    {
      "type": "Feature",
      "properties": {
        "name": "AKOT NAGPUR",
        "brand": "Jio-bp",
        "brand_code": "JIOBP",
        "address": "SH6,MOUZA AKOT, GAOM NO 4,WARD N0 5,AKOT NEAR AKOT TELEPHONE EXCHANGE ANJANGAON ROAD AKOT DIST AKOLA 444101",
        "state": "Maharashtra",
        "city": "NAGPUR",
        "ro_code": "MHF131",
        "amenity": "fuel",
        "source": "jiobp.com"
      },
      "geometry": {
        "type": "Point",
        "coordinates": [
          77.050591661,
          21.084297209
        ]
      }
    },
    {
      "type": "Feature",
      "properties": {
        "name": "HOSHIARPUR JALLANDHAR",
        "brand": "Jio-bp",
        "brand_code": "JIOBP",
        "address": "NH-70,NEAR MS-32,VILL CHAK GUJRAN,TEHSIL HOSHIARPUR,DISTT-HOSHIARPUR-146001",
        "state": "Punjab",
        "city": "",
        "ro_code": "PBF072",
        "amenity": "fuel",
        "source": "jiobp.com"
      },
      "geometry": {
        "type": "Point",
        "coordinates": [
          75.85648296,
          31.506610557
        ]
      }
    },
    {
      "type": "Feature",
      "properties": {
        "name": "KARANJA",
        "brand": "Jio-bp",
        "brand_code": "JIOBP",
        "address": "MANGRULPIR ROAD KARANJA WASHIM, GRAMPANCHAYAT :KINHIROKADE,KARANJA-MANGULRPIR ROAD,KARANJA(LAD),TASHIL:KARANJA,DIIST:WASHIM 444105",
        "state": "Maharashtra",
        "city": "Karanja",
        "ro_code": "MHF153",
        "amenity": "fuel",
        "source": "jiobp.com"
      },
      "geometry": {
        "type": "Point",
        "coordinates": [
          77.496830587,
          20.479910819
        ]
      }
    },
    {
      "type": "Feature",
      "properties": {
        "name": "WMANGALAGIRI ROAD",
        "brand": "Jio-bp",
        "brand_code": "JIOBP",
        "address": "M/S MODERN AGRO INDUSTRIES, D.NO:-8-24-61, NEAR AUTO NAGAR, GADDIPADU, MANGALAGIRI ROAD, GUNTUR -522001. (A.P)",
        "state": "Andhra Pradesh",
        "city": "",
        "ro_code": "APF046",
        "amenity": "fuel",
        "source": "jiobp.com"
      },
      "geometry": {
        "type": "Point",
        "coordinates": [
          80.455474402,
          16.296433142
        ]
      }
    },
    {
      "type": "Feature",
      "properties": {
        "name": "TENALI VIJAYAWADA",
        "brand": "Jio-bp",
        "brand_code": "JIOBP",
        "address": "M/S SRI MATHA FILLING STATION, D.NO:-32-1-2, T.S. NO. 127-2, SULTAN BAD, OPP:AGRICULTURAL MARKETING YARD, SULTHANABAD, TENALI-522202 GUNTUR DIST (A.P)",
        "state": "Andhra Pradesh",
        "city": "TENALI",
        "ro_code": "APF075",
        "amenity": "fuel",
        "source": "jiobp.com"
      },
      "geometry": {
        "type": "Point",
        "coordinates": [
          80.63385768,
          16.238560687
        ]
      }
    },
    {
      "type": "Feature",
      "properties": {
        "name": "BAPATLA VIJAYAWADA",
        "brand": "Jio-bp",
        "brand_code": "JIOBP",
        "address": "M/S SAI RAM SERVICES, SY.NO:-1335/2E and 2F, AT WEST BAPATLA VILLAGE, OPP:KAMMA KALYANA MANDAPAM, G.B.C.ROAD, WEST BAPATLA, BAPATLA - 522101 GUNTUR DIST (A.P)",
        "state": "Andhra Pradesh",
        "city": "BAPATLA",
        "ro_code": "APF102",
        "amenity": "fuel",
        "source": "jiobp.com"
      },
      "geometry": {
        "type": "Point",
        "coordinates": [
          80.466910561,
          15.904854694
        ]
      }
    },
    {
      "type": "Feature",
      "properties": {
        "name": "DEESA 3 FF",
        "brand": "Jio-bp",
        "brand_code": "JIOBP",
        "address": "SURVEY NO. 22/P , NR MILE STONE - 382 , NH- 14 KUPPAT PATIA,  DEESA RADHANPUR RD,  VILLAGE - MALGADH ,TALUKA - DEESA ,   DISTRICT - BANASKANTHA  385535",
        "state": "Gujarat",
        "city": "Deesa",
        "ro_code": "GJF108",
        "amenity": "fuel",
        "source": "jiobp.com"
      },
      "geometry": {
        "type": "Point",
        "coordinates": [
          72.125031763,
          24.257242945
        ]
      }
    },
    {
      "type": "Feature",
      "properties": {
        "name": "Dhanera",
        "brand": "Jio-bp",
        "brand_code": "JIOBP",
        "address": "Survey No. 530/5, Survey No 530/4 State Highway No. 129 Dhanera Ninava Road, Village Dhanera Tal Dhanera, Dist Banaskantha - Pin Cd - 385310",
        "state": "Gujarat",
        "city": "",
        "ro_code": "GJF239",
        "amenity": "fuel",
        "source": "jiobp.com"
      },
      "geometry": {
        "type": "Point",
        "coordinates": [
          72.004622117,
          24.565081943
        ]
      }
    },
    {
      "type": "Feature",
      "properties": {
        "name": "ATKOT ( FF)",
        "brand": "Jio-bp",
        "brand_code": "JIOBP",
        "address": "SH 25,VILLAGE:ATKOT,POST_OFFICE : ATKOT,DISTRICT : RAJKOT , GUJARAT, PIN_CODE : 360040",
        "state": "Gujarat",
        "city": "Rajkot",
        "ro_code": "GJF054",
        "amenity": "fuel",
        "source": "jiobp.com"
      },
      "geometry": {
        "type": "Point",
        "coordinates": [
          71.137166667,
          22.015416667
        ]
      }
    },
    {
      "type": "Feature",
      "properties": {
        "name": "JETPUR HIGHWAY",
        "brand": "Jio-bp",
        "brand_code": "JIOBP",
        "address": "SURVEY NO 832/2/P, NATIONAL HIGHWAY 8B, OPP. KRUPALI RESTAURANT, NR. GIDC, JETPUR 360370",
        "state": "Gujarat",
        "city": "RAJKOT",
        "ro_code": "GJF056",
        "amenity": "fuel",
        "source": "jiobp.com"
      },
      "geometry": {
        "type": "Point",
        "coordinates": [
          70.634,
          21.777083333
        ]
      }
    },
    {
      "type": "Feature",
      "properties": {
        "name": "BUNDI FF",
        "brand": "Jio-bp",
        "brand_code": "JIOBP",
        "address": "KHASRA NO. - 809/2/3 , LHS TOWARDS :- JAIPUR-KOTA , NH - 12 , VILLAGE :- CHATTARPUR , TEHSIL :- BUNDI , DISTRICT:- BUNDI ( RAJ.)  PIN_CODE : 323001",
        "state": "Rajasthan",
        "city": "",
        "ro_code": "RJF078",
        "amenity": "fuel",
        "source": "jiobp.com"
      },
      "geometry": {
        "type": "Point",
        "coordinates": [
          75.6368333333,
          25.4187083333
        ]
      }
    },
    {
      "type": "Feature",
      "properties": {
        "name": "KOTA TS",
        "brand": "Jio-bp",
        "brand_code": "JIOBP",
        "address": "KHASRA -235/1, VILL- RAGHUNATHPURA, DIST- BUNDI, Bundi, Rajasthan 323021",
        "state": "Rajasthan",
        "city": "KOTA",
        "ro_code": "RJT016",
        "amenity": "fuel",
        "source": "jiobp.com"
      },
      "geometry": {
        "type": "Point",
        "coordinates": [
          75.755359849,
          25.273092999
        ]
      }
    },
    {
      "type": "Feature",
      "properties": {
        "name": "DOLEGOAN ASSAM",
        "brand": "Jio-bp",
        "brand_code": "JIOBP",
        "address": "PATTA NO:24,185,DAG NO: 681,682, VILL:KARARA GARBHITAR,MOUZA:PANDURI, P.S:RANGIA,DISTT: KAMRUP, ASSAM., DOLEGAON",
        "state": "Assam",
        "city": "DOLEGOAN",
        "ro_code": "ASR008",
        "amenity": "fuel",
        "source": "jiobp.com"
      },
      "geometry": {
        "type": "Point",
        "coordinates": [
          91.696395761,
          26.11933037
        ]
      }
    },
    {
      "type": "Feature",
      "properties": {
        "name": "CHITRALEKHA CIRCLE RAJKOT",
        "brand": "Jio-bp",
        "brand_code": "JIOBP",
        "address": "SY.NO.2105,WARD NO.14,SHEET NO.129,CHITRALEKHA CIRCLE, RAJKOT,GUJRAT.360001",
        "state": "Gujarat",
        "city": "RAJKOT",
        "ro_code": "GJC050",
        "amenity": "fuel",
        "source": "jiobp.com"
      },
      "geometry": {
        "type": "Point",
        "coordinates": [
          70.797444082,
          22.296212605
        ]
      }
    },
    {
      "type": "Feature",
      "properties": {
        "name": "RENIGUNTA",
        "brand": "Jio-bp",
        "brand_code": "JIOBP",
        "address": "SURVEY NO.256/11,256/12,256/13,256/14 and 256/15,ISUKATAGELLI VILLAGE,YERPEDU MANDAL,CHITTOOR DIST-517520",
        "state": "Andhra Pradesh",
        "city": "YERPEDU",
        "ro_code": "APF130",
        "amenity": "fuel",
        "source": "jiobp.com"
      },
      "geometry": {
        "type": "Point",
        "coordinates": [
          79.552033013,
          13.660031034
        ]
      }
    },
    {
      "type": "Feature",
      "properties": {
        "name": "ROORKEE",
        "brand": "Jio-bp",
        "brand_code": "JIOBP",
        "address": "Khasra No. 36,37,38, 39 and 41, Khatauni No. 14, 39 , 52, Village Maguyu Dundi, Post Manglore",
        "state": "Uttarakhand",
        "city": "",
        "ro_code": "UTF006",
        "amenity": "fuel",
        "source": "jiobp.com"
      },
      "geometry": {
        "type": "Point",
        "coordinates": [
          77.883923722,
          29.836453825
        ]
      }
    },
    {
      "type": "Feature",
      "properties": {
        "name": "Kalwar RO",
        "brand": "Jio-bp",
        "brand_code": "JIOBP",
        "address": "Near 200 Feet Jaipur Delhi Road, Above Kavay Mata Marbles, Kalwar Road",
        "state": "Rajasthan",
        "city": "Jaipur",
        "ro_code": "RJC036",
        "amenity": "fuel",
        "source": "jiobp.com"
      },
      "geometry": {
        "type": "Point",
        "coordinates": [
          75.731589,
          26.946053
        ]
      }
    },
    {
      "type": "Feature",
      "properties": {
        "name": "LALSOT FF",
        "brand": "Jio-bp",
        "brand_code": "JIOBP",
        "address": "NH- 11A , CH - 37.8 VILLAGE - DIDWANA TEHSIL- LALSOT DIST - DAUSA RAJASTHAN  PIN_CODE : 303503 RAJASTHAN",
        "state": "Rajasthan",
        "city": "LALSOT",
        "ro_code": "RJF007",
        "amenity": "fuel",
        "source": "jiobp.com"
      },
      "geometry": {
        "type": "Point",
        "coordinates": [
          76.331378466,
          26.574847387
        ]
      }
    },
    {
      "type": "Feature",
      "properties": {
        "name": "THEUR PHATA",
        "brand": "Jio-bp",
        "brand_code": "JIOBP",
        "address": "NH9, GAT NO 20 35-1 JAUGI BAWANCHI WADI, CHAINAGE 37-600 TO 37-800 PUNE SOLAPUR HIGHWAY TALUKA DAUND  DISTRICT PUNE 412214",
        "state": "Maharashtra",
        "city": "PUNE",
        "ro_code": "MHT003",
        "amenity": "fuel",
        "source": "jiobp.com"
      },
      "geometry": {
        "type": "Point",
        "coordinates": [
          74.21679,
          18.48703
        ]
      }
    },
    {
      "type": "Feature",
      "properties": {
        "name": "RANIPET II FF",
        "brand": "Jio-bp",
        "brand_code": "JIOBP",
        "address": "Plot No. 16-22 & 39-43, Commercial Plots, SIPCOT Industrial Complex,",
        "state": "Tamil Nadu",
        "city": "RANIPET",
        "ro_code": "TNF002",
        "amenity": "fuel",
        "source": "jiobp.com"
      },
      "geometry": {
        "type": "Point",
        "coordinates": [
          79.3088277778,
          12.9517
        ]
      }
    },
    {
      "type": "Feature",
      "properties": {
        "name": "TIRUVANNAMALAI 1 FF",
        "brand": "Jio-bp",
        "brand_code": "JIOBP",
        "address": "Ward No. 1, Block No. 37, Nochimalai Village,",
        "state": "Tamil Nadu",
        "city": "TIRUVANNAMALAI",
        "ro_code": "TNF005",
        "amenity": "fuel",
        "source": "jiobp.com"
      },
      "geometry": {
        "type": "Point",
        "coordinates": [
          79.086888889,
          12.237083333
        ]
      }
    },
    {
      "type": "Feature",
      "properties": {
        "name": "RANIPET 3 TS",
        "brand": "Jio-bp",
        "brand_code": "JIOBP",
        "address": "Sy. No. 170/2A, Kadaperi Village, Kadaperi Post,",
        "state": "Tamil Nadu",
        "city": "Ranipet",
        "ro_code": "TNT015",
        "amenity": "fuel",
        "source": "jiobp.com"
      },
      "geometry": {
        "type": "Point",
        "coordinates": [
          79.44833,
          12.90056
        ]
      }
    },
    {
      "type": "Feature",
      "properties": {
        "name": "KOTHIATOLI JORHAT",
        "brand": "Jio-bp",
        "brand_code": "JIOBP",
        "address": "DAG NO:555, PATTA NO:136 (NEW), VILL:PACHIM KOTHIATOLI, MOUZA:KOTHIATOLI,DIST:NAGAON,ASSAM, KOTHIATOLI",
        "state": "Assam",
        "city": "KOTHIATOLI",
        "ro_code": "ASR007",
        "amenity": "fuel",
        "source": "jiobp.com"
      },
      "geometry": {
        "type": "Point",
        "coordinates": [
          92.868811965,
          26.295764514
        ]
      }
    },
    {
      "type": "Feature",
      "properties": {
        "name": "JANGAREDDYGUDEM",
        "brand": "Jio-bp",
        "brand_code": "JIOBP",
        "address": "SURVEY NO 49/2,,RAMACHARLAGUDEM VILLAGE,JANGAREDDYGUDEM MANDAL, WEST GODAVARI DIST. 534630",
        "state": "Andhra Pradesh",
        "city": "",
        "ro_code": "APF047",
        "amenity": "fuel",
        "source": "jiobp.com"
      },
      "geometry": {
        "type": "Point",
        "coordinates": [
          81.283498795,
          17.120998398
        ]
      }
    },
    {
      "type": "Feature",
      "properties": {
        "name": "AMALAPURAM VIZAG",
        "brand": "Jio-bp",
        "brand_code": "JIOBP",
        "address": "Sy no:25/4, NEAR RTC COMPLEX, EEDRAPALLI, AMALAPURAM, District- East Godavari, Andhra Pradesh-533201",
        "state": "Andhra Pradesh",
        "city": "Amalapuram",
        "ro_code": "APF121",
        "amenity": "fuel",
        "source": "jiobp.com"
      },
      "geometry": {
        "type": "Point",
        "coordinates": [
          82.004154338,
          16.57917475
        ]
      }
    },
    {
      "type": "Feature",
      "properties": {
        "name": "PARTAPUR UDAIPUR",
        "brand": "Jio-bp",
        "brand_code": "JIOBP",
        "address": "SH-10, KHASRA NO 820, 821, VILLAGE- PARTAPUR GARI, TALUKA PARTAPUR GARI, DISTT BANSWAR ( RAJASTHAN) - 327022",
        "state": "Rajasthan",
        "city": "PARTAPUR",
        "ro_code": "RJF057",
        "amenity": "fuel",
        "source": "jiobp.com"
      },
      "geometry": {
        "type": "Point",
        "coordinates": [
          74.179046343,
          23.588614248
        ]
      }
    },
    {
      "type": "Feature",
      "properties": {
        "name": "BANSWARA-I",
        "brand": "Jio-bp",
        "brand_code": "JIOBP",
        "address": "SH32 MILE STONE 160, VILLAGE SHYAMPURA, TALUKA BANSWARA, DISTRICT BANSWARA (RAJASTHAN) -",
        "state": "Rajasthan",
        "city": "Banswara",
        "ro_code": "RJF058",
        "amenity": "fuel",
        "source": "jiobp.com"
      },
      "geometry": {
        "type": "Point",
        "coordinates": [
          74.431722222,
          23.55575
        ]
      }
    },
    {
      "type": "Feature",
      "properties": {
        "name": "NIMBAHEDA",
        "brand": "Jio-bp",
        "brand_code": "JIOBP",
        "address": "KHASRS NO 384, LHS TOWARDS NIMBAHERA NEEMACH ROAD, N H 79, VILLAGE- CHARLIYA,",
        "state": "Rajasthan",
        "city": "Chitorgarh",
        "ro_code": "RJF098",
        "amenity": "fuel",
        "source": "jiobp.com"
      },
      "geometry": {
        "type": "Point",
        "coordinates": [
          74.749805556,
          24.582527778
        ]
      }
    },
    {
      "type": "Feature",
      "properties": {
        "name": "SHAMBHUPURA FF",
        "brand": "Jio-bp",
        "brand_code": "JIOBP",
        "address": "Reliance petrol pump, Shambhupura, on NH 79, Village: Arniapanth, RHS on chittorgarh to Nimbaheda",
        "state": "Rajasthan",
        "city": "",
        "ro_code": "RJF116",
        "amenity": "fuel",
        "source": "jiobp.com"
      },
      "geometry": {
        "type": "Point",
        "coordinates": [
          74.636976405,
          24.785552002
        ]
      }
    },
    {
      "type": "Feature",
      "properties": {
        "name": "CHANDERIA (DODO)",
        "brand": "Jio-bp",
        "brand_code": "JIOBP",
        "address": "M/S HAREES FILLING STATION (Reliance petrol pump), Opp: Madhav nagar, BCW staff colony, Main road chanderia, Chittorgarh",
        "state": "Rajasthan",
        "city": "CHANDERIA",
        "ro_code": "RJF117",
        "amenity": "fuel",
        "source": "jiobp.com"
      },
      "geometry": {
        "type": "Point",
        "coordinates": [
          74.624607098,
          24.920533644
        ]
      }
    },
    {
      "type": "Feature",
      "properties": {
        "name": "BHILWARA TS",
        "brand": "Jio-bp",
        "brand_code": "JIOBP",
        "address": "KHASRA NO. - 616, 753/424 , LHS TOWARDS :- BHILWARA-NASIRABAD, NH- 79, VILLAGE :- NANAKPURA, TEHSIL :- MANDAL, DISTRICT:- BHILWARA PIN CODE 311403",
        "state": "Rajasthan",
        "city": "BHILWARA",
        "ro_code": "RJT017",
        "amenity": "fuel",
        "source": "jiobp.com"
      },
      "geometry": {
        "type": "Point",
        "coordinates": [
          74.589648232,
          25.523727961
        ]
      }
    },
    {
      "type": "Feature",
      "properties": {
        "name": "HRM001 - MDU",
        "brand": "Jio-bp",
        "brand_code": "JIOBP",
        "address": "Govt PG College sectror 9 Basai road gurugram Haryana 122001",
        "state": "Haryana",
        "city": "Gurugram",
        "ro_code": "HRM001",
        "amenity": "fuel",
        "source": "jiobp.com"
      },
      "geometry": {
        "type": "Point",
        "coordinates": [
          76.996837766,
          28.458030564
        ]
      }
    },
    {
      "type": "Feature",
      "properties": {
        "name": "Etawah",
        "brand": "Jio-bp",
        "brand_code": "JIOBP",
        "address": "NH 02 at Chain age 321.016 Village - Mohanpur Manik, Post - Etawah, Taluka / Tehsil - Etawah, District ¿ Etawah. (U.P)",
        "state": "Uttar Pradesh",
        "city": "",
        "ro_code": "UWF069",
        "amenity": "fuel",
        "source": "jiobp.com"
      },
      "geometry": {
        "type": "Point",
        "coordinates": [
          79.039212551,
          26.766714853
        ]
      }
    },
    {
      "type": "Feature",
      "properties": {
        "name": "DEMOTAND",
        "brand": "Jio-bp",
        "brand_code": "JIOBP",
        "address": "NH-33, VILLAGE MORANGI, POST OFFICE MORANGI, DISTRICT: HAZARIBAGH",
        "state": "Jharkhand",
        "city": "MORANGI",
        "ro_code": "JHF015",
        "amenity": "fuel",
        "source": "jiobp.com"
      },
      "geometry": {
        "type": "Point",
        "coordinates": [
          85.40625,
          23.903
        ]
      }
    },
    {
      "type": "Feature",
      "properties": {
        "name": "UEF080 CHAUBEPUR",
        "brand": "Jio-bp",
        "brand_code": "JIOBP",
        "address": "OPP: LOHIA STARLINGER FACTORY, GT ROAD, CHOUBEYPUR INDUSTRIAL AREA, NH-91,VILLAGE:,POST_OFFICE : ,DISTRICT : KANPUR NAGAR , U.P, PIN_CODE : 209203",
        "state": "Uttar Pradesh",
        "city": "",
        "ro_code": "UEF080",
        "amenity": "fuel",
        "source": "jiobp.com"
      },
      "geometry": {
        "type": "Point",
        "coordinates": [
          80.204829371,
          26.607853946
        ]
      }
    },
    {
      "type": "Feature",
      "properties": {
        "name": "GOLA",
        "brand": "Jio-bp",
        "brand_code": "JIOBP",
        "address": "PLOT NO  780, 782 , HEMATPUR, NH 23,GOLA, RAMGARH",
        "state": "Jharkhand",
        "city": "RAMGARH",
        "ro_code": "JHF055",
        "amenity": "fuel",
        "source": "jiobp.com"
      },
      "geometry": {
        "type": "Point",
        "coordinates": [
          85.737538,
          23.543002
        ]
      }
    },
    {
      "type": "Feature",
      "properties": {
        "name": "Barwadda TS - JHM004 - MDU",
        "brand": "Jio-bp",
        "brand_code": "JIOBP",
        "address": "KATRAS ROAD, MATKURIA,NEAR UNITED IRON CORP, DHANBAD, JHARKHAND 826001",
        "state": "Jharkhand",
        "city": "",
        "ro_code": "JHM004",
        "amenity": "fuel",
        "source": "jiobp.com"
      },
      "geometry": {
        "type": "Point",
        "coordinates": [
          86.283729,
          23.883633
        ]
      }
    },
    {
      "type": "Feature",
      "properties": {
        "name": "KALPETTA CALICUT",
        "brand": "Jio-bp",
        "brand_code": "JIOBP",
        "address": "Kalpeta Reliance Retail Outlet (KLF064), M/s. Whiteline Builders, Main Road, Kalpetta, Wayanad District. PIN: 673121.Mr. Vijayan: +919744688167",
        "state": "Kerala",
        "city": "KALPETTA",
        "ro_code": "KLF064",
        "amenity": "fuel",
        "source": "jiobp.com"
      },
      "geometry": {
        "type": "Point",
        "coordinates": [
          76.083539901,
          11.613962735
        ]
      }
    },
    {
      "type": "Feature",
      "properties": {
        "name": "RAGHUNATHPUR",
        "brand": "Jio-bp",
        "brand_code": "JIOBP",
        "address": "C/O SURYA FILLING STATION, AT RAGHUNATHPUR PO- NARENDRAPUR, EAST GANJAM ,ORISSA, RAGHUNATHPUR",
        "state": "Odisha",
        "city": "",
        "ro_code": "ORF040",
        "amenity": "fuel",
        "source": "jiobp.com"
      },
      "geometry": {
        "type": "Point",
        "coordinates": [
          84.88315,
          19.326975
        ]
      }
    },
    {
      "type": "Feature",
      "properties": {
        "name": "GIRISOLA TS",
        "brand": "Jio-bp",
        "brand_code": "JIOBP",
        "address": "IN FRONT OF ROLLAND INSTITUTE OF ENGINEERING, NH-5, BHALIGARH, DISTRICT: GANJAM",
        "state": "Odisha",
        "city": "GIRISOLA",
        "ro_code": "ORT004",
        "amenity": "fuel",
        "source": "jiobp.com"
      },
      "geometry": {
        "type": "Point",
        "coordinates": [
          84.734245789,
          19.195331375
        ]
      }
    },
    {
      "type": "Feature",
      "properties": {
        "name": "BICHKUNDA HYDERABAD",
        "brand": "Jio-bp",
        "brand_code": "JIOBP",
        "address": "Sri Vijayalaxmi Services, SURVEY 66/E 1,KANDERAPALLI VILLAGE, BICHKUNDA MANDAL, NIZAMABAD   503107",
        "state": "Telangana",
        "city": "BICHKUNDA",
        "ro_code": "APF114",
        "amenity": "fuel",
        "source": "jiobp.com"
      },
      "geometry": {
        "type": "Point",
        "coordinates": [
          77.674194289,
          18.397066567
        ]
      }
    },
    {
      "type": "Feature",
      "properties": {
        "name": "KHED FF",
        "brand": "Jio-bp",
        "brand_code": "JIOBP",
        "address": "NH17,POST_OFFICE : KHED,SURVEY NO.14 A,VILLAGE-BHARANE,TAL-KHED,DIST.-RATNAGIRI  415621",
        "state": "Maharashtra",
        "city": "KHED",
        "ro_code": "MHF110",
        "amenity": "fuel",
        "source": "jiobp.com"
      },
      "geometry": {
        "type": "Point",
        "coordinates": [
          73.418029517,
          17.734924441
        ]
      }
    },
    {
      "type": "Feature",
      "properties": {
        "name": "KARAD",
        "brand": "Jio-bp",
        "brand_code": "JIOBP",
        "address": "NH4, SURVEY NO 112-1 PUNE BANGALORE ROAD, NEAR HOTEL GANDHARVA PALACE MALKAPUR KARAD DIST SATARA  415110",
        "state": "Maharashtra",
        "city": "KARAD",
        "ro_code": "MHF128",
        "amenity": "fuel",
        "source": "jiobp.com"
      },
      "geometry": {
        "type": "Point",
        "coordinates": [
          74.1783611111,
          17.2520666667
        ]
      }
    },
    {
      "type": "Feature",
      "properties": {
        "name": "DAHIWADI KOLHAPUR",
        "brand": "Jio-bp",
        "brand_code": "JIOBP",
        "address": "HISSA NO 8B,DAHIWADI SATARA ROADAT POST DAHIWADI TAL MAN  DIST SATARA 415508",
        "state": "Maharashtra",
        "city": "",
        "ro_code": "MHF150",
        "amenity": "fuel",
        "source": "jiobp.com"
      },
      "geometry": {
        "type": "Point",
        "coordinates": [
          74.547487481,
          17.703731051
        ]
      }
    },
    {
      "type": "Feature",
      "properties": {
        "name": "RAIKOT",
        "brand": "Jio-bp",
        "brand_code": "JIOBP",
        "address": "RELIANCE PETRO MARKETING PVT LTD, VILLAGE GONDWAL, SH #  13, RAIKOT MULLANPUR ROAD, RAIKOT.",
        "state": "Punjab",
        "city": "Raikot",
        "ro_code": "PBF100",
        "amenity": "fuel",
        "source": "jiobp.com"
      },
      "geometry": {
        "type": "Point",
        "coordinates": [
          75.6076082894,
          30.6806665922
        ]
      }
    },
    {
      "type": "Feature",
      "properties": {
        "name": "LUDHIANA-2",
        "brand": "Jio-bp",
        "brand_code": "JIOBP",
        "address": "RELIANCE PETRO MARKETING PVT LTD, NH#44, VILLAGE JUGIANA, GT ROAD (MILE STONE NO. 306), LUDHIANA.",
        "state": "Punjab",
        "city": "LUDHIANA",
        "ro_code": "PBT009",
        "amenity": "fuel",
        "source": "jiobp.com"
      },
      "geometry": {
        "type": "Point",
        "coordinates": [
          75.9362166667,
          30.8593194444
        ]
      }
    },
    {
      "type": "Feature",
      "properties": {
        "name": "MEHNI KANPUR",
        "brand": "Jio-bp",
        "brand_code": "JIOBP",
        "address": "On Lalitpur - Mahroni Road, ( Mdr. - 30 )  Village -  Kisardah, Tehsil - Mahroni  LALITPUR",
        "state": "Uttar Pradesh",
        "city": "",
        "ro_code": "UWF091",
        "amenity": "fuel",
        "source": "jiobp.com"
      },
      "geometry": {
        "type": "Point",
        "coordinates": [
          78.729865089,
          24.560293047
        ]
      }
    },
    {
      "type": "Feature",
      "properties": {
        "name": "SHAHADA FF",
        "brand": "Jio-bp",
        "brand_code": "JIOBP",
        "address": "MSH1,OPP.HOTEL CHINA TOWN,DONDIACHA SHAHADA RO,DIST NANDURBAR 425409",
        "state": "Maharashtra",
        "city": "",
        "ro_code": "MHF073",
        "amenity": "fuel",
        "source": "jiobp.com"
      },
      "geometry": {
        "type": "Point",
        "coordinates": [
          74.4770278,
          21.5235556
        ]
      }
    },
    {
      "type": "Feature",
      "properties": {
        "name": "VISARWADI",
        "brand": "Jio-bp",
        "brand_code": "JIOBP",
        "address": "Gut no 60/2/b, NH6, Dhuliya Surta Highway, Visarwadi, Tal - Navapur, District - Nandurbar, Maharashtra - 425426",
        "state": "Maharashtra",
        "city": "VISARWADI",
        "ro_code": "MHF203",
        "amenity": "fuel",
        "source": "jiobp.com"
      },
      "geometry": {
        "type": "Point",
        "coordinates": [
          73.945054,
          21.186483
        ]
      }
    },
    {
      "type": "Feature",
      "properties": {
        "name": "PALANI TOWN",
        "brand": "Jio-bp",
        "brand_code": "JIOBP",
        "address": "129/3 Dindigul Road,",
        "state": "Tamil Nadu",
        "city": "PALANI",
        "ro_code": "TNF097",
        "amenity": "fuel",
        "source": "jiobp.com"
      },
      "geometry": {
        "type": "Point",
        "coordinates": [
          77.529722222,
          10.448333333
        ]
      }
    },
    {
      "type": "Feature",
      "properties": {
        "name": "GANGADHARA",
        "brand": "Jio-bp",
        "brand_code": "JIOBP",
        "address": "M/S.SAINATH PETROLEUM PLOT NO.429/1, MOJE BARDOLI, ON NH6, TAL BARDOLI,BARDOLI -DIST SURAT. - 394601",
        "state": "Gujarat",
        "city": "",
        "ro_code": "GJF013",
        "amenity": "fuel",
        "source": "jiobp.com"
      },
      "geometry": {
        "type": "Point",
        "coordinates": [
          73.1234777778,
          21.1095972222
        ]
      }
    },
    {
      "type": "Feature",
      "properties": {
        "name": "ROYACHOTI FF",
        "brand": "Jio-bp",
        "brand_code": "JIOBP",
        "address": "RELIANCE PETRO MARKETING PVT LTD., BADLA PALLI VILLAGE, NH 116/4, KADAPA ROAD, RAYACHOTI, DIST : CUDDAPAH - 516269",
        "state": "Andhra Pradesh",
        "city": "",
        "ro_code": "APF010",
        "amenity": "fuel",
        "source": "jiobp.com"
      },
      "geometry": {
        "type": "Point",
        "coordinates": [
          78.756666667,
          14.095527778
        ]
      }
    },
    {
      "type": "Feature",
      "properties": {
        "name": "CUDDAPAH",
        "brand": "Jio-bp",
        "brand_code": "JIOBP",
        "address": "CUDDAPAH OBUL REDDY AND SONS , RELIANCE PETROL PUMP, SURVEY NO 433/1/2, VILLAE, KALAMPALLI NH 31, KADAPA - PIN 516001",
        "state": "Andhra Pradesh",
        "city": "",
        "ro_code": "APF031",
        "amenity": "fuel",
        "source": "jiobp.com"
      },
      "geometry": {
        "type": "Point",
        "coordinates": [
          78.804777778,
          14.508444444
        ]
      }
    },
    {
      "type": "Feature",
      "properties": {
        "name": "DHULIAN DURGAPUR",
        "brand": "Jio-bp",
        "brand_code": "JIOBP",
        "address": "DAG NO.LR-1443,MALANCHA ANUP, NAGAR,VILL-TARAPUR,PO-MALANCHA, P.S.-SAMSHERGANJ, MURSHIDABAD, DHULIAN",
        "state": "West Bengal",
        "city": "DURGAPUR",
        "ro_code": "WBF010",
        "amenity": "fuel",
        "source": "jiobp.com"
      },
      "geometry": {
        "type": "Point",
        "coordinates": [
          87.931302211,
          24.671021367
        ]
      }
    },
    {
      "type": "Feature",
      "properties": {
        "name": "COOCH BEHAR",
        "brand": "Jio-bp",
        "brand_code": "JIOBP",
        "address": "Plot No: 2672(P), 2681(P), 2685(P), JL No: 119, Taluka: Kotwali,Village: Dauaguri, P.O: Dauaguri, P.S: Coochbehar, Dist: Coochbehar , pin code: 736156",
        "state": "West Bengal",
        "city": "COOCH BEHAR",
        "ro_code": "WBF069",
        "amenity": "fuel",
        "source": "jiobp.com"
      },
      "geometry": {
        "type": "Point",
        "coordinates": [
          89.517385108,
          26.317634863
        ]
      }
    },
    {
      "type": "Feature",
      "properties": {
        "name": "ALIPURDUAR SILIGURI",
        "brand": "Jio-bp",
        "brand_code": "JIOBP",
        "address": "ALIPUR, DUAR-SONAPUR ROAD, MOUZA-BIRPARA, JL NO 45, DISTRICT: JALPAIGURI",
        "state": "West Bengal",
        "city": "",
        "ro_code": "WBF076",
        "amenity": "fuel",
        "source": "jiobp.com"
      },
      "geometry": {
        "type": "Point",
        "coordinates": [
          89.520209462,
          26.478242791
        ]
      }
    },
    {
      "type": "Feature",
      "properties": {
        "name": "MADARIHAT SILIGURI",
        "brand": "Jio-bp",
        "brand_code": "JIOBP",
        "address": "MOUZA NORTH MADARIHAT, PLOT NO 1105",
        "state": "West Bengal",
        "city": "SILIGURI",
        "ro_code": "WBF088",
        "amenity": "fuel",
        "source": "jiobp.com"
      },
      "geometry": {
        "type": "Point",
        "coordinates": [
          89.275033511,
          26.69271831
        ]
      }
    },
    {
      "type": "Feature",
      "properties": {
        "name": "TUTICORIN II FF",
        "brand": "Jio-bp",
        "brand_code": "JIOBP",
        "address": "Sy. No. 33/1A & 33/3A, Sub Divided as 33/1A2A & 33/3A2, Plot No. 27F Palayankottai Main Road,",
        "state": "Tamil Nadu",
        "city": "TUTICORIN",
        "ro_code": "TNF048",
        "amenity": "fuel",
        "source": "jiobp.com"
      },
      "geometry": {
        "type": "Point",
        "coordinates": [
          78.087380273,
          8.774230129
        ]
      }
    },
    {
      "type": "Feature",
      "properties": {
        "name": "MUKTSAR 2 BATHINDA",
        "brand": "Jio-bp",
        "brand_code": "JIOBP",
        "address": "JALALABAD ROAD, 2KM MILE STONE",
        "state": "Punjab",
        "city": "Muktsar2",
        "ro_code": "PBF065",
        "amenity": "fuel",
        "source": "jiobp.com"
      },
      "geometry": {
        "type": "Point",
        "coordinates": [
          74.480428992,
          30.495056618
        ]
      }
    },
    {
      "type": "Feature",
      "properties": {
        "name": "MALOUT BHATINDA",
        "brand": "Jio-bp",
        "brand_code": "JIOBP",
        "address": "MAKKAR AUTOMOBILES, RELINACE PUMP, MALOUT ABOHAR ROAD, MALOUT GURU NANAK TYRES, G T ROAD, MALOUT-152107 ABOHARROAD.RETAILOUTLET@RELPETROMAIL.COM",
        "state": "Punjab",
        "city": "",
        "ro_code": "PBF045",
        "amenity": "fuel",
        "source": "jiobp.com"
      },
      "geometry": {
        "type": "Point",
        "coordinates": [
          74.460295562,
          30.206393238
        ]
      }
    },
    {
      "type": "Feature",
      "properties": {
        "name": "Digha",
        "brand": "Jio-bp",
        "brand_code": "JIOBP",
        "address": "PLOT NO 158, 159, KHATIAN 418, DIGHA KANTHI HIGHWAY, VILLAGE GHERSHAI, BLOCK PADIMAII, POST ALLANKARPUR, DIGHA, DISTRICT: EAST MIDNAPORE",
        "state": "West Bengal",
        "city": "AST MIDNAPORE",
        "ro_code": "WBF044",
        "amenity": "fuel",
        "source": "jiobp.com"
      },
      "geometry": {
        "type": "Point",
        "coordinates": [
          87.530055556,
          21.638222222
        ]
      }
    },
    {
      "type": "Feature",
      "properties": {
        "name": "Kanalus",
        "brand": "Jio-bp",
        "brand_code": "JIOBP",
        "address": "Survey No.196/ Paiki - 1 and 212, Village Kannalus, Taluka Lalpur, Sir P.N. Road",
        "state": "Gujarat",
        "city": "",
        "ro_code": "GJT026",
        "amenity": "fuel",
        "source": "jiobp.com"
      },
      "geometry": {
        "type": "Point",
        "coordinates": [
          69.928574,
          22.328294
        ]
      }
    },
    {
      "type": "Feature",
      "properties": {
        "name": "Mundera",
        "brand": "Jio-bp",
        "brand_code": "JIOBP",
        "address": "JHAPIA,BEGUM BAZAR,TEHSIL SADAR, ALLAHABAD  NH-2,VILLAGE:CHAPIA,POST_OFFICE : BAMRAULI,U.P, PIN CODE 211012",
        "state": "Uttar Pradesh",
        "city": "",
        "ro_code": "UET010",
        "amenity": "fuel",
        "source": "jiobp.com"
      },
      "geometry": {
        "type": "Point",
        "coordinates": [
          81.7259944444,
          25.4496861111
        ]
      }
    },
    {
      "type": "Feature",
      "properties": {
        "name": "BHESAN BHAVNAGAR",
        "brand": "Jio-bp",
        "brand_code": "JIOBP",
        "address": "SHILU PETROLEUM SURVEY NO. 284/4/P, BHESAN, DIST: JUNAGADH, GUJARAT   362020",
        "state": "Gujarat",
        "city": "BHESAN",
        "ro_code": "GJF249",
        "amenity": "fuel",
        "source": "jiobp.com"
      },
      "geometry": {
        "type": "Point",
        "coordinates": [
          70.747252748,
          21.586976315
        ]
      }
    },
    {
      "type": "Feature",
      "properties": {
        "name": "DAMNAGAR BHAVNAGAR",
        "brand": "Jio-bp",
        "brand_code": "JIOBP",
        "address": "SURVEY NO:133/1P,DHRUFANIA ROAD,DAMNAGAR,TALUKA-LATHI,DISTRICT-AMRELI 365220 GUJARAT  365220",
        "state": "Gujarat",
        "city": "",
        "ro_code": "GJF251",
        "amenity": "fuel",
        "source": "jiobp.com"
      },
      "geometry": {
        "type": "Point",
        "coordinates": [
          71.519462523,
          21.694776823
        ]
      }
    },
    {
      "type": "Feature",
      "properties": {
        "name": "KANDLA-1 (CODO)",
        "brand": "Jio-bp",
        "brand_code": "JIOBP",
        "address": "SURVEY NO: 490/2, ON NH-8A, VILLAGE: MITHI ROHAR, TAL: GANDHIDHAM, DIST KUTCH  370239",
        "state": "Gujarat",
        "city": "",
        "ro_code": "GJT008",
        "amenity": "fuel",
        "source": "jiobp.com"
      },
      "geometry": {
        "type": "Point",
        "coordinates": [
          70.161582722,
          23.115349965
        ]
      }
    },
    {
      "type": "Feature",
      "properties": {
        "name": "ZALKI",
        "brand": "Jio-bp",
        "brand_code": "JIOBP",
        "address": "RELIANCE PETRO MARKETING PVT. LTD., RETAIL OUTLET,  NH-13,SY. NO. 9 and 7, NH 13, BALLOLLI VILLAGE, INDI TALUK, DIST : BIJAPUR  586117, KARNATAKA",
        "state": "Karnataka",
        "city": "",
        "ro_code": "KRF064",
        "amenity": "fuel",
        "source": "jiobp.com"
      },
      "geometry": {
        "type": "Point",
        "coordinates": [
          75.803694444,
          17.235583333
        ]
      }
    },
    {
      "type": "Feature",
      "properties": {
        "name": "BIJAPUR HOSPET",
        "brand": "Jio-bp",
        "brand_code": "JIOBP",
        "address": "M/S. SHATAGAR PETROLEUMS, SURVEY NO.51/2, MAHALABHAGAYATH VILLAGE, ADJACENT TO BDCC BANK, BANJARA CROSS, OLD NH13, BIJAPUR  586101",
        "state": "Karnataka",
        "city": "",
        "ro_code": "KRF070",
        "amenity": "fuel",
        "source": "jiobp.com"
      },
      "geometry": {
        "type": "Point",
        "coordinates": [
          75.710410892,
          16.835117663
        ]
      }
    },
    {
      "type": "Feature",
      "properties": {
        "name": "BILLARY",
        "brand": "Jio-bp",
        "brand_code": "JIOBP",
        "address": "M/S CH MOHAR SINGH RELIANCE PETROL PUMP, SUBHASH RD, CHANDAVI,KHATA NO 164, KHASRA NO 576 A, BILLARI, MORADABBAD, UP 202412",
        "state": "Uttar Pradesh",
        "city": "",
        "ro_code": "UWF009",
        "amenity": "fuel",
        "source": "jiobp.com"
      },
      "geometry": {
        "type": "Point",
        "coordinates": [
          78.797163418,
          28.633203276
        ]
      }
    },
    {
      "type": "Feature",
      "properties": {
        "name": "GHUMARWIN CHANDIGARH",
        "brand": "Jio-bp",
        "brand_code": "JIOBP",
        "address": "NH-88,MS-101,VILL ABDHANI, PO-TAKREHRA, DISTT-BILASPUR, PIN-174021  GHUMARWIN.RETAILOUTLET@RELPETROMAIL.COM",
        "state": "Himachal Pradesh",
        "city": "",
        "ro_code": "HPF003",
        "amenity": "fuel",
        "source": "jiobp.com"
      },
      "geometry": {
        "type": "Point",
        "coordinates": [
          76.7158545657,
          31.4251530116
        ]
      }
    },
    {
      "type": "Feature",
      "properties": {
        "name": "KATWA DURGAPUR",
        "brand": "Jio-bp",
        "brand_code": "JIOBP",
        "address": "DAG.196(P),197(P) JL.NO.10, KHANERHAT, KOSHIGRAM, POKOSHIGRAM,P.SKATWA,DIST-BURDWAN, KATWA",
        "state": "West Bengal",
        "city": "DURGAPUR",
        "ro_code": "WBF083",
        "amenity": "fuel",
        "source": "jiobp.com"
      },
      "geometry": {
        "type": "Point",
        "coordinates": [
          88.13534192,
          23.636829164
        ]
      }
    },
    {
      "type": "Feature",
      "properties": {
        "name": "KHIVSAR(NAGAUR) ( FF)",
        "brand": "Jio-bp",
        "brand_code": "JIOBP",
        "address": "KHASRA NO. - 1289,1651,2060, 3314, 1289,1651,2060, 3316 ,  NH - 65 , VILLAGE- KHIVSAR , TEHSIL- KHIVSAR , DISTRICT- NAGAUR PIN CODE 341025",
        "state": "Rajasthan",
        "city": "Nagaur",
        "ro_code": "RJF081",
        "amenity": "fuel",
        "source": "jiobp.com"
      },
      "geometry": {
        "type": "Point",
        "coordinates": [
          73.413555556,
          26.966361111
        ]
      }
    },
    {
      "type": "Feature",
      "properties": {
        "name": "BILARA",
        "brand": "Jio-bp",
        "brand_code": "JIOBP",
        "address": "Khasra No. 741,NH-25, Ch. No. -42/905.38,",
        "state": "Rajasthan",
        "city": "",
        "ro_code": "RJF121",
        "amenity": "fuel",
        "source": "jiobp.com"
      },
      "geometry": {
        "type": "Point",
        "coordinates": [
          73.711665032,
          26.187596262
        ]
      }
    },
    {
      "type": "Feature",
      "properties": {
        "name": "SANDERAO",
        "brand": "Jio-bp",
        "brand_code": "JIOBP",
        "address": "KHASRA NO - 1145-1146 , LHS TOWARDS - SIROHI , NH - 162, VILLAGE - SANDERAO , TEHSIL - SUMERPUR ,  DISTRICT-  PALI RAJ, PIN CODE 306708",
        "state": "Rajasthan",
        "city": "SANDERAO",
        "ro_code": "RJT006",
        "amenity": "fuel",
        "source": "jiobp.com"
      },
      "geometry": {
        "type": "Point",
        "coordinates": [
          73.183916815,
          25.332215084
        ]
      }
    },
    {
      "type": "Feature",
      "properties": {
        "name": "HALDWANI",
        "brand": "Jio-bp",
        "brand_code": "JIOBP",
        "address": "M/S SHRI RAM PETROLEUM SHIVAJI COLONY, RAMPUR RD, HALDWANI, KHATA KHATAUNI NO 3, KHASRA NO 9B, BHAWANIPUR KISHNA, NAINITAL, UT 263144",
        "state": "Uttarakhand",
        "city": "",
        "ro_code": "UTF003",
        "amenity": "fuel",
        "source": "jiobp.com"
      },
      "geometry": {
        "type": "Point",
        "coordinates": [
          79.528204348,
          29.201944495
        ]
      }
    },
    {
      "type": "Feature",
      "properties": {
        "name": "GHAZIPUR FF",
        "brand": "Jio-bp",
        "brand_code": "JIOBP",
        "address": "NH - 29 M/S SQ.LDR.SATYADEO PANDEY  VILLAGE:FATEHULLAHPUR,POST_OFFICE : MAHARAJGANJ,DISTRICT : GAZIPUR , U.P,PIN_CODE : 233001",
        "state": "Uttar Pradesh",
        "city": "",
        "ro_code": "UEF002",
        "amenity": "fuel",
        "source": "jiobp.com"
      },
      "geometry": {
        "type": "Point",
        "coordinates": [
          83.486258507,
          25.574734702
        ]
      }
    },
    {
      "type": "Feature",
      "properties": {
        "name": "SHIV ENERGY",
        "brand": "Jio-bp",
        "brand_code": "JIOBP",
        "address": "Near MDR 74C , Arazi Khasra no. 1892/4 , Khata Khatauni no. 1686 , Village Nighasan ,Taluka Nighasan Distt. Lakhimpur Khiri",
        "state": "Uttar Pradesh",
        "city": "",
        "ro_code": "UEF092",
        "amenity": "fuel",
        "source": "jiobp.com"
      },
      "geometry": {
        "type": "Point",
        "coordinates": [
          80.861834794,
          28.232754377
        ]
      }
    },
    {
      "type": "Feature",
      "properties": {
        "name": "Bilgram",
        "brand": "Jio-bp",
        "brand_code": "JIOBP",
        "address": "Katra - Billhaur Highway, Bilgram Chaurah, Bilgram, District Hardoi,  UP - 241301",
        "state": "Uttar Pradesh",
        "city": "",
        "ro_code": "UEF101",
        "amenity": "fuel",
        "source": "jiobp.com"
      },
      "geometry": {
        "type": "Point",
        "coordinates": [
          80.041277,
          27.178504
        ]
      }
    },
    {
      "type": "Feature",
      "properties": {
        "name": "PARBHANI",
        "brand": "Jio-bp",
        "brand_code": "JIOBP",
        "address": "VILLAGE KOREGAON BASMAT ROAD OPP AMOL PETROLEUM MSH 2 PARBHANI NANDED ROAD DIST PARBHANI 431512",
        "state": "Maharashtra",
        "city": "Parbhani",
        "ro_code": "MHF070",
        "amenity": "fuel",
        "source": "jiobp.com"
      },
      "geometry": {
        "type": "Point",
        "coordinates": [
          76.774354254,
          19.266518234
        ]
      }
    },
    {
      "type": "Feature",
      "properties": {
        "name": "BASMATNAGAR AKOLA",
        "brand": "Jio-bp",
        "brand_code": "JIOBP",
        "address": "AT POST BASMAT NAGAR MSH 6 PARBHANI NANDED ROAD M, TAHSIL:BASMAT, DIST :HINGOLI  431512",
        "state": "Maharashtra",
        "city": "AKOLA",
        "ro_code": "MHF178",
        "amenity": "fuel",
        "source": "jiobp.com"
      },
      "geometry": {
        "type": "Point",
        "coordinates": [
          77.159679659,
          19.325989803
        ]
      }
    },
    {
      "type": "Feature",
      "properties": {
        "name": "FATEHPUR ALLAHABAD",
        "brand": "Jio-bp",
        "brand_code": "JIOBP",
        "address": "CH 77-78, KM, KANUR, BYPASS ROAD,  HARIHARGANJ,BANDARD.NH-2 FATEHPUR U P  212601",
        "state": "Uttar Pradesh",
        "city": "",
        "ro_code": "UEF044",
        "amenity": "fuel",
        "source": "jiobp.com"
      },
      "geometry": {
        "type": "Point",
        "coordinates": [
          80.821575,
          25.94875
        ]
      }
    },
    {
      "type": "Feature",
      "properties": {
        "name": "MATHURA FF",
        "brand": "Jio-bp",
        "brand_code": "JIOBP",
        "address": "Mr. Nikhil Verma, NH-2, KHASRA NO.- 332 and 333 VILLAGE BARARI, TEHSIL and DISTT.- MATHURA ( U.P.) PIN CODE :281005",
        "state": "Uttar Pradesh",
        "city": "",
        "ro_code": "UWF061",
        "amenity": "fuel",
        "source": "jiobp.com"
      },
      "geometry": {
        "type": "Point",
        "coordinates": [
          77.718555556,
          27.360583333
        ]
      }
    },
    {
      "type": "Feature",
      "properties": {
        "name": "Kirawali 1 RO",
        "brand": "Jio-bp",
        "brand_code": "JIOBP",
        "address": "Khasra No. 651, Mauza- ChaumaShahpur, Agra-Bharatpur Road, Agra,",
        "state": "Uttar Pradesh",
        "city": "Agra",
        "ro_code": "UWF136",
        "amenity": "fuel",
        "source": "jiobp.com"
      },
      "geometry": {
        "type": "Point",
        "coordinates": [
          77.615179,
          27.134105
        ]
      }
    },
    {
      "type": "Feature",
      "properties": {
        "name": "Rasoolpur",
        "brand": "Jio-bp",
        "brand_code": "JIOBP",
        "address": "KHASARA NO.172,MIL,VILLAGE RASULPUR, MATHURA-BHARATPUR ROAD, GOVERDHAN, MATHURA, UTTAR PRADESH - 281001",
        "state": "Uttar Pradesh",
        "city": "Mathura",
        "ro_code": "UWF147",
        "amenity": "fuel",
        "source": "jiobp.com"
      },
      "geometry": {
        "type": "Point",
        "coordinates": [
          77.5663157,
          27.3368828
        ]
      }
    },
    {
      "type": "Feature",
      "properties": {
        "name": "SHEOHRA DEHRADUN",
        "brand": "Jio-bp",
        "brand_code": "JIOBP",
        "address": "M/S VARDHMAN OIL CENTER JAINSAGAR TRADERS,JAIN STREET, SEOHARA, BIJNOR, UP  KHASRA NO- 2620, 2621 and 2631 VILLAGE- KHALLILPUR, TEHSIL- DHAMPUR, DISTT BIJNORE",
        "state": "Uttar Pradesh",
        "city": "",
        "ro_code": "UWF023",
        "amenity": "fuel",
        "source": "jiobp.com"
      },
      "geometry": {
        "type": "Point",
        "coordinates": [
          78.514843111,
          29.308887487
        ]
      }
    },
    {
      "type": "Feature",
      "properties": {
        "name": "Guwahati TCE",
        "brand": "Jio-bp",
        "brand_code": "JIOBP",
        "address": "Kalimandir Path",
        "state": "Assam",
        "city": "Guwahati",
        "ro_code": "ASX001",
        "amenity": "fuel",
        "source": "jiobp.com"
      },
      "geometry": {
        "type": "Point",
        "coordinates": [
          91.797426,
          26.11237
        ]
      }
    },
    {
      "type": "Feature",
      "properties": {
        "name": "LALGHUTHWA JAMSHEDPUR",
        "brand": "Jio-bp",
        "brand_code": "JIOBP",
        "address": "PLOT NO:55(P), KHATA NO.117, MOUZA-TIKRA TOLI, PO: PISKA NAGRI, LALGUTWA, P.S: RATU, DIST: RANCHI., LALGUTHWA",
        "state": "Jharkhand",
        "city": "LALGHUTHWA",
        "ro_code": "JHF012",
        "amenity": "fuel",
        "source": "jiobp.com"
      },
      "geometry": {
        "type": "Point",
        "coordinates": [
          85.303481617,
          23.378805553
        ]
      }
    },
    {
      "type": "Feature",
      "properties": {
        "name": "DALTONGANJ JAMSHEDPUR",
        "brand": "Jio-bp",
        "brand_code": "JIOBP",
        "address": "139,KHATA 128,THANA 206, MADNINAGAR(DALTONGANJ), VILL: CHIYANKI,DISTT: PALAMU, DALTONGANJ",
        "state": "Jharkhand",
        "city": "DALTONGANJ",
        "ro_code": "JHF030",
        "amenity": "fuel",
        "source": "jiobp.com"
      },
      "geometry": {
        "type": "Point",
        "coordinates": [
          84.063247589,
          24.038889374
        ]
      }
    },
    {
      "type": "Feature",
      "properties": {
        "name": "NELLORE-1 FF",
        "brand": "Jio-bp",
        "brand_code": "JIOBP",
        "address": "MILE STONE 181/2, NH-5, VILLAGE KOVVUR, POST VILLAGE, DIST NELLORE  524137",
        "state": "Andhra Pradesh",
        "city": "NELLORE",
        "ro_code": "APF030",
        "amenity": "fuel",
        "source": "jiobp.com"
      },
      "geometry": {
        "type": "Point",
        "coordinates": [
          79.989847164,
          14.532721208
        ]
      }
    },
    {
      "type": "Feature",
      "properties": {
        "name": "JAGDHARI",
        "brand": "Jio-bp",
        "brand_code": "JIOBP",
        "address": "KHASRA NO 20/2/2, 21/2/2, 22 and 8/19 SITUATED AT VILLAGE CHANDPUR IN MISHRA COLONY HB 419,  NEAR KAMANI CHOWNK,NH-73, BYE PASS ROAD, YAMANU NAGAR, TEHSIL JAGADHARI DIST. YAMUNANAGAR HARAYANA  135001",
        "state": "Haryana",
        "city": "JAGDHARI",
        "ro_code": "HRF044",
        "amenity": "fuel",
        "source": "jiobp.com"
      },
      "geometry": {
        "type": "Point",
        "coordinates": [
          77.2801174811,
          30.1737307155
        ]
      }
    },
    {
      "type": "Feature",
      "properties": {
        "name": "PALLIPALAYAM SALEM",
        "brand": "Jio-bp",
        "brand_code": "JIOBP",
        "address": "321/1 & 321/2  Sankari Road, Palipalayam Agraharam Village,",
        "state": "Tamil Nadu",
        "city": "SALEM",
        "ro_code": "TNF095",
        "amenity": "fuel",
        "source": "jiobp.com"
      },
      "geometry": {
        "type": "Point",
        "coordinates": [
          77.763972222,
          11.387333333
        ]
      }
    },
    {
      "type": "Feature",
      "properties": {
        "name": "DHAMTARI ROAD RAIPUR",
        "brand": "Jio-bp",
        "brand_code": "JIOBP",
        "address": "DEOPURI NH 43 RAIPUR 492015",
        "state": "Chattisgarh",
        "city": "",
        "ro_code": "CGF001",
        "amenity": "fuel",
        "source": "jiobp.com"
      },
      "geometry": {
        "type": "Point",
        "coordinates": [
          81.56196599,
          20.730827316
        ]
      }
    },
    {
      "type": "Feature",
      "properties": {
        "name": "BALODA BAZAR",
        "brand": "Jio-bp",
        "brand_code": "JIOBP",
        "address": "KASDOL ROAD,TAH BALODA BAZAR RAIPUR 492015",
        "state": "Chattisgarh",
        "city": "",
        "ro_code": "CGF005",
        "amenity": "fuel",
        "source": "jiobp.com"
      },
      "geometry": {
        "type": "Point",
        "coordinates": [
          82.183571572,
          21.652735884
        ]
      }
    },
    {
      "type": "Feature",
      "properties": {
        "name": "AHMEDNAGAR III",
        "brand": "Jio-bp",
        "brand_code": "JIOBP",
        "address": "MHC006 Ahmednagar III Speed Age Petroleum Sry  No 71/1,Nagar Aurangbad Road Near Akbar Nagar,Ahmednagar Ahmednagar III- 414 001",
        "state": "Maharashtra",
        "city": "",
        "ro_code": "MHC006",
        "amenity": "fuel",
        "source": "jiobp.com"
      },
      "geometry": {
        "type": "Point",
        "coordinates": [
          74.745924479,
          19.107516908
        ]
      }
    },
    {
      "type": "Feature",
      "properties": {
        "name": "ETTUMANOOR COCHIN",
        "brand": "Jio-bp",
        "brand_code": "JIOBP",
        "address": "Ettumanoor Reliance Retail Outlet (KLF009),M/s. Neerakkal Fuels,Karithas Junction,Thelokam Post, Ettumanoor,Kottayam District. PIN: 686613. Mr. Jacob: +919744987624",
        "state": "Kerala",
        "city": "ETTUMANOOR",
        "ro_code": "KLF009",
        "amenity": "fuel",
        "source": "jiobp.com"
      },
      "geometry": {
        "type": "Point",
        "coordinates": [
          76.556903404,
          9.669290848
        ]
      }
    },
    {
      "type": "Feature",
      "properties": {
        "name": "KOTHAMANGALAM COCHIN",
        "brand": "Jio-bp",
        "brand_code": "JIOBP",
        "address": "Kothamangalam Reliance Retail Outlet (KLF010),M/s. V. S. Transports,Opp. Municipal Mini Bus Stand, Thangalam, Kothamangalam,Ernakulam District. PIN: 686691Mr. Salim: +919400978663",
        "state": "Kerala",
        "city": "KOTHAMANGALAM",
        "ro_code": "KLF010",
        "amenity": "fuel",
        "source": "jiobp.com"
      },
      "geometry": {
        "type": "Point",
        "coordinates": [
          76.613713919,
          10.06806992
        ]
      }
    },
    {
      "type": "Feature",
      "properties": {
        "name": "ADOOR COCHIN",
        "brand": "Jio-bp",
        "brand_code": "JIOBP",
        "address": "Adoor Reliance Retail Outlet (KLF037),M/s. Ebenezer Fuels,  K P Road, Near Mariya Hospital, Adoor, Pathanamthitta District, PIN: 691523.Mr. Ponnachan: +919747459471",
        "state": "Kerala",
        "city": "",
        "ro_code": "KLF037",
        "amenity": "fuel",
        "source": "jiobp.com"
      },
      "geometry": {
        "type": "Point",
        "coordinates": [
          76.71736358,
          9.163047512
        ]
      }
    },
    {
      "type": "Feature",
      "properties": {
        "name": "NEDUMANGAD COCHIN",
        "brand": "Jio-bp",
        "brand_code": "JIOBP",
        "address": "Nedumangad Reliance Retail Outlet (KLF056), M/s. J.A. Petroleum,Valicode,  Trivandrum - Ponmudi Road, Nedumangad Village,  Trivandrum District. PIN: 695541.Mr. Jaleel: +919526431251",
        "state": "Kerala",
        "city": "NEDUMANGAD",
        "ro_code": "KLF056",
        "amenity": "fuel",
        "source": "jiobp.com"
      },
      "geometry": {
        "type": "Point",
        "coordinates": [
          76.995333333,
          8.598083333
        ]
      }
    },
    {
      "type": "Feature",
      "properties": {
        "name": "JHARSUGUDA SAMBALPUR",
        "brand": "Jio-bp",
        "brand_code": "JIOBP",
        "address": "PLOT NO.212/1133,214/1130,215/, 1131,216/1132,KHATA NO.117/141, VILL:BEHERAPAT, TEH:JHARSUGUDA, JHARSUGUDA",
        "state": "Odisha",
        "city": "JHARSUGUDA",
        "ro_code": "ORF031",
        "amenity": "fuel",
        "source": "jiobp.com"
      },
      "geometry": {
        "type": "Point",
        "coordinates": [
          84.025047254,
          21.878601221
        ]
      }
    },
    {
      "type": "Feature",
      "properties": {
        "name": "DEVGADH-BARIA BADA I",
        "brand": "Jio-bp",
        "brand_code": "JIOBP",
        "address": "DEVADH BARIA STATE HIGHWAY NO 62, SURVEY NO:176/P, SH-62, OPP: SPORTS COMPLEX, BARIA-PIPLOD ROAD, TAL: DEVGAD BARIA, DIST: DAHOD  389380",
        "state": "Gujarat",
        "city": "DEVGADH",
        "ro_code": "GJF241",
        "amenity": "fuel",
        "source": "jiobp.com"
      },
      "geometry": {
        "type": "Point",
        "coordinates": [
          73.903622721,
          22.698981705
        ]
      }
    },
    {
      "type": "Feature",
      "properties": {
        "name": "MANDAWAR",
        "brand": "Jio-bp",
        "brand_code": "JIOBP",
        "address": "KHASRA NO-323 and 324,VILLAGE-SARAWALI, SH 25 MAHUWA RAJGARH ROAD, MANDAWAR RETAILOUTLET PIN CODE 321609",
        "state": "Rajasthan",
        "city": "",
        "ro_code": "RJF011",
        "amenity": "fuel",
        "source": "jiobp.com"
      },
      "geometry": {
        "type": "Point",
        "coordinates": [
          76.839555556,
          27.135527778
        ]
      }
    },
    {
      "type": "Feature",
      "properties": {
        "name": "BHARATPUR TS",
        "brand": "Jio-bp",
        "brand_code": "JIOBP",
        "address": "NH 11, JAIPUR AGRA HIGHWAY ,VILLAGE -BANSI KHURD PIN CODE  321303",
        "state": "Rajasthan",
        "city": "",
        "ro_code": "RJT004",
        "amenity": "fuel",
        "source": "jiobp.com"
      },
      "geometry": {
        "type": "Point",
        "coordinates": [
          77.3429,
          27.16615
        ]
      }
    },
    {
      "type": "Feature",
      "properties": {
        "name": "DHAULPUR TS",
        "brand": "Jio-bp",
        "brand_code": "JIOBP",
        "address": "NH - 3 AGRA DHIOLPUR HIGHWAY  VILLAGE DANDOLI, DHOLPUR PIN CODE 328001",
        "state": "Rajasthan",
        "city": "Dholpur",
        "ro_code": "RJT008",
        "amenity": "fuel",
        "source": "jiobp.com"
      },
      "geometry": {
        "type": "Point",
        "coordinates": [
          77.9082778,
          26.7773889
        ]
      }
    },
    {
      "type": "Feature",
      "properties": {
        "name": "TALALA",
        "brand": "Jio-bp",
        "brand_code": "JIOBP",
        "address": "SURVEY NO. 98/1, ABHAY PETROLEUM, C/O DHANANJAY TRADERS, VERAVAL ROAD TALALA-GUNDRAN ROAD, TALALA, DIST: JUNAGADH, GUJARAT  362150",
        "state": "Gujarat",
        "city": "bhavnagar",
        "ro_code": "GJF065",
        "amenity": "fuel",
        "source": "jiobp.com"
      },
      "geometry": {
        "type": "Point",
        "coordinates": [
          70.535524579,
          21.059256347
        ]
      }
    },
    {
      "type": "Feature",
      "properties": {
        "name": "JAGTIAL FF",
        "brand": "Jio-bp",
        "brand_code": "JIOBP",
        "address": "SY.NO.1820-B, NH 16, VILLAGE JAGTIAL, POST OFFICE JAGITIAL, KARIM NAGAR DISTRICT, ANDHRA PRADESH -505327",
        "state": "Telangana",
        "city": "Jagtial",
        "ro_code": "APF005",
        "amenity": "fuel",
        "source": "jiobp.com"
      },
      "geometry": {
        "type": "Point",
        "coordinates": [
          78.898055556,
          18.798888889
        ]
      }
    },
    {
      "type": "Feature",
      "properties": {
        "name": "KANYAKUMARI",
        "brand": "Jio-bp",
        "brand_code": "JIOBP",
        "address": "Plot No. .752/5, Kottaram Village, Agasteeswaram Taluk,",
        "state": "Tamil Nadu",
        "city": "KANYAKUMARI",
        "ro_code": "TNF100",
        "amenity": "fuel",
        "source": "jiobp.com"
      },
      "geometry": {
        "type": "Point",
        "coordinates": [
          77.53852613,
          8.107412541
        ]
      }
    },
    {
      "type": "Feature",
      "properties": {
        "name": "PATALANGANGA FF",
        "brand": "Jio-bp",
        "brand_code": "JIOBP",
        "address": "PLOT NO 16, SH 81, NEAR BORIVALI VILLAGE, , MUMBAI GOA N H 17 PATALGANGA, TAL - KHALAPUR, DIST - RAIGAD 410220",
        "state": "Maharashtra",
        "city": "",
        "ro_code": "MHF045",
        "amenity": "fuel",
        "source": "jiobp.com"
      },
      "geometry": {
        "type": "Point",
        "coordinates": [
          73.165768765,
          18.893350569
        ]
      }
    },
    {
      "type": "Feature",
      "properties": {
        "name": "THIRUPATHUR SALEM",
        "brand": "Jio-bp",
        "brand_code": "JIOBP",
        "address": "101/2E & 101/6,  Vaniyambadi Main Road, Pachal Village,",
        "state": "Tamil Nadu",
        "city": "THIRUPATHUR",
        "ro_code": "TNF090",
        "amenity": "fuel",
        "source": "jiobp.com"
      },
      "geometry": {
        "type": "Point",
        "coordinates": [
          78.565403175,
          12.489804786
        ]
      }
    },
    {
      "type": "Feature",
      "properties": {
        "name": "PANVEL MUMBAI",
        "brand": "Jio-bp",
        "brand_code": "JIOBP",
        "address": "M/S B.K.AUTOMOBILES VILLAGE NANADGAON, SURVEY NO.10/5, 10/6, 10/7A, 10/7B, JNPT-PALASPA PHATEA ROAD, NH4B,  PANVEL BYPASS, TAL PANVEL, DIST RAIGAD 410206",
        "state": "Maharashtra",
        "city": "",
        "ro_code": "MHF113",
        "amenity": "fuel",
        "source": "jiobp.com"
      },
      "geometry": {
        "type": "Point",
        "coordinates": [
          73.119793282,
          18.967550786
        ]
      }
    },
    {
      "type": "Feature",
      "properties": {
        "name": "IPCL GATE NO-5 TS",
        "brand": "Jio-bp",
        "brand_code": "JIOBP",
        "address": "NEAR IPCL GATE - 5, OPP. G.A.C.L., G.I.D.C INDUSTRIAL AREA, RANOLI",
        "state": "Gujarat",
        "city": "BARODA",
        "ro_code": "GJT023",
        "amenity": "fuel",
        "source": "jiobp.com"
      },
      "geometry": {
        "type": "Point",
        "coordinates": [
          73.115,
          22.395
        ]
      }
    },
    {
      "type": "Feature",
      "properties": {
        "name": "R V DESAI ROAD",
        "brand": "Jio-bp",
        "brand_code": "JIOBP",
        "address": "PLOT SURVEY NO 998/A RV DESAI ROAD NR JAYRATNA BULDING VADODARA 390001",
        "state": "Gujarat",
        "city": "BARODA",
        "ro_code": "GJC074",
        "amenity": "fuel",
        "source": "jiobp.com"
      },
      "geometry": {
        "type": "Point",
        "coordinates": [
          73.204575563,
          22.290881154
        ]
      }
    },
    {
      "type": "Feature",
      "properties": {
        "name": "ASANBANI FF",
        "brand": "Jio-bp",
        "brand_code": "JIOBP",
        "address": "NH-33, BESIDE MOTEL HIGHWAY, VILLAGE ANBONI, POST OFFICE KANDARBERA, DISTRICT: SARAIK",
        "state": "Jharkhand",
        "city": "",
        "ro_code": "JHF005",
        "amenity": "fuel",
        "source": "jiobp.com"
      },
      "geometry": {
        "type": "Point",
        "coordinates": [
          86.183028,
          22.878417
        ]
      }
    },
    {
      "type": "Feature",
      "properties": {
        "name": "MANOHARPUR JAMSHEDPUR",
        "brand": "Jio-bp",
        "brand_code": "JIOBP",
        "address": "KHATA-1000,PLOT-182,, VILL:MANOHARPUR(CHAKRADHARPUR), DIST WEST SINGHBHUM, JHARKHAND, MANOHARPUR",
        "state": "Jharkhand",
        "city": "MANOHARPUR",
        "ro_code": "JHF028",
        "amenity": "fuel",
        "source": "jiobp.com"
      },
      "geometry": {
        "type": "Point",
        "coordinates": [
          85.203752982,
          22.374967857
        ]
      }
    },
    {
      "type": "Feature",
      "properties": {
        "name": "BARWALA",
        "brand": "Jio-bp",
        "brand_code": "JIOBP",
        "address": "FAQIR CHAND QUALITY FUELS,  KHEWAT/KHATAUNI NO 5664/6642 MIN. KHASRA NO 379/11, MS-159,NH-65,LHS BARWALA,SUREWALA CHOWK,VILL and TEHSIL BARWALA, DISTT. HISAR HARYANA 125122",
        "state": "Haryana",
        "city": "BARWALA",
        "ro_code": "HRF018",
        "amenity": "fuel",
        "source": "jiobp.com"
      },
      "geometry": {
        "type": "Point",
        "coordinates": [
          75.899069885,
          29.371834145
        ]
      }
    },
    {
      "type": "Feature",
      "properties": {
        "name": "TOHANA",
        "brand": "Jio-bp",
        "brand_code": "JIOBP",
        "address": "D M FUELS NEAR CIVIL HOSPITAL, KHEWAT NO-1726,KILLANO-266/10(1-1)11(5-1),267/15/290-6) AT TOHANA, HISSAR ROAD, DISTT FATEHABAD -125120  HARYANA",
        "state": "Haryana",
        "city": "",
        "ro_code": "HRF073",
        "amenity": "fuel",
        "source": "jiobp.com"
      },
      "geometry": {
        "type": "Point",
        "coordinates": [
          75.906452394,
          29.70917649
        ]
      }
    },
    {
      "type": "Feature",
      "properties": {
        "name": "KALLANWALI HTAK",
        "brand": "Jio-bp",
        "brand_code": "JIOBP",
        "address": "SHRI GANESH FUELS,MDR-101 A, VILLAGE KALANWALI,RORI ROAD,KALANWALI, TAHSIL and DIST. SIRSA-125201 HARYANA",
        "state": "Haryana",
        "city": "",
        "ro_code": "HRF074",
        "amenity": "fuel",
        "source": "jiobp.com"
      },
      "geometry": {
        "type": "Point",
        "coordinates": [
          74.9779483418,
          29.8244054672
        ]
      }
    },
    {
      "type": "Feature",
      "properties": {
        "name": "ELLANABAD",
        "brand": "Jio-bp",
        "brand_code": "JIOBP",
        "address": "MALWA FILLING STATION, KIILANO- 302/4/1/2(0-6),5/1/1(1-4),6/2/2(0-17)7/1(2-13)VIDE MUTATION NO 13187,  ELLENABAD,SIRSA ROAD,NEAR BUS STAND, DISTT SIRSA-125102 HARYANA",
        "state": "Haryana",
        "city": "",
        "ro_code": "HRF075",
        "amenity": "fuel",
        "source": "jiobp.com"
      },
      "geometry": {
        "type": "Point",
        "coordinates": [
          74.676949405,
          29.442682905
        ]
      }
    },
    {
      "type": "Feature",
      "properties": {
        "name": "Amritsar",
        "brand": "Jio-bp",
        "brand_code": "JIOBP",
        "address": "NH1, at MS445.5 LHS towards Delhi, Village and PO Manawala, District Amritsar, Punjab Pin Code 143115",
        "state": "Punjab",
        "city": "AMRITSAR",
        "ro_code": "PBT002",
        "amenity": "fuel",
        "source": "jiobp.com"
      },
      "geometry": {
        "type": "Point",
        "coordinates": [
          74.9646194444,
          31.5908111111
        ]
      }
    },
    {
      "type": "Feature",
      "properties": {
        "name": "NEWAI",
        "brand": "Jio-bp",
        "brand_code": "JIOBP",
        "address": "NH-12,JAIPUR-KOTA ROAD,NEAR HEENA MOTORS,NEWAI BYPASS,TONK.",
        "state": "Rajasthan",
        "city": "Newai",
        "ro_code": "RJF070",
        "amenity": "fuel",
        "source": "jiobp.com"
      },
      "geometry": {
        "type": "Point",
        "coordinates": [
          75.9489833333,
          26.3643944444
        ]
      }
    },
    {
      "type": "Feature",
      "properties": {
        "name": "BURDWAN-1",
        "brand": "Jio-bp",
        "brand_code": "JIOBP",
        "address": "NH-2, VILLAGE GANGPUR, POST OFFICE JOTHRAM, DISTRICT: BURDWAN",
        "state": "West Bengal",
        "city": "BURDWAN",
        "ro_code": "WBF013",
        "amenity": "fuel",
        "source": "jiobp.com"
      },
      "geometry": {
        "type": "Point",
        "coordinates": [
          87.929339278,
          23.216507871
        ]
      }
    },
    {
      "type": "Feature",
      "properties": {
        "name": "AURANGABAD P4 AURANGABAD",
        "brand": "Jio-bp",
        "brand_code": "JIOBP",
        "address": "PLOT NO 1A., N7 SECTOR P CIDCO, AURANGABAD., AURANGABAD",
        "state": "Maharashtra",
        "city": "AURANGABAD",
        "ro_code": "MHC070",
        "amenity": "fuel",
        "source": "jiobp.com"
      },
      "geometry": {
        "type": "Point",
        "coordinates": [
          75.367220044,
          19.875313217
        ]
      }
    },
    {
      "type": "Feature",
      "properties": {
        "name": "Maninagar RO",
        "brand": "Jio-bp",
        "brand_code": "JIOBP",
        "address": "Reliance Petrol Pump. F.P. No. 9/1/4 TPS No. 04 Near Meera cinema road, Infront of Hedgovar bhavan, Besides Vishwakunj Bunglow Society, Shahalam, Pushp kunj Ahmedabad",
        "state": "Gujarat",
        "city": "",
        "ro_code": "GJC118",
        "amenity": "fuel",
        "source": "jiobp.com"
      },
      "geometry": {
        "type": "Point",
        "coordinates": [
          72.592928189,
          23.000358596
        ]
      }
    },
    {
      "type": "Feature",
      "properties": {
        "name": "HAZIRA TS",
        "brand": "Jio-bp",
        "brand_code": "JIOBP",
        "address": "RELIANCE RETAIL OUTLET OPP.GATE NO 3 SURVEY NO 195/A/1  RELIANCE HAZIRA COMPLEX, SURAT HAZIRA ROAD, VILL-MORA, POST.BHATA SURAT HAZIRA ROAD. - 394510",
        "state": "Gujarat",
        "city": "Hazira",
        "ro_code": "GJT018",
        "amenity": "fuel",
        "source": "jiobp.com"
      },
      "geometry": {
        "type": "Point",
        "coordinates": [
          72.680175763,
          21.180829922
        ]
      }
    },
    {
      "type": "Feature",
      "properties": {
        "name": "VAIJAPUR",
        "brand": "Jio-bp",
        "brand_code": "JIOBP",
        "address": "Survey No 165/5,165/6,Gangapur road,Tah-Vaijapur,Dist-Aurangabad",
        "state": "Maharashtra",
        "city": "VAIJAPUR",
        "ro_code": "MHF170",
        "amenity": "fuel",
        "source": "jiobp.com"
      },
      "geometry": {
        "type": "Point",
        "coordinates": [
          74.72971093,
          19.92560196
        ]
      }
    },
    {
      "type": "Feature",
      "properties": {
        "name": "KHEORA KARNAL",
        "brand": "Jio-bp",
        "brand_code": "JIOBP",
        "address": "MS 60, KHATA NO.33 MIN, 68 MIN, 104 MIN KILLA NO 11/19 MIN EAST ( 3-0) , 13/2 (3-4) 12/2 MIN VILLAGE PALDI KHURD,BAHALGARH - GOURIPUR RD, TEHSIL and DISTT. SONEPAT HARYANA 131301",
        "state": "Haryana",
        "city": "",
        "ro_code": "HRF021",
        "amenity": "fuel",
        "source": "jiobp.com"
      },
      "geometry": {
        "type": "Point",
        "coordinates": [
          76.954155945,
          29.687339359
        ]
      }
    },
    {
      "type": "Feature",
      "properties": {
        "name": "KHARKHODA KARNAL",
        "brand": "Jio-bp",
        "brand_code": "JIOBP",
        "address": "KHEWAT NO 897 MIN, KHATA NO 1166 MIN , KILLA NO 62/9/1/1 (3-3)12/1,  NEAR MS - 32, S.H. 20,  VILLAGE KHARKHODA,  SONIPAT ROAD, TEHSIL KHARKHODA DISTT. SONEPAT HARYANA 131001",
        "state": "Haryana",
        "city": "KARNAL",
        "ro_code": "HRF024",
        "amenity": "fuel",
        "source": "jiobp.com"
      },
      "geometry": {
        "type": "Point",
        "coordinates": [
          76.9128858,
          28.877166829
        ]
      }
    },
    {
      "type": "Feature",
      "properties": {
        "name": "KAIJ",
        "brand": "Jio-bp",
        "brand_code": "JIOBP",
        "address": "SURVEY NO 156 31  HISSA NO 1, BEED KAIJ ROAD NEAR BSNL  HOUSE NO 4473/4474, VILLAGE :KAIJ,DIST BEED  431123",
        "state": "Maharashtra",
        "city": "PUNE",
        "ro_code": "MHF172",
        "amenity": "fuel",
        "source": "jiobp.com"
      },
      "geometry": {
        "type": "Point",
        "coordinates": [
          76.074609019,
          18.710961916
        ]
      }
    },
    {
      "type": "Feature",
      "properties": {
        "name": "KHAPRI TS ( NAGPUR 3 )",
        "brand": "Jio-bp",
        "brand_code": "JIOBP",
        "address": "SURVEYNO 104 2 VILLAGE BOTHLI POST BUTIBORI NH7 WARDHA ROAD NAGPUR 441108",
        "state": "Maharashtra",
        "city": "NAGPUR",
        "ro_code": "MHT004",
        "amenity": "fuel",
        "source": "jiobp.com"
      },
      "geometry": {
        "type": "Point",
        "coordinates": [
          79.0236,
          20.97206
        ]
      }
    },
    {
      "type": "Feature",
      "properties": {
        "name": "Bagdona",
        "brand": "Jio-bp",
        "brand_code": "JIOBP",
        "address": "Khasra No.61/1, Patwari Halka NO.44 Gram Bagdona Distt.Betul-460447",
        "state": "Madhya Pradesh",
        "city": "",
        "ro_code": "MPF050",
        "amenity": "fuel",
        "source": "jiobp.com"
      },
      "geometry": {
        "type": "Point",
        "coordinates": [
          78.100800042,
          22.121034453
        ]
      }
    },
    {
      "type": "Feature",
      "properties": {
        "name": "BERHAMPUR P2",
        "brand": "Jio-bp",
        "brand_code": "JIOBP",
        "address": "DAG NO RS-49/179, JL NO 64, TOUZI 16, MANKARA, BERHAMPORE, SARGACHI, MURSHIDABAD",
        "state": "West Bengal",
        "city": "",
        "ro_code": "WBF006",
        "amenity": "fuel",
        "source": "jiobp.com"
      },
      "geometry": {
        "type": "Point",
        "coordinates": [
          88.247527693,
          24.026980127
        ]
      }
    },
    {
      "type": "Feature",
      "properties": {
        "name": "HODAL GURGAON",
        "brand": "Jio-bp",
        "brand_code": "JIOBP",
        "address": "21 KANAL-5 MARLA, BEARING KHEWAT KHATAUNI NO 262/327, RECT NO 78, KILLA NO 13 98-0) 15/1(5-5) MS 92, VILLAGE BHULWANA, DELHI MATHURA RD (NH-2)-HODAL, TEHSIL HODAL, DIST. FARIDABAD ( HARYANA ) 121106",
        "state": "Haryana",
        "city": "HODAL",
        "ro_code": "HRF068",
        "amenity": "fuel",
        "source": "jiobp.com"
      },
      "geometry": {
        "type": "Point",
        "coordinates": [
          77.394546519,
          27.8666812198
        ]
      }
    },
    {
      "type": "Feature",
      "properties": {
        "name": "SIKANDRARAO (HATHRAS)",
        "brand": "Jio-bp",
        "brand_code": "JIOBP",
        "address": "M/S SHYAM FILLING STATION, RANI  MILLS, MADHUGARH I RD, HATHRAJ, MAHAMAYA NAGAR, UP  KHATA NO - 338, KHASARA NO 732/1, SIKANDRABAD, HATHRAS, UP 204101",
        "state": "Uttar Pradesh",
        "city": "",
        "ro_code": "UWF035",
        "amenity": "fuel",
        "source": "jiobp.com"
      },
      "geometry": {
        "type": "Point",
        "coordinates": [
          78.362240065,
          27.700471282
        ]
      }
    },
    {
      "type": "Feature",
      "properties": {
        "name": "VASTRAL",
        "brand": "Jio-bp",
        "brand_code": "JIOBP",
        "address": "SURVEY NO. 1155, FP NO. 149, TP NO. 113, MOUJE VASTRAL , ODHAV RAMLAL RING ROAD, AHMEDABAD  382418",
        "state": "Gujarat",
        "city": "",
        "ro_code": "GJC121",
        "amenity": "fuel",
        "source": "jiobp.com"
      },
      "geometry": {
        "type": "Point",
        "coordinates": [
          72.672190817,
          23.001737172
        ]
      }
    },
    {
      "type": "Feature",
      "properties": {
        "name": "LEHRAGAGGA (SANGRUR)",
        "brand": "Jio-bp",
        "brand_code": "JIOBP",
        "address": "Village - Lehalkhurd, Lehragaga Duggal Road, District - Sangrur, Punjab",
        "state": "Punjab",
        "city": "LEHRAGAGGA",
        "ro_code": "PBF014",
        "amenity": "fuel",
        "source": "jiobp.com"
      },
      "geometry": {
        "type": "Point",
        "coordinates": [
          75.8321250664,
          29.9287429471
        ]
      }
    },
    {
      "type": "Feature",
      "properties": {
        "name": "SANGRUR-1",
        "brand": "Jio-bp",
        "brand_code": "JIOBP",
        "address": "PATRAN ROAD, VILLAGE KHERI SAHIB, SANGRUR, DISTT SANGRUR",
        "state": "Punjab",
        "city": "SANGRUR",
        "ro_code": "PBF039",
        "amenity": "fuel",
        "source": "jiobp.com"
      },
      "geometry": {
        "type": "Point",
        "coordinates": [
          75.8808056,
          30.1826389
        ]
      }
    },
    {
      "type": "Feature",
      "properties": {
        "name": "SANGRUR II FF",
        "brand": "Jio-bp",
        "brand_code": "JIOBP",
        "address": "Barnala Road, Village Bandrukhan, Sangrur, Distt Sangrur, Punjab 148001",
        "state": "Punjab",
        "city": "Sangrur",
        "ro_code": "PBF040",
        "amenity": "fuel",
        "source": "jiobp.com"
      },
      "geometry": {
        "type": "Point",
        "coordinates": [
          75.806254,
          30.249603
        ]
      }
    },
    {
      "type": "Feature",
      "properties": {
        "name": "SARDULGARH BATHINDA",
        "brand": "Jio-bp",
        "brand_code": "JIOBP",
        "address": "MANSA ROAD",
        "state": "Punjab",
        "city": "",
        "ro_code": "PBF106",
        "amenity": "fuel",
        "source": "jiobp.com"
      },
      "geometry": {
        "type": "Point",
        "coordinates": [
          75.239196213,
          29.696005925
        ]
      }
    },
    {
      "type": "Feature",
      "properties": {
        "name": "Mansa Exit Sirsa",
        "brand": "Jio-bp",
        "brand_code": "JIOBP",
        "address": "KHEWAT KHATA NO. 737/1248, NH-703, MANSA TO SIRSA ROAD, VILLAGE JAWAHARKE, Mansa, Punjab, 151505",
        "state": "Punjab",
        "city": "Mansa",
        "ro_code": "PBF135",
        "amenity": "fuel",
        "source": "jiobp.com"
      },
      "geometry": {
        "type": "Point",
        "coordinates": [
          75.3789179,
          29.9651491
        ]
      }
    },
    {
      "type": "Feature",
      "properties": {
        "name": "KALOL PANCHMAHAL",
        "brand": "Jio-bp",
        "brand_code": "JIOBP",
        "address": "SY NO-292/1,OPP HI TECH INDUSTRIES,  VILL:MADHVAS, TAL: KALOL, DIST: PANCHMAHAL  389330",
        "state": "Gujarat",
        "city": "",
        "ro_code": "GJF155",
        "amenity": "fuel",
        "source": "jiobp.com"
      },
      "geometry": {
        "type": "Point",
        "coordinates": [
          73.451650395,
          22.598846616
        ]
      }
    },
    {
      "type": "Feature",
      "properties": {
        "name": "HOSUR 2 TS",
        "brand": "Jio-bp",
        "brand_code": "JIOBP",
        "address": "HOSUR 2, S. NO. 1224/1 and 2, 256/1, 257/1, NH 7, KAMANDODDI VILLAGE, HOSUR TALUK, KRISHNAGIRI DIST. - 635109  , TN",
        "state": "Tamil Nadu",
        "city": "HOSUR",
        "ro_code": "TNT003",
        "amenity": "fuel",
        "source": "jiobp.com"
      },
      "geometry": {
        "type": "Point",
        "coordinates": [
          77.9269305556,
          12.6882777778
        ]
      }
    },
    {
      "type": "Feature",
      "properties": {
        "name": "AMBERNATH MUMBAI",
        "brand": "Jio-bp",
        "brand_code": "JIOBP",
        "address": "M/S KONARK ENTERPRISES PVT LTD PLOT NO. B-31, MIDC, AMBERNATH,  TAL AMBERNATH, DIST THANE 421501",
        "state": "Maharashtra",
        "city": "",
        "ro_code": "MHF003",
        "amenity": "fuel",
        "source": "jiobp.com"
      },
      "geometry": {
        "type": "Point",
        "coordinates": [
          73.189638407,
          19.210314376
        ]
      }
    },
    {
      "type": "Feature",
      "properties": {
        "name": "WADA",
        "brand": "Jio-bp",
        "brand_code": "JIOBP",
        "address": "M/S SHREE GOSAIN FILLING STATION ,SURVEY NO 92, HISSA NO1-1 PART  VILLAGE GANDRE, TALUKA WADA, DIST THANE 421303",
        "state": "Maharashtra",
        "city": "",
        "ro_code": "MHF004",
        "amenity": "fuel",
        "source": "jiobp.com"
      },
      "geometry": {
        "type": "Point",
        "coordinates": [
          73.132337362,
          19.639311758
        ]
      }
    },
    {
      "type": "Feature",
      "properties": {
        "name": "JAMJODHPUR",
        "brand": "Jio-bp",
        "brand_code": "JIOBP",
        "address": "SOMNATH PETROLEUM, NEAR MARKETING YARD,BALWA ROAD, JAMJODHPUR NATIONAL MACHINERY STORE , STTION ROAD, JAMJODHPUR 360530",
        "state": "Gujarat",
        "city": "",
        "ro_code": "GJF221",
        "amenity": "fuel",
        "source": "jiobp.com"
      },
      "geometry": {
        "type": "Point",
        "coordinates": [
          70.028392227,
          21.897681325
        ]
      }
    },
    {
      "type": "Feature",
      "properties": {
        "name": "BHANVAD",
        "brand": "Jio-bp",
        "brand_code": "JIOBP",
        "address": "SUDHH PETROLEUM, SURVEY NO-340, BHANVAD BALWA ROAD, BHANVAD, DIST-JAMNAGAR RABADIYA HOSPITAL, BHANVAD, DIST-JAMNAGAR 360510",
        "state": "Gujarat",
        "city": "Bhanvad",
        "ro_code": "GJF222",
        "amenity": "fuel",
        "source": "jiobp.com"
      },
      "geometry": {
        "type": "Point",
        "coordinates": [
          69.779851692,
          21.929532766
        ]
      }
    },
    {
      "type": "Feature",
      "properties": {
        "name": "TCC - UEB003",
        "brand": "Jio-bp",
        "brand_code": "JIOBP",
        "address": "RELIANCE TRANSCONNECT CENTRE",
        "state": "Uttar Pradesh",
        "city": "Gorakhpur",
        "ro_code": "UEB003",
        "amenity": "fuel",
        "source": "jiobp.com"
      },
      "geometry": {
        "type": "Point",
        "coordinates": [
          83.362759,
          26.732618
        ]
      }
    },
    {
      "type": "Feature",
      "properties": {
        "name": "BARIPADA BHUBANESWAR",
        "brand": "Jio-bp",
        "brand_code": "JIOBP",
        "address": "VILL CHANCHA TEHSIL/ POST  BARIPADA,  NO 109, DIST-MAYURBHANJ, ORISSA, BARIPADA",
        "state": "Odisha",
        "city": "",
        "ro_code": "ORF030",
        "amenity": "fuel",
        "source": "jiobp.com"
      },
      "geometry": {
        "type": "Point",
        "coordinates": [
          86.725636468,
          21.93265432
        ]
      }
    },
    {
      "type": "Feature",
      "properties": {
        "name": "JAGATPUR",
        "brand": "Jio-bp",
        "brand_code": "JIOBP",
        "address": "PLOT NO -2170/2462, MOUZA -GUNJARPUR, TEHSIL SALEPUR DIST CUTTACK,",
        "state": "Odisha",
        "city": "JAGATPUR",
        "ro_code": "ORF047",
        "amenity": "fuel",
        "source": "jiobp.com"
      },
      "geometry": {
        "type": "Point",
        "coordinates": [
          85.92830054,
          20.49498781
        ]
      }
    },
    {
      "type": "Feature",
      "properties": {
        "name": "BOKHIRA ( DODO)",
        "brand": "Jio-bp",
        "brand_code": "JIOBP",
        "address": "SURVEY NO 762,PIAKI,NH 8E , COASTAL HIGHWAY JAMANAGAR ROAD - BOKHIRA-PORBANDAR 360575",
        "state": "Gujarat",
        "city": "",
        "ro_code": "GJF170",
        "amenity": "fuel",
        "source": "jiobp.com"
      },
      "geometry": {
        "type": "Point",
        "coordinates": [
          69.604170834,
          21.67312279
        ]
      }
    },
    {
      "type": "Feature",
      "properties": {
        "name": "DHOLKA FF",
        "brand": "Jio-bp",
        "brand_code": "JIOBP",
        "address": "SH - 16 , SURVEY NO. 1946 / 1947 , GIDC ,VILLAGE - DHOLKA , TALUKA  - DHOLKA , DISTRICT - AHMEDABAD. 387810",
        "state": "Gujarat",
        "city": "Dholka(Ahmedabad)",
        "ro_code": "GJF080",
        "amenity": "fuel",
        "source": "jiobp.com"
      },
      "geometry": {
        "type": "Point",
        "coordinates": [
          72.463343295,
          22.716924404
        ]
      }
    },
    {
      "type": "Feature",
      "properties": {
        "name": "BIHTA FF",
        "brand": "Jio-bp",
        "brand_code": "JIOBP",
        "address": "KHATA NO 473, PLOT NO 1747(P), MAUZA MAHADEOPUR, PHULARI, DISTRICT: PATNA",
        "state": "Bihar",
        "city": "",
        "ro_code": "BHF029",
        "amenity": "fuel",
        "source": "jiobp.com"
      },
      "geometry": {
        "type": "Point",
        "coordinates": [
          84.867758455,
          25.583568086
        ]
      }
    },
    {
      "type": "Feature",
      "properties": {
        "name": "ROPAR FF",
        "brand": "Jio-bp",
        "brand_code": "JIOBP",
        "address": "Village - Tapal Majra, Tehsil & Distt. Rupnagar, Punjab - 140001",
        "state": "Punjab",
        "city": "Ropar",
        "ro_code": "PBF077",
        "amenity": "fuel",
        "source": "jiobp.com"
      },
      "geometry": {
        "type": "Point",
        "coordinates": [
          76.5559722,
          30.9964722
        ]
      }
    },
    {
      "type": "Feature",
      "properties": {
        "name": "LANDRAN-CHANDIGARH-PUNJAB",
        "brand": "Jio-bp",
        "brand_code": "JIOBP",
        "address": "LANDRAN BANUR ROAD, VILL. RAIPUR KALAN,DISTT. MOHALI",
        "state": "Punjab",
        "city": "Landran",
        "ro_code": "PBF057",
        "amenity": "fuel",
        "source": "jiobp.com"
      },
      "geometry": {
        "type": "Point",
        "coordinates": [
          76.6774046027,
          30.6580235006
        ]
      }
    },
    {
      "type": "Feature",
      "properties": {
        "name": "SATNA JABALPUR",
        "brand": "Jio-bp",
        "brand_code": "JIOBP",
        "address": "PATWARI HALKA NO.109 GAHRANALA REWA ROAD SATNA  485001",
        "state": "Madhya Pradesh",
        "city": "SATNA",
        "ro_code": "MPF038",
        "amenity": "fuel",
        "source": "jiobp.com"
      },
      "geometry": {
        "type": "Point",
        "coordinates": [
          80.867988623,
          24.570177457
        ]
      }
    },
    {
      "type": "Feature",
      "properties": {
        "name": "CHATTARPUR JABALPUR",
        "brand": "Jio-bp",
        "brand_code": "JIOBP",
        "address": "ASHOK AGENCIES, DEALER:-ESCORTS TRACTORS,JAWAHAR ROAD, VILLAGE  -SORA CHATTARPUR  471001",
        "state": "Madhya Pradesh",
        "city": "CHATTARPUR",
        "ro_code": "MPF039",
        "amenity": "fuel",
        "source": "jiobp.com"
      },
      "geometry": {
        "type": "Point",
        "coordinates": [
          79.582784258,
          24.92323771
        ]
      }
    },
    {
      "type": "Feature",
      "properties": {
        "name": "Chhatarpur-2",
        "brand": "Jio-bp",
        "brand_code": "JIOBP",
        "address": "Khasra No. 1647/1, Near of Edify School, Village Chowka, Tehsil and Dist. Chhatarpur, MP, 471001",
        "state": "Madhya Pradesh",
        "city": "Chhatarpur",
        "ro_code": "MPF188",
        "amenity": "fuel",
        "source": "jiobp.com"
      },
      "geometry": {
        "type": "Point",
        "coordinates": [
          79.500786,
          24.821119
        ]
      }
    },
    {
      "type": "Feature",
      "properties": {
        "name": "NOKHA FF",
        "brand": "Jio-bp",
        "brand_code": "JIOBP",
        "address": "NH-89,NAGAUR RD,VILLAGE-CHARKHADA, TEHSIL-NOKHA.DIST-BIKANER  PIN CODE 334803",
        "state": "Rajasthan",
        "city": "NOKHA",
        "ro_code": "RJF043",
        "amenity": "fuel",
        "source": "jiobp.com"
      },
      "geometry": {
        "type": "Point",
        "coordinates": [
          73.4959333333,
          27.4956611111
        ]
      }
    },
    {
      "type": "Feature",
      "properties": {
        "name": "VIJAPUR FF",
        "brand": "Jio-bp",
        "brand_code": "JIOBP",
        "address": "SURVEY NO 243/1, HIMMATNAGAR - MEHSANA HIGHWAY,  NR AVKAR DAIRY, VIJAPUR  382870",
        "state": "Gujarat",
        "city": "VIJAPUR",
        "ro_code": "GJF122",
        "amenity": "fuel",
        "source": "jiobp.com"
      },
      "geometry": {
        "type": "Point",
        "coordinates": [
          72.744522092,
          23.55284951
        ]
      }
    },
    {
      "type": "Feature",
      "properties": {
        "name": "JHALAWAR FF",
        "brand": "Jio-bp",
        "brand_code": "JIOBP",
        "address": "RELIANCE PETROL PUMP, NH-12, KOTA ROAD, JHALAWAR PIN_CODE : 326001",
        "state": "Rajasthan",
        "city": "JHALAWAR",
        "ro_code": "RJF045",
        "amenity": "fuel",
        "source": "jiobp.com"
      },
      "geometry": {
        "type": "Point",
        "coordinates": [
          76.142,
          24.595222222
        ]
      }
    },
    {
      "type": "Feature",
      "properties": {
        "name": "RAIPUR KOTA",
        "brand": "Jio-bp",
        "brand_code": "JIOBP",
        "address": "RELIANCE PETROL PUMP, SUDARSHAN FILLING STATION, NEAR RTO NAKA, SH-1A, INDORE ROAD, RAIPUR -326036.DIST JHALAWAR  RAJASHTHAN",
        "state": "Rajasthan",
        "city": "RAIPUR",
        "ro_code": "RJF129",
        "amenity": "fuel",
        "source": "jiobp.com"
      },
      "geometry": {
        "type": "Point",
        "coordinates": [
          76.182713173,
          24.366562472
        ]
      }
    },
    {
      "type": "Feature",
      "properties": {
        "name": "TORNAGALLU",
        "brand": "Jio-bp",
        "brand_code": "JIOBP",
        "address": "SY NO. 243/B/(P), KUREKUPPA VILLAGE, TORANAGALLU HOBLI, SANDUR TQ, DIST. BELLARY - PIN CODE  583123",
        "state": "Karnataka",
        "city": "Bellary",
        "ro_code": "KRF003",
        "amenity": "fuel",
        "source": "jiobp.com"
      },
      "geometry": {
        "type": "Point",
        "coordinates": [
          76.643331053,
          15.211565755
        ]
      }
    },
    {
      "type": "Feature",
      "properties": {
        "name": "TB DAM RETAIL OUTLET",
        "brand": "Jio-bp",
        "brand_code": "JIOBP",
        "address": "RELIANCE PETRO MARKETING PVT. LTD.,NH-13/63, HOSAHALLI VILLAGE, HITNAL HOBLI, KOPPAL TALUK, RETAIL OUTLET, SY. NO. 191/E AND 191/E1, KOPPAL DISTRICT  583234",
        "state": "Karnataka",
        "city": "Bellary",
        "ro_code": "KRF027",
        "amenity": "fuel",
        "source": "jiobp.com"
      },
      "geometry": {
        "type": "Point",
        "coordinates": [
          76.317777778,
          15.305555556
        ]
      }
    },
    {
      "type": "Feature",
      "properties": {
        "name": "CHITRADURGA1",
        "brand": "Jio-bp",
        "brand_code": "JIOBP",
        "address": "Beside Azad Roller Flour Mills, B D Road,",
        "state": "Karnataka",
        "city": "",
        "ro_code": "KRF074",
        "amenity": "fuel",
        "source": "jiobp.com"
      },
      "geometry": {
        "type": "Point",
        "coordinates": [
          76.391475948,
          14.229257743
        ]
      }
    },
    {
      "type": "Feature",
      "properties": {
        "name": "Jasauli",
        "brand": "Jio-bp",
        "brand_code": "JIOBP",
        "address": "Plot No 2588 & 2589, Khata No 413, Parauli, Pachrukhi Hasanpura, Siwan District, Bihar-841241",
        "state": "Bihar",
        "city": "Siwan",
        "ro_code": "BHF087",
        "amenity": "fuel",
        "source": "jiobp.com"
      },
      "geometry": {
        "type": "Point",
        "coordinates": [
          84.403376,
          26.180592
        ]
      }
    },
    {
      "type": "Feature",
      "properties": {
        "name": "Muzaffarpur TCE",
        "brand": "Jio-bp",
        "brand_code": "JIOBP",
        "address": "NH-28,Near Santi Vihar School",
        "state": "Bihar",
        "city": "Muzaffarpur",
        "ro_code": "BHX001",
        "amenity": "fuel",
        "source": "jiobp.com"
      },
      "geometry": {
        "type": "Point",
        "coordinates": [
          85.351674,
          26.140886
        ]
      }
    },
    {
      "type": "Feature",
      "properties": {
        "name": "Muzaffarpur TCE",
        "brand": "Jio-bp",
        "brand_code": "JIOBP",
        "address": "NH-28,Near Santi Vihar School",
        "state": "Bihar",
        "city": "Muzaffarpur",
        "ro_code": "BHX001",
        "amenity": "fuel",
        "source": "jiobp.com"
      },
      "geometry": {
        "type": "Point",
        "coordinates": [
          85.351674,
          26.140886
        ]
      }
    },
    {
      "type": "Feature",
      "properties": {
        "name": "DASRATH",
        "brand": "Jio-bp",
        "brand_code": "JIOBP",
        "address": "OPP.GSFC NAGAR GATE, NH NO 8, NEAR TOYOTA SHOWROOM. FERTILIZER NAGAR, DASHRATH, VADODARA, GUJARAT-391750",
        "state": "Gujarat",
        "city": "Vadodara",
        "ro_code": "GJF387",
        "amenity": "fuel",
        "source": "jiobp.com"
      },
      "geometry": {
        "type": "Point",
        "coordinates": [
          73.153108,
          22.381491
        ]
      }
    },
    {
      "type": "Feature",
      "properties": {
        "name": "ATHANI HUBLI",
        "brand": "Jio-bp",
        "brand_code": "JIOBP",
        "address": "Shri Siddeshwara Petroleum, R.S.No.1949/3B, Shedbal Road, Athani-591304.",
        "state": "Karnataka",
        "city": "",
        "ro_code": "KRF037",
        "amenity": "fuel",
        "source": "jiobp.com"
      },
      "geometry": {
        "type": "Point",
        "coordinates": [
          75.0701379,
          16.709986605
        ]
      }
    },
    {
      "type": "Feature",
      "properties": {
        "name": "KORADI",
        "brand": "Jio-bp",
        "brand_code": "JIOBP",
        "address": "SURVEY NO 185/2 VILLAGE DAHEGAON NEAR ASHIYANA HOTEL TALUKA SAONER, NH47, District Nagpur - 441113",
        "state": "Maharashtra",
        "city": "",
        "ro_code": "MHF037",
        "amenity": "fuel",
        "source": "jiobp.com"
      },
      "geometry": {
        "type": "Point",
        "coordinates": [
          78.938753137,
          21.379263694
        ]
      }
    },
    {
      "type": "Feature",
      "properties": {
        "name": "SAONER NAGPUR",
        "brand": "Jio-bp",
        "brand_code": "JIOBP",
        "address": "SURVEY NO. 185, VILLAGE DAHEGAON(RANGARI) , TQ. SAONER SURVEY NO 65 68 NAGPUR SAONER ROAD NEAR IMA HALL SAONER 441107",
        "state": "Maharashtra",
        "city": "Saoner",
        "ro_code": "MHF038",
        "amenity": "fuel",
        "source": "jiobp.com"
      },
      "geometry": {
        "type": "Point",
        "coordinates": [
          78.954852982,
          21.374299613
        ]
      }
    },
    {
      "type": "Feature",
      "properties": {
        "name": "GIDDA",
        "brand": "Jio-bp",
        "brand_code": "JIOBP",
        "address": "PLOT NO 15 A SAHJANWA GIDA BATHWAL UDYOG PVT LTD , F1-3 , SECTOR 13 , GORAKHPUR PIN CODE :",
        "state": "Uttar Pradesh",
        "city": "",
        "ro_code": "UEF082",
        "amenity": "fuel",
        "source": "jiobp.com"
      },
      "geometry": {
        "type": "Point",
        "coordinates": [
          83.218538397,
          26.752058083
        ]
      }
    },
    {
      "type": "Feature",
      "properties": {
        "name": "Tamkuni",
        "brand": "Jio-bp",
        "brand_code": "JIOBP",
        "address": "ON  NH-27 , Near M.S. 358, Khasra No. 1283, Village -  Madhopur Bujurg,  Mouza ¿ Madhopur Bujurg,  , Police Station - Taraya Sujan,Tehsil  - Tamkuhi Raj , Distt: Kushinagar , State ¿ UP.",
        "state": "Uttar Pradesh",
        "city": "",
        "ro_code": "UEF099",
        "amenity": "fuel",
        "source": "jiobp.com"
      },
      "geometry": {
        "type": "Point",
        "coordinates": [
          84.209817,
          26.649958
        ]
      }
    },
    {
      "type": "Feature",
      "properties": {
        "name": "CHOMU FF",
        "brand": "Jio-bp",
        "brand_code": "JIOBP",
        "address": "Khasra No. - 825 , LHS Towards :- Agra-Bikaner , NH -  11, Village :- Balekhan , Tehsil :- Chomu , District:-  Jaipur (Rajasthan)",
        "state": "Rajasthan",
        "city": "CHOMU",
        "ro_code": "RJF023",
        "amenity": "fuel",
        "source": "jiobp.com"
      },
      "geometry": {
        "type": "Point",
        "coordinates": [
          75.686897334,
          27.221406726
        ]
      }
    },
    {
      "type": "Feature",
      "properties": {
        "name": "Sreerampur",
        "brand": "Jio-bp",
        "brand_code": "JIOBP",
        "address": "VILLAGE: MATIAJURI, MOUZA: SANTHAL COLONY, REVENUE CIRCLE OFFICE: GOSSAIGAON, DISTRICT: KOKRAJHAR, P.S: TAMARHAT,Pin code No : 783360",
        "state": "Assam",
        "city": "KOKRAJHAR",
        "ro_code": "ASF018",
        "amenity": "fuel",
        "source": "jiobp.com"
      },
      "geometry": {
        "type": "Point",
        "coordinates": [
          89.913790011,
          26.445418732
        ]
      }
    },
    {
      "type": "Feature",
      "properties": {
        "name": "SORO",
        "brand": "Jio-bp",
        "brand_code": "JIOBP",
        "address": "Reliance Petrol Pump,VILL/MOUZA--SADMAPUR-P.S-SORO- NH-5,TEHSIL:-SORO, DIST:-BALASORE,BALASORE - 756045",
        "state": "Odisha",
        "city": "BHUBANESWAR",
        "ro_code": "ORF046",
        "amenity": "fuel",
        "source": "jiobp.com"
      },
      "geometry": {
        "type": "Point",
        "coordinates": [
          86.7035861111,
          21.3035722222
        ]
      }
    },
    {
      "type": "Feature",
      "properties": {
        "name": "ASLALI - BIDAG",
        "brand": "Jio-bp",
        "brand_code": "JIOBP",
        "address": "SURVEY NO 810, ASLALI KANERA ROAD, SURVEY NO. 810, MOUJE BIDAJ, TAL and DIST KHEDA  387120",
        "state": "Gujarat",
        "city": "",
        "ro_code": "GJT005",
        "amenity": "fuel",
        "source": "jiobp.com"
      },
      "geometry": {
        "type": "Point",
        "coordinates": [
          72.605206307,
          22.835448913
        ]
      }
    },
    {
      "type": "Feature",
      "properties": {
        "name": "NAYAGAON BHOPAL",
        "brand": "Jio-bp",
        "brand_code": "JIOBP",
        "address": "CHOUDHARY FILLING STN,BELA KI BAWADI, NAUGAON, TESHIL and DIST : GWALIOR",
        "state": "Madhya Pradesh",
        "city": "GWALIOR",
        "ro_code": "MPF041",
        "amenity": "fuel",
        "source": "jiobp.com"
      },
      "geometry": {
        "type": "Point",
        "coordinates": [
          78.105036986,
          26.137787887
        ]
      }
    },
    {
      "type": "Feature",
      "properties": {
        "name": "PETH NAKA KOLHAPUR",
        "brand": "Jio-bp",
        "brand_code": "JIOBP",
        "address": "GHAT NO.2164B, PETH-KARAD ROAD, TAL.WALWA,DIST-SANGLI  415407",
        "state": "Maharashtra",
        "city": "",
        "ro_code": "MHF127",
        "amenity": "fuel",
        "source": "jiobp.com"
      },
      "geometry": {
        "type": "Point",
        "coordinates": [
          74.2237388889,
          17.0726722222
        ]
      }
    },
    {
      "type": "Feature",
      "properties": {
        "name": "SENDHWA",
        "brand": "Jio-bp",
        "brand_code": "JIOBP",
        "address": "SURVEY NO.149/1,149/3,150/2,151/2,151/1/2,146/4,NH3(AB ROAD),PIPALDHAR VILLAGE,TEHSIL:NEWALI,DIST:BADWANI-453441",
        "state": "Madhya Pradesh",
        "city": "Sendhwa",
        "ro_code": "MPT005",
        "amenity": "fuel",
        "source": "jiobp.com"
      },
      "geometry": {
        "type": "Point",
        "coordinates": [
          75.081361111,
          21.665861111
        ]
      }
    },
    {
      "type": "Feature",
      "properties": {
        "name": "SALAKHERI (DODO)",
        "brand": "Jio-bp",
        "brand_code": "JIOBP",
        "address": "KHASRA NO.191/8, 191/9, PH NO.31, PUSTIKA NO.97413, GRAM KHARAKHEDI, TEH and DIST. RATLAM,  457001",
        "state": "Madhya Pradesh",
        "city": "Ratlam",
        "ro_code": "MPF044",
        "amenity": "fuel",
        "source": "jiobp.com"
      },
      "geometry": {
        "type": "Point",
        "coordinates": [
          75.070761278,
          23.30263736
        ]
      }
    },
    {
      "type": "Feature",
      "properties": {
        "name": "MANDSOUR INDORE",
        "brand": "Jio-bp",
        "brand_code": "JIOBP",
        "address": "SURVEY NO 69 and 71 GRAMTODI VILLAGE:TODI ,KHATA NO 1377,TEHSIL  and DIST: MANDSAUR  458667",
        "state": "Madhya Pradesh",
        "city": "MANDSOUR",
        "ro_code": "MPF093",
        "amenity": "fuel",
        "source": "jiobp.com"
      },
      "geometry": {
        "type": "Point",
        "coordinates": [
          75.075609883,
          24.070305191
        ]
      }
    },
    {
      "type": "Feature",
      "properties": {
        "name": "KANAKAPURA",
        "brand": "Jio-bp",
        "brand_code": "JIOBP",
        "address": "Hari Petro Mart Sy.No: 35/7, Vill: Kallahalli Kasaba Hobli, Kanakapura Taluk Bangalore Rural District. Kallahalli-560057",
        "state": "Karnataka",
        "city": "",
        "ro_code": "KRF021",
        "amenity": "fuel",
        "source": "jiobp.com"
      },
      "geometry": {
        "type": "Point",
        "coordinates": [
          77.412250094,
          12.54610782
        ]
      }
    },
    {
      "type": "Feature",
      "properties": {
        "name": "VIRAMGAM FF",
        "brand": "Jio-bp",
        "brand_code": "JIOBP",
        "address": "SH-07 , NR. MILE STONE - 59 , VILLAGE - HANSALPUR , NEAR ASHIRVAD HOTEL TALUKA - VIRAMGAM , DISTRICT - AHMEDABAD  382150",
        "state": "Gujarat",
        "city": "VIRAMGAM",
        "ro_code": "GJF082",
        "amenity": "fuel",
        "source": "jiobp.com"
      },
      "geometry": {
        "type": "Point",
        "coordinates": [
          72.071666667,
          23.098888889
        ]
      }
    },
    {
      "type": "Feature",
      "properties": {
        "name": "HAMIRA JALLANDHAR",
        "brand": "Jio-bp",
        "brand_code": "JIOBP",
        "address": "MS 395-396,NH-1,LHS- JAL.-ASR.ROAD,VILL DAYALPURA,PO-KARTARPUR,TEHSIL-KARTARPUR,DISTT-JALANDHAR  HAMIRA.RETAILOUTLET@RELPETROMAIL.COM",
        "state": "Punjab",
        "city": "HAMIRA",
        "ro_code": "PBF020",
        "amenity": "fuel",
        "source": "jiobp.com"
      },
      "geometry": {
        "type": "Point",
        "coordinates": [
          75.462892562,
          31.452347338
        ]
      }
    },
    {
      "type": "Feature",
      "properties": {
        "name": "TRICHENGODE",
        "brand": "Jio-bp",
        "brand_code": "JIOBP",
        "address": "S No. 73/3, Varagarampatti Village, Erode Road Koottatalipalli Post,",
        "state": "Tamil Nadu",
        "city": "TRICHENGODE",
        "ro_code": "TNF059",
        "amenity": "fuel",
        "source": "jiobp.com"
      },
      "geometry": {
        "type": "Point",
        "coordinates": [
          77.862611111,
          11.368472222
        ]
      }
    },
    {
      "type": "Feature",
      "properties": {
        "name": "DASUA JALLANDHAR",
        "brand": "Jio-bp",
        "brand_code": "JIOBP",
        "address": "MS-53.799,NH-1A,Jalandhar PTK Road, Tehsil:Dasuya, Distt:Hoshiarpur, Punjab, 144205",
        "state": "Punjab",
        "city": "Dasuya",
        "ro_code": "PBF053",
        "amenity": "fuel",
        "source": "jiobp.com"
      },
      "geometry": {
        "type": "Point",
        "coordinates": [
          75.6566555556,
          31.7935833333
        ]
      }
    },
    {
      "type": "Feature",
      "properties": {
        "name": "OMERGA",
        "brand": "Jio-bp",
        "brand_code": "JIOBP",
        "address": "NH9,POST_OFFICE : OMERGA, SURVEY NO 323 2 NH9 SOLAPUR HYDERABAD HIGHWAY OMERGA DIST OSMANABAD 413606",
        "state": "Maharashtra",
        "city": "OMERGA",
        "ro_code": "MHF115",
        "amenity": "fuel",
        "source": "jiobp.com"
      },
      "geometry": {
        "type": "Point",
        "coordinates": [
          76.59617,
          17.84633
        ]
      }
    },
    {
      "type": "Feature",
      "properties": {
        "name": "GARHSHANKAR JALLANDHAR",
        "brand": "Jio-bp",
        "brand_code": "JIOBP",
        "address": "SH-24,NEARMS-48,VILL PANAM,TEHSIL GARSHANKAR,DISTT-HOSHIARPUR-144527",
        "state": "Punjab",
        "city": "",
        "ro_code": "PBF103",
        "amenity": "fuel",
        "source": "jiobp.com"
      },
      "geometry": {
        "type": "Point",
        "coordinates": [
          76.1684028881,
          31.1882775085
        ]
      }
    },
    {
      "type": "Feature",
      "properties": {
        "name": "DEORIA",
        "brand": "Jio-bp",
        "brand_code": "JIOBP",
        "address": "SH79 VILLAGE: RAGHWANPUR, TAPPA DEORIA PARGANA SALEMPUR MAJHAULI , TEHSIL DEORIA , DISTRICT DEORIA U.P. 274001",
        "state": "Uttar Pradesh",
        "city": "",
        "ro_code": "UEF035",
        "amenity": "fuel",
        "source": "jiobp.com"
      },
      "geometry": {
        "type": "Point",
        "coordinates": [
          83.788118482,
          26.508588918
        ]
      }
    },
    {
      "type": "Feature",
      "properties": {
        "name": "PADRAUNA GORAKHOUR",
        "brand": "Jio-bp",
        "brand_code": "JIOBP",
        "address": "KHASRA NO 219 QUALITY ENGEENEERING WORKS , SUBHASH CHOWK , VILLAGE SOHRAUNA TAPPA PAKARI GANGRANI, PARGANA SIDHWA ZOBANA, TEHSIL PADRUNA DIST. KUSHI NAGAR UP. 274304",
        "state": "Uttar Pradesh",
        "city": "",
        "ro_code": "UEF041",
        "amenity": "fuel",
        "source": "jiobp.com"
      },
      "geometry": {
        "type": "Point",
        "coordinates": [
          83.97759983,
          26.891209597
        ]
      }
    },
    {
      "type": "Feature",
      "properties": {
        "name": "THIRUVUR",
        "brand": "Jio-bp",
        "brand_code": "JIOBP",
        "address": "M/s.Sri Lakshmi Venkateswara Petroleum Plaza Sy.No.209/1-210/2 C, By Pass Road,Thiruvuru,Krishna District,Andhra Pradesh.",
        "state": "Andhra Pradesh",
        "city": "THIRUVUR",
        "ro_code": "APF028",
        "amenity": "fuel",
        "source": "jiobp.com"
      },
      "geometry": {
        "type": "Point",
        "coordinates": [
          80.614790518,
          17.099352567
        ]
      }
    },
    {
      "type": "Feature",
      "properties": {
        "name": "MACHERLA VIJAYAWADA",
        "brand": "Jio-bp",
        "brand_code": "JIOBP",
        "address": "M/s.CEE KAY Filling Station,Sy.No:344/A-A and 344/A-B ,Guntur Road , Macherla (SH-2) Andhra Pradesh.",
        "state": "Andhra Pradesh",
        "city": "MACHERLA",
        "ro_code": "APF081",
        "amenity": "fuel",
        "source": "jiobp.com"
      },
      "geometry": {
        "type": "Point",
        "coordinates": [
          79.444368339,
          16.474199258
        ]
      }
    },
    {
      "type": "Feature",
      "properties": {
        "name": "PIDUGURALLA",
        "brand": "Jio-bp",
        "brand_code": "JIOBP",
        "address": "M/S BALAJI FILLING STATION, SY.NO:-892/29-2,30-3; PIDUGURALLA VILLAGE and MANDAL,GUNTUR ROAD, PIDUGURALLA - 522413 GUNTUR DIST (A.P)",
        "state": "Andhra Pradesh",
        "city": "",
        "ro_code": "APF104",
        "amenity": "fuel",
        "source": "jiobp.com"
      },
      "geometry": {
        "type": "Point",
        "coordinates": [
          79.889533431,
          16.480063924
        ]
      }
    },
    {
      "type": "Feature",
      "properties": {
        "name": "RAJAMPET NELLORE",
        "brand": "Jio-bp",
        "brand_code": "JIOBP",
        "address": "SRI RAGHAVENDRA OIL FILLING STATION, RELAINCE PETROL PUMP, NH 31, SY. NO. 1074, 1075, RAJAMPET VILLAGE and MANDAL, RAJAMPET BYPASS ROAD, RAJAMPET, KADAPA DIST.",
        "state": "Andhra Pradesh",
        "city": "RAJAMPET",
        "ro_code": "APF119",
        "amenity": "fuel",
        "source": "jiobp.com"
      },
      "geometry": {
        "type": "Point",
        "coordinates": [
          79.161903987,
          14.200456599
        ]
      }
    },
    {
      "type": "Feature",
      "properties": {
        "name": "PADDHARI",
        "brand": "Jio-bp",
        "brand_code": "JIOBP",
        "address": "NR MILESTONE NO. 25, RAJKOT JAMNAGAR SH25, PO PADDHARI, PADDHARI,RAJKOT -   360110",
        "state": "Gujarat",
        "city": "Paddhari(Rajkot)",
        "ro_code": "GJF165",
        "amenity": "fuel",
        "source": "jiobp.com"
      },
      "geometry": {
        "type": "Point",
        "coordinates": [
          70.617638889,
          22.429527778
        ]
      }
    },
    {
      "type": "Feature",
      "properties": {
        "name": "VADGAM AHMEDABAD 2",
        "brand": "Jio-bp",
        "brand_code": "JIOBP",
        "address": "SURVEY NO. 182/1/P,  VILLAGE : VADGAM,   TALUKA : VADGAM,  DISTRICT : BANASKANTHA. 385410",
        "state": "Gujarat",
        "city": "Banaskantha",
        "ro_code": "GJF224",
        "amenity": "fuel",
        "source": "jiobp.com"
      },
      "geometry": {
        "type": "Point",
        "coordinates": [
          72.496257114,
          24.082723612
        ]
      }
    },
    {
      "type": "Feature",
      "properties": {
        "name": "RAJKOT CITY-TA5-P5 CODO",
        "brand": "Jio-bp",
        "brand_code": "JIOBP",
        "address": "2953/54 PAIKI, NEXT TO PATEL PAROTHA HOUSE, KUVADVA ROAD, RAJKOT GUJRAT 360004",
        "state": "Gujarat",
        "city": "",
        "ro_code": "GJC051",
        "amenity": "fuel",
        "source": "jiobp.com"
      },
      "geometry": {
        "type": "Point",
        "coordinates": [
          70.818016739,
          22.307769485
        ]
      }
    },
    {
      "type": "Feature",
      "properties": {
        "name": "GONDAL CITY RAJKOT",
        "brand": "Jio-bp",
        "brand_code": "JIOBP",
        "address": "M.G. CHOKSI AND SONS, PRAKASH BHAVAN, PALACE ROAD, GONDAL CITY, RAJKOT DIST.",
        "state": "Gujarat",
        "city": "",
        "ro_code": "GJC055",
        "amenity": "fuel",
        "source": "jiobp.com"
      },
      "geometry": {
        "type": "Point",
        "coordinates": [
          70.80167,
          21.95387
        ]
      }
    },
    {
      "type": "Feature",
      "properties": {
        "name": "KOTA KOTA",
        "brand": "Jio-bp",
        "brand_code": "JIOBP",
        "address": "AMAN FILLING STATION  OPP., A-172(E7F)  INDRAPRASTHA INDUSTRIAL AREA  NH-12, JHALAWAR ROAD, IND. AREA, KOTA  PIN CODE 324005",
        "state": "Rajasthan",
        "city": "KOTA",
        "ro_code": "RJT022",
        "amenity": "fuel",
        "source": "jiobp.com"
      },
      "geometry": {
        "type": "Point",
        "coordinates": [
          75.857237565,
          25.124143753
        ]
      }
    },
    {
      "type": "Feature",
      "properties": {
        "name": "PILER",
        "brand": "Jio-bp",
        "brand_code": "JIOBP",
        "address": "Vijay Agencies, Survey No.1969/1B, NH 18,Milestone 55, Vill:Doddipally,Piler, Chitoor District,Piler-517214",
        "state": "Andhra Pradesh",
        "city": "CHITTOR",
        "ro_code": "APF011",
        "amenity": "fuel",
        "source": "jiobp.com"
      },
      "geometry": {
        "type": "Point",
        "coordinates": [
          78.947765598,
          13.652835703
        ]
      }
    },
    {
      "type": "Feature",
      "properties": {
        "name": "CHANDWAJI TS",
        "brand": "Jio-bp",
        "brand_code": "JIOBP",
        "address": "CHAINAGE - 178.874,  NH - 8, VILLAGE  - LADA KA VAS, NEAREST TOWN - KOTPUTLI, DIST  - JAIPUR PIN CODE 303119",
        "state": "Rajasthan",
        "city": "CHANDWAJI",
        "ro_code": "RJT010",
        "amenity": "fuel",
        "source": "jiobp.com"
      },
      "geometry": {
        "type": "Point",
        "coordinates": [
          76.074240102,
          27.552727718
        ]
      }
    },
    {
      "type": "Feature",
      "properties": {
        "name": "DAUND",
        "brand": "Jio-bp",
        "brand_code": "JIOBP",
        "address": "SURVEY NO. 203-1 OLD PATAS ROAD NEAR CITY FLYOVER DAUND  PUNE 413801",
        "state": "Maharashtra",
        "city": "",
        "ro_code": "MHF087",
        "amenity": "fuel",
        "source": "jiobp.com"
      },
      "geometry": {
        "type": "Point",
        "coordinates": [
          74.565968254,
          18.473078778
        ]
      }
    },
    {
      "type": "Feature",
      "properties": {
        "name": "MAKHU",
        "brand": "Jio-bp",
        "brand_code": "JIOBP",
        "address": "Village - Mokham Wala, Araiayan Wala, Zira Road, Tehsil - Makhu, District - Ferozpur, Punajb",
        "state": "Punjab",
        "city": "MAKHU",
        "ro_code": "PBF070",
        "amenity": "fuel",
        "source": "jiobp.com"
      },
      "geometry": {
        "type": "Point",
        "coordinates": [
          74.9798776739,
          31.0891288239
        ]
      }
    },
    {
      "type": "Feature",
      "properties": {
        "name": "AKIVIDU",
        "brand": "Jio-bp",
        "brand_code": "JIOBP",
        "address": "RELIANCE RETAIL OUTLET, NH 214,VILLAGE AKIVIDU,POST OFFICE : AKIVIDU,DIST : WESTGODAVARI, PIN -534235 (AP)",
        "state": "Andhra Pradesh",
        "city": "",
        "ro_code": "APF014",
        "amenity": "fuel",
        "source": "jiobp.com"
      },
      "geometry": {
        "type": "Point",
        "coordinates": [
          81.363653517,
          16.577701035
        ]
      }
    },
    {
      "type": "Feature",
      "properties": {
        "name": "RAJAHMUNDRY VIZAG",
        "brand": "Jio-bp",
        "brand_code": "JIOBP",
        "address": "PLOTNOS.16,17,and27, RSNOS.127and129,RAJMUNDRY MUNICIPAL CORPN OPP CWC GODOWN,LALACHERU ROAD,RAJAHMUNDRY  533106",
        "state": "Andhra Pradesh",
        "city": "",
        "ro_code": "APF058",
        "amenity": "fuel",
        "source": "jiobp.com"
      },
      "geometry": {
        "type": "Point",
        "coordinates": [
          81.846045459,
          16.977799162
        ]
      }
    },
    {
      "type": "Feature",
      "properties": {
        "name": "KAKINADA ADB ROAD",
        "brand": "Jio-bp",
        "brand_code": "JIOBP",
        "address": "M/s.Sri Surya Enterprises,Achampeta Junction,Thimmapuram Village , Kakinada",
        "state": "Andhra Pradesh",
        "city": "KAKINADA",
        "ro_code": "APF066",
        "amenity": "fuel",
        "source": "jiobp.com"
      },
      "geometry": {
        "type": "Point",
        "coordinates": [
          82.223411419,
          16.929495843
        ]
      }
    },
    {
      "type": "Feature",
      "properties": {
        "name": "RAJAHMUNDRY TS",
        "brand": "Jio-bp",
        "brand_code": "JIOBP",
        "address": "215 (P) 216(P),45(P) NH5 , VILLAGE: MALLESWARI,ANAVARAPADU GRAM PANCHYATH TERAVALIMANDAL WEST GODAWARI 534330",
        "state": "Andhra Pradesh",
        "city": "",
        "ro_code": "APT009",
        "amenity": "fuel",
        "source": "jiobp.com"
      },
      "geometry": {
        "type": "Point",
        "coordinates": [
          81.767161106,
          16.708366344
        ]
      }
    },
    {
      "type": "Feature",
      "properties": {
        "name": "BASSI",
        "brand": "Jio-bp",
        "brand_code": "JIOBP",
        "address": "Khasra No. - 1087/1, 1088/1 and 1087/1661/1 , Village- Ghosundi,",
        "state": "Rajasthan",
        "city": "",
        "ro_code": "RJF049",
        "amenity": "fuel",
        "source": "jiobp.com"
      },
      "geometry": {
        "type": "Point",
        "coordinates": [
          74.75352778,
          25.00491667
        ]
      }
    },
    {
      "type": "Feature",
      "properties": {
        "name": "AGRA II TS",
        "brand": "Jio-bp",
        "brand_code": "JIOBP",
        "address": "M/S. SHYAMA FUELS  PROP.ROHIT YADAV. NH-2,AGRA KANPUR ROAD,NEAR MILESTONE 287,VILL BACHELA BACHELI,KATHPORI,DISTT: FIROZABAD, UTTAR PRADESH",
        "state": "Uttar Pradesh",
        "city": "",
        "ro_code": "UWT008",
        "amenity": "fuel",
        "source": "jiobp.com"
      },
      "geometry": {
        "type": "Point",
        "coordinates": [
          78.806169304,
          26.974660899
        ]
      }
    },
    {
      "type": "Feature",
      "properties": {
        "name": "NANGAL CHOUDHARY",
        "brand": "Jio-bp",
        "brand_code": "JIOBP",
        "address": "MDR 129,VILLAGE:RAIMALIKPUR,POST : BUDHWAL,DIST : MAHENERGARH, HARYANA -123023",
        "state": "Haryana",
        "city": "Mahendragarh",
        "ro_code": "HRF062",
        "amenity": "fuel",
        "source": "jiobp.com"
      },
      "geometry": {
        "type": "Point",
        "coordinates": [
          76.1810409861,
          27.8103734804
        ]
      }
    },
    {
      "type": "Feature",
      "properties": {
        "name": "JHAGADIA",
        "brand": "Jio-bp",
        "brand_code": "JIOBP",
        "address": "SH  64   RELIANCE RETAIL OUTLET, PLOT NO.306,BETWEEN CHAINAGE 18 and 19, VILLAGE : SULTANPURA, JHAGADIA-393110, DIST. - BHARUCH - 393110",
        "state": "Gujarat",
        "city": "JHAGADIA",
        "ro_code": "GJF110",
        "amenity": "fuel",
        "source": "jiobp.com"
      },
      "geometry": {
        "type": "Point",
        "coordinates": [
          73.148277778,
          21.705027778
        ]
      }
    },
    {
      "type": "Feature",
      "properties": {
        "name": "DAHEJ JOLVA",
        "brand": "Jio-bp",
        "brand_code": "JIOBP",
        "address": "RELIANCE RETAIL OUTLET R S O.213,VILL:JOLVA, NR.WELSPUN FACTORY,BHARUCH-DAHEJ ROAD, TAL : VAGRA DIST:BHARUCH-392130",
        "state": "Gujarat",
        "city": "Dahej",
        "ro_code": "GJF162",
        "amenity": "fuel",
        "source": "jiobp.com"
      },
      "geometry": {
        "type": "Point",
        "coordinates": [
          72.64447,
          21.71375
        ]
      }
    },
    {
      "type": "Feature",
      "properties": {
        "name": "TCC - UEA001",
        "brand": "Jio-bp",
        "brand_code": "JIOBP",
        "address": "RELIANCE TRANSCONNECT CENTRE",
        "state": "Uttar Pradesh",
        "city": "Kanpur",
        "ro_code": "UEA001",
        "amenity": "fuel",
        "source": "jiobp.com"
      },
      "geometry": {
        "type": "Point",
        "coordinates": [
          80.336177,
          26.446251
        ]
      }
    },
    {
      "type": "Feature",
      "properties": {
        "name": "BHOGINIPUR KANPUR",
        "brand": "Jio-bp",
        "brand_code": "JIOBP",
        "address": "SHRI HANUMAN SERVICE CENTRE , PLOT NO. 146 , PUKHRAYAN BY PASS , KANPUR JHANSI ROAD , ARAZI KHASRA NO 142 MAUJA NAGAR PALIKA ,TEHSIL  and DISTT. KANPUR DEHAT  U.P. 209111",
        "state": "Uttar Pradesh",
        "city": "",
        "ro_code": "UEF084",
        "amenity": "fuel",
        "source": "jiobp.com"
      },
      "geometry": {
        "type": "Point",
        "coordinates": [
          79.841888889,
          26.236583333
        ]
      }
    },
    {
      "type": "Feature",
      "properties": {
        "name": "KUJJU HAZARIBAUG",
        "brand": "Jio-bp",
        "brand_code": "JIOBP",
        "address": "MOUZA KUJJU, PLOT NO 1841, KHATA NO - 67, P.S. MANDU, DIST: RAMGARH, JHARKHAND",
        "state": "Jharkhand",
        "city": "KUJJU",
        "ro_code": "JHF009",
        "amenity": "fuel",
        "source": "jiobp.com"
      },
      "geometry": {
        "type": "Point",
        "coordinates": [
          85.515486612,
          23.709728408
        ]
      }
    },
    {
      "type": "Feature",
      "properties": {
        "name": "Koderma",
        "brand": "Jio-bp",
        "brand_code": "JIOBP",
        "address": "PLOT NO-  6401, KHATA  NO - 03, TELAIYA, KODERMA",
        "state": "Jharkhand",
        "city": "",
        "ro_code": "JHF008",
        "amenity": "fuel",
        "source": "jiobp.com"
      },
      "geometry": {
        "type": "Point",
        "coordinates": [
          85.590048833,
          24.46378485
        ]
      }
    },
    {
      "type": "Feature",
      "properties": {
        "name": "TAURO",
        "brand": "Jio-bp",
        "brand_code": "JIOBP",
        "address": "Killa No. 24/2(1-2),3/2(0-12),4 (8-0),7(3-16), Khewat No 1018/1101,Khatoni No9764, Hadbast No.64, Village Tauro, Tehsil Tauro,District Mewat, haryana Pin 122105",
        "state": "Haryana",
        "city": "MEWAT",
        "ro_code": "HRF009",
        "amenity": "fuel",
        "source": "jiobp.com"
      },
      "geometry": {
        "type": "Point",
        "coordinates": [
          76.97772079,
          28.220471713
        ]
      }
    },
    {
      "type": "Feature",
      "properties": {
        "name": "KUNDKHOL",
        "brand": "Jio-bp",
        "brand_code": "JIOBP",
        "address": "Narnual Road ,Kund Khol",
        "state": "Haryana",
        "city": "",
        "ro_code": "HRF069",
        "amenity": "fuel",
        "source": "jiobp.com"
      },
      "geometry": {
        "type": "Point",
        "coordinates": [
          76.412275755,
          28.156729849
        ]
      }
    },
    {
      "type": "Feature",
      "properties": {
        "name": "Bargawa",
        "brand": "Jio-bp",
        "brand_code": "JIOBP",
        "address": "Khasra No. 11331/1,1134,1135/2/1/1,1136/1 NH75,Audgadi Dist, Singrauli",
        "state": "Madhya Pradesh",
        "city": "",
        "ro_code": "MPF107",
        "amenity": "fuel",
        "source": "jiobp.com"
      },
      "geometry": {
        "type": "Point",
        "coordinates": [
          82.419243,
          24.227022
        ]
      }
    },
    {
      "type": "Feature",
      "properties": {
        "name": "MPR029-SIMARIA JABALPUR",
        "brand": "Jio-bp",
        "brand_code": "JIOBP",
        "address": "C/O MR. RAJESH KUMAR GUPTA, ARVIND LODGE  486445",
        "state": "Madhya Pradesh",
        "city": "SIMARIA",
        "ro_code": "MPR029",
        "amenity": "fuel",
        "source": "jiobp.com"
      },
      "geometry": {
        "type": "Point",
        "coordinates": [
          81.154313433,
          24.795502507
        ]
      }
    },
    {
      "type": "Feature",
      "properties": {
        "name": "KISHANGARH",
        "brand": "Jio-bp",
        "brand_code": "JIOBP",
        "address": "Khasra No.3617, 36182/2 Village Kishangarh Taluka Pawai Distt.Panna, MP-488446",
        "state": "Madhya Pradesh",
        "city": "Kishangarh",
        "ro_code": "MPR040",
        "amenity": "fuel",
        "source": "jiobp.com"
      },
      "geometry": {
        "type": "Point",
        "coordinates": [
          79.749409215,
          24.471233483
        ]
      }
    },
    {
      "type": "Feature",
      "properties": {
        "name": "BODHAN",
        "brand": "Jio-bp",
        "brand_code": "JIOBP",
        "address": "M/S. Shiva Enterprises, SY.NO.683, 35 and36, SHAKKERNAGAR, ACHAMPALLY VILLAGE, BODHAN MANDAL, BODHAN  503180",
        "state": "Telangana",
        "city": "",
        "ro_code": "APF070",
        "amenity": "fuel",
        "source": "jiobp.com"
      },
      "geometry": {
        "type": "Point",
        "coordinates": [
          77.887989551,
          18.670736467
        ]
      }
    },
    {
      "type": "Feature",
      "properties": {
        "name": "HATKHAMBA FF",
        "brand": "Jio-bp",
        "brand_code": "JIOBP",
        "address": "182/7B,VILLAGE-HATKHAMBA,NH17,POST_OFFICE : HATKHAMBA,TAL and DIST.-RATNAGIRI  415619",
        "state": "Maharashtra",
        "city": "",
        "ro_code": "MHF097",
        "amenity": "fuel",
        "source": "jiobp.com"
      },
      "geometry": {
        "type": "Point",
        "coordinates": [
          73.411568659,
          17.025210618
        ]
      }
    },
    {
      "type": "Feature",
      "properties": {
        "name": "WADUJ KOLHAPUR",
        "brand": "Jio-bp",
        "brand_code": "JIOBP",
        "address": "Reliance Petrol Pump,M/s Navrang Petroleum,GAT no..474/4 ,5,6-Karad Road, Waduj town,Khatav, Waduj, District- Satara",
        "state": "Maharashtra",
        "city": "WADUJ",
        "ro_code": "MHF152",
        "amenity": "fuel",
        "source": "jiobp.com"
      },
      "geometry": {
        "type": "Point",
        "coordinates": [
          74.454866731,
          17.596267856
        ]
      }
    },
    {
      "type": "Feature",
      "properties": {
        "name": "KLF070 TIRUR",
        "brand": "Jio-bp",
        "brand_code": "JIOBP",
        "address": "SH 71, Tirur - Kottakkal Main Road, Payyanangadi, Tirur, Malappuram District, Kerala- 676101",
        "state": "Kerala",
        "city": "Tirur",
        "ro_code": "KLF070",
        "amenity": "fuel",
        "source": "jiobp.com"
      },
      "geometry": {
        "type": "Point",
        "coordinates": [
          75.93018918,
          10.927169499
        ]
      }
    },
    {
      "type": "Feature",
      "properties": {
        "name": "MAHE-PANDAKKAL CALICUT",
        "brand": "Jio-bp",
        "brand_code": "JIOBP",
        "address": "Pandakkal Reliance Retail Outlet (KLF071),M/s. Royal Petroleum, Pandakkal Village, Mahe Taluk, Puducherry District. PIN: 673310.Mr. Manoj: +919387377749",
        "state": "Pondicherry",
        "city": "MAHE",
        "ro_code": "KLF071",
        "amenity": "fuel",
        "source": "jiobp.com"
      },
      "geometry": {
        "type": "Point",
        "coordinates": [
          75.538942271,
          11.753458085
        ]
      }
    },
    {
      "type": "Feature",
      "properties": {
        "name": "DUNGRI RD LUDHIANA",
        "brand": "Jio-bp",
        "brand_code": "JIOBP",
        "address": "DUGRI ROAD, LUDHIANA,, DIST: LUDHIANA",
        "state": "Punjab",
        "city": "",
        "ro_code": "PBC017",
        "amenity": "fuel",
        "source": "jiobp.com"
      },
      "geometry": {
        "type": "Point",
        "coordinates": [
          75.8472878138,
          30.8804513499
        ]
      }
    },
    {
      "type": "Feature",
      "properties": {
        "name": "Basti Jodhewal",
        "brand": "Jio-bp",
        "brand_code": "JIOBP",
        "address": "Kuldeep Nagar, Basti Jodhewal, Ludhiana Jammu Road. NH - 44",
        "state": "Punjab",
        "city": "Ludhiana",
        "ro_code": "PBC028",
        "amenity": "fuel",
        "source": "jiobp.com"
      },
      "geometry": {
        "type": "Point",
        "coordinates": [
          75.8718,
          30.9285
        ]
      }
    },
    {
      "type": "Feature",
      "properties": {
        "name": "PBF085-JAGRAON LUDHIANA",
        "brand": "Jio-bp",
        "brand_code": "JIOBP",
        "address": "NH-5,VILLAGE ALIGARH, OPPOSITE SARTAJ PALACE, LUDHIANA ROAD, JAGRAON",
        "state": "Punjab",
        "city": "",
        "ro_code": "PBF085",
        "amenity": "fuel",
        "source": "jiobp.com"
      },
      "geometry": {
        "type": "Point",
        "coordinates": [
          75.521527778,
          30.813055556
        ]
      }
    },
    {
      "type": "Feature",
      "properties": {
        "name": "MAHUVA HIGHWAY FF",
        "brand": "Jio-bp",
        "brand_code": "JIOBP",
        "address": "NH 8E,VILLAGE:BHADROD,POST_OFFICE  SURVEY NO :28/P, VILLAGE-BHADROD,TALUKA-MAHUVA, DISTRICT-BHAVNAGAR   364290",
        "state": "Gujarat",
        "city": "MAHUVA",
        "ro_code": "GJF016",
        "amenity": "fuel",
        "source": "jiobp.com"
      },
      "geometry": {
        "type": "Point",
        "coordinates": [
          71.799166667,
          21.126527778
        ]
      }
    },
    {
      "type": "Feature",
      "properties": {
        "name": "DHOLA FF",
        "brand": "Jio-bp",
        "brand_code": "JIOBP",
        "address": "RELIANCE PETROL PUMP, GUJARAT, PIN : 364320 SURVEY NO:22/2,VILLAGE-TIMBI,TALUKAR-UMRALA,DISTRICT BHAVNAGAR  364320",
        "state": "Gujarat",
        "city": "",
        "ro_code": "GJF019",
        "amenity": "fuel",
        "source": "jiobp.com"
      },
      "geometry": {
        "type": "Point",
        "coordinates": [
          71.746430178,
          21.82266233
        ]
      }
    },
    {
      "type": "Feature",
      "properties": {
        "name": "JODIYA RAJKOT",
        "brand": "Jio-bp",
        "brand_code": "JIOBP",
        "address": "SHIVAM PTEROLEUM, JAMNAGAR/KUCHH JUNCTION, INFRONT OF JODIYA POLICE STATION,JODIYA  361250",
        "state": "Gujarat",
        "city": "JODIYA",
        "ro_code": "GJF227",
        "amenity": "fuel",
        "source": "jiobp.com"
      },
      "geometry": {
        "type": "Point",
        "coordinates": [
          70.312294939,
          22.695621066
        ]
      }
    },
    {
      "type": "Feature",
      "properties": {
        "name": "VALLABHIPUR BHAVNAGAR",
        "brand": "Jio-bp",
        "brand_code": "JIOBP",
        "address": "SURVEY NO:1057/4P,OPP.PRAGTESHWAR MANDIR,HIGHWAY ROAD,VALLABHIPUR 364310",
        "state": "Gujarat",
        "city": "VALLABHIPUR",
        "ro_code": "GJF260",
        "amenity": "fuel",
        "source": "jiobp.com"
      },
      "geometry": {
        "type": "Point",
        "coordinates": [
          71.876460601,
          21.89104971
        ]
      }
    },
    {
      "type": "Feature",
      "properties": {
        "name": "SHADNAGAR TS",
        "brand": "Jio-bp",
        "brand_code": "JIOBP",
        "address": "SURVEY NO 1951A & 1952B, VILLAGE & POST OFFICE NANDIGAM, KOTHUR MANDAL, DISTRICT: MAHBUBNAGAR, HYDERABAD, TELANGANA-509216",
        "state": "Telangana",
        "city": "Hyderabad",
        "ro_code": "APT001",
        "amenity": "fuel",
        "source": "jiobp.com"
      },
      "geometry": {
        "type": "Point",
        "coordinates": [
          78.2675278,
          17.13075
        ]
      }
    },
    {
      "type": "Feature",
      "properties": {
        "name": "POLLACHI 2",
        "brand": "Jio-bp",
        "brand_code": "JIOBP",
        "address": "Sy.No. 5B/6, Okkipalayam Village, Pollachi Taluk,",
        "state": "Tamil Nadu",
        "city": "POLLACHI",
        "ro_code": "TNF004",
        "amenity": "fuel",
        "source": "jiobp.com"
      },
      "geometry": {
        "type": "Point",
        "coordinates": [
          77.016555556,
          10.710944444
        ]
      }
    },
    {
      "type": "Feature",
      "properties": {
        "name": "CUMBUM MADURAI",
        "brand": "Jio-bp",
        "brand_code": "JIOBP",
        "address": "RELIANCE PETRO MARKETING PVT LTD,SURVEY NO:6 / 6B PART, WARD, A, BLOCK 2, CUMBUM TOWN, CUMBUM POST, UTHAMAPALAYM TALUK, L.F.ROAD CUMBUM THENI DIST. 625516",
        "state": "Tamil Nadu",
        "city": "CUMBUM",
        "ro_code": "TNF033",
        "amenity": "fuel",
        "source": "jiobp.com"
      },
      "geometry": {
        "type": "Point",
        "coordinates": [
          77.292120821,
          9.751768498
        ]
      }
    },
    {
      "type": "Feature",
      "properties": {
        "name": "COIMBATORE 2 ( TS )",
        "brand": "Jio-bp",
        "brand_code": "JIOBP",
        "address": "NH 47, SURVEY NO. 142/2B 150/1(PART) and 150/2(PART), ARASUR VILLAGE, POST ARASUR, LMW ARASUR, LAND MARK : NEAR LTT, PALLADAM TALUK, COIMBATORE DIST. 641407 TN",
        "state": "Tamil Nadu",
        "city": "COIMBATORE",
        "ro_code": "TNT001",
        "amenity": "fuel",
        "source": "jiobp.com"
      },
      "geometry": {
        "type": "Point",
        "coordinates": [
          77.13472,
          11.09
        ]
      }
    },
    {
      "type": "Feature",
      "properties": {
        "name": "TCC - UEB001",
        "brand": "Jio-bp",
        "brand_code": "JIOBP",
        "address": "RELIANCE TRANSCONNECT CENTRE",
        "state": "Uttar Pradesh",
        "city": "Lucknow",
        "ro_code": "UEB001",
        "amenity": "fuel",
        "source": "jiobp.com"
      },
      "geometry": {
        "type": "Point",
        "coordinates": [
          80.891438,
          26.780148
        ]
      }
    },
    {
      "type": "Feature",
      "properties": {
        "name": "BARABANKI LUCKNOW",
        "brand": "Jio-bp",
        "brand_code": "JIOBP",
        "address": "PO-RASULI  FAIZABAD ROAD  KHASRA NO 1540 ,1545 PARGANA PRATAPGANG, VILL- LACHVAR BAJHA , THESIL NAVABGANG, DIST BARABANKI UP 225001",
        "state": "Uttar Pradesh",
        "city": "",
        "ro_code": "UEF058",
        "amenity": "fuel",
        "source": "jiobp.com"
      },
      "geometry": {
        "type": "Point",
        "coordinates": [
          81.283511817,
          26.919198589
        ]
      }
    },
    {
      "type": "Feature",
      "properties": {
        "name": "Baroda X- Way",
        "brand": "Jio-bp",
        "brand_code": "JIOBP",
        "address": "SURVEY NO. 437, 438, 418, VILLAGE POICHA TALUKA SAVLI   EXPRESS WAY BARODA EXPRESS WAY BARODA PIN 391780",
        "state": "Gujarat",
        "city": "BADA",
        "ro_code": "GJT020",
        "amenity": "fuel",
        "source": "jiobp.com"
      },
      "geometry": {
        "type": "Point",
        "coordinates": [
          73.114166673,
          22.468527774
        ]
      }
    },
    {
      "type": "Feature",
      "properties": {
        "name": "MILAK FF",
        "brand": "Jio-bp",
        "brand_code": "JIOBP",
        "address": "M/S RELIABLE SALES and SERVICE, ROSHAN , CIVIL LINES, RAMPUR, UP - KHAIRA NO 9, RAURA KALAN, MILAK,PIN CODE 243701",
        "state": "Uttar Pradesh",
        "city": "",
        "ro_code": "UWF058",
        "amenity": "fuel",
        "source": "jiobp.com"
      },
      "geometry": {
        "type": "Point",
        "coordinates": [
          79.158416667,
          28.628805556
        ]
      }
    },
    {
      "type": "Feature",
      "properties": {
        "name": "BERASIA ROAD",
        "brand": "Jio-bp",
        "brand_code": "JIOBP",
        "address": "KHASRA NO. 234/1/2, SH-23, BAGGSEWANIA, NEAR PEOPLES GENERAL HOSPITAL ,KAZI CAMP, BERASIA ROAD, BHOPAL  462001",
        "state": "Madhya Pradesh",
        "city": "",
        "ro_code": "MPC025",
        "amenity": "fuel",
        "source": "jiobp.com"
      },
      "geometry": {
        "type": "Point",
        "coordinates": [
          77.40001718,
          23.265726286
        ]
      }
    },
    {
      "type": "Feature",
      "properties": {
        "name": "ASTHA FF",
        "brand": "Jio-bp",
        "brand_code": "JIOBP",
        "address": "RELIANCE PETROL PUMP, INDORE-BHOPAL ROAD,NH-86, ASHTA DIST. SEHORE (M.P)  466116",
        "state": "Madhya Pradesh",
        "city": "ASTHA",
        "ro_code": "MPF029",
        "amenity": "fuel",
        "source": "jiobp.com"
      },
      "geometry": {
        "type": "Point",
        "coordinates": [
          76.735379799,
          23.029714433
        ]
      }
    },
    {
      "type": "Feature",
      "properties": {
        "name": "BHOPAL BHOPAL",
        "brand": "Jio-bp",
        "brand_code": "JIOBP",
        "address": "BANSAL PERTO PLAZA,KHASRA NO.13/1/1, NEAR SURANA MOTORS, HALAPURA BHOPAL  462030",
        "state": "Madhya Pradesh",
        "city": "BHOPAL",
        "ro_code": "MPF083",
        "amenity": "fuel",
        "source": "jiobp.com"
      },
      "geometry": {
        "type": "Point",
        "coordinates": [
          77.349148423,
          23.272010492
        ]
      }
    },
    {
      "type": "Feature",
      "properties": {
        "name": "DOOMWALI(BATHINDA)",
        "brand": "Jio-bp",
        "brand_code": "JIOBP",
        "address": "VILL DOOMWALI / CHAK KHARK SINGH WALA NH 64 P.O PATHRALA DISTT BATHINDA PUNJAB  DOOMWALI.RETAILOUTLET@RELPETROMAIL.COM",
        "state": "Punjab",
        "city": "",
        "ro_code": "PBF049",
        "amenity": "fuel",
        "source": "jiobp.com"
      },
      "geometry": {
        "type": "Point",
        "coordinates": [
          74.7395852653,
          29.9822688165
        ]
      }
    },
    {
      "type": "Feature",
      "properties": {
        "name": "Jassi Chowk Bhatinda",
        "brand": "Jio-bp",
        "brand_code": "JIOBP",
        "address": "Jassi Pau Wali, Mansa Road, Near HP Depot, Bathinda, Punjab  - 151001",
        "state": "Punjab",
        "city": "Bathinda",
        "ro_code": "PBF118",
        "amenity": "fuel",
        "source": "jiobp.com"
      },
      "geometry": {
        "type": "Point",
        "coordinates": [
          74.980123,
          30.158478
        ]
      }
    },
    {
      "type": "Feature",
      "properties": {
        "name": "NARIBARI FF",
        "brand": "Jio-bp",
        "brand_code": "JIOBP",
        "address": "SURVEL CHANDEL,NARI BARI,BARA, NH-27,VILLAGE:SURWAL CHANDEL,POST_OFFICE : NARIBARI,DISTRICT : ALLAHABAD , U.P,  PIN CODE 212105",
        "state": "Uttar Pradesh",
        "city": "Allahabd",
        "ro_code": "UEF006",
        "amenity": "fuel",
        "source": "jiobp.com"
      },
      "geometry": {
        "type": "Point",
        "coordinates": [
          81.744444444,
          25.091055556
        ]
      }
    },
    {
      "type": "Feature",
      "properties": {
        "name": "CHOLAPUR",
        "brand": "Jio-bp",
        "brand_code": "JIOBP",
        "address": "NH-28, Village- Tisaura, Cholapur, Distt- Varanasi, UP - 221101",
        "state": "Uttar Pradesh",
        "city": "VARANASI",
        "ro_code": "UEF126",
        "amenity": "fuel",
        "source": "jiobp.com"
      },
      "geometry": {
        "type": "Point",
        "coordinates": [
          82.994672,
          25.499498
        ]
      }
    },
    {
      "type": "Feature",
      "properties": {
        "name": "UWF045 CHIBRAMAU",
        "brand": "Jio-bp",
        "brand_code": "JIOBP",
        "address": "NH-91 OPP : LATA COLD STORAGE,MILE STONE : 300, CHHIBRAMAU BY PASS,CHHIBRAMAU ,DISTT : KANNAUJ  PIN_CODE : 209721",
        "state": "Uttar Pradesh",
        "city": "Chibramau",
        "ro_code": "UWF045",
        "amenity": "fuel",
        "source": "jiobp.com"
      },
      "geometry": {
        "type": "Point",
        "coordinates": [
          79.4960638889,
          27.154875
        ]
      }
    },
    {
      "type": "Feature",
      "properties": {
        "name": "ATTUR SALEM",
        "brand": "Jio-bp",
        "brand_code": "JIOBP",
        "address": "S.No.28/2A Salem - Cuddalore Main Road, Thulukkanoor,",
        "state": "Tamil Nadu",
        "city": "ATTUR",
        "ro_code": "TNF080",
        "amenity": "fuel",
        "source": "jiobp.com"
      },
      "geometry": {
        "type": "Point",
        "coordinates": [
          78.616444444,
          11.593916667
        ]
      }
    },
    {
      "type": "Feature",
      "properties": {
        "name": "SALEM GUGAI",
        "brand": "Jio-bp",
        "brand_code": "JIOBP",
        "address": "2/350 Sankari Main Road, Near Shanmuga Weigh Bridge,",
        "state": "Tamil Nadu",
        "city": "SALEM",
        "ro_code": "TNC073",
        "amenity": "fuel",
        "source": "jiobp.com"
      },
      "geometry": {
        "type": "Point",
        "coordinates": [
          78.129,
          11.634083333
        ]
      }
    },
    {
      "type": "Feature",
      "properties": {
        "name": "Shajapur Bypass",
        "brand": "Jio-bp",
        "brand_code": "JIOBP",
        "address": "NH-52 Near Mile/Km Stone-407.42, Khasra No. 1279/2/min1 and1279/2/min2, A.B. ROAD, JALODA Taluka MOMAN BADODIYA,Shajapur, Madhya Pradesh, 465226",
        "state": "Madhya Pradesh",
        "city": "Shahjapur",
        "ro_code": "MPF115",
        "amenity": "fuel",
        "source": "jiobp.com"
      },
      "geometry": {
        "type": "Point",
        "coordinates": [
          76.4130637,
          23.5139194
        ]
      }
    },
    {
      "type": "Feature",
      "properties": {
        "name": "JALALABAD FF",
        "brand": "Jio-bp",
        "brand_code": "JIOBP",
        "address": "FAZILKA ROAD, JALALABAD (WEST), DIST FEROZEPUR",
        "state": "Punjab",
        "city": "Jalalabad(Ferozpur",
        "ro_code": "PBF038",
        "amenity": "fuel",
        "source": "jiobp.com"
      },
      "geometry": {
        "type": "Point",
        "coordinates": [
          74.2262416667,
          30.6014555556
        ]
      }
    },
    {
      "type": "Feature",
      "properties": {
        "name": "BABRA(AMRELI)",
        "brand": "Jio-bp",
        "brand_code": "JIOBP",
        "address": "SH - 25 SURVEY NO:701/702/P,RAJKOT-BHAVNAGAR HIGHWAY,BABRA,DISTRICT-AMRELI.365421",
        "state": "Gujarat",
        "city": "BABRA",
        "ro_code": "GJF021",
        "amenity": "fuel",
        "source": "jiobp.com"
      },
      "geometry": {
        "type": "Point",
        "coordinates": [
          71.285277778,
          21.852722222
        ]
      }
    },
    {
      "type": "Feature",
      "properties": {
        "name": "SAWARKUNDLA BHAVNAGAR",
        "brand": "Jio-bp",
        "brand_code": "JIOBP",
        "address": "VILLAGE:SAWAR SAMA PADAR ON KUNDLA,   SURVEY NO : 65/P, MAHUVA-SAWARKUNDLA ROAD, SAWARKUNDALA.DISTRICT-AMRELI 364515",
        "state": "Gujarat",
        "city": "",
        "ro_code": "GJF196",
        "amenity": "fuel",
        "source": "jiobp.com"
      },
      "geometry": {
        "type": "Point",
        "coordinates": [
          71.311439436,
          21.335998694
        ]
      }
    },
    {
      "type": "Feature",
      "properties": {
        "name": "CHALALA BHAVNAGAR",
        "brand": "Jio-bp",
        "brand_code": "JIOBP",
        "address": "CHALALA AMRELI ROAD,  SURVEY NO:175/P, AT VILLAGE : CHALALA, TALUKA - DHARI, DISTRICT AMRELI 365630",
        "state": "Gujarat",
        "city": "CHALALA",
        "ro_code": "GJF245",
        "amenity": "fuel",
        "source": "jiobp.com"
      },
      "geometry": {
        "type": "Point",
        "coordinates": [
          71.165832951,
          21.409014031
        ]
      }
    },
    {
      "type": "Feature",
      "properties": {
        "name": "ZILAVA VADODARA",
        "brand": "Jio-bp",
        "brand_code": "JIOBP",
        "address": "SURVEY NO 58/1, NEAR KHATYAVANT CHAR RASTA",
        "state": "Gujarat",
        "city": "",
        "ro_code": "GJR094",
        "amenity": "fuel",
        "source": "jiobp.com"
      },
      "geometry": {
        "type": "Point",
        "coordinates": [
          73.973139635,
          22.161820636
        ]
      }
    },
    {
      "type": "Feature",
      "properties": {
        "name": "Gandhidham city",
        "brand": "Jio-bp",
        "brand_code": "JIOBP",
        "address": "Shreeji Petroleum, Plot No:350, Ward: 12/B Tagore Road, Gandhidham Dist:Kutch, Gujarat. Gandhihdam City. Pin Cd - 370201",
        "state": "Gujarat",
        "city": "",
        "ro_code": "GJC137",
        "amenity": "fuel",
        "source": "jiobp.com"
      },
      "geometry": {
        "type": "Point",
        "coordinates": [
          70.130728088,
          23.068621956
        ]
      }
    },
    {
      "type": "Feature",
      "properties": {
        "name": "KNDLA-2 TS",
        "brand": "Jio-bp",
        "brand_code": "JIOBP",
        "address": "SURVEY NO 135/P, VILL: MOTI CHIRAI, TAL: BHACHAU - KUTCH  370140",
        "state": "Gujarat",
        "city": "",
        "ro_code": "GJT009",
        "amenity": "fuel",
        "source": "jiobp.com"
      },
      "geometry": {
        "type": "Point",
        "coordinates": [
          70.264910708,
          23.223434335
        ]
      }
    },
    {
      "type": "Feature",
      "properties": {
        "name": "MEHSANA-I(REV 01)",
        "brand": "Jio-bp",
        "brand_code": "JIOBP",
        "address": "R. S. NO. 370/P, MEHSANA AHMEDABAD HIGHWAY, VILLAGE : NAGALPUR, MEHSANA  384001",
        "state": "Gujarat",
        "city": "",
        "ro_code": "GJF115",
        "amenity": "fuel",
        "source": "jiobp.com"
      },
      "geometry": {
        "type": "Point",
        "coordinates": [
          72.377497325,
          23.587670396
        ]
      }
    },
    {
      "type": "Feature",
      "properties": {
        "name": "HASANPUR",
        "brand": "Jio-bp",
        "brand_code": "JIOBP",
        "address": "RO-Hasanpur, SAMBHAL bus stand , TEHSIL HASANPUR, DISTT. Amroha",
        "state": "Uttar Pradesh",
        "city": "",
        "ro_code": "UWF012",
        "amenity": "fuel",
        "source": "jiobp.com"
      },
      "geometry": {
        "type": "Point",
        "coordinates": [
          78.283563738,
          28.727667459
        ]
      }
    },
    {
      "type": "Feature",
      "properties": {
        "name": "NEHTORE DEHRADUN",
        "brand": "Jio-bp",
        "brand_code": "JIOBP",
        "address": "M/S NATIONAL FILLING STATION, NEHTOR, BIJNOR KHASRA NO 712, 500 MTR FROM NEHTURE SQUARE TOWARDS NOORPUR, LHS ON SH - 77 VILLAGE NEHTAUR TEHSIL DHAMPUR, DIST BIJNORE (UP)",
        "state": "Uttar Pradesh",
        "city": "",
        "ro_code": "UWF019",
        "amenity": "fuel",
        "source": "jiobp.com"
      },
      "geometry": {
        "type": "Point",
        "coordinates": [
          78.37778465,
          29.32088495
        ]
      }
    },
    {
      "type": "Feature",
      "properties": {
        "name": "RAMPURA AHMEDABAD-I",
        "brand": "Jio-bp",
        "brand_code": "JIOBP",
        "address": "SURVEY NO 148/A, MOUJE RAMPURA",
        "state": "Gujarat",
        "city": "RAMPURA",
        "ro_code": "GJR084",
        "amenity": "fuel",
        "source": "jiobp.com"
      },
      "geometry": {
        "type": "Point",
        "coordinates": [
          73.532843751,
          22.100649756
        ]
      }
    },
    {
      "type": "Feature",
      "properties": {
        "name": "POANTA SAHIB",
        "brand": "Jio-bp",
        "brand_code": "JIOBP",
        "address": "TARUWALA,RAJBAN ROAD,PAONTA SAHIB,DISTT. - SIRMOUR (H.P.)",
        "state": "Himachal Pradesh",
        "city": "Paonta Sahib",
        "ro_code": "HPF005",
        "amenity": "fuel",
        "source": "jiobp.com"
      },
      "geometry": {
        "type": "Point",
        "coordinates": [
          77.614513131,
          30.459917304
        ]
      }
    },
    {
      "type": "Feature",
      "properties": {
        "name": "MANDI",
        "brand": "Jio-bp",
        "brand_code": "JIOBP",
        "address": "Mile Stone No- 193, NH-21, VPO-Gutkar,Tehsil-Balh, Near Dev bhomi Hyundai Showroom, Mandi, Himachal Pradesh",
        "state": "Himachal Pradesh",
        "city": "",
        "ro_code": "HPF008",
        "amenity": "fuel",
        "source": "jiobp.com"
      },
      "geometry": {
        "type": "Point",
        "coordinates": [
          76.936289381,
          31.70471922
        ]
      }
    },
    {
      "type": "Feature",
      "properties": {
        "name": "SAINTHIA DURGAPUR",
        "brand": "Jio-bp",
        "brand_code": "JIOBP",
        "address": "DAGNO.841(P),JL.NO.77,, MOUZA-GUMTA, P.O.-KUNDOLA,, VILL-NIMPURDANGA,DISTT-BIRBHUM, BIRBHUM SH-11",
        "state": "West Bengal",
        "city": "BIRBHUM",
        "ro_code": "WBF065",
        "amenity": "fuel",
        "source": "jiobp.com"
      },
      "geometry": {
        "type": "Point",
        "coordinates": [
          87.675657243,
          23.95107361
        ]
      }
    },
    {
      "type": "Feature",
      "properties": {
        "name": "DURGAPUR TS",
        "brand": "Jio-bp",
        "brand_code": "JIOBP",
        "address": "Plot No-18,1306,1307,2335,2336,3781,4109. Near Andal Road, Village-Bhadur, West Burdwan, West Bengal 713321",
        "state": "West Bengal",
        "city": "",
        "ro_code": "WBT010",
        "amenity": "fuel",
        "source": "jiobp.com"
      },
      "geometry": {
        "type": "Point",
        "coordinates": [
          87.419972222,
          23.467555556
        ]
      }
    },
    {
      "type": "Feature",
      "properties": {
        "name": "JODHPUR TS",
        "brand": "Jio-bp",
        "brand_code": "JIOBP",
        "address": "KHASRA NO. - 165 , LHS TOWARDS - JODHPUR-PALI ,NH- 65 OLD New NH 62  VILLAGE- MOGRAKHURD, TEHSIL- LUNI, DISTRICT- JODHPUR PIN CODE 342802",
        "state": "Rajasthan",
        "city": "JODHPUR",
        "ro_code": "RJT009",
        "amenity": "fuel",
        "source": "jiobp.com"
      },
      "geometry": {
        "type": "Point",
        "coordinates": [
          73.0600222222,
          26.1112722222
        ]
      }
    },
    {
      "type": "Feature",
      "properties": {
        "name": "GADARPUR",
        "brand": "Jio-bp",
        "brand_code": "JIOBP",
        "address": "M/S OM HARNAAM ENTERPRISES,W NO. 4, GULARBHOJ RD, BHATINDA, GADARPUR, KHAIRA NO 323, GADARPUR, UDHAM SINGH NAGAR UTTRANCHAL 263152",
        "state": "Uttarakhand",
        "city": "",
        "ro_code": "UTF013",
        "amenity": "fuel",
        "source": "jiobp.com"
      },
      "geometry": {
        "type": "Point",
        "coordinates": [
          79.262918995,
          29.030335695
        ]
      }
    },
    {
      "type": "Feature",
      "properties": {
        "name": "BILASPUR FF",
        "brand": "Jio-bp",
        "brand_code": "JIOBP",
        "address": "MAJ. MANDEEP SINGH RANDHAWAFARM SARWAR NAGAR,MATHKHERA NO 3,BILASPUR, RAMPUR,UP NH- 87, KHASRA NO.-9A, VILLAGE MUKHRABPUR, TEHSIL BILASPUR, DISTT. RAMPUR ( U.P.) PIN CODE : 244921",
        "state": "Uttar Pradesh",
        "city": "Bilaspur (Rampur)",
        "ro_code": "UWF043",
        "amenity": "fuel",
        "source": "jiobp.com"
      },
      "geometry": {
        "type": "Point",
        "coordinates": [
          79.240595152,
          28.880001109
        ]
      }
    },
    {
      "type": "Feature",
      "properties": {
        "name": "MORADABAD2",
        "brand": "Jio-bp",
        "brand_code": "JIOBP",
        "address": "NH-24, Khasra No.-439,441,443, Village Moondapandey,Tehsil  and  Distt. Moradabad",
        "state": "Uttar Pradesh",
        "city": "Moradabad",
        "ro_code": "UWT004",
        "amenity": "fuel",
        "source": "jiobp.com"
      },
      "geometry": {
        "type": "Point",
        "coordinates": [
          78.920027778,
          28.808916667
        ]
      }
    },
    {
      "type": "Feature",
      "properties": {
        "name": "NIKATRANA FF",
        "brand": "Jio-bp",
        "brand_code": "JIOBP",
        "address": "SURVEY NO. 107/P, VILL: KOTDA (J), POST_OFFICE : NAKHTRANA TAL: NAKHATARANA- KUTCH  370615",
        "state": "Gujarat",
        "city": "NAKATRANA",
        "ro_code": "GJF130",
        "amenity": "fuel",
        "source": "jiobp.com"
      },
      "geometry": {
        "type": "Point",
        "coordinates": [
          69.2212694444,
          23.3737972222
        ]
      }
    },
    {
      "type": "Feature",
      "properties": {
        "name": "GHADSHISHA (DODO)",
        "brand": "Jio-bp",
        "brand_code": "JIOBP",
        "address": "PLOT NO 3 (KNOWN AS KRISHNA NAGAR),VILLAGE : GHADSHISHA , SURVEY NO:444/2P, ON SH, NALIYA ROAD, VILLAGE: GADHSISA, TAL: MANDVI, DIST: KUTCH  370445",
        "state": "Gujarat",
        "city": "KUTCH",
        "ro_code": "GJF133",
        "amenity": "fuel",
        "source": "jiobp.com"
      },
      "geometry": {
        "type": "Point",
        "coordinates": [
          69.530656799,
          23.104641203
        ]
      }
    },
    {
      "type": "Feature",
      "properties": {
        "name": "AZAMGARH GORAKHPUR",
        "brand": "Jio-bp",
        "brand_code": "JIOBP",
        "address": "CIVIL LINES,OPP.PRAKASH NURSING HOME,KHATA KHATAUNI NO 51 ARAZI KHASRA NO 196 VILLAGE CHAK KHAIRULLAH TAPPA HARVANSHPUR PARGANA NIZAMABAD TEHSIL SADAR DIST. AZAMGARH UP 276001",
        "state": "Uttar Pradesh",
        "city": "",
        "ro_code": "UEF064",
        "amenity": "fuel",
        "source": "jiobp.com"
      },
      "geometry": {
        "type": "Point",
        "coordinates": [
          83.151602959,
          26.031806251
        ]
      }
    },
    {
      "type": "Feature",
      "properties": {
        "name": "JINTUR AKOLA",
        "brand": "Jio-bp",
        "brand_code": "JIOBP",
        "address": "SURVEY NO 166/G, MOUZA JINTUR",
        "state": "Maharashtra",
        "city": "JINTUR",
        "ro_code": "MHF179",
        "amenity": "fuel",
        "source": "jiobp.com"
      },
      "geometry": {
        "type": "Point",
        "coordinates": [
          76.686975692,
          19.61434801
        ]
      }
    },
    {
      "type": "Feature",
      "properties": {
        "name": "BICHHIWARA-1",
        "brand": "Jio-bp",
        "brand_code": "JIOBP",
        "address": "NH8, Chainage 472/919, Village Baroti Nichli, Taluka Dungarpur, District :- Dungarpur (Rajasthan) Pin Code :- 314801",
        "state": "Rajasthan",
        "city": "BICHHIWARA",
        "ro_code": "RJF104",
        "amenity": "fuel",
        "source": "jiobp.com"
      },
      "geometry": {
        "type": "Point",
        "coordinates": [
          73.5186277778,
          23.8193333333
        ]
      }
    },
    {
      "type": "Feature",
      "properties": {
        "name": "SADABAD (HATHRAS)",
        "brand": "Jio-bp",
        "brand_code": "JIOBP",
        "address": "M/S JINDAL AUTOMOBILE, ARAM PARK, NR CHANDU PARK,KHASRA NO 141, KHATA NO 56, NEELKAT, SADABAD, HATHRAS  DELHI - 110051",
        "state": "Uttar Pradesh",
        "city": "",
        "ro_code": "UWF032",
        "amenity": "fuel",
        "source": "jiobp.com"
      },
      "geometry": {
        "type": "Point",
        "coordinates": [
          78.039344598,
          27.440638313
        ]
      }
    },
    {
      "type": "Feature",
      "properties": {
        "name": "BANDA",
        "brand": "Jio-bp",
        "brand_code": "JIOBP",
        "address": "VAISHNAV FILLING STATION, RAJA NIWAS, KALU KUWAN BANDA, , DISTT. BANDA 210001",
        "state": "Uttar Pradesh",
        "city": "",
        "ro_code": "UEF081",
        "amenity": "fuel",
        "source": "jiobp.com"
      },
      "geometry": {
        "type": "Point",
        "coordinates": [
          80.343639661,
          25.478702548
        ]
      }
    },
    {
      "type": "Feature",
      "properties": {
        "name": "SHANKARGARH ALLAHABAD",
        "brand": "Jio-bp",
        "brand_code": "JIOBP",
        "address": "ARAZI KHASRA NO 744/1 and 831 and832 AT MAUZA SHIVRAJPUR PARGANA and TEHSIL BARS DISTT ALLAHABAD 212665",
        "state": "Uttar Pradesh",
        "city": "",
        "ro_code": "UEF087",
        "amenity": "fuel",
        "source": "jiobp.com"
      },
      "geometry": {
        "type": "Point",
        "coordinates": [
          81.619354955,
          25.179774844
        ]
      }
    },
    {
      "type": "Feature",
      "properties": {
        "name": "KANPUR-2 TS",
        "brand": "Jio-bp",
        "brand_code": "JIOBP",
        "address": "VILLAGE and POST MAHARAJPUR NH-2, 23RD MILESTONE KANPUR FATEHPUR HIGHWAY, DISTRICT : KANPUR , U.P, KANPUR NAGAR  PIN_CODE : 209402",
        "state": "Uttar Pradesh",
        "city": "Village Maharajpur",
        "ro_code": "UET007",
        "amenity": "fuel",
        "source": "jiobp.com"
      },
      "geometry": {
        "type": "Point",
        "coordinates": [
          80.476805556,
          26.309777778
        ]
      }
    },
    {
      "type": "Feature",
      "properties": {
        "name": "MAHOBA ALLAHABAD",
        "brand": "Jio-bp",
        "brand_code": "JIOBP",
        "address": "BALDEO NAGAR, BY-PASS RD., MAHOBA KHATA KHATAUNI NO 795 , ARAZI KHASRA NO- 1684 AT MAUJA MAHOBA PARGANA and DIST MAHOBA  UP 210427",
        "state": "Uttar Pradesh",
        "city": "",
        "ro_code": "UWF065",
        "amenity": "fuel",
        "source": "jiobp.com"
      },
      "geometry": {
        "type": "Point",
        "coordinates": [
          79.883833333,
          25.298527778
        ]
      }
    },
    {
      "type": "Feature",
      "properties": {
        "name": "MIRZA KAMRUP",
        "brand": "Jio-bp",
        "brand_code": "JIOBP",
        "address": "ON NH-37, BARAPATI RANGAMATI",
        "state": "Assam",
        "city": "KAMRUP",
        "ro_code": "ASF028",
        "amenity": "fuel",
        "source": "jiobp.com"
      },
      "geometry": {
        "type": "Point",
        "coordinates": [
          91.512791345,
          26.102275147
        ]
      }
    },
    {
      "type": "Feature",
      "properties": {
        "name": "Dumar",
        "brand": "Jio-bp",
        "brand_code": "JIOBP",
        "address": "N.H.-31 NEAR - KMS NO-369, KHOTA, DUMAR, Katihar, Bihar - 854104",
        "state": "Bihar",
        "city": "Dumar",
        "ro_code": "BHF035",
        "amenity": "fuel",
        "source": "jiobp.com"
      },
      "geometry": {
        "type": "Point",
        "coordinates": [
          87.317725,
          25.5269722222
        ]
      }
    },
    {
      "type": "Feature",
      "properties": {
        "name": "FORBESGANJ",
        "brand": "Jio-bp",
        "brand_code": "JIOBP",
        "address": "NH No.57 At Plot No. 1502(P). 1503(P) Khatouni No. -1487 ,Village Rampur , Mauza -Rampur P.S -Forbesgunj Dist. Araria State - Bihar Pin -854318",
        "state": "Bihar",
        "city": "",
        "ro_code": "BHF036",
        "amenity": "fuel",
        "source": "jiobp.com"
      },
      "geometry": {
        "type": "Point",
        "coordinates": [
          87.266139872,
          26.298323364
        ]
      }
    },
    {
      "type": "Feature",
      "properties": {
        "name": "LADWA",
        "brand": "Jio-bp",
        "brand_code": "JIOBP",
        "address": "MS COLONEL BROTHERS, RELIANCE RETAIL OUTLET ,NEAR MAHRAJA PALACE,SH6, VILLAGE LADWA, LADWA-PIPLI ROAD,POST. LADWA, DIST. KURUKSHETRA - 136132, HARYANA",
        "state": "Haryana",
        "city": "Kurukshetra",
        "ro_code": "HRF040",
        "amenity": "fuel",
        "source": "jiobp.com"
      },
      "geometry": {
        "type": "Point",
        "coordinates": [
          77.0343167393,
          29.9933479658
        ]
      }
    },
    {
      "type": "Feature",
      "properties": {
        "name": "NISSANG",
        "brand": "Jio-bp",
        "brand_code": "JIOBP",
        "address": "Dashmesh filling station, 32nd Mile Ston,  Opp Goyal Rice Mill, SH8 Karnal Kaithal Road Nissang",
        "state": "Haryana",
        "city": "",
        "ro_code": "HRF079",
        "amenity": "fuel",
        "source": "jiobp.com"
      },
      "geometry": {
        "type": "Point",
        "coordinates": [
          76.780346717,
          29.68935276
        ]
      }
    },
    {
      "type": "Feature",
      "properties": {
        "name": "ISMILABAD KARNAL",
        "brand": "Jio-bp",
        "brand_code": "JIOBP",
        "address": "P.S.OIL CORPORATION(RELIANCE RETAIL OUTLET),MILESTONE-34,NH-65, VILLAGE ISMAILABAD, AMBALA HISAR ROAD, ISMAILABAD, DISTT. KURUKSHETRA HARYANA 136129",
        "state": "Haryana",
        "city": "ISMILABAD",
        "ro_code": "HRF103",
        "amenity": "fuel",
        "source": "jiobp.com"
      },
      "geometry": {
        "type": "Point",
        "coordinates": [
          76.66686333,
          30.11919184
        ]
      }
    },
    {
      "type": "Feature",
      "properties": {
        "name": "KARNAL",
        "brand": "Jio-bp",
        "brand_code": "JIOBP",
        "address": "137, KM STONE, L.H.S. NH-1, VILLAGE-SHAMGARH, TEHSIL-NILOKHERI, KARNAL",
        "state": "Haryana",
        "city": "",
        "ro_code": "HRF106",
        "amenity": "fuel",
        "source": "jiobp.com"
      },
      "geometry": {
        "type": "Point",
        "coordinates": [
          76.9545,
          29.7895
        ]
      }
    },
    {
      "type": "Feature",
      "properties": {
        "name": "R K ENTERPRISES",
        "brand": "Jio-bp",
        "brand_code": "JIOBP",
        "address": "Village Shamgarh, Tehsil Nilokheri, District Karnal",
        "state": "Haryana",
        "city": "",
        "ro_code": "HRT001",
        "amenity": "fuel",
        "source": "jiobp.com"
      },
      "geometry": {
        "type": "Point",
        "coordinates": [
          76.955166667,
          29.791583333
        ]
      }
    },
    {
      "type": "Feature",
      "properties": {
        "name": "AMBAWADI",
        "brand": "Jio-bp",
        "brand_code": "JIOBP",
        "address": "SURVEY NO.3501,  NEAR CN VIDYALAYA, AMBAWADI CIRCLE, AMBAWADI, AHMEDABAD  380015",
        "state": "Gujarat",
        "city": "AMBAWADI",
        "ro_code": "GJC006",
        "amenity": "fuel",
        "source": "jiobp.com"
      },
      "geometry": {
        "type": "Point",
        "coordinates": [
          72.552725351,
          23.021235768
        ]
      }
    },
    {
      "type": "Feature",
      "properties": {
        "name": "VELLAKOIL",
        "brand": "Jio-bp",
        "brand_code": "JIOBP",
        "address": "SY No 277/11 Part, 277/12 Part 277/13 Part, Vellakoil Village & Taluk, NH 81",
        "state": "Tamil Nadu",
        "city": "",
        "ro_code": "TNF037",
        "amenity": "fuel",
        "source": "jiobp.com"
      },
      "geometry": {
        "type": "Point",
        "coordinates": [
          77.698475489,
          10.951174655
        ]
      }
    },
    {
      "type": "Feature",
      "properties": {
        "name": "RAJNANDGAON RAIPUR",
        "brand": "Jio-bp",
        "brand_code": "JIOBP",
        "address": "RAJDOOT BAR, NH6 ROAD GRAM LAKHOLI RAJNANDGAON 491441",
        "state": "Chattisgarh",
        "city": "",
        "ro_code": "CGF013",
        "amenity": "fuel",
        "source": "jiobp.com"
      },
      "geometry": {
        "type": "Point",
        "coordinates": [
          81.033497362,
          21.097628918
        ]
      }
    },
    {
      "type": "Feature",
      "properties": {
        "name": "JAGDALPUR RAIPUR",
        "brand": "Jio-bp",
        "brand_code": "JIOBP",
        "address": "VILLAGE PAKHNAGUDA TAH JAGDALPUR DIST BASTAR 494001",
        "state": "Chattisgarh",
        "city": "",
        "ro_code": "CGF020",
        "amenity": "fuel",
        "source": "jiobp.com"
      },
      "geometry": {
        "type": "Point",
        "coordinates": [
          82.044717307,
          19.088195104
        ]
      }
    },
    {
      "type": "Feature",
      "properties": {
        "name": "Siltara",
        "brand": "Jio-bp",
        "brand_code": "JIOBP",
        "address": "Survey No 434/1, 437/1, 438/1 not Part Of 439, VILAGE DHARSIWA, Raipur, Chhattisgarh, 493221",
        "state": "Chattisgarh",
        "city": "Raipur",
        "ro_code": "CGF024",
        "amenity": "fuel",
        "source": "jiobp.com"
      },
      "geometry": {
        "type": "Point",
        "coordinates": [
          81.676736,
          21.408408
        ]
      }
    },
    {
      "type": "Feature",
      "properties": {
        "name": "PANAGARH FF",
        "brand": "Jio-bp",
        "brand_code": "JIOBP",
        "address": "RELIANCE PETRO MARKETING, VILLAGE DEVRI KALAN, NEAR SHANTINIKETAN SCHOOL, MAIN JABALPUR-KATNI ROAD, NH-7, PANAGAR, DISTT- JABALPUR  482001",
        "state": "Madhya Pradesh",
        "city": "PANAGARH",
        "ro_code": "MPF065",
        "amenity": "fuel",
        "source": "jiobp.com"
      },
      "geometry": {
        "type": "Point",
        "coordinates": [
          79.987916667,
          23.279083333
        ]
      }
    },
    {
      "type": "Feature",
      "properties": {
        "name": "PALARI JABALPUR",
        "brand": "Jio-bp",
        "brand_code": "JIOBP",
        "address": "NEAR TUTI PULIA, BARA PATHER, SEONI DISTT SEONI  480661",
        "state": "Madhya Pradesh",
        "city": "PALARI",
        "ro_code": "MPR026",
        "amenity": "fuel",
        "source": "jiobp.com"
      },
      "geometry": {
        "type": "Point",
        "coordinates": [
          79.81098091,
          22.308215067
        ]
      }
    },
    {
      "type": "Feature",
      "properties": {
        "name": "SANTRAMPUR BADA-I",
        "brand": "Jio-bp",
        "brand_code": "JIOBP",
        "address": "SN.NO.25,TOWER ROAD, SANTRAMPUR, DIST: PANCHMAHAL  389260",
        "state": "Gujarat",
        "city": "SANTRAMPUR",
        "ro_code": "GJC086",
        "amenity": "fuel",
        "source": "jiobp.com"
      },
      "geometry": {
        "type": "Point",
        "coordinates": [
          73.896634229,
          23.185214073
        ]
      }
    },
    {
      "type": "Feature",
      "properties": {
        "name": "KOPATI JORHAT",
        "brand": "Jio-bp",
        "brand_code": "JIOBP",
        "address": "DAG NO.490(PART), PATTA NO.40, PUB SIALMARI, VILL-JHAKUAPARA, P.S-DALGAON,DISTT-UDALGUR,ASSAM, KOPATI",
        "state": "Assam",
        "city": "KOPATI",
        "ro_code": "ASR006",
        "amenity": "fuel",
        "source": "jiobp.com"
      },
      "geometry": {
        "type": "Point",
        "coordinates": [
          92.236257,
          26.570498
        ]
      }
    },
    {
      "type": "Feature",
      "properties": {
        "name": "SAMANA FF",
        "brand": "Jio-bp",
        "brand_code": "JIOBP",
        "address": "VILLAGE MALKANA, TEHSIL SAMANA DISTT. PATIALA",
        "state": "Punjab",
        "city": "SAMANA",
        "ro_code": "PBF096",
        "amenity": "fuel",
        "source": "jiobp.com"
      },
      "geometry": {
        "type": "Point",
        "coordinates": [
          76.1936944,
          30.13075
        ]
      }
    },
    {
      "type": "Feature",
      "properties": {
        "name": "PATRAN FF",
        "brand": "Jio-bp",
        "brand_code": "JIOBP",
        "address": "SAMANA-PATRAN ROAD, VILLAGE NYAL, TEHSIL SAMANA, DISTT. PATIALA",
        "state": "Punjab",
        "city": "PATRAN",
        "ro_code": "PBF098",
        "amenity": "fuel",
        "source": "jiobp.com"
      },
      "geometry": {
        "type": "Point",
        "coordinates": [
          76.0696389,
          29.977
        ]
      }
    },
    {
      "type": "Feature",
      "properties": {
        "name": "Patiala Highway",
        "brand": "Jio-bp",
        "brand_code": "JIOBP",
        "address": "Khewat No. 92, Khatoni No. 200, Village - Muradpur, Main Road, Patiala, Punjab - 147001",
        "state": "Punjab",
        "city": "Patiala",
        "ro_code": "PBF112",
        "amenity": "fuel",
        "source": "jiobp.com"
      },
      "geometry": {
        "type": "Point",
        "coordinates": [
          76.508706,
          30.4009751
        ]
      }
    },
    {
      "type": "Feature",
      "properties": {
        "name": "Bhedpur",
        "brand": "Jio-bp",
        "brand_code": "JIOBP",
        "address": "OPP. ROYAL CASTLE PATIALA, VILLAGE CHUHARPUR MARASIAN, BHEDPUR, PATIALA, PUNJAB - 147001",
        "state": "Punjab",
        "city": "Patiala",
        "ro_code": "PBF115",
        "amenity": "fuel",
        "source": "jiobp.com"
      },
      "geometry": {
        "type": "Point",
        "coordinates": [
          76.28362,
          30.295863
        ]
      }
    },
    {
      "type": "Feature",
      "properties": {
        "name": "AINTHPALLI (SAMBALPUR) TS",
        "brand": "Jio-bp",
        "brand_code": "JIOBP",
        "address": "PLOT NO 4332, MAUZA KALAMATI, AT GOLA, POST OFFICE KALAMATI, PS BURLA, DISTRICT: SAMBALPUR",
        "state": "Odisha",
        "city": "AINTHPALLI",
        "ro_code": "ORT006",
        "amenity": "fuel",
        "source": "jiobp.com"
      },
      "geometry": {
        "type": "Point",
        "coordinates": [
          83.8954111111,
          21.425825
        ]
      }
    },
    {
      "type": "Feature",
      "properties": {
        "name": "SAMSERPUR PUNE",
        "brand": "Jio-bp",
        "brand_code": "JIOBP",
        "address": "Survey No 11/8, Samsherpur Phata, At Post Samsherpur, Taluka Akole, Dist Ahmednagar, Pin Code - 422618",
        "state": "Maharashtra",
        "city": "Akole",
        "ro_code": "MHR069",
        "amenity": "fuel",
        "source": "jiobp.com"
      },
      "geometry": {
        "type": "Point",
        "coordinates": [
          73.9734105,
          19.645814
        ]
      }
    },
    {
      "type": "Feature",
      "properties": {
        "name": "THODUPUZHA COCHIN",
        "brand": "Jio-bp",
        "brand_code": "JIOBP",
        "address": "Thodupuzha Reliance Retail Outlet (KLF044), M/s. Krishna Fuels, Vengalloor P.O., Thodupuzha, Idukki District. PIN: 685584.Mr. Renjith: +919447067605",
        "state": "Kerala",
        "city": "Thodupuzha",
        "ro_code": "KLF044",
        "amenity": "fuel",
        "source": "jiobp.com"
      },
      "geometry": {
        "type": "Point",
        "coordinates": [
          76.703694444,
          9.908055556
        ]
      }
    },
    {
      "type": "Feature",
      "properties": {
        "name": "KANTABANJHI SAMBALPUR",
        "brand": "Jio-bp",
        "brand_code": "JIOBP",
        "address": "PLOT NO.875A, KHATA NO.4,, KANTABANJHI(GA), KANTABANJHI BOLANGIR, KANTABANJHI",
        "state": "Odisha",
        "city": "",
        "ro_code": "ORF049",
        "amenity": "fuel",
        "source": "jiobp.com"
      },
      "geometry": {
        "type": "Point",
        "coordinates": [
          82.923364595,
          20.469090076
        ]
      }
    },
    {
      "type": "Feature",
      "properties": {
        "name": "BEAWAR ( FF)",
        "brand": "Jio-bp",
        "brand_code": "JIOBP",
        "address": "KHASRA NO. - 3616/1, 3616/2, 3616/3, 3616/4 , LHS TOWARDS :- AJMER-BEAWAR , NH-8, VILLAGE :- RANI SAGAR , TEHSIL :- MASOODA , DISTRICT:- AJMER ( RAJ.) PIN CODE 305901",
        "state": "Rajasthan",
        "city": "",
        "ro_code": "RJT013",
        "amenity": "fuel",
        "source": "jiobp.com"
      },
      "geometry": {
        "type": "Point",
        "coordinates": [
          74.40695,
          26.1807
        ]
      }
    },
    {
      "type": "Feature",
      "properties": {
        "name": "KISHANGARH TS",
        "brand": "Jio-bp",
        "brand_code": "JIOBP",
        "address": "KHASRA NO. - 150/1 ,143/2,150/2 LHS TOWARDS :- JAIPUR-AJMER , NH -8, VILLAGE :- BADGAON, TEHSIL :- KISHANGARH , DISTRICT:- AJMER    ( RAJ.) PIN CODE 305801",
        "state": "Rajasthan",
        "city": "",
        "ro_code": "RJT018",
        "amenity": "fuel",
        "source": "jiobp.com"
      },
      "geometry": {
        "type": "Point",
        "coordinates": [
          74.959722222,
          26.598916667
        ]
      }
    },
    {
      "type": "Feature",
      "properties": {
        "name": "KADWASAN FF",
        "brand": "Jio-bp",
        "brand_code": "JIOBP",
        "address": "SURVEY NO 91, ADJOINING PLOT TO HOTEL MURLIDHAR, NEAR CHAINAGE 231, VILLAGE PEDHAWADA, TALUKA KODINAR DIST: JUNAGADH,GUJARAT   362720",
        "state": "Gujarat",
        "city": "Kadwasan(Junagarh)",
        "ro_code": "GJF059",
        "amenity": "fuel",
        "source": "jiobp.com"
      },
      "geometry": {
        "type": "Point",
        "coordinates": [
          70.670028,
          20.84261
        ]
      }
    },
    {
      "type": "Feature",
      "properties": {
        "name": "VISAVADAR",
        "brand": "Jio-bp",
        "brand_code": "JIOBP",
        "address": "SURVEY NO. 354/P/1, NR. DHRAFAD BRIDGE, VILLAGE: VISAVADAR, DIST: JUNAGADH, GUJARAT   362130",
        "state": "Gujarat",
        "city": "",
        "ro_code": "GJF066",
        "amenity": "fuel",
        "source": "jiobp.com"
      },
      "geometry": {
        "type": "Point",
        "coordinates": [
          70.747766999,
          21.353042879
        ]
      }
    },
    {
      "type": "Feature",
      "properties": {
        "name": "PALM BEACH",
        "brand": "Jio-bp",
        "brand_code": "JIOBP",
        "address": "PLOT NO 7, SECTOR 18, OFF PALM BEACH MARG, BESIDES FULL STOP MALL, Sanpada, Navi Mumbai",
        "state": "Maharashtra",
        "city": "NAVI MUMBAI",
        "ro_code": "MHC117",
        "amenity": "fuel",
        "source": "jiobp.com"
      },
      "geometry": {
        "type": "Point",
        "coordinates": [
          73.006730559,
          19.055081676
        ]
      }
    },
    {
      "type": "Feature",
      "properties": {
        "name": "MAHAD MUMBAI",
        "brand": "Jio-bp",
        "brand_code": "JIOBP",
        "address": "SURVEY NO 34A , 48 AND 56A1 VILLAGE CHAMBHARKHIND, NH 17, TALUKA MAHAD, DIST. RAIGAD 402301",
        "state": "Maharashtra",
        "city": "",
        "ro_code": "MHF050",
        "amenity": "fuel",
        "source": "jiobp.com"
      },
      "geometry": {
        "type": "Point",
        "coordinates": [
          73.437111871,
          18.085640301
        ]
      }
    },
    {
      "type": "Feature",
      "properties": {
        "name": "LONERA",
        "brand": "Jio-bp",
        "brand_code": "JIOBP",
        "address": "SURVEY NO 435, 436,  AT KHANDPALE, POST TEMPALE TALUKA MANGAON, DIST RAIGAD 402104",
        "state": "Maharashtra",
        "city": "",
        "ro_code": "MHF086",
        "amenity": "fuel",
        "source": "jiobp.com"
      },
      "geometry": {
        "type": "Point",
        "coordinates": [
          73.320528146,
          18.148795051
        ]
      }
    },
    {
      "type": "Feature",
      "properties": {
        "name": "BHONGIR",
        "brand": "Jio-bp",
        "brand_code": "JIOBP",
        "address": "RELIANCE PETROL RETAIL OUTLET,M/S SHREMANNARAYANA ENTERPRISES,SURVEY NO.826,RAIGIRI VILLAGE, BHONGIR,NALGONDA DISTRICT.  508123",
        "state": "Telangana",
        "city": "",
        "ro_code": "APF099",
        "amenity": "fuel",
        "source": "jiobp.com"
      },
      "geometry": {
        "type": "Point",
        "coordinates": [
          78.894190672,
          17.521217032
        ]
      }
    },
    {
      "type": "Feature",
      "properties": {
        "name": "BHUPALPALLI VIJAYAWADA",
        "brand": "Jio-bp",
        "brand_code": "JIOBP",
        "address": "OM SAI ASSOCIATES,Reliance Retail Outlet, H.NO. 146/6, MAIN ROAD, KOMPALLI VILLAGE, BHUPALPALLY MANDAL,Near AUROBINDO SCHOOL, SAI VENKATESHAWARA NAGAR, BHUPALPALLY, JAYASHANKAR BUPALPALLY (DIST)  506169",
        "state": "Telangana",
        "city": "BHUPALPALLI",
        "ro_code": "APF103",
        "amenity": "fuel",
        "source": "jiobp.com"
      },
      "geometry": {
        "type": "Point",
        "coordinates": [
          79.865236673,
          18.442431466
        ]
      }
    },
    {
      "type": "Feature",
      "properties": {
        "name": "ALIBAUG MUMBAI",
        "brand": "Jio-bp",
        "brand_code": "JIOBP",
        "address": "SURVEY NOS 83-3, PLOT NO 1 AND 2,  VILLAGE - CHENDHARE, ALIBAUG, DISTRICT RAIGAD 402202",
        "state": "Maharashtra",
        "city": "ALIBAUG",
        "ro_code": "MHF175",
        "amenity": "fuel",
        "source": "jiobp.com"
      },
      "geometry": {
        "type": "Point",
        "coordinates": [
          72.880457688,
          18.651337941
        ]
      }
    },
    {
      "type": "Feature",
      "properties": {
        "name": "MHM001 - MDU",
        "brand": "Jio-bp",
        "brand_code": "JIOBP",
        "address": "Brihan Mumbai Mahanagar Palika, Worli Garage, Moses Road, Worli, Mumbai - 400018",
        "state": "Maharashtra",
        "city": "Mumbai",
        "ro_code": "MHM001",
        "amenity": "fuel",
        "source": "jiobp.com"
      },
      "geometry": {
        "type": "Point",
        "coordinates": [
          72.818747096,
          18.995320545
        ]
      }
    },
    {
      "type": "Feature",
      "properties": {
        "name": "Hoskote-I",
        "brand": "Jio-bp",
        "brand_code": "JIOBP",
        "address": "NH-4,#597 OLD MADRAS ROAD , HOSKOTE , KARNATAKA - 562114",
        "state": "Karnataka",
        "city": "Hoskote",
        "ro_code": "KRF022",
        "amenity": "fuel",
        "source": "jiobp.com"
      },
      "geometry": {
        "type": "Point",
        "coordinates": [
          77.792382259,
          13.075768856
        ]
      }
    },
    {
      "type": "Feature",
      "properties": {
        "name": "SIWANI HISAR",
        "brand": "Jio-bp",
        "brand_code": "JIOBP",
        "address": "SH. BHAGWAN DASS M/S K.S.A PETRO NH. 65, VILL- SIWANI, TEHSIL SIWANI, DISTT BHIWANI, HARYANA 125005",
        "state": "Haryana",
        "city": "",
        "ro_code": "HRF014",
        "amenity": "fuel",
        "source": "jiobp.com"
      },
      "geometry": {
        "type": "Point",
        "coordinates": [
          75.598562115,
          28.914152043
        ]
      }
    },
    {
      "type": "Feature",
      "properties": {
        "name": "Hata",
        "brand": "Jio-bp",
        "brand_code": "JIOBP",
        "address": "Khata No-23, Plot No- 1304 ,1305 ,  Tirildih, Thana No-1363,Potka ,Tata - Chaibasa Road ,District - East Singhbhum, State ¿ Jharkhand, 832107",
        "state": "Jharkhand",
        "city": "Jamshedpur",
        "ro_code": "JHF112",
        "amenity": "fuel",
        "source": "jiobp.com"
      },
      "geometry": {
        "type": "Point",
        "coordinates": [
          86.180861,
          22.663567
        ]
      }
    },
    {
      "type": "Feature",
      "properties": {
        "name": "UKLANA MANDI",
        "brand": "Jio-bp",
        "brand_code": "JIOBP",
        "address": "SH2, VILLAGE-UKLANA, NR. UKLANA OIL MILL,CHANDIGARH ROAD,UKLANA MANDI, DIST. HISAR-125113",
        "state": "Haryana",
        "city": "",
        "ro_code": "HRF017",
        "amenity": "fuel",
        "source": "jiobp.com"
      },
      "geometry": {
        "type": "Point",
        "coordinates": [
          75.8966419907,
          29.5076736773
        ]
      }
    },
    {
      "type": "Feature",
      "properties": {
        "name": "RADHANPUR(PATAN) ( TS )",
        "brand": "Jio-bp",
        "brand_code": "JIOBP",
        "address": "SURVEY NO. 417/2 ,  NH-15, NR. MILE STONE - 146,NR RAJASTHAN HOTEL ,  VILLAGE - MOTIPIPALI , TALUKA - RADHANPUR ,  DISTRICT - PATAN  385340",
        "state": "Gujarat",
        "city": "Radhanpur",
        "ro_code": "GJT017",
        "amenity": "fuel",
        "source": "jiobp.com"
      },
      "geometry": {
        "type": "Point",
        "coordinates": [
          71.557558051,
          23.821366605
        ]
      }
    },
    {
      "type": "Feature",
      "properties": {
        "name": "VISAKH-1 TS",
        "brand": "Jio-bp",
        "brand_code": "JIOBP",
        "address": "RELIANCE PETROLEUM RETAIL OUTLET,NH5, VILLAGE NUTHALAGUNTAPALEM, NARASINGAPALLI POST,  KASIMKOTA, VIZAG-DISTRICT  531001",
        "state": "Andhra Pradesh",
        "city": "",
        "ro_code": "APT008",
        "amenity": "fuel",
        "source": "jiobp.com"
      },
      "geometry": {
        "type": "Point",
        "coordinates": [
          82.871805556,
          17.593388889
        ]
      }
    },
    {
      "type": "Feature",
      "properties": {
        "name": "KADUR",
        "brand": "Jio-bp",
        "brand_code": "JIOBP",
        "address": "SRI KARTHIK MOTOR FUELS, NH 206, 54/1A, BH ROAD, KADUR NA - 577548",
        "state": "Karnataka",
        "city": "",
        "ro_code": "KRF010",
        "amenity": "fuel",
        "source": "jiobp.com"
      },
      "geometry": {
        "type": "Point",
        "coordinates": [
          76.010106468,
          13.558872295
        ]
      }
    },
    {
      "type": "Feature",
      "properties": {
        "name": "KUNDAPUR",
        "brand": "Jio-bp",
        "brand_code": "JIOBP",
        "address": "NH-17,VILLAGE: SY NO :334,1A1,KOTESWARA VILLAGE,OPP ANKADAKATTE SCHOOL, KASABA HOBLI, KUNDAPUR TALUK DISTRICT : UDIPI , KARNATAKA, PIN_CODE : 576222",
        "state": "Karnataka",
        "city": "Kundapur",
        "ro_code": "KRF035",
        "amenity": "fuel",
        "source": "jiobp.com"
      },
      "geometry": {
        "type": "Point",
        "coordinates": [
          74.6950079,
          13.604040797
        ]
      }
    },
    {
      "type": "Feature",
      "properties": {
        "name": "KATHUNANGAL",
        "brand": "Jio-bp",
        "brand_code": "JIOBP",
        "address": "VILLAGE JHANDE, AMRITSAR TO BATALA HIGHWAY, KATHUNANGAL, AMRITSAR",
        "state": "Punjab",
        "city": "",
        "ro_code": "PBF110",
        "amenity": "fuel",
        "source": "jiobp.com"
      },
      "geometry": {
        "type": "Point",
        "coordinates": [
          75.032726259,
          31.717027215
        ]
      }
    },
    {
      "type": "Feature",
      "properties": {
        "name": "ANKAI",
        "brand": "Jio-bp",
        "brand_code": "JIOBP",
        "address": "GAT NO. 350/1, ANKAI, YEOLA, NASHIK, MAHARASHTRA",
        "state": "Maharashtra",
        "city": "YEOLA",
        "ro_code": "MHF206",
        "amenity": "fuel",
        "source": "jiobp.com"
      },
      "geometry": {
        "type": "Point",
        "coordinates": [
          74.48452,
          20.04178
        ]
      }
    },
    {
      "type": "Feature",
      "properties": {
        "name": "CHENNAI REDHILLS",
        "brand": "Jio-bp",
        "brand_code": "JIOBP",
        "address": "No 69/1, Grand Northern Trunk Road, Madhavaram, Redhills, Tiruvallur, Tamilnadu, 600060",
        "state": "Tamil Nadu",
        "city": "Tiruvallur",
        "ro_code": "TNT013",
        "amenity": "fuel",
        "source": "jiobp.com"
      },
      "geometry": {
        "type": "Point",
        "coordinates": [
          80.229777669,
          13.136908563
        ]
      }
    },
    {
      "type": "Feature",
      "properties": {
        "name": "MANALI",
        "brand": "Jio-bp",
        "brand_code": "JIOBP",
        "address": "RELIANCE PETRO MARKETING LTD, SHRI MANGAL AGENCIES, 38/32, MANALI EXPRESS WAY, ERNAVOOR, TALUKA - PONNERI, DISTRICT - THIRUVUR, CHENNAI - 600067",
        "state": "Tamil Nadu",
        "city": "Chennai",
        "ro_code": "TNF069",
        "amenity": "fuel",
        "source": "jiobp.com"
      },
      "geometry": {
        "type": "Point",
        "coordinates": [
          80.300872728,
          13.184001564
        ]
      }
    },
    {
      "type": "Feature",
      "properties": {
        "name": "THIRUVALLUR CHENNAI",
        "brand": "Jio-bp",
        "brand_code": "JIOBP",
        "address": "C.V.NAIDU SALAI NH - 204,SURVEY NO 220/1Band2B PART NH-205, PWRUMBAKKAM VILLAGE, THIRUVALLUR TALUK, THIRUVALLUR DIST TAMILNADU 602 001",
        "state": "Tamil Nadu",
        "city": "CHENNAI",
        "ro_code": "TNF017",
        "amenity": "fuel",
        "source": "jiobp.com"
      },
      "geometry": {
        "type": "Point",
        "coordinates": [
          79.906910134,
          13.14000021
        ]
      }
    },
    {
      "type": "Feature",
      "properties": {
        "name": "PUSHPANAGARI AURANGABAD",
        "brand": "Jio-bp",
        "brand_code": "JIOBP",
        "address": "PLOT NO 1, CITY SUR NO 20717, PUSHP NAGARI CBS ROAD NEXT TO EMPLOYEMENT OFFICE AURANGABAD 431001",
        "state": "Maharashtra",
        "city": "PUSHPANAGARI",
        "ro_code": "MHC067",
        "amenity": "fuel",
        "source": "jiobp.com"
      },
      "geometry": {
        "type": "Point",
        "coordinates": [
          75.333390255,
          19.893950473
        ]
      }
    },
    {
      "type": "Feature",
      "properties": {
        "name": "AURANGABAD",
        "brand": "Jio-bp",
        "brand_code": "JIOBP",
        "address": "SURVEY NO 15 VILLAGE PANDHARPUR, AURANGABAD PUNE ROAD, WALUJ MIDC AREA, AURANGABAD",
        "state": "Maharashtra",
        "city": "Aurangabad",
        "ro_code": "MHF030",
        "amenity": "fuel",
        "source": "jiobp.com"
      },
      "geometry": {
        "type": "Point",
        "coordinates": [
          75.248666667,
          19.830055556
        ]
      }
    },
    {
      "type": "Feature",
      "properties": {
        "name": "MAJALGAON PUNE",
        "brand": "Jio-bp",
        "brand_code": "JIOBP",
        "address": "SURVEY NO. 203-1 OLD PATAS ROAD NEAR CITY FLYOVER DAUND  PUNE 413801",
        "state": "Maharashtra",
        "city": "",
        "ro_code": "MHF088",
        "amenity": "fuel",
        "source": "jiobp.com"
      },
      "geometry": {
        "type": "Point",
        "coordinates": [
          76.215047958,
          19.130036151
        ]
      }
    },
    {
      "type": "Feature",
      "properties": {
        "name": "Aurangpur",
        "brand": "Jio-bp",
        "brand_code": "JIOBP",
        "address": "Khewat No.52 Min,Khatauni No. 53 Min, Rectangle No. 92, Kila No. 19/1/1,5-2. Hadbast No.275, Village - Dadri Toe, Tehsil - Badli, District - Jhajjar, Haryana - 124103",
        "state": "Haryana",
        "city": "Aurangpur",
        "ro_code": "HRF127",
        "amenity": "fuel",
        "source": "jiobp.com"
      },
      "geometry": {
        "type": "Point",
        "coordinates": [
          76.756557,
          28.503264
        ]
      }
    },
    {
      "type": "Feature",
      "properties": {
        "name": "GADCHILLI",
        "brand": "Jio-bp",
        "brand_code": "JIOBP",
        "address": "SURVEY NO 877 MOUZA GADCHIROLI  MUL ROAD GADCHIROLI,TAHSILL:GADCHIROLI,DIST :GADCHIROLI 442605",
        "state": "Maharashtra",
        "city": "Gadchiroli",
        "ro_code": "MHF121",
        "amenity": "fuel",
        "source": "jiobp.com"
      },
      "geometry": {
        "type": "Point",
        "coordinates": [
          80.012039036,
          20.185249164
        ]
      }
    },
    {
      "type": "Feature",
      "properties": {
        "name": "Dhavalpeth",
        "brand": "Jio-bp",
        "brand_code": "JIOBP",
        "address": "KH NO. 122/2, P H NO. 67, MOUZA WADGAON BAKSHI, TAH HINGNA, DIST NAGPUR, Nagpur, Maharashtra, 441122",
        "state": "Maharashtra",
        "city": "NAGPUR",
        "ro_code": "MHF400",
        "amenity": "fuel",
        "source": "jiobp.com"
      },
      "geometry": {
        "type": "Point",
        "coordinates": [
          78.859062,
          20.809498
        ]
      }
    },
    {
      "type": "Feature",
      "properties": {
        "name": "PARDI TS (NAGPUR 2)",
        "brand": "Jio-bp",
        "brand_code": "JIOBP",
        "address": "311 2 & 311 3 NH 53 Bhandara Road Village Wadoda Taluka Kamtee District Nagpur 441104",
        "state": "Maharashtra",
        "city": "Nagpur",
        "ro_code": "MHT005",
        "amenity": "fuel",
        "source": "jiobp.com"
      },
      "geometry": {
        "type": "Point",
        "coordinates": [
          79.33012,
          21.13718
        ]
      }
    },
    {
      "type": "Feature",
      "properties": {
        "name": "MALIYA",
        "brand": "Jio-bp",
        "brand_code": "JIOBP",
        "address": "MALIYA RETAIL OUTLET, SURVEY NO. 1093, KANDLA AHMEDABABD NH 8A, PO MALIYA, MALIYA, RAJKOT - 363670",
        "state": "Gujarat",
        "city": "",
        "ro_code": "GJF168",
        "amenity": "fuel",
        "source": "jiobp.com"
      },
      "geometry": {
        "type": "Point",
        "coordinates": [
          70.773235319,
          23.111314055
        ]
      }
    },
    {
      "type": "Feature",
      "properties": {
        "name": "SARDARSAHAR",
        "brand": "Jio-bp",
        "brand_code": "JIOBP",
        "address": "KHASRA NO-464/317/137, SH-7, ON 2.6 KMS FROM ASHOK CIRCLE, VILLAGE SARDARSAHAR, HANUMANGARH-RATANGARH ROAD, DISTT-CHURU 331403",
        "state": "Rajasthan",
        "city": "Sardarshahar",
        "ro_code": "RJF041",
        "amenity": "fuel",
        "source": "jiobp.com"
      },
      "geometry": {
        "type": "Point",
        "coordinates": [
          74.525638889,
          28.423305556
        ]
      }
    },
    {
      "type": "Feature",
      "properties": {
        "name": "SAMALKHA",
        "brand": "Jio-bp",
        "brand_code": "JIOBP",
        "address": "Village Patikalayana, 68 KM Stone on NH1 Delhi-Ambala, LHS Tehsil-Samalkha Panipat, Haryana 132103",
        "state": "Haryana",
        "city": "SAMALKHA",
        "ro_code": "HRF156",
        "amenity": "fuel",
        "source": "jiobp.com"
      },
      "geometry": {
        "type": "Point",
        "coordinates": [
          77.02277,
          29.202228
        ]
      }
    },
    {
      "type": "Feature",
      "properties": {
        "name": "SANDESHKHALI KOLKATA",
        "brand": "Jio-bp",
        "brand_code": "JIOBP",
        "address": "VILLAGE SARBERIA, JL 10",
        "state": "West Bengal",
        "city": "",
        "ro_code": "WBF074",
        "amenity": "fuel",
        "source": "jiobp.com"
      },
      "geometry": {
        "type": "Point",
        "coordinates": [
          88.886215275,
          22.357545176
        ]
      }
    },
    {
      "type": "Feature",
      "properties": {
        "name": "BULANDSAHAR AGRA",
        "brand": "Jio-bp",
        "brand_code": "JIOBP",
        "address": "M/S SHIV SHAKTI FILLING STATION, KHATA NO 840, KHASARA NO 1005/2  PANNI NAGAR NEAR SUGAR MILL G.T ROAD BULANDSHAHR SH 18, KM 71, VILLAGE:- KASBAN BARAN, POST BARAN, TEHSIL:- BULANDSAHAR, DISTRICT:- BULANDSAHAR  U.P 203001",
        "state": "Uttar Pradesh",
        "city": "",
        "ro_code": "UWF027",
        "amenity": "fuel",
        "source": "jiobp.com"
      },
      "geometry": {
        "type": "Point",
        "coordinates": [
          77.860712522,
          28.394555304
        ]
      }
    },
    {
      "type": "Feature",
      "properties": {
        "name": "GUNA BHOPAL",
        "brand": "Jio-bp",
        "brand_code": "JIOBP",
        "address": "VILLAGE GOPALPURA, NANAKHEDI, A.B. ROAD,   VILLAGE GUNA CHWNI, TEHSIL and DIST : GUNA M.P 473001",
        "state": "Madhya Pradesh",
        "city": "",
        "ro_code": "MPF055",
        "amenity": "fuel",
        "source": "jiobp.com"
      },
      "geometry": {
        "type": "Point",
        "coordinates": [
          77.326388889,
          24.661722222
        ]
      }
    },
    {
      "type": "Feature",
      "properties": {
        "name": "KESINGA SAMBALPUR",
        "brand": "Jio-bp",
        "brand_code": "JIOBP",
        "address": "KHATA NO.97,PLOT-1223,1269, KISSAM BAHAL,MOUZA-BORINHPADAR,PS-KESINGA,ODISHA:-766012",
        "state": "Odisha",
        "city": "KESINGA",
        "ro_code": "ORF050",
        "amenity": "fuel",
        "source": "jiobp.com"
      },
      "geometry": {
        "type": "Point",
        "coordinates": [
          83.222754249,
          20.190791665
        ]
      }
    },
    {
      "type": "Feature",
      "properties": {
        "name": "BUDHALADA (MANSA)",
        "brand": "Jio-bp",
        "brand_code": "JIOBP",
        "address": "BHIKHI ROAD  BUDHLADA RETAILOUTLET@RIL.COM",
        "state": "Punjab",
        "city": "",
        "ro_code": "PBF018",
        "amenity": "fuel",
        "source": "jiobp.com"
      },
      "geometry": {
        "type": "Point",
        "coordinates": [
          75.5427787469,
          29.9573637959
        ]
      }
    },
    {
      "type": "Feature",
      "properties": {
        "name": "SAROORNAGAR",
        "brand": "Jio-bp",
        "brand_code": "JIOBP",
        "address": "M/S Ratna Services, SAROORNAGAR, SURVEY #6/A, NH-9, SAROORNAGAR-(VILLAGE)  HYDERABAD - 500035",
        "state": "Telangana",
        "city": "SAROORNAGAR",
        "ro_code": "APC057",
        "amenity": "fuel",
        "source": "jiobp.com"
      },
      "geometry": {
        "type": "Point",
        "coordinates": [
          78.541388889,
          17.366944444
        ]
      }
    },
    {
      "type": "Feature",
      "properties": {
        "name": "TANDUR",
        "brand": "Jio-bp",
        "brand_code": "JIOBP",
        "address": "SY.NO: 48, GOUTHAPUR VILLAGE, TANDUR MANDAL, RANGA REDDY DISTRICT 501141",
        "state": "Telangana",
        "city": "A.P.",
        "ro_code": "APF071",
        "amenity": "fuel",
        "source": "jiobp.com"
      },
      "geometry": {
        "type": "Point",
        "coordinates": [
          77.575856743,
          17.273762664
        ]
      }
    },
    {
      "type": "Feature",
      "properties": {
        "name": "BARBIL SAMBALPUR",
        "brand": "Jio-bp",
        "brand_code": "JIOBP",
        "address": "PLOT 21/562,559KHATANO.58/5,2, VILL:SERENDA,UNITNO:14, THANA:BARBIL KEONJHAR,ORISSA, BARBIL",
        "state": "Odisha",
        "city": "Barbil",
        "ro_code": "ORF005",
        "amenity": "fuel",
        "source": "jiobp.com"
      },
      "geometry": {
        "type": "Point",
        "coordinates": [
          85.386884278,
          22.069667051
        ]
      }
    },
    {
      "type": "Feature",
      "properties": {
        "name": "DHORAJI",
        "brand": "Jio-bp",
        "brand_code": "JIOBP",
        "address": "SURVEY NO.852/2/P, NH 8 B,CHAINAGE-97,800 MTR. FROM DHORAJI BYPASS, JETPUR ROAD, DHORAJI 360410",
        "state": "Gujarat",
        "city": "",
        "ro_code": "GJF012",
        "amenity": "fuel",
        "source": "jiobp.com"
      },
      "geometry": {
        "type": "Point",
        "coordinates": [
          70.4755,
          21.740972222
        ]
      }
    },
    {
      "type": "Feature",
      "properties": {
        "name": "RANAVAV",
        "brand": "Jio-bp",
        "brand_code": "JIOBP",
        "address": "VILLAGE:VADALA  PORBANDAR - RAJKOT HIGHWAY, NH 8B RANAVAV 360570",
        "state": "Gujarat",
        "city": "Porbander",
        "ro_code": "GJF169",
        "amenity": "fuel",
        "source": "jiobp.com"
      },
      "geometry": {
        "type": "Point",
        "coordinates": [
          69.816,
          21.6586583333
        ]
      }
    },
    {
      "type": "Feature",
      "properties": {
        "name": "DABRA BHOPAL",
        "brand": "Jio-bp",
        "brand_code": "JIOBP",
        "address": "MONIKA FOOD PRODUCTS ,GWL-JHS RD,VILLAGE:RAMGARH,  TEHSIL:DABRA, DIST:GWAKIOR 475110",
        "state": "Madhya Pradesh",
        "city": "DABRA",
        "ro_code": "MPF040",
        "amenity": "fuel",
        "source": "jiobp.com"
      },
      "geometry": {
        "type": "Point",
        "coordinates": [
          78.333722222,
          25.897583333
        ]
      }
    },
    {
      "type": "Feature",
      "properties": {
        "name": "MEHGAON",
        "brand": "Jio-bp",
        "brand_code": "JIOBP",
        "address": "M/s Sourabh Singh Bhadoriya, Reliance Petroleum Marketing ltd, NH-92, Bhind Road Vill Gyanendrapura, Tehsil Mehgaon, Distt Bhind-477557",
        "state": "Madhya Pradesh",
        "city": "Mehgaon",
        "ro_code": "MPF073",
        "amenity": "fuel",
        "source": "jiobp.com"
      },
      "geometry": {
        "type": "Point",
        "coordinates": [
          78.611576898,
          26.507785448
        ]
      }
    },
    {
      "type": "Feature",
      "properties": {
        "name": "RANPUR FF",
        "brand": "Jio-bp",
        "brand_code": "JIOBP",
        "address": "SURVEY NO 99/ PAIKI, NR MILE STONE 130, SH 1, VILL KINARA, TAL RANPUR, DIST AHMEDABAD  363610",
        "state": "Gujarat",
        "city": "AHMEDBABD",
        "ro_code": "GJF071",
        "amenity": "fuel",
        "source": "jiobp.com"
      },
      "geometry": {
        "type": "Point",
        "coordinates": [
          71.73321998,
          22.350939831
        ]
      }
    },
    {
      "type": "Feature",
      "properties": {
        "name": "SASARAM TS1",
        "brand": "Jio-bp",
        "brand_code": "JIOBP",
        "address": "NH-2, VILLAGE PAKHNARIPS SHEOSAGAR, THANA NO 27, SHEOSAGAR, DISTRICT: ROHTAS",
        "state": "Bihar",
        "city": "",
        "ro_code": "BHT003",
        "amenity": "fuel",
        "source": "jiobp.com"
      },
      "geometry": {
        "type": "Point",
        "coordinates": [
          83.882461646,
          24.98007403
        ]
      }
    },
    {
      "type": "Feature",
      "properties": {
        "name": "SASARAM II TS",
        "brand": "Jio-bp",
        "brand_code": "JIOBP",
        "address": "NH-2, PLOT NO 78, TOUZI NO 4854, MOUZA SIRPULCHAK, VILLAGE DAYALPUR, PS BARUN, DISTRICT: AURANGABAD",
        "state": "Bihar",
        "city": "",
        "ro_code": "BHT007",
        "amenity": "fuel",
        "source": "jiobp.com"
      },
      "geometry": {
        "type": "Point",
        "coordinates": [
          84.263916667,
          24.834277778
        ]
      }
    },
    {
      "type": "Feature",
      "properties": {
        "name": "Chunni Kalan",
        "brand": "Jio-bp",
        "brand_code": "JIOBP",
        "address": "VILLAGE SARKAPRA, TEHSIL BASSI PATHANA, DISTRICT FATEGARH SAHIB, FATEHGARH SAHIB",
        "state": "Punjab",
        "city": "",
        "ro_code": "PBF117",
        "amenity": "fuel",
        "source": "jiobp.com"
      },
      "geometry": {
        "type": "Point",
        "coordinates": [
          76.54733,
          30.65222
        ]
      }
    },
    {
      "type": "Feature",
      "properties": {
        "name": "DAVANGERE1",
        "brand": "Jio-bp",
        "brand_code": "JIOBP",
        "address": "Reliance Retail Outlet ;  Shiva Shankar Filling Station ; Door no.  376-31/32 ;    Awaragere Village  , Opposite - Gowshala , PB Road - Davangere",
        "state": "Karnataka",
        "city": "",
        "ro_code": "KRF052",
        "amenity": "fuel",
        "source": "jiobp.com"
      },
      "geometry": {
        "type": "Point",
        "coordinates": [
          75.942361111,
          14.450583333
        ]
      }
    },
    {
      "type": "Feature",
      "properties": {
        "name": "VASAI DHABLA",
        "brand": "Jio-bp",
        "brand_code": "JIOBP",
        "address": "DABLA CROSS ROAD, MEHSANA- HIMMATNAGAR HIGHWAY, SURVEY NO. 1/713,   VILLAGE DHABLA, TAL. VIJAPUR,   MEHSANA,   382865",
        "state": "Gujarat",
        "city": "",
        "ro_code": "GJF101",
        "amenity": "fuel",
        "source": "jiobp.com"
      },
      "geometry": {
        "type": "Point",
        "coordinates": [
          72.555237588,
          23.553149392
        ]
      }
    },
    {
      "type": "Feature",
      "properties": {
        "name": "KHANPUR FF (JHALAWAR)",
        "brand": "Jio-bp",
        "brand_code": "JIOBP",
        "address": "RELIANCE PETROL PUMP, SH 19 JHALAWAR ROAD, KHANPUR  PIN CODE 326038",
        "state": "Rajasthan",
        "city": "Khanpur",
        "ro_code": "RJF044",
        "amenity": "fuel",
        "source": "jiobp.com"
      },
      "geometry": {
        "type": "Point",
        "coordinates": [
          76.383638889,
          24.722277778
        ]
      }
    },
    {
      "type": "Feature",
      "properties": {
        "name": "BHAWANIMANDI FF",
        "brand": "Jio-bp",
        "brand_code": "JIOBP",
        "address": "RELIANCE PETROL PUMP, SH19, PACHPAHAR ROAD,,DISTRICT : JHALAWAR ,  RPMPL, PIN CODE 326502",
        "state": "Rajasthan",
        "city": "",
        "ro_code": "RJF076",
        "amenity": "fuel",
        "source": "jiobp.com"
      },
      "geometry": {
        "type": "Point",
        "coordinates": [
          75.811805556,
          24.405944444
        ]
      }
    },
    {
      "type": "Feature",
      "properties": {
        "name": "SANDUR",
        "brand": "Jio-bp",
        "brand_code": "JIOBP",
        "address": "M/S VISHVIN, DEALERS: RELIANCE INDUSTRIES LTD, (PETROLEUM BUSINESS) RETAIL OUTLET, S NO. 344/1A, KRISHNA NAGAR VILLAGE, SANDUR HOBLI and TALUK, DIST : BELLARY  583119",
        "state": "Karnataka",
        "city": "",
        "ro_code": "KRF090",
        "amenity": "fuel",
        "source": "jiobp.com"
      },
      "geometry": {
        "type": "Point",
        "coordinates": [
          76.571055556,
          15.105111111
        ]
      }
    },
    {
      "type": "Feature",
      "properties": {
        "name": "SIRUGUPPA HOSPET",
        "brand": "Jio-bp",
        "brand_code": "JIOBP",
        "address": "M/S SRI GURUDATTA PETROLEUM, DEALERS: RELIANCE INDUSTRIES LTD, (PETROLEUM BUSINESS) RETAIL OUTLET, SURVEY NO. 587B, SIRUGUPPA HOBLI SINDHNUR ROAD, SIRAGUPPA TOWN,  DIST : BELLARY  583121",
        "state": "Karnataka",
        "city": "",
        "ro_code": "KRF100",
        "amenity": "fuel",
        "source": "jiobp.com"
      },
      "geometry": {
        "type": "Point",
        "coordinates": [
          76.892144998,
          15.642112296
        ]
      }
    },
    {
      "type": "Feature",
      "properties": {
        "name": "BAGALKOT",
        "brand": "Jio-bp",
        "brand_code": "JIOBP",
        "address": "RELIANCE PETRO MARKETING PVT. LTD., RETAIL OUTLET, UNIT NO 1, SECTOR NO. 22, SH-20, NEAR CITY BUSSTAND, NAVANAGAR, BAGALKOT  587102,KARNATAKA,",
        "state": "Karnataka",
        "city": "Bagalkot Town",
        "ro_code": "KRF063",
        "amenity": "fuel",
        "source": "jiobp.com"
      },
      "geometry": {
        "type": "Point",
        "coordinates": [
          75.703052898,
          16.188777749
        ]
      }
    },
    {
      "type": "Feature",
      "properties": {
        "name": "BILAGI HOSPET",
        "brand": "Jio-bp",
        "brand_code": "JIOBP",
        "address": "M/S VEERABHADRESHWAR PETROLEUM, SY. NO. 204/1, MANNIKERE VILLAGE, BILGI CROSS, BILGI, BAGALKOT DIST  587116",
        "state": "Karnataka",
        "city": "",
        "ro_code": "KRF098",
        "amenity": "fuel",
        "source": "jiobp.com"
      },
      "geometry": {
        "type": "Point",
        "coordinates": [
          75.639166667,
          16.321972222
        ]
      }
    },
    {
      "type": "Feature",
      "properties": {
        "name": "AMRAVATI TS",
        "brand": "Jio-bp",
        "brand_code": "JIOBP",
        "address": "NH-6 NAGPUR ROAD NANDGAONPETH AMRAVATI DIST AMRAVATI 444901",
        "state": "Maharashtra",
        "city": "Amravati",
        "ro_code": "MHT007",
        "amenity": "fuel",
        "source": "jiobp.com"
      },
      "geometry": {
        "type": "Point",
        "coordinates": [
          77.855933705,
          21.018106676
        ]
      }
    },
    {
      "type": "Feature",
      "properties": {
        "name": "LACCHIPUR",
        "brand": "Jio-bp",
        "brand_code": "JIOBP",
        "address": "BALAJI AUTOMOBILES, VILLAGE : BARGADWAN, LACHIPUR , LACHIPUR. NEPAL ROAD,NEAR BARGADWA CROSSING,GORAKHPUR 273001",
        "state": "Uttar Pradesh",
        "city": "",
        "ro_code": "UEF050",
        "amenity": "fuel",
        "source": "jiobp.com"
      },
      "geometry": {
        "type": "Point",
        "coordinates": [
          83.355946026,
          26.795854751
        ]
      }
    },
    {
      "type": "Feature",
      "properties": {
        "name": "BETALPUR",
        "brand": "Jio-bp",
        "brand_code": "JIOBP",
        "address": "ARAZI NO. 388,  MOUZA-SIRZAM,, TAPPA - SIRZAM, TEHSIL - DEORIA, DISTT DEORIA, DEORIA",
        "state": "Uttar Pradesh",
        "city": "",
        "ro_code": "UEF100",
        "amenity": "fuel",
        "source": "jiobp.com"
      },
      "geometry": {
        "type": "Point",
        "coordinates": [
          83.699145,
          26.585215
        ]
      }
    },
    {
      "type": "Feature",
      "properties": {
        "name": "AJITGARH",
        "brand": "Jio-bp",
        "brand_code": "JIOBP",
        "address": "SH 13, CH 15.1, KHASRA NO-2103, VILLAGE-AJITGARH, TEHSIL-SRI MADHOPUR, DISTT-SIKAR PIN CODE 332701",
        "state": "Rajasthan",
        "city": "Ajitgarh",
        "ro_code": "RJF056",
        "amenity": "fuel",
        "source": "jiobp.com"
      },
      "geometry": {
        "type": "Point",
        "coordinates": [
          75.832777778,
          27.420277778
        ]
      }
    },
    {
      "type": "Feature",
      "properties": {
        "name": "JHUNJHUNU JAIPUR",
        "brand": "Jio-bp",
        "brand_code": "JIOBP",
        "address": "SH-8, NEAR MILE STONE 157 ROAD NO. 3, BHAKERA MODE, JHUNJHUNU-CHIRAWA, JHUNJHUNU CITY, DIST SIKAR",
        "state": "Rajasthan",
        "city": "JHUNJHUNU",
        "ro_code": "RJF122",
        "amenity": "fuel",
        "source": "jiobp.com"
      },
      "geometry": {
        "type": "Point",
        "coordinates": [
          75.397420738,
          28.113247862
        ]
      }
    },
    {
      "type": "Feature",
      "properties": {
        "name": "ASILMETTA VIZAG",
        "brand": "Jio-bp",
        "brand_code": "JIOBP",
        "address": "M/S M.V.R and CO, SEETHAMPETA, D.NO:50-81-1/6,DWARAKA NAGAR, VISHAKAPATNAM-530016",
        "state": "Andhra Pradesh",
        "city": "",
        "ro_code": "APC053",
        "amenity": "fuel",
        "source": "jiobp.com"
      },
      "geometry": {
        "type": "Point",
        "coordinates": [
          83.30670955,
          17.729972518
        ]
      }
    },
    {
      "type": "Feature",
      "properties": {
        "name": "VIZIANAGARAM VIZAG",
        "brand": "Jio-bp",
        "brand_code": "JIOBP",
        "address": "SRI SAI SUMANJALI FILLING STATION, SURVEYNO 91/1,2,3,  Y-JUNCTION, V.T.AGRAHARAM, OPP:HANUMAN TEMPLE, VIZAINAGARAM,AP  535001",
        "state": "Andhra Pradesh",
        "city": "",
        "ro_code": "APF112",
        "amenity": "fuel",
        "source": "jiobp.com"
      },
      "geometry": {
        "type": "Point",
        "coordinates": [
          83.399298515,
          18.109172973
        ]
      }
    },
    {
      "type": "Feature",
      "properties": {
        "name": "KHUNTI",
        "brand": "Jio-bp",
        "brand_code": "JIOBP",
        "address": "Reliance Petrol Pump, Plot no. PTS:-108/4(P) and No. PTS:-108/9(P) , Village - Diu, Taluka Diu, District Diu, UT - Daman and Diu",
        "state": "Jharkhand",
        "city": "KHUNTI",
        "ro_code": "JHF040",
        "amenity": "fuel",
        "source": "jiobp.com"
      },
      "geometry": {
        "type": "Point",
        "coordinates": [
          85.275309697,
          23.076521198
        ]
      }
    },
    {
      "type": "Feature",
      "properties": {
        "name": "RAOTI INDORE",
        "brand": "Jio-bp",
        "brand_code": "JIOBP",
        "address": "SURVEY NO 715, VILLAGE RAOTI",
        "state": "Madhya Pradesh",
        "city": "RAOTI",
        "ro_code": "MPR008",
        "amenity": "fuel",
        "source": "jiobp.com"
      },
      "geometry": {
        "type": "Point",
        "coordinates": [
          74.839386382,
          23.225727958
        ]
      }
    },
    {
      "type": "Feature",
      "properties": {
        "name": "MADDUR BANGALORE",
        "brand": "Jio-bp",
        "brand_code": "JIOBP",
        "address": "TMC No. 560/519, Shivapura, Maddur Town Mandya District",
        "state": "Karnataka",
        "city": "Maddur",
        "ro_code": "KRF011",
        "amenity": "fuel",
        "source": "jiobp.com"
      },
      "geometry": {
        "type": "Point",
        "coordinates": [
          77.053055556,
          12.598805556
        ]
      }
    },
    {
      "type": "Feature",
      "properties": {
        "name": "DEVANHALLI",
        "brand": "Jio-bp",
        "brand_code": "JIOBP",
        "address": "SY NO. 10/2, KADIGENAHALLI VILLAGE, BELLARI ROAD, BETTA HALASUR POST, JALA HOBLI, BANGALORE NORTH  562157",
        "state": "Karnataka",
        "city": "DEVANHALLI",
        "ro_code": "KRF032",
        "amenity": "fuel",
        "source": "jiobp.com"
      },
      "geometry": {
        "type": "Point",
        "coordinates": [
          77.629276582,
          13.165302396
        ]
      }
    },
    {
      "type": "Feature",
      "properties": {
        "name": "SANPUR AHMEDABAD 1",
        "brand": "Jio-bp",
        "brand_code": "JIOBP",
        "address": "SURVEY NO. 368, FP NO. 97, TP SCHEME NO. 53, NH 8, VILLAGE ISANPUR, DIST AHMEDABAD  382443",
        "state": "Gujarat",
        "city": "SANPUR",
        "ro_code": "GJC119",
        "amenity": "fuel",
        "source": "jiobp.com"
      },
      "geometry": {
        "type": "Point",
        "coordinates": [
          72.600598722,
          22.976099602
        ]
      }
    },
    {
      "type": "Feature",
      "properties": {
        "name": "SANAND FF",
        "brand": "Jio-bp",
        "brand_code": "JIOBP",
        "address": "OPP VAGHESHWARI HOTEL, SH-17 , NR MILE STONE 26,SANAND,AHMEDABAD - 382110",
        "state": "Gujarat",
        "city": "Ahmedabad",
        "ro_code": "GJF085",
        "amenity": "fuel",
        "source": "jiobp.com"
      },
      "geometry": {
        "type": "Point",
        "coordinates": [
          72.360222,
          22.99706
        ]
      }
    },
    {
      "type": "Feature",
      "properties": {
        "name": "BULDHANA",
        "brand": "Jio-bp",
        "brand_code": "JIOBP",
        "address": "INFRONT OF ST DIVISION OFFICE MALKAPUR ROAD  BULDHANA, TAL and DIST :BULDHANA 443001",
        "state": "Maharashtra",
        "city": "",
        "ro_code": "MHC065",
        "amenity": "fuel",
        "source": "jiobp.com"
      },
      "geometry": {
        "type": "Point",
        "coordinates": [
          76.185761403,
          20.528039011
        ]
      }
    },
    {
      "type": "Feature",
      "properties": {
        "name": "NURPUR JALLANDHAR",
        "brand": "Jio-bp",
        "brand_code": "JIOBP",
        "address": "VILL. SARMASTPUR, JALANDHAR PATHANKOT HIGHWAY,TEHSIL and DISTT- JALANDHAR,NURPUR  NURPUR.RETAILOUTLET@RELPETROMAIL.COM",
        "state": "Punjab",
        "city": "NURPUR",
        "ro_code": "PBF010",
        "amenity": "fuel",
        "source": "jiobp.com"
      },
      "geometry": {
        "type": "Point",
        "coordinates": [
          75.6168055556,
          31.4236166667
        ]
      }
    },
    {
      "type": "Feature",
      "properties": {
        "name": "JAITU BHATINDA",
        "brand": "Jio-bp",
        "brand_code": "JIOBP",
        "address": "NEAR RADHA SWAMI SATSAG BHAWAN, BATHINDA ROAD, JAITU",
        "state": "Punjab",
        "city": "",
        "ro_code": "PBF032",
        "amenity": "fuel",
        "source": "jiobp.com"
      },
      "geometry": {
        "type": "Point",
        "coordinates": [
          74.887910324,
          30.447154089
        ]
      }
    },
    {
      "type": "Feature",
      "properties": {
        "name": "TIRUPUR-UTHUKULI RD COIMBATO",
        "brand": "Jio-bp",
        "brand_code": "JIOBP",
        "address": "S.F.No.69/3B, Uthukuli Road, Koolipalayam Four Road. S. Periyapalayam PO., Tiruppur",
        "state": "Tamil Nadu",
        "city": "",
        "ro_code": "TNC005",
        "amenity": "fuel",
        "source": "jiobp.com"
      },
      "geometry": {
        "type": "Point",
        "coordinates": [
          77.387272007,
          11.12481328
        ]
      }
    },
    {
      "type": "Feature",
      "properties": {
        "name": "GOBICHETTIPALAYAM",
        "brand": "Jio-bp",
        "brand_code": "JIOBP",
        "address": "No 19, Erode-Sathy Main Road, Gobichettipalayam",
        "state": "Tamil Nadu",
        "city": "Gobichettipalayam",
        "ro_code": "TNF021",
        "amenity": "fuel",
        "source": "jiobp.com"
      },
      "geometry": {
        "type": "Point",
        "coordinates": [
          77.442888889,
          11.455055556
        ]
      }
    },
    {
      "type": "Feature",
      "properties": {
        "name": "ABOHAR",
        "brand": "Jio-bp",
        "brand_code": "JIOBP",
        "address": "RELIANCE PETRO MARKETING PVT LTD, GANGANAGAR ROAD, VILLAGE ALAMGARH. DISTT FEROZPUR.  ABOHAR.RETAILOUTLET@RELPETROMAIL.COM",
        "state": "Punjab",
        "city": "ABOHAR",
        "ro_code": "PBT001",
        "amenity": "fuel",
        "source": "jiobp.com"
      },
      "geometry": {
        "type": "Point",
        "coordinates": [
          74.147111111,
          30.126527778
        ]
      }
    },
    {
      "type": "Feature",
      "properties": {
        "name": "PERUNDURAI FF",
        "brand": "Jio-bp",
        "brand_code": "JIOBP",
        "address": "S.No. 155/1, Perundurai Village & Taluk, Erode District - 638052",
        "state": "Tamil Nadu",
        "city": "Coimbatore",
        "ro_code": "TNF057",
        "amenity": "fuel",
        "source": "jiobp.com"
      },
      "geometry": {
        "type": "Point",
        "coordinates": [
          77.551147167,
          11.257258806
        ]
      }
    },
    {
      "type": "Feature",
      "properties": {
        "name": "DOHRIGHAT GORAKHPUR",
        "brand": "Jio-bp",
        "brand_code": "JIOBP",
        "address": "GONTHA DOHRIGHAT  VILLAGE GOTHA PAGRANA TEHIL GOSHI DIST. MAU UP 275303",
        "state": "Uttar Pradesh",
        "city": "",
        "ro_code": "UEF059",
        "amenity": "fuel",
        "source": "jiobp.com"
      },
      "geometry": {
        "type": "Point",
        "coordinates": [
          83.511704066,
          26.260993936
        ]
      }
    },
    {
      "type": "Feature",
      "properties": {
        "name": "GULBARGA TOWN",
        "brand": "Jio-bp",
        "brand_code": "JIOBP",
        "address": "RELIANCE PETRO MARKETING PVT. LTD.,RETAIL OUTLET, OLD NO. 126/1E, 126/1EE, SH-19,VILLAGESY.NO.126/3A:2A, KAPANOOR VILLAGE, OPP.GOVT. MILK DAIRY, TAL. and DIST. GULBARGA , KARNATAKA, PIN_CODE : 585103",
        "state": "Karnataka",
        "city": "GULBARGA",
        "ro_code": "KRF055",
        "amenity": "fuel",
        "source": "jiobp.com"
      },
      "geometry": {
        "type": "Point",
        "coordinates": [
          76.847083333,
          17.361027778
        ]
      }
    },
    {
      "type": "Feature",
      "properties": {
        "name": "BIDAR HOSPET",
        "brand": "Jio-bp",
        "brand_code": "JIOBP",
        "address": "M/S VEERABHADRESHWAR PETROLEUM, MUNICIPAL NO 8-9-173,173/1,173/2,173/4,8-9-130, 130A,130/B,130/C AT GULLAR HAVELI VILLAGE,OPP. AKKAMAHADEVI COLLEGE, UDGIR ROAD, BIDAR  585401",
        "state": "Karnataka",
        "city": "",
        "ro_code": "KRF066",
        "amenity": "fuel",
        "source": "jiobp.com"
      },
      "geometry": {
        "type": "Point",
        "coordinates": [
          77.527278568,
          17.909489132
        ]
      }
    },
    {
      "type": "Feature",
      "properties": {
        "name": "Kheda (Nadiad Dabhan)",
        "brand": "Jio-bp",
        "brand_code": "JIOBP",
        "address": "SY NO. 515, OPP. UNITY PETROL PUMP, NEAR DABHAN BUS STOP, VILL : DABHAN,  387320",
        "state": "Gujarat",
        "city": "DABHAN",
        "ro_code": "GJF185",
        "amenity": "fuel",
        "source": "jiobp.com"
      },
      "geometry": {
        "type": "Point",
        "coordinates": [
          72.813220641,
          22.709028764
        ]
      }
    },
    {
      "type": "Feature",
      "properties": {
        "name": "KHURDA TS",
        "brand": "Jio-bp",
        "brand_code": "JIOBP",
        "address": "MOUZA MUKUNDA PRASAD, PLOT NO 31/A, INDUSTRIAL AREA, NH-5, KHURDA",
        "state": "Odisha",
        "city": "KHURDA",
        "ro_code": "ORT003",
        "amenity": "fuel",
        "source": "jiobp.com"
      },
      "geometry": {
        "type": "Point",
        "coordinates": [
          85.6401333333,
          20.1762805556
        ]
      }
    },
    {
      "type": "Feature",
      "properties": {
        "name": "NIMAPARA",
        "brand": "Jio-bp",
        "brand_code": "JIOBP",
        "address": "Reliance Petrol Pump,MOUZA ANDHIA,P.S.NIMAPARA,P.S.NO.89, DISTRICT: PURI, ORISSA - 752106",
        "state": "Odisha",
        "city": "NIMAPARA",
        "ro_code": "ORF014",
        "amenity": "fuel",
        "source": "jiobp.com"
      },
      "geometry": {
        "type": "Point",
        "coordinates": [
          85.994046292,
          20.06633018
        ]
      }
    },
    {
      "type": "Feature",
      "properties": {
        "name": "BUNDU JAMSHEDPUR",
        "brand": "Jio-bp",
        "brand_code": "JIOBP",
        "address": "KHATA NO.25,PLOT NO.-901 A, PS NO.297,SITUATE AT P.S-TAMAR, MOUZA-MURPA,TAMAR,DIST-RANCHI, BUNDU",
        "state": "Jharkhand",
        "city": "BUNDU",
        "ro_code": "JHF027",
        "amenity": "fuel",
        "source": "jiobp.com"
      },
      "geometry": {
        "type": "Point",
        "coordinates": [
          85.598330069,
          23.161797205
        ]
      }
    },
    {
      "type": "Feature",
      "properties": {
        "name": "PALAMNER FF",
        "brand": "Jio-bp",
        "brand_code": "JIOBP",
        "address": "NH4,MILE STONE:198,NAGAMANGALAM VILLAGE , CATTEL FARM POST, PALAMNERU, CHITTOOR DISTRICT, A.P  517408",
        "state": "Andhra Pradesh",
        "city": "",
        "ro_code": "APF027",
        "amenity": "fuel",
        "source": "jiobp.com"
      },
      "geometry": {
        "type": "Point",
        "coordinates": [
          78.717275,
          13.20005
        ]
      }
    },
    {
      "type": "Feature",
      "properties": {
        "name": "BHANGARUPALAYAM",
        "brand": "Jio-bp",
        "brand_code": "JIOBP",
        "address": "RELIANCE RETAIL OUTLET , NH4, MILE STONE:174/2, VILLAGE JAMBUVARI PALLI,POST. BANGARUPALEM,CHITTOOR DISTRICT,A.P  517416",
        "state": "Andhra Pradesh",
        "city": "PALAMNER",
        "ro_code": "APT016",
        "amenity": "fuel",
        "source": "jiobp.com"
      },
      "geometry": {
        "type": "Point",
        "coordinates": [
          78.923742435,
          13.198848712
        ]
      }
    },
    {
      "type": "Feature",
      "properties": {
        "name": "PINDWARA UDAIPUR",
        "brand": "Jio-bp",
        "brand_code": "JIOBP",
        "address": "KHASRA 2049 NH14 ANU ROAD SIROHI VILLAGE JHADOLI LAND REVENUE INSPECTOR AREA and TEHSIL PINDWARA DISTT.SIROHI RAJASTHAN  307022",
        "state": "Rajasthan",
        "city": "UDAIPUR",
        "ro_code": "RJF134",
        "amenity": "fuel",
        "source": "jiobp.com"
      },
      "geometry": {
        "type": "Point",
        "coordinates": [
          73.056904198,
          24.796115545
        ]
      }
    },
    {
      "type": "Feature",
      "properties": {
        "name": "DAUSA TS",
        "brand": "Jio-bp",
        "brand_code": "JIOBP",
        "address": "CH -12 JAIPUR AGRA HIGHWAY PIPAL KHEDA DAUSA ( RAJ ) CH -12 JAIPUR( RAJ )PIN CODE : 321608",
        "state": "Rajasthan",
        "city": "",
        "ro_code": "RJT002",
        "amenity": "fuel",
        "source": "jiobp.com"
      },
      "geometry": {
        "type": "Point",
        "coordinates": [
          76.8379916667,
          26.998525
        ]
      }
    },
    {
      "type": "Feature",
      "properties": {
        "name": "SHIRUR",
        "brand": "Jio-bp",
        "brand_code": "JIOBP",
        "address": "HISSA NO 2, PLOT ADDRESS-SURVEY NO 1065-1-2 TAL- SHIRUR DIST- PUNE 412210",
        "state": "Maharashtra",
        "city": "",
        "ro_code": "MHF047",
        "amenity": "fuel",
        "source": "jiobp.com"
      },
      "geometry": {
        "type": "Point",
        "coordinates": [
          74.355111111,
          18.820361111
        ]
      }
    },
    {
      "type": "Feature",
      "properties": {
        "name": "HOJAI",
        "brand": "Jio-bp",
        "brand_code": "JIOBP",
        "address": "Perfect Service Station, Dag No381, 151(Part), 380(Part),Pat Vill-JantiaBasti,Mouza-Hojai,Dist-N Revenue Circle off - Hojai, Assam. Hojai - Nagaon-782435",
        "state": "Assam",
        "city": "",
        "ro_code": "ASR027",
        "amenity": "fuel",
        "source": "jiobp.com"
      },
      "geometry": {
        "type": "Point",
        "coordinates": [
          93.017478245,
          25.221285791
        ]
      }
    },
    {
      "type": "Feature",
      "properties": {
        "name": "BHIMAVARAM VIZAG",
        "brand": "Jio-bp",
        "brand_code": "JIOBP",
        "address": "RS NO.238/1,2,3 IN WARDE N LOCK 8 TS NO.19, GUNUPUDI VILLAGE,OPP.SWC GODOWNS,BHIMAVARAM,WEST GODAVARI ( DISTRICT)- 534203",
        "state": "Andhra Pradesh",
        "city": "BHIMAVARAM",
        "ro_code": "APF016",
        "amenity": "fuel",
        "source": "jiobp.com"
      },
      "geometry": {
        "type": "Point",
        "coordinates": [
          81.522933008,
          16.546101023
        ]
      }
    },
    {
      "type": "Feature",
      "properties": {
        "name": "BALACHERUVU VIZAG",
        "brand": "Jio-bp",
        "brand_code": "JIOBP",
        "address": "VINAYAKA ENERGIES, COLLECTOR OFFICE ROAD, KACHERI PETA, KAKINADA, EAST GODAVARI-DISTRICT  534001",
        "state": "Andhra Pradesh",
        "city": "VIZAG",
        "ro_code": "APF068",
        "amenity": "fuel",
        "source": "jiobp.com"
      },
      "geometry": {
        "type": "Point",
        "coordinates": [
          82.235858964,
          16.940242599
        ]
      }
    },
    {
      "type": "Feature",
      "properties": {
        "name": "CHOTISADARI ( CODO)",
        "brand": "Jio-bp",
        "brand_code": "JIOBP",
        "address": "GIRNAR FILLING STATION,SH 4, CH 60.9,VILLAGE-CHOTISADRI,CHOTISADRI NEEMUCH ROAD",
        "state": "Rajasthan",
        "city": "",
        "ro_code": "RJF048",
        "amenity": "fuel",
        "source": "jiobp.com"
      },
      "geometry": {
        "type": "Point",
        "coordinates": [
          74.704489104,
          24.390794472
        ]
      }
    },
    {
      "type": "Feature",
      "properties": {
        "name": "BANSWARA-II",
        "brand": "Jio-bp",
        "brand_code": "JIOBP",
        "address": "M/S PARAS PETROLEUM, SH4 MILE STONE 388, VILLAGE AUDHAJI KA PARDA, TALUKA BANSWARA, DISTRICT BANSWARA (RAJASTHAN)",
        "state": "Rajasthan",
        "city": "",
        "ro_code": "RJF059",
        "amenity": "fuel",
        "source": "jiobp.com"
      },
      "geometry": {
        "type": "Point",
        "coordinates": [
          74.432000678,
          23.540770669
        ]
      }
    },
    {
      "type": "Feature",
      "properties": {
        "name": "TRIVENI",
        "brand": "Jio-bp",
        "brand_code": "JIOBP",
        "address": "Reliance petrol pump, Khasra 518/150, Banjad Nahari, Village Barukheda",
        "state": "Rajasthan",
        "city": "TRIVENI",
        "ro_code": "RJF067",
        "amenity": "fuel",
        "source": "jiobp.com"
      },
      "geometry": {
        "type": "Point",
        "coordinates": [
          75.0379722,
          25.2461111
        ]
      }
    },
    {
      "type": "Feature",
      "properties": {
        "name": "SHAHPURA FF",
        "brand": "Jio-bp",
        "brand_code": "JIOBP",
        "address": "Khasra No 10266/5241 &10268/4995,Near Kalinjry Gate.Bijaynagar Road.",
        "state": "Rajasthan",
        "city": "Shahpur",
        "ro_code": "RJF139",
        "amenity": "fuel",
        "source": "jiobp.com"
      },
      "geometry": {
        "type": "Point",
        "coordinates": [
          74.927515442,
          25.634431075
        ]
      }
    },
    {
      "type": "Feature",
      "properties": {
        "name": "ETMADPUR",
        "brand": "Jio-bp",
        "brand_code": "JIOBP",
        "address": "SINGHAI PUMP, E - 361 - KAMLA NAGAR, KHATA KHATAUNI NO 115, ARAZI KHASRA NO 229 and 230, NAVALPAL, EDMADPUR, AGRA, UP 283202",
        "state": "Uttar Pradesh",
        "city": "",
        "ro_code": "UWF085",
        "amenity": "fuel",
        "source": "jiobp.com"
      },
      "geometry": {
        "type": "Point",
        "coordinates": [
          78.153570399,
          27.228888423
        ]
      }
    },
    {
      "type": "Feature",
      "properties": {
        "name": "CHAS",
        "brand": "Jio-bp",
        "brand_code": "JIOBP",
        "address": "NH-32, VILLAGE DEMODIH, POST OFFICE CHAS, DISTRICT: BOKARO",
        "state": "Jharkhand",
        "city": "CHAS",
        "ro_code": "JHF002",
        "amenity": "fuel",
        "source": "jiobp.com"
      },
      "geometry": {
        "type": "Point",
        "coordinates": [
          86.198305556,
          23.65125
        ]
      }
    },
    {
      "type": "Feature",
      "properties": {
        "name": "BARWADDA",
        "brand": "Jio-bp",
        "brand_code": "JIOBP",
        "address": "PLOT NO  443, 449, 460, TOPCHANCHI ANCHAL, DHANBAD",
        "state": "Jharkhand",
        "city": "Topchanchi Anchal ,Jharkhand",
        "ro_code": "JHT001",
        "amenity": "fuel",
        "source": "jiobp.com"
      },
      "geometry": {
        "type": "Point",
        "coordinates": [
          86.284,
          23.883416667
        ]
      }
    },
    {
      "type": "Feature",
      "properties": {
        "name": "ANKLESWAR TS",
        "brand": "Jio-bp",
        "brand_code": "JIOBP",
        "address": "RELIANCE RETAIL OUTLET OPP PANOLI INDUSTRIAL AREA, PLOT NO 204/205. NR.CHAINAGE 212, VILL.KAPODARA, ON NH #8. ANKLESHWAR - 393002 GUJARAT",
        "state": "Gujarat",
        "city": "ANKLESWAR",
        "ro_code": "GJT025",
        "amenity": "fuel",
        "source": "jiobp.com"
      },
      "geometry": {
        "type": "Point",
        "coordinates": [
          72.996779257,
          21.586556669
        ]
      }
    },
    {
      "type": "Feature",
      "properties": {
        "name": "PUNHANA GURGAON",
        "brand": "Jio-bp",
        "brand_code": "JIOBP",
        "address": "RAJAN FILLING CENTRE, KHEWAT /KHATTA NO- 81/105,MUSTIL NO- 51,KILLA NO 24/2/2(0-7),25(5-0),MUSTIL NO 53KILLA NO 4/2/2(0-1),5/1(1-6) VILLAGE PEMA KHERA TEHSIL ,HODAL ROAD PUNHANA, NEAR TELEPHONE EXCHANGE  PUNHANA, GURGAON DIST. - 122508",
        "state": "Haryana",
        "city": "",
        "ro_code": "HRF007",
        "amenity": "fuel",
        "source": "jiobp.com"
      },
      "geometry": {
        "type": "Point",
        "coordinates": [
          77.214538418,
          27.86319976
        ]
      }
    },
    {
      "type": "Feature",
      "properties": {
        "name": "GHATAMPUR FF",
        "brand": "Jio-bp",
        "brand_code": "JIOBP",
        "address": "VILL- SYONDHI LALAIPUR, NH-86, TEHSIL-GHATAMPUR, DISTT. KANPUR NAGAR  PIN CODE 209206",
        "state": "Uttar Pradesh",
        "city": "Ghatampur",
        "ro_code": "UEF022",
        "amenity": "fuel",
        "source": "jiobp.com"
      },
      "geometry": {
        "type": "Point",
        "coordinates": [
          80.1693333,
          26.1322222
        ]
      }
    },
    {
      "type": "Feature",
      "properties": {
        "name": "BIDHNU",
        "brand": "Jio-bp",
        "brand_code": "JIOBP",
        "address": "ARAJI NO. 711,VILLAGE MAGRASA, KANPUR NAGAR.  NH-86, M.S. 15  KANPUR  BIDHNU 209214",
        "state": "Uttar Pradesh",
        "city": "",
        "ro_code": "UEF037",
        "amenity": "fuel",
        "source": "jiobp.com"
      },
      "geometry": {
        "type": "Point",
        "coordinates": [
          80.304444444,
          26.353055556
        ]
      }
    },
    {
      "type": "Feature",
      "properties": {
        "name": "Angamally",
        "brand": "Jio-bp",
        "brand_code": "JIOBP",
        "address": "No, XVI / 331, NH Road, Karukkutty Village, Angamally, Ernakulam - 683576.",
        "state": "Kerala",
        "city": "ANGAMALLY",
        "ro_code": "KLF018",
        "amenity": "fuel",
        "source": "jiobp.com"
      },
      "geometry": {
        "type": "Point",
        "coordinates": [
          76.377469031,
          10.219423051
        ]
      }
    },
    {
      "type": "Feature",
      "properties": {
        "name": "PALLIPORT COCHIN",
        "brand": "Jio-bp",
        "brand_code": "JIOBP",
        "address": "REVENUE SURVEY NO 250/2, KUZHUPPILY VILLAGE, TALUKA KOCHI, PALLIPORT, DISTRICT ERNAKULAM, KERALA 683515",
        "state": "Kerala",
        "city": "PALLIPORT",
        "ro_code": "KLF052",
        "amenity": "fuel",
        "source": "jiobp.com"
      },
      "geometry": {
        "type": "Point",
        "coordinates": [
          76.177908,
          10.173242
        ]
      }
    },
    {
      "type": "Feature",
      "properties": {
        "name": "BAREILLY TS",
        "brand": "Jio-bp",
        "brand_code": "JIOBP",
        "address": "CIVIL LINES,BAREILLY CITY,DISTT: BAREILLY, NH - 24, KHASRA NO.- 27M, 28, VILLAGE GAUSGANJ SARAI, TEHSIL FARIDPUR DISTT. BAREILLY ( U.P. )  PIN CODE 243001",
        "state": "Uttar Pradesh",
        "city": "",
        "ro_code": "UWT003",
        "amenity": "fuel",
        "source": "jiobp.com"
      },
      "geometry": {
        "type": "Point",
        "coordinates": [
          79.524377737,
          28.23491526
        ]
      }
    },
    {
      "type": "Feature",
      "properties": {
        "name": "KANNUR ROAD CALICUT",
        "brand": "Jio-bp",
        "brand_code": "JIOBP",
        "address": "Kannur Road Reliance Retail Outlet (KLF047),M/s. K. V. R. Auto Fuels,Near Koya Road, Puthiyangadi Village,Kozhikode District. PIN: 673021. Mr. Baiju: +919656090005.",
        "state": "Kerala",
        "city": "KANNUR",
        "ro_code": "KLF047",
        "amenity": "fuel",
        "source": "jiobp.com"
      },
      "geometry": {
        "type": "Point",
        "coordinates": [
          75.762073552,
          11.301635715
        ]
      }
    },
    {
      "type": "Feature",
      "properties": {
        "name": "KUNNAMANGALAM CALICUT",
        "brand": "Jio-bp",
        "brand_code": "JIOBP",
        "address": "SURVEY NO: 291/1, 291/2 ON NH 212, MURIYANAL, KUNNAMANGALAM, CALICUT",
        "state": "Kerala",
        "city": "KUNNAMANGALAM",
        "ro_code": "KLF078",
        "amenity": "fuel",
        "source": "jiobp.com"
      },
      "geometry": {
        "type": "Point",
        "coordinates": [
          75.807169465,
          11.289252407
        ]
      }
    },
    {
      "type": "Feature",
      "properties": {
        "name": "THAMARSSERY CALICUT",
        "brand": "Jio-bp",
        "brand_code": "JIOBP",
        "address": "Tamarassery Reliance Retail Outlet (KLF082),M/s. Arayakkool Petroleum Agencies, Koyilandy Road, SH - 34, Thamarasserry,  Kozhikode District. PIN: 673573.Mr. Gangadharan: +919747345436",
        "state": "Kerala",
        "city": "THAMARSSERY",
        "ro_code": "KLF082",
        "amenity": "fuel",
        "source": "jiobp.com"
      },
      "geometry": {
        "type": "Point",
        "coordinates": [
          75.936062428,
          11.421480903
        ]
      }
    },
    {
      "type": "Feature",
      "properties": {
        "name": "DHANI FF",
        "brand": "Jio-bp",
        "brand_code": "JIOBP",
        "address": "NH-3, VILL - CHIKTIYABAD, A.B. ROAD, THESIL -DHARAMPURI , DIST - DHAR  454752",
        "state": "Madhya Pradesh",
        "city": "",
        "ro_code": "MPF005",
        "amenity": "fuel",
        "source": "jiobp.com"
      },
      "geometry": {
        "type": "Point",
        "coordinates": [
          75.495,
          22.289916667
        ]
      }
    },
    {
      "type": "Feature",
      "properties": {
        "name": "ALAMGIR LUDHIANA",
        "brand": "Jio-bp",
        "brand_code": "JIOBP",
        "address": "RELIANCE PETRO MARKETING PVT LTD, VILLAGE RANIA, PO SANGOWAL, SH #11, LUDHIANA MALERKOTLA ROAD, LUDHIANA.",
        "state": "Punjab",
        "city": "",
        "ro_code": "PBF101",
        "amenity": "fuel",
        "source": "jiobp.com"
      },
      "geometry": {
        "type": "Point",
        "coordinates": [
          75.8672360071,
          30.8201296797
        ]
      }
    },
    {
      "type": "Feature",
      "properties": {
        "name": "LALITPUR-SAGAR ROAD",
        "brand": "Jio-bp",
        "brand_code": "JIOBP",
        "address": "Lalitpur, Dist. Sagar, UP-284403",
        "state": "Uttar Pradesh",
        "city": "",
        "ro_code": "UEF091",
        "amenity": "fuel",
        "source": "jiobp.com"
      },
      "geometry": {
        "type": "Point",
        "coordinates": [
          78.442054467,
          24.61254865
        ]
      }
    },
    {
      "type": "Feature",
      "properties": {
        "name": "GOLAI CHOWK",
        "brand": "Jio-bp",
        "brand_code": "JIOBP",
        "address": "MOUZA KHANNAGAR, TEHSIL and DISTRICT: BALASORE",
        "state": "Odisha",
        "city": "",
        "ro_code": "ORF015",
        "amenity": "fuel",
        "source": "jiobp.com"
      },
      "geometry": {
        "type": "Point",
        "coordinates": [
          86.8635388889,
          21.45315
        ]
      }
    },
    {
      "type": "Feature",
      "properties": {
        "name": "BORDI BHAVNAGAR",
        "brand": "Jio-bp",
        "brand_code": "JIOBP",
        "address": "SURVEY NO 135/P/3, VILLAGE BORDI",
        "state": "Gujarat",
        "city": "BORDI",
        "ro_code": "GJR095",
        "amenity": "fuel",
        "source": "jiobp.com"
      },
      "geometry": {
        "type": "Point",
        "coordinates": [
          71.698167,
          21.206278
        ]
      }
    },
    {
      "type": "Feature",
      "properties": {
        "name": "METTUPALAYAM ( FF)",
        "brand": "Jio-bp",
        "brand_code": "JIOBP",
        "address": "S No. 720/1A1, Karamadai Village, Kuttaiyur,",
        "state": "Tamil Nadu",
        "city": "Coimbatore",
        "ro_code": "TNF060",
        "amenity": "fuel",
        "source": "jiobp.com"
      },
      "geometry": {
        "type": "Point",
        "coordinates": [
          76.947694444,
          11.279166667
        ]
      }
    },
    {
      "type": "Feature",
      "properties": {
        "name": "Coimbatore TS",
        "brand": "Jio-bp",
        "brand_code": "JIOBP",
        "address": "Survey No. 564/3 A1  and  265/1, Ettimadai Village,",
        "state": "Tamil Nadu",
        "city": "",
        "ro_code": "TNT020",
        "amenity": "fuel",
        "source": "jiobp.com"
      },
      "geometry": {
        "type": "Point",
        "coordinates": [
          76.88278,
          10.8675
        ]
      }
    },
    {
      "type": "Feature",
      "properties": {
        "name": "Lucknow Transport Nagar",
        "brand": "Jio-bp",
        "brand_code": "JIOBP",
        "address": "PLOT E-114A, PHASE-1, TRANSPORT NAGER, KANPUR ROAD, LUCKNOW, UP 226012",
        "state": "Uttar Pradesh",
        "city": "Lucknow",
        "ro_code": "UEF159",
        "amenity": "fuel",
        "source": "jiobp.com"
      },
      "geometry": {
        "type": "Point",
        "coordinates": [
          80.894007,
          26.779428
        ]
      }
    },
    {
      "type": "Feature",
      "properties": {
        "name": "KURNOOL HIGHWAY FF",
        "brand": "Jio-bp",
        "brand_code": "JIOBP",
        "address": "SUEVEY NO 327, MILE STONE 199.2, NH7 PULLURU VILLAGE MANOPAD MANDAL, MAHABUB NAGAR- 509153",
        "state": "Telangana",
        "city": "KURNOOL",
        "ro_code": "APF045",
        "amenity": "fuel",
        "source": "jiobp.com"
      },
      "geometry": {
        "type": "Point",
        "coordinates": [
          78.0177778,
          15.9041667
        ]
      }
    },
    {
      "type": "Feature",
      "properties": {
        "name": "ATMAKUR FF",
        "brand": "Jio-bp",
        "brand_code": "JIOBP",
        "address": "SURVEY NO 889/B/2 and 890/2 MILE STONE 62.8 ON SH-50 VILLAGE : ATMAKUR,POST : ATMAKUR,DIST : KURNOOL, KG ROAD, ATMAKUR- 518422",
        "state": "Andhra Pradesh",
        "city": "ATMAKUR",
        "ro_code": "APF060",
        "amenity": "fuel",
        "source": "jiobp.com"
      },
      "geometry": {
        "type": "Point",
        "coordinates": [
          78.571654576,
          15.869511622
        ]
      }
    },
    {
      "type": "Feature",
      "properties": {
        "name": "IZZATNAGAR FF",
        "brand": "Jio-bp",
        "brand_code": "JIOBP",
        "address": "COL. VIRESH KUMAR27,KRISHNANCHAL HOUSING SOCIETY,MODEL TOWN,BAREILLY SH-37, MILESTONE 10, DOHNA PITAM RAI, NAINITAL ROAD, IZZATNAGAR, BAREILY (UP)  PIN CODE 243202",
        "state": "Uttar Pradesh",
        "city": "Izzatnagar",
        "ro_code": "UWF013",
        "amenity": "fuel",
        "source": "jiobp.com"
      },
      "geometry": {
        "type": "Point",
        "coordinates": [
          79.43275,
          28.434777778
        ]
      }
    },
    {
      "type": "Feature",
      "properties": {
        "name": "BAHERI BAREILLY",
        "brand": "Jio-bp",
        "brand_code": "JIOBP",
        "address": "Bareilly  -  Baheri  Road, (SH-37)Near Mile Stone 47  Vill.  Shekhpur, Tehsil - Baheri  BAREILLY",
        "state": "Uttar Pradesh",
        "city": "",
        "ro_code": "UWF014",
        "amenity": "fuel",
        "source": "jiobp.com"
      },
      "geometry": {
        "type": "Point",
        "coordinates": [
          79.500124547,
          28.777530576
        ]
      }
    },
    {
      "type": "Feature",
      "properties": {
        "name": "PILIBHIT BAREILLY",
        "brand": "Jio-bp",
        "brand_code": "JIOBP",
        "address": "M/S NIVESHA AUTOMOBILES,SH-29, NEAR MS 381, BAREILLY RD, PAKARIA, NAVGAWAN, KHASARA NO 457/1/2, PAKERIA, NAUGAWAN CHAK MUSTAKIL BAHAR CHUNGI,  VILL: PAKARIYA NAUGANWA, TEHSIL- PILIBHIT,DISTT-PILIBHIT UP 262001.",
        "state": "Uttar Pradesh",
        "city": "",
        "ro_code": "UWF074",
        "amenity": "fuel",
        "source": "jiobp.com"
      },
      "geometry": {
        "type": "Point",
        "coordinates": [
          79.804085619,
          28.627318399
        ]
      }
    },
    {
      "type": "Feature",
      "properties": {
        "name": "SEHORE CITY",
        "brand": "Jio-bp",
        "brand_code": "JIOBP",
        "address": "M/s Gainwell Agents Pvt. Ltd., Survey No 123/2/2 and 123/2/3 and 123/3/2 and123/3/3, Vill Chhawni, Distt Sihore 466116",
        "state": "Madhya Pradesh",
        "city": "SEHORE",
        "ro_code": "MPF049",
        "amenity": "fuel",
        "source": "jiobp.com"
      },
      "geometry": {
        "type": "Point",
        "coordinates": [
          77.071645004,
          23.191880099
        ]
      }
    },
    {
      "type": "Feature",
      "properties": {
        "name": "DALKHOLA TS",
        "brand": "Jio-bp",
        "brand_code": "JIOBP",
        "address": "NH-31, VILLAGE BASTADANGI, PS KANKI, POST OFFICE SIMULIADALTON, DISTRICT: UTTAR DINAJPUR",
        "state": "West Bengal",
        "city": "DALKHOLA",
        "ro_code": "WBT012",
        "amenity": "fuel",
        "source": "jiobp.com"
      },
      "geometry": {
        "type": "Point",
        "coordinates": [
          87.839333333,
          25.92475
        ]
      }
    },
    {
      "type": "Feature",
      "properties": {
        "name": "GIDDARBAHA FF",
        "brand": "Jio-bp",
        "brand_code": "JIOBP",
        "address": "RELIANCE PETRO MARKETING PVT LTD, MALOUT ROAD, VILLAGE HUSNER, GIDDERBAHA. DISTT MUKTSAR  GIDDERBAHA.RETAILOUTLET@RELPETROMAIL.COM",
        "state": "Punjab",
        "city": "GIDDARBAHA",
        "ro_code": "PBF054",
        "amenity": "fuel",
        "source": "jiobp.com"
      },
      "geometry": {
        "type": "Point",
        "coordinates": [
          74.618472222,
          30.212888889
        ]
      }
    },
    {
      "type": "Feature",
      "properties": {
        "name": "RAMPURA PHUL",
        "brand": "Jio-bp",
        "brand_code": "JIOBP",
        "address": "RAMPURA PHUL DISTT BATHINDA ( PUNJAB)",
        "state": "Punjab",
        "city": "RAMPURA",
        "ro_code": "PBF036",
        "amenity": "fuel",
        "source": "jiobp.com"
      },
      "geometry": {
        "type": "Point",
        "coordinates": [
          75.250138889,
          30.262638889
        ]
      }
    },
    {
      "type": "Feature",
      "properties": {
        "name": "DABWALI ROAD BHATINDA",
        "brand": "Jio-bp",
        "brand_code": "JIOBP",
        "address": "VILL JODHPUR ROMANA DISTT BATHINDA NH 64  DABWALIROAD.RETAILOUTLET@RELPETROMAIL.COM",
        "state": "Punjab",
        "city": "DABWALI",
        "ro_code": "PBF050",
        "amenity": "fuel",
        "source": "jiobp.com"
      },
      "geometry": {
        "type": "Point",
        "coordinates": [
          74.930276183,
          30.176334061
        ]
      }
    },
    {
      "type": "Feature",
      "properties": {
        "name": "TALWANDI SABO BATHINDA",
        "brand": "Jio-bp",
        "brand_code": "JIOBP",
        "address": "BATHINDA TALWANDI ROAD TALWANDI SABO DISTT BATHINDA ( PUNJAB)  TALWANDI.RETAILOUTLET@RELPETROMAIL.COM",
        "state": "Punjab",
        "city": "",
        "ro_code": "PBF007",
        "amenity": "fuel",
        "source": "jiobp.com"
      },
      "geometry": {
        "type": "Point",
        "coordinates": [
          75.090044036,
          29.988124561
        ]
      }
    },
    {
      "type": "Feature",
      "properties": {
        "name": "CHOPAN VARANASI",
        "brand": "Jio-bp",
        "brand_code": "JIOBP",
        "address": "VILL: CHOPAN, POST: CHOPAN,POLICE STATION: CHOPAN, DISTT.: SONEBHADRA.(U.P) 231205",
        "state": "Uttar Pradesh",
        "city": "",
        "ro_code": "UEF029",
        "amenity": "fuel",
        "source": "jiobp.com"
      },
      "geometry": {
        "type": "Point",
        "coordinates": [
          83.02285507,
          24.510495746
        ]
      }
    },
    {
      "type": "Feature",
      "properties": {
        "name": "Lilapur",
        "brand": "Jio-bp",
        "brand_code": "JIOBP",
        "address": "On NH-19, Near M.S 840, Khasra No. 836, Khatauni No. 290, Village -  Nirvan, Mauza - Barthi Kamraur, Taluka - Chandauli , Police Station - Chandauli, Near Railway Station - Mugal Sarai, Distt - Chandauli, State - U.P",
        "state": "Uttar Pradesh",
        "city": "",
        "ro_code": "UEF098",
        "amenity": "fuel",
        "source": "jiobp.com"
      },
      "geometry": {
        "type": "Point",
        "coordinates": [
          83.351689,
          25.248576
        ]
      }
    },
    {
      "type": "Feature",
      "properties": {
        "name": "CHIKLI(REV 01)(NAVSARI)",
        "brand": "Jio-bp",
        "brand_code": "JIOBP",
        "address": "RELIANCE PETROL PUMP M/S MONIL PETROLEUMSURVEY NO 677/8 P, 664, JUNA HIGHWAY, CHIKLI TOWN,DISTT NAVSARI. THALA CHIKLI - 396521.",
        "state": "Gujarat",
        "city": "",
        "ro_code": "GJF028",
        "amenity": "fuel",
        "source": "jiobp.com"
      },
      "geometry": {
        "type": "Point",
        "coordinates": [
          73.065644627,
          20.780097471
        ]
      }
    },
    {
      "type": "Feature",
      "properties": {
        "name": "SILVASSA SURAT",
        "brand": "Jio-bp",
        "brand_code": "JIOBP",
        "address": "RELIANCE PETROL PUMP M/S.BHAVYA PETROLUEM SURVEY NO 35/1/1, VILL MASAT, SILVASSA KHANVEL MAIN RD, OPP GULF OIL FACTORY, SILVASSA - 396230",
        "state": "Dadra & Nagar Haveli",
        "city": "SILVASSA",
        "ro_code": "GJF040",
        "amenity": "fuel",
        "source": "jiobp.com"
      },
      "geometry": {
        "type": "Point",
        "coordinates": [
          73.015704388,
          20.238781635
        ]
      }
    },
    {
      "type": "Feature",
      "properties": {
        "name": "SILVASSA-NALI SURAT",
        "brand": "Jio-bp",
        "brand_code": "JIOBP",
        "address": "SURVEY NO 15/1, SILVASA NAROLI MAIN ROAD",
        "state": "Dadra & Nagar Haveli",
        "city": "",
        "ro_code": "GJF210",
        "amenity": "fuel",
        "source": "jiobp.com"
      },
      "geometry": {
        "type": "Point",
        "coordinates": [
          73.000270088,
          20.268227938
        ]
      }
    },
    {
      "type": "Feature",
      "properties": {
        "name": "BHAVANI COIMBATORE",
        "brand": "Jio-bp",
        "brand_code": "JIOBP",
        "address": "No: 85/36D,85/36E, Erode Main Road, Mettunasuvam Palayam,",
        "state": "Tamil Nadu",
        "city": "COIMBATORE",
        "ro_code": "TNF058",
        "amenity": "fuel",
        "source": "jiobp.com"
      },
      "geometry": {
        "type": "Point",
        "coordinates": [
          77.683329685,
          11.442240487
        ]
      }
    },
    {
      "type": "Feature",
      "properties": {
        "name": "SARANGPUR",
        "brand": "Jio-bp",
        "brand_code": "JIOBP",
        "address": "Reliance Petrol Pump, Sajapur Sarangpur Road, Old NH 3 Village Gopalura, Sarangpur dist.Rajgarh",
        "state": "Madhya Pradesh",
        "city": "",
        "ro_code": "MPF012",
        "amenity": "fuel",
        "source": "jiobp.com"
      },
      "geometry": {
        "type": "Point",
        "coordinates": [
          76.469151542,
          23.573171125
        ]
      }
    },
    {
      "type": "Feature",
      "properties": {
        "name": "BATHA INDORE",
        "brand": "Jio-bp",
        "brand_code": "JIOBP",
        "address": "KHASRA NO 485/2, VILLAGE BAROTHA, DIST DEWAS, MP-455112",
        "state": "Madhya Pradesh",
        "city": "BATHA",
        "ro_code": "MPR004",
        "amenity": "fuel",
        "source": "jiobp.com"
      },
      "geometry": {
        "type": "Point",
        "coordinates": [
          76.183333333,
          22.85
        ]
      }
    },
    {
      "type": "Feature",
      "properties": {
        "name": "INDORE 2 TS",
        "brand": "Jio-bp",
        "brand_code": "JIOBP",
        "address": "NH-3, VILLAGE LASUDIA PARMAR, OPP. HPC BOTTLING PLANT, TEHSIL-SANVER, AB ROAD, INDORE,  453771",
        "state": "Madhya Pradesh",
        "city": "INDORE",
        "ro_code": "MPT003",
        "amenity": "fuel",
        "source": "jiobp.com"
      },
      "geometry": {
        "type": "Point",
        "coordinates": [
          75.943677679,
          22.841823732
        ]
      }
    },
    {
      "type": "Feature",
      "properties": {
        "name": "KODINAR BHAVNAGAR",
        "brand": "Jio-bp",
        "brand_code": "JIOBP",
        "address": "UNA VERAVAL ROAD SHIVALAYA COMPLEX, CHHARA ZAPA, KODINAR, DISTRICT JUNAGADH, GUJARAT  362720",
        "state": "Gujarat",
        "city": "KODINAR",
        "ro_code": "GJF187",
        "amenity": "fuel",
        "source": "jiobp.com"
      },
      "geometry": {
        "type": "Point",
        "coordinates": [
          70.698475442,
          20.793749687
        ]
      }
    },
    {
      "type": "Feature",
      "properties": {
        "name": "MANDVI (DODO)",
        "brand": "Jio-bp",
        "brand_code": "JIOBP",
        "address": "SURVEY NO:368/P, ON NH-8A EXT, MUNDRA ROAD, VILLAGE: MASKA, TAL: MANDVI, DIST: KUTCH  370465",
        "state": "Gujarat",
        "city": "",
        "ro_code": "GJF135",
        "amenity": "fuel",
        "source": "jiobp.com"
      },
      "geometry": {
        "type": "Point",
        "coordinates": [
          69.368471983,
          22.839480188
        ]
      }
    },
    {
      "type": "Feature",
      "properties": {
        "name": "Anjar",
        "brand": "Jio-bp",
        "brand_code": "JIOBP",
        "address": "SURVEY NO. 60/1, MEGAPAR BORICHI, TAL: ANJAR - KUTCH  ,DISTRICT : KUTCH , 370110",
        "state": "Gujarat",
        "city": "",
        "ro_code": "GJF199",
        "amenity": "fuel",
        "source": "jiobp.com"
      },
      "geometry": {
        "type": "Point",
        "coordinates": [
          70.079783462,
          23.094124228
        ]
      }
    },
    {
      "type": "Feature",
      "properties": {
        "name": "INDI HOSPET",
        "brand": "Jio-bp",
        "brand_code": "JIOBP",
        "address": "M/S GANGA PETROLEUM, DEALERS: RELIANCE INDUSTRIES LTD, (PETROLEUM BUSINESS) RETAIL OUTLET, TMC KHATA NO 1033/3 OF INDI VILLAGE and HOBLI, INDI TALUK, BIJAPUR DIST.  586209",
        "state": "Karnataka",
        "city": "",
        "ro_code": "KRF121",
        "amenity": "fuel",
        "source": "jiobp.com"
      },
      "geometry": {
        "type": "Point",
        "coordinates": [
          75.952513152,
          17.180737501
        ]
      }
    },
    {
      "type": "Feature",
      "properties": {
        "name": "Gozaria",
        "brand": "Jio-bp",
        "brand_code": "JIOBP",
        "address": "SURVEY NO.1597/399/ PAIKI, KM STONE NO.32, SH 71,  GANDHINAGAR GOZARIA HIGHWAY, VILLAGE GOZARIA, TALUKA-DIST. MEHSANA.GUJ-382825",
        "state": "Gujarat",
        "city": "GOZARIA",
        "ro_code": "GJF114",
        "amenity": "fuel",
        "source": "jiobp.com"
      },
      "geometry": {
        "type": "Point",
        "coordinates": [
          72.568731813,
          23.469270891
        ]
      }
    },
    {
      "type": "Feature",
      "properties": {
        "name": "MORADABAD1",
        "brand": "Jio-bp",
        "brand_code": "JIOBP",
        "address": "NH-24 Village Dilari opp chandra Dhaba , Dalpatpur Moradabad",
        "state": "Uttar Pradesh",
        "city": "Moradabad",
        "ro_code": "UWF001",
        "amenity": "fuel",
        "source": "jiobp.com"
      },
      "geometry": {
        "type": "Point",
        "coordinates": [
          78.928530214,
          28.807678584
        ]
      }
    },
    {
      "type": "Feature",
      "properties": {
        "name": "MEHSANA",
        "brand": "Jio-bp",
        "brand_code": "JIOBP",
        "address": "SURVEY NO:342, VILLAGE:SOBHASAN TAL:MEHSANA,     DIST:MEHSANA  384002",
        "state": "Gujarat",
        "city": "Mehsana",
        "ro_code": "GJF149",
        "amenity": "fuel",
        "source": "jiobp.com"
      },
      "geometry": {
        "type": "Point",
        "coordinates": [
          72.379344653,
          23.548183605
        ]
      }
    },
    {
      "type": "Feature",
      "properties": {
        "name": "MANDI DHANAURA",
        "brand": "Jio-bp",
        "brand_code": "JIOBP",
        "address": "SH-51,Mandi dhanora , Distt-Amroha",
        "state": "Uttar Pradesh",
        "city": "",
        "ro_code": "UWF011",
        "amenity": "fuel",
        "source": "jiobp.com"
      },
      "geometry": {
        "type": "Point",
        "coordinates": [
          78.253689043,
          28.960281532
        ]
      }
    },
    {
      "type": "Feature",
      "properties": {
        "name": "MAWANA DEHRADUN",
        "brand": "Jio-bp",
        "brand_code": "JIOBP",
        "address": "Kashra No. 2282, On Meerut - Mawana Road, (SH - 47), Village - Mawani Kalan - I, Taluka (Teh.) Mawana, District: MEERUT, State: Uttar Pradesh - 250402",
        "state": "Uttar Pradesh",
        "city": "",
        "ro_code": "UWF003",
        "amenity": "fuel",
        "source": "jiobp.com"
      },
      "geometry": {
        "type": "Point",
        "coordinates": [
          77.918997372,
          29.102831699
        ]
      }
    },
    {
      "type": "Feature",
      "properties": {
        "name": "BALESAR JODHPUR",
        "brand": "Jio-bp",
        "brand_code": "JIOBP",
        "address": "Khasra No. 821/1 on Jodhpur-Jaisalmer Road NH 125 village balesar Tehsil Shergarh Dist. Jodhpur",
        "state": "Rajasthan",
        "city": "NA",
        "ro_code": "RJF102",
        "amenity": "fuel",
        "source": "jiobp.com"
      },
      "geometry": {
        "type": "Point",
        "coordinates": [
          72.491529818,
          26.418580535
        ]
      }
    },
    {
      "type": "Feature",
      "properties": {
        "name": "JALORE JODHPUR",
        "brand": "Jio-bp",
        "brand_code": "JIOBP",
        "address": "KHASRA NO 2216 ADMEASURING 2.07 HECTARE SH31 JALORE BHINMAL RHS VILLAGE JAILORE CHAK NO 3 PATWAR AREA TEHSIL DISTT. JALORE RAJASTHAN",
        "state": "Rajasthan",
        "city": "JALORE",
        "ro_code": "RJF113",
        "amenity": "fuel",
        "source": "jiobp.com"
      },
      "geometry": {
        "type": "Point",
        "coordinates": [
          72.626446403,
          25.344984315
        ]
      }
    },
    {
      "type": "Feature",
      "properties": {
        "name": "MATA NA MADH TS",
        "brand": "Jio-bp",
        "brand_code": "JIOBP",
        "address": "MATA NA MADH RETAIL OUTLET.SURVEY NO. 455, P/248, VILL: VIGHODI, TAL: NAKHATARANA, DIS: KUTCH  370605",
        "state": "Gujarat",
        "city": "MATA NA MADH",
        "ro_code": "GJT021",
        "amenity": "fuel",
        "source": "jiobp.com"
      },
      "geometry": {
        "type": "Point",
        "coordinates": [
          69.078095114,
          23.512782996
        ]
      }
    },
    {
      "type": "Feature",
      "properties": {
        "name": "SALEM 1 ( TS )",
        "brand": "Jio-bp",
        "brand_code": "JIOBP",
        "address": "NH 7,SURVEY NO 200 - PANNAPATTI VILAGE and SURVEY NO 1 - THIMBUPADI VILLAGE,  POST-OMALUR,TALUK-OMATUR, DISTRICT SALEM 636305, TN",
        "state": "Tamil Nadu",
        "city": "",
        "ro_code": "TNT004",
        "amenity": "fuel",
        "source": "jiobp.com"
      },
      "geometry": {
        "type": "Point",
        "coordinates": [
          78.064377657,
          11.824445148
        ]
      }
    },
    {
      "type": "Feature",
      "properties": {
        "name": "PALIA",
        "brand": "Jio-bp",
        "brand_code": "JIOBP",
        "address": "KHAIRA FILLING STATION SH 25 BHIRA ROAD, PALIA KALA DIST LAKHIMPUR KHERI 262902",
        "state": "Uttar Pradesh",
        "city": "",
        "ro_code": "UEF018",
        "amenity": "fuel",
        "source": "jiobp.com"
      },
      "geometry": {
        "type": "Point",
        "coordinates": [
          80.566916667,
          28.418972222
        ]
      }
    },
    {
      "type": "Feature",
      "properties": {
        "name": "HARDOI-I LACKNOW",
        "brand": "Jio-bp",
        "brand_code": "JIOBP",
        "address": "BALAJI FILLING STATION,PLOT NO. 313, 314 and 316.NEAR MANDI,LUCKNOW ROAD VILLAGE - BEHATA CHAND, TEHSIL and PARGANA - GOPALAMAU, DISTT: HARDOI-U.P. 241001",
        "state": "Uttar Pradesh",
        "city": "",
        "ro_code": "UEF034",
        "amenity": "fuel",
        "source": "jiobp.com"
      },
      "geometry": {
        "type": "Point",
        "coordinates": [
          80.13884199,
          27.388000342
        ]
      }
    },
    {
      "type": "Feature",
      "properties": {
        "name": "LAKHIMPUR LACKNOW",
        "brand": "Jio-bp",
        "brand_code": "JIOBP",
        "address": "SITAPUR BY PASS ROAD ,NEAR KESHWANI BRICK FIELD MILE STONE 57, SH 21, VILLAGE - RAJAPUR, PARAGANA and TEHSIL - LAKHIMPUR, DISTT: KHERI, U.P. 262701",
        "state": "Uttar Pradesh",
        "city": "",
        "ro_code": "UEF089",
        "amenity": "fuel",
        "source": "jiobp.com"
      },
      "geometry": {
        "type": "Point",
        "coordinates": [
          80.778421058,
          27.945165334
        ]
      }
    },
    {
      "type": "Feature",
      "properties": {
        "name": "JALALABAD LUCKNOW",
        "brand": "Jio-bp",
        "brand_code": "JIOBP",
        "address": "M/S GOPALJI FILLING STATION VILLAGE YAKUBPUR PARGANA TEHSIL JALALABAD DIST.  SHAHJAHANPUR UP 242221",
        "state": "Uttar Pradesh",
        "city": "",
        "ro_code": "UWF067",
        "amenity": "fuel",
        "source": "jiobp.com"
      },
      "geometry": {
        "type": "Point",
        "coordinates": [
          79.651812017,
          27.70503823
        ]
      }
    },
    {
      "type": "Feature",
      "properties": {
        "name": "LATUR1",
        "brand": "Jio-bp",
        "brand_code": "JIOBP",
        "address": "SURVEY NO 12 GATE NO 14 NEAR RAJIV GANDHI CHOWK, AUSA ROAD MOJEWASANGAON  LATUR 413512",
        "state": "Maharashtra",
        "city": "",
        "ro_code": "MHC044",
        "amenity": "fuel",
        "source": "jiobp.com"
      },
      "geometry": {
        "type": "Point",
        "coordinates": [
          76.558501015,
          18.377480204
        ]
      }
    },
    {
      "type": "Feature",
      "properties": {
        "name": "DHUBAD",
        "brand": "Jio-bp",
        "brand_code": "JIOBP",
        "address": "MSH 2 HINGOLI NANDED ROAD DIST NANDED GAT NO 212,NANDED-HINGOLI ROAD, VILLAGE DHABAD  TAHSIL :ARDHAPUR,DIST : NANDED 431704",
        "state": "Maharashtra",
        "city": "Nanded",
        "ro_code": "MHF069",
        "amenity": "fuel",
        "source": "jiobp.com"
      },
      "geometry": {
        "type": "Point",
        "coordinates": [
          77.355284206,
          19.234119578
        ]
      }
    },
    {
      "type": "Feature",
      "properties": {
        "name": "CHAGOLIA",
        "brand": "Jio-bp",
        "brand_code": "JIOBP",
        "address": "ON NH31,CHAINAGE 819.3, VILL:CHAGOLIA PART-II,PS:AGAMANI, DIST:DHUBRI, ASSAM, CHAGOLIA",
        "state": "Assam",
        "city": "",
        "ro_code": "ASF003",
        "amenity": "fuel",
        "source": "jiobp.com"
      },
      "geometry": {
        "type": "Point",
        "coordinates": [
          89.765311605,
          26.302523062
        ]
      }
    },
    {
      "type": "Feature",
      "properties": {
        "name": "RAJNAGAR (RAJSAMAND) [DOD",
        "brand": "Jio-bp",
        "brand_code": "JIOBP",
        "address": "KHASRA NO 1289, NH8, MILE STONE 207, VILLAGE RAJNAGAR, (LHS AJMER TO UDAIPUR ) NEAR RAMESHWAR MAHADEV TEHSIL and DISTT. RAJSAMAND RAJASTHAN  - 313326",
        "state": "Rajasthan",
        "city": "",
        "ro_code": "RJF052",
        "amenity": "fuel",
        "source": "jiobp.com"
      },
      "geometry": {
        "type": "Point",
        "coordinates": [
          73.858550902,
          25.052366027
        ]
      }
    },
    {
      "type": "Feature",
      "properties": {
        "name": "KESARIAJI",
        "brand": "Jio-bp",
        "brand_code": "JIOBP",
        "address": "KHASRA NO. - 230, 231 , LHS TOWARDS :- UDAIPUR , NH - 8 , VILLAGE :- THANA, TEHSIL :- RISHABDEO , DISTRICT:-  UDAIPUR  PIN CODE 313802",
        "state": "Rajasthan",
        "city": "",
        "ro_code": "RJF083",
        "amenity": "fuel",
        "source": "jiobp.com"
      },
      "geometry": {
        "type": "Point",
        "coordinates": [
          73.687222222,
          24.094777778
        ]
      }
    },
    {
      "type": "Feature",
      "properties": {
        "name": "ABU ROAD",
        "brand": "Jio-bp",
        "brand_code": "JIOBP",
        "address": "ADJOINING TO IOC RO, LHS TOWARDS :- PALANPUR-ABU ROAD , NH - 14 , VILLAGE :- AMBA JI INDUSTRIAL AREA , TEHSIL :- ABU ROAD , DISTRICT:- SIROHI  PIN CODE 307206",
        "state": "Rajasthan",
        "city": "",
        "ro_code": "RJF095",
        "amenity": "fuel",
        "source": "jiobp.com"
      },
      "geometry": {
        "type": "Point",
        "coordinates": [
          72.7035722222,
          24.4306111111
        ]
      }
    },
    {
      "type": "Feature",
      "properties": {
        "name": "SURAT 2",
        "brand": "Jio-bp",
        "brand_code": "JIOBP",
        "address": "Reliance Petrol Pump, Survey No 304/paiki 1, Ahmedabad to Mumbai Road(NH 8),Vejalpore, Taluka -Navsari, Dist ¿ Navsari, 396475",
        "state": "Gujarat",
        "city": "",
        "ro_code": "GJT002",
        "amenity": "fuel",
        "source": "jiobp.com"
      },
      "geometry": {
        "type": "Point",
        "coordinates": [
          72.988831694,
          21.097894217
        ]
      }
    },
    {
      "type": "Feature",
      "properties": {
        "name": "GARHWA JAMSHEDPUR",
        "brand": "Jio-bp",
        "brand_code": "JIOBP",
        "address": "PLOT NO-1242,KHATA-54,, 1243,KHATA-29, VILL-TANDWA,, ANCHAL and PS and DISTT - GARHWA, GARHWA",
        "state": "Jharkhand",
        "city": "GARHWA",
        "ro_code": "JHF033",
        "amenity": "fuel",
        "source": "jiobp.com"
      },
      "geometry": {
        "type": "Point",
        "coordinates": [
          83.811864562,
          24.164458942
        ]
      }
    },
    {
      "type": "Feature",
      "properties": {
        "name": "MANDU DHANBAD",
        "brand": "Jio-bp",
        "brand_code": "JIOBP",
        "address": "KHATA NO 20/11, PLOT NO 2323(P)",
        "state": "Jharkhand",
        "city": "MANDU",
        "ro_code": "JHF054",
        "amenity": "fuel",
        "source": "jiobp.com"
      },
      "geometry": {
        "type": "Point",
        "coordinates": [
          85.475650496,
          23.789258822
        ]
      }
    },
    {
      "type": "Feature",
      "properties": {
        "name": "Hariharganj",
        "brand": "Jio-bp",
        "brand_code": "JIOBP",
        "address": "Khata No-62, Plot no 11 and 12, NH139/NH98(Old), Village-Semarwar, Tehsil-Hariharganj, District-Palamu, Jharkhand-822131",
        "state": "Jharkhand",
        "city": "Hariharganj",
        "ro_code": "JHF057",
        "amenity": "fuel",
        "source": "jiobp.com"
      },
      "geometry": {
        "type": "Point",
        "coordinates": [
          84.2424,
          24.4976
        ]
      }
    },
    {
      "type": "Feature",
      "properties": {
        "name": "Rehala",
        "brand": "Jio-bp",
        "brand_code": "JIOBP",
        "address": "Plot No 843P, 844P, 845P, Khata No 163, 91, Mouza-Kadhwan, Bishrampur, Palamu, Jharkhand, 822124",
        "state": "Jharkhand",
        "city": "Rehala",
        "ro_code": "JHF089",
        "amenity": "fuel",
        "source": "jiobp.com"
      },
      "geometry": {
        "type": "Point",
        "coordinates": [
          83.959655,
          24.20189
        ]
      }
    },
    {
      "type": "Feature",
      "properties": {
        "name": "PUDUKOTTAI TRICHY",
        "brand": "Jio-bp",
        "brand_code": "JIOBP",
        "address": "TS No.5371/2 & 3Alangudy Road, Pudukottai,",
        "state": "Tamil Nadu",
        "city": "PUDUKOTTAI",
        "ro_code": "TNF074",
        "amenity": "fuel",
        "source": "jiobp.com"
      },
      "geometry": {
        "type": "Point",
        "coordinates": [
          78.822162307,
          10.379957495
        ]
      }
    },
    {
      "type": "Feature",
      "properties": {
        "name": "TRICHY 2 TS",
        "brand": "Jio-bp",
        "brand_code": "JIOBP",
        "address": "NH 45, SURVEY NO.205/_1B1, IRUNGALUR VILLAGE, MANACHANALLUR TALUKA.,CHENNAI-TRICHY HIGH ROAD, DISTRICT. TRICHY 621105",
        "state": "Tamil Nadu",
        "city": "",
        "ro_code": "TNT016",
        "amenity": "fuel",
        "source": "jiobp.com"
      },
      "geometry": {
        "type": "Point",
        "coordinates": [
          78.760191465,
          10.956858092
        ]
      }
    },
    {
      "type": "Feature",
      "properties": {
        "name": "TADA FF",
        "brand": "Jio-bp",
        "brand_code": "JIOBP",
        "address": "RELIANCE RETAIL OUTLET,NH5, ANDAGUNDALA VILLAGE, AKKAMPETA POST, TADA MANDAL NELLORE DISTRICT  524121",
        "state": "Andhra Pradesh",
        "city": "",
        "ro_code": "APF051",
        "amenity": "fuel",
        "source": "jiobp.com"
      },
      "geometry": {
        "type": "Point",
        "coordinates": [
          80.020278,
          13.631944
        ]
      }
    },
    {
      "type": "Feature",
      "properties": {
        "name": "NELLORE II TS",
        "brand": "Jio-bp",
        "brand_code": "JIOBP",
        "address": "MILE STONE 153/8,NH 5,VILLAGE:ANUPALLIPADU,POST_OFFICE : MANUBOLU,DISTRICT : NELLORE , ANDHRA PRADESH,  524405",
        "state": "Andhra Pradesh",
        "city": "",
        "ro_code": "APT011",
        "amenity": "fuel",
        "source": "jiobp.com"
      },
      "geometry": {
        "type": "Point",
        "coordinates": [
          79.911104015,
          14.300654624
        ]
      }
    },
    {
      "type": "Feature",
      "properties": {
        "name": "CHICHOLA",
        "brand": "Jio-bp",
        "brand_code": "JIOBP",
        "address": "GRAM CHIRCHARI NH6  DIST RAJNANDGAON 491557",
        "state": "Chattisgarh",
        "city": "",
        "ro_code": "CGF018",
        "amenity": "fuel",
        "source": "jiobp.com"
      },
      "geometry": {
        "type": "Point",
        "coordinates": [
          80.5799111111,
          21.0876083333
        ]
      }
    },
    {
      "type": "Feature",
      "properties": {
        "name": "BARNALA (SANGRUR)",
        "brand": "Jio-bp",
        "brand_code": "JIOBP",
        "address": "Raikot Road, Vill: Sangera, Disct - Barnala, SH - 13",
        "state": "Punjab",
        "city": "SANGRUR",
        "ro_code": "PBF029",
        "amenity": "fuel",
        "source": "jiobp.com"
      },
      "geometry": {
        "type": "Point",
        "coordinates": [
          75.566833333,
          30.412388889
        ]
      }
    },
    {
      "type": "Feature",
      "properties": {
        "name": "Mandla",
        "brand": "Jio-bp",
        "brand_code": "JIOBP",
        "address": "Patwari Halka No.28 Khasra No.148/1-ch148/1-gh,Binjia ,NH 12 A , Mandla-481661",
        "state": "Madhya Pradesh",
        "city": "MANDLA",
        "ro_code": "MPF099",
        "amenity": "fuel",
        "source": "jiobp.com"
      },
      "geometry": {
        "type": "Point",
        "coordinates": [
          80.370619837,
          22.603880975
        ]
      }
    },
    {
      "type": "Feature",
      "properties": {
        "name": "SHIRDI",
        "brand": "Jio-bp",
        "brand_code": "JIOBP",
        "address": "GUT NO-277, KALE VASTI, NEAR MSFC",
        "state": "Maharashtra",
        "city": "",
        "ro_code": "MHF024",
        "amenity": "fuel",
        "source": "jiobp.com"
      },
      "geometry": {
        "type": "Point",
        "coordinates": [
          74.469395062,
          19.773712329
        ]
      }
    },
    {
      "type": "Feature",
      "properties": {
        "name": "RAJPURA 2",
        "brand": "Jio-bp",
        "brand_code": "JIOBP",
        "address": "NH-1,Village:Darian,Post_office : Shambu,District : Patiala , Punjab, Pin_code : 140417",
        "state": "Punjab",
        "city": "Tehsil Rajpura",
        "ro_code": "PBT006",
        "amenity": "fuel",
        "source": "jiobp.com"
      },
      "geometry": {
        "type": "Point",
        "coordinates": [
          76.697388889,
          30.425
        ]
      }
    },
    {
      "type": "Feature",
      "properties": {
        "name": "RAJPURA-1",
        "brand": "Jio-bp",
        "brand_code": "JIOBP",
        "address": "VILLAGE GANDA, RAJPURA- AMBALA ROAD, LHS, THE. RAJPURA, DIST PATIALA",
        "state": "Punjab",
        "city": "",
        "ro_code": "PBT008",
        "amenity": "fuel",
        "source": "jiobp.com"
      },
      "geometry": {
        "type": "Point",
        "coordinates": [
          76.6467745183,
          30.4569675678
        ]
      }
    },
    {
      "type": "Feature",
      "properties": {
        "name": "KOOTHATTUKULAM (DODO)",
        "brand": "Jio-bp",
        "brand_code": "JIOBP",
        "address": "Koothattukulam Reliance Retail Outlet (KLF003),M/s. Valiyakulangara Fuels,M.C. Road, Koothattukulam,Ernakulam District. PIN: 686662.Mr. Anish: +919895976013",
        "state": "Kerala",
        "city": "Kerala",
        "ro_code": "KLF003",
        "amenity": "fuel",
        "source": "jiobp.com"
      },
      "geometry": {
        "type": "Point",
        "coordinates": [
          76.593166667,
          9.853833333
        ]
      }
    },
    {
      "type": "Feature",
      "properties": {
        "name": "BALARAMAPURAM COCHIN",
        "brand": "Jio-bp",
        "brand_code": "JIOBP",
        "address": "Balaramapuram Reliance Retail Outlet (KLF012), M/s. Mugni Petroleum, Opposite Telecom Centre, Pallichal Village, Balaramapuram, Neyyattingara Taluk,  Trivandrum District. PIN: 695020Mr. Basheer: +91 9349480420",
        "state": "Kerala",
        "city": "Trivandrum",
        "ro_code": "KLF012",
        "amenity": "fuel",
        "source": "jiobp.com"
      },
      "geometry": {
        "type": "Point",
        "coordinates": [
          77.042138889,
          8.426305556
        ]
      }
    },
    {
      "type": "Feature",
      "properties": {
        "name": "MUVATTUPUZHA COCHIN",
        "brand": "Jio-bp",
        "brand_code": "JIOBP",
        "address": "Muvattupuzha Reliance Retail Outlet (KLF043), M/s. V. S. Transports,Puthuppady P.O., Perumattom, Velloorkunnam Village, Muvattupuzha, Ernakulam District. PIN: 686673.Mr. Abu: +919946987737",
        "state": "Kerala",
        "city": "MUVATTUPUZHA",
        "ro_code": "KLF043",
        "amenity": "fuel",
        "source": "jiobp.com"
      },
      "geometry": {
        "type": "Point",
        "coordinates": [
          76.592253198,
          9.994961452
        ]
      }
    },
    {
      "type": "Feature",
      "properties": {
        "name": "MAVELIKKARA COCHIN",
        "brand": "Jio-bp",
        "brand_code": "JIOBP",
        "address": "Mavelikkara Reliance Retail Outlet (KLF080),M/s. Georgean Fuels, Tiruvalla - Mavelikkara SH, Praikara, Mavelikkara P.O., Mavelikkara, Alappuzha District. PIN: 690101.Mr. Bindu George: +919846762197",
        "state": "Kerala",
        "city": "MAVELIKKARA",
        "ro_code": "KLF080",
        "amenity": "fuel",
        "source": "jiobp.com"
      },
      "geometry": {
        "type": "Point",
        "coordinates": [
          76.539048692,
          9.247879443
        ]
      }
    },
    {
      "type": "Feature",
      "properties": {
        "name": "Gopalpur",
        "brand": "Jio-bp",
        "brand_code": "JIOBP",
        "address": "PLOT NO 610, KHATA NO 24, PS- HEMGIRI, DIST- SUNDARGARH, SUNDARGARH, SUNDERGARH",
        "state": "Odisha",
        "city": "",
        "ro_code": "ORF053",
        "amenity": "fuel",
        "source": "jiobp.com"
      },
      "geometry": {
        "type": "Point",
        "coordinates": [
          83.649897,
          22.056461
        ]
      }
    },
    {
      "type": "Feature",
      "properties": {
        "name": "AMTALA - I KOLKATA",
        "brand": "Jio-bp",
        "brand_code": "JIOBP",
        "address": "PLOT NO. 413, JL. NO. 29, MOUZA:KHARIBERIA,P.S BISHNUPUR, DIST.:SOUTH24PARGANAS,W BENGAL, AMTALA",
        "state": "West Bengal",
        "city": "",
        "ro_code": "WBF020",
        "amenity": "fuel",
        "source": "jiobp.com"
      },
      "geometry": {
        "type": "Point",
        "coordinates": [
          88.276902769,
          22.398385511
        ]
      }
    },
    {
      "type": "Feature",
      "properties": {
        "name": "LIMDI LIMDI",
        "brand": "Jio-bp",
        "brand_code": "JIOBP",
        "address": "LIMDI - LIMKHEDA ROAD,STATE HIGHWA NO 62 SURVEY NO-200/2,PAIKI 2, VILL:LIMDI SH-62, TAL: JHALOD, DIST: DAHOD  389180",
        "state": "Gujarat",
        "city": "LIMDI",
        "ro_code": "GJF088",
        "amenity": "fuel",
        "source": "jiobp.com"
      },
      "geometry": {
        "type": "Point",
        "coordinates": [
          74.150783664,
          23.021609353
        ]
      }
    },
    {
      "type": "Feature",
      "properties": {
        "name": "KHERLI",
        "brand": "Jio-bp",
        "brand_code": "JIOBP",
        "address": "Reliance Petrol Pump, Khasra No:-229, LHS, Towards Kathumar-Kherli Road, SH-22, Village Badangari, Tehsil Kathoomar, Alwar ¿ 321606",
        "state": "Rajasthan",
        "city": "KHERLI",
        "ro_code": "RJF020",
        "amenity": "fuel",
        "source": "jiobp.com"
      },
      "geometry": {
        "type": "Point",
        "coordinates": [
          77.050326342,
          27.217637518
        ]
      }
    },
    {
      "type": "Feature",
      "properties": {
        "name": "Dhaulpur",
        "brand": "Jio-bp",
        "brand_code": "JIOBP",
        "address": "NH 3 VILLAGE - SHEKPUR CH - 56 NH- 3 GWALIER DHOLPUR HIGHWAY TEHSIL - DHOLPUR , DHOLPUR PIN CODE 328001",
        "state": "Rajasthan",
        "city": "",
        "ro_code": "RJF110",
        "amenity": "fuel",
        "source": "jiobp.com"
      },
      "geometry": {
        "type": "Point",
        "coordinates": [
          77.8933361111,
          26.683175
        ]
      }
    },
    {
      "type": "Feature",
      "properties": {
        "name": "BHARATPUR II",
        "brand": "Jio-bp",
        "brand_code": "JIOBP",
        "address": "KHASRA NO. 2697,2698,2699/1,2700/1 , MATHURA BHARTPUR ROAD, VILLAGE UWAR, TEHSIL KUMHER, DISTT. BHARATPUR (RAJASTHAN)",
        "state": "Rajasthan",
        "city": "",
        "ro_code": "RJF111",
        "amenity": "fuel",
        "source": "jiobp.com"
      },
      "geometry": {
        "type": "Point",
        "coordinates": [
          77.49860814,
          27.254444502
        ]
      }
    },
    {
      "type": "Feature",
      "properties": {
        "name": "MANAVADAR BHAVNAGAR",
        "brand": "Jio-bp",
        "brand_code": "JIOBP",
        "address": "MANAVDAR BANTAWA STATE HIGHWAY SURVEY NO. 613(P) 1, BANTVA ROAD, MANAVADAR, DIST : JUNAGADH, GUJARAT   362630",
        "state": "Gujarat",
        "city": "BHAVNAGAR",
        "ro_code": "GJF057",
        "amenity": "fuel",
        "source": "jiobp.com"
      },
      "geometry": {
        "type": "Point",
        "coordinates": [
          70.078075322,
          21.490465256
        ]
      }
    },
    {
      "type": "Feature",
      "properties": {
        "name": "ULHASNAGAR MUMBAI",
        "brand": "Jio-bp",
        "brand_code": "JIOBP",
        "address": "PLOT NO. 3,SHEET NO.30, VITHALWADI STATION ROAD, OPP RAMGIRDHAR IND.EST., ULHASNAGAR, Thane",
        "state": "Maharashtra",
        "city": "",
        "ro_code": "MHC031",
        "amenity": "fuel",
        "source": "jiobp.com"
      },
      "geometry": {
        "type": "Point",
        "coordinates": [
          73.150057451,
          19.232777973
        ]
      }
    },
    {
      "type": "Feature",
      "properties": {
        "name": "KRF 062 Sankeshwar RO ( FF )",
        "brand": "Jio-bp",
        "brand_code": "JIOBP",
        "address": "SANKESHWAR FILL and FLY, SY. NO. 168 and 169,NEAR DAM CROSS, HIDKAL DAM CROSS, HANCHINAL VILLAGE, HUKKERI TALUK, DIST: BELGAUM  591246",
        "state": "Karnataka",
        "city": "",
        "ro_code": "KRF062",
        "amenity": "fuel",
        "source": "jiobp.com"
      },
      "geometry": {
        "type": "Point",
        "coordinates": [
          74.518675792,
          16.148610985
        ]
      }
    },
    {
      "type": "Feature",
      "properties": {
        "name": "KHANAK HISSAR",
        "brand": "Jio-bp",
        "brand_code": "JIOBP",
        "address": "EKTA PETRO,MDR-108, TOSHAM ROAD, KHANAK, TOSHAM TEHSIL DISTT. BHIWANI HARYANA -127040",
        "state": "Haryana",
        "city": "KHANAK",
        "ro_code": "HRF029",
        "amenity": "fuel",
        "source": "jiobp.com"
      },
      "geometry": {
        "type": "Point",
        "coordinates": [
          75.8559136487,
          28.9159257059
        ]
      }
    },
    {
      "type": "Feature",
      "properties": {
        "name": "TEMBHURNI",
        "brand": "Jio-bp",
        "brand_code": "JIOBP",
        "address": "SURVEY NO 197 A-P VILLAGE VENEGAON  TAL MADHA DIST SOLAPUR 413211",
        "state": "Maharashtra",
        "city": "",
        "ro_code": "MHF140",
        "amenity": "fuel",
        "source": "jiobp.com"
      },
      "geometry": {
        "type": "Point",
        "coordinates": [
          75.234861111,
          18.011055556
        ]
      }
    },
    {
      "type": "Feature",
      "properties": {
        "name": "THARIKERE",
        "brand": "Jio-bp",
        "brand_code": "JIOBP",
        "address": "SPV FUELS, NO:71/3B and 71/4, , BH-NH 206, TARIKERE - 577228",
        "state": "Karnataka",
        "city": "THARIKERE",
        "ro_code": "KRF006",
        "amenity": "fuel",
        "source": "jiobp.com"
      },
      "geometry": {
        "type": "Point",
        "coordinates": [
          75.795194444,
          13.720333333
        ]
      }
    },
    {
      "type": "Feature",
      "properties": {
        "name": "CHAKKI(GURDASPUR)",
        "brand": "Jio-bp",
        "brand_code": "JIOBP",
        "address": "VILLAGE TADA,RHS MS-9,NH-20,PATHANKOT-KULLU ROAD,NEAR ARMY GOLF CLUB,VPO-TAHRA,NEAR JANDWAL,TEHSIL-PATHANKOT, DISTT- GURDASPUR,CHAKKI",
        "state": "Punjab",
        "city": "",
        "ro_code": "PBF059",
        "amenity": "fuel",
        "source": "jiobp.com"
      },
      "geometry": {
        "type": "Point",
        "coordinates": [
          75.7369548581,
          32.2855859899
        ]
      }
    },
    {
      "type": "Feature",
      "properties": {
        "name": "KULUR",
        "brand": "Jio-bp",
        "brand_code": "JIOBP",
        "address": "SY. NO. 25/1C1 and 25/1C2 ,  NH-17, ADJACENT TO SADHU BEEDIES, and OPP TO OPEL SHOWROOM and OPP FRONTLINE MOTORS, BANGRA KULUR, MANGALORE TQ., DAKSHINA KANNADA DIST.,  MANGALORE  575013",
        "state": "Karnataka",
        "city": "Kulur",
        "ro_code": "KRF087",
        "amenity": "fuel",
        "source": "jiobp.com"
      },
      "geometry": {
        "type": "Point",
        "coordinates": [
          74.83271174,
          12.919370214
        ]
      }
    },
    {
      "type": "Feature",
      "properties": {
        "name": "NIPHAD NASIK",
        "brand": "Jio-bp",
        "brand_code": "JIOBP",
        "address": "GUT NO 1068/1/1 AURANGABAD ROAD, AT POST NIPHAD TAL. NIPHAD, DIST. NASIK-422303",
        "state": "Maharashtra",
        "city": "NIPHAD",
        "ro_code": "MHF193",
        "amenity": "fuel",
        "source": "jiobp.com"
      },
      "geometry": {
        "type": "Point",
        "coordinates": [
          74.079398079,
          20.096816631
        ]
      }
    },
    {
      "type": "Feature",
      "properties": {
        "name": "Deola",
        "brand": "Jio-bp",
        "brand_code": "JIOBP",
        "address": "GAT NO 421/2, AT POST RAMESHWAR, TAL- DEOLA, NASHIK, Maharashtra, 423102",
        "state": "Maharashtra",
        "city": "Deola",
        "ro_code": "MHF331",
        "amenity": "fuel",
        "source": "jiobp.com"
      },
      "geometry": {
        "type": "Point",
        "coordinates": [
          74.164136,
          20.410141
        ]
      }
    },
    {
      "type": "Feature",
      "properties": {
        "name": "AMBATTUR RED HILLS CHENNAI",
        "brand": "Jio-bp",
        "brand_code": "JIOBP",
        "address": "9, Redhills Road, Gangai Nagar, Kallikuppam, Ambattur, Chennai",
        "state": "Tamil Nadu",
        "city": "Chennai",
        "ro_code": "TNF121",
        "amenity": "fuel",
        "source": "jiobp.com"
      },
      "geometry": {
        "type": "Point",
        "coordinates": [
          80.172536125,
          13.131937691
        ]
      }
    },
    {
      "type": "Feature",
      "properties": {
        "name": "BHADRAK",
        "brand": "Jio-bp",
        "brand_code": "JIOBP",
        "address": "NEAR M/S NIPPY MOTORS, VILLAGE BARADADIHI, POST OFFICE GELPUR, PLOT NO 266, 267, UNDER KHATA NO 221/MOUZA, BARADADIHI, NH-5",
        "state": "Odisha",
        "city": "BHADRAK",
        "ro_code": "ORF001",
        "amenity": "fuel",
        "source": "jiobp.com"
      },
      "geometry": {
        "type": "Point",
        "coordinates": [
          86.470805556,
          21.033611111
        ]
      }
    },
    {
      "type": "Feature",
      "properties": {
        "name": "ARAMBAG KOLKATA",
        "brand": "Jio-bp",
        "brand_code": "JIOBP",
        "address": "VILLAGE PARUL, ARAMBAGH WARD NO 13, SH-2",
        "state": "West Bengal",
        "city": "KOLKATA",
        "ro_code": "WBF027",
        "amenity": "fuel",
        "source": "jiobp.com"
      },
      "geometry": {
        "type": "Point",
        "coordinates": [
          87.795371832,
          22.874476595
        ]
      }
    },
    {
      "type": "Feature",
      "properties": {
        "name": "JALNA 2 FF",
        "brand": "Jio-bp",
        "brand_code": "JIOBP",
        "address": "SH6, GUT NO 214 VILLAGE NAGEWADI JALNA AURANGABAD ROAD JALNA 431203",
        "state": "Maharashtra",
        "city": "JALNA",
        "ro_code": "MHF130",
        "amenity": "fuel",
        "source": "jiobp.com"
      },
      "geometry": {
        "type": "Point",
        "coordinates": [
          75.842805555,
          19.859416665
        ]
      }
    },
    {
      "type": "Feature",
      "properties": {
        "name": "DHAR CITY FF",
        "brand": "Jio-bp",
        "brand_code": "JIOBP",
        "address": "SH-31,Village:Magajpura,Post_office : Dhar,District : Dhar , MP, Pin_code : 480001",
        "state": "Madhya Pradesh",
        "city": "",
        "ro_code": "MPF059",
        "amenity": "fuel",
        "source": "jiobp.com"
      },
      "geometry": {
        "type": "Point",
        "coordinates": [
          75.316111111,
          22.591777778
        ]
      }
    },
    {
      "type": "Feature",
      "properties": {
        "name": "SHERABAZAR",
        "brand": "Jio-bp",
        "brand_code": "JIOBP",
        "address": "PLOT NO 240 and 241, JL NO 2, MOUZA BABROKPUR, SAGRAI, PS RAINA, DISTRICT: BURWDAN",
        "state": "West Bengal",
        "city": "",
        "ro_code": "WBF039",
        "amenity": "fuel",
        "source": "jiobp.com"
      },
      "geometry": {
        "type": "Point",
        "coordinates": [
          87.799356245,
          23.122995894
        ]
      }
    },
    {
      "type": "Feature",
      "properties": {
        "name": "AURANGABAD(KANNAD)",
        "brand": "Jio-bp",
        "brand_code": "JIOBP",
        "address": "AMAN AUTOMOBILES, GUT NO 180/2, NEAR KANNAD SUGAR FACTORY, 180 /2 KANNAD AURANGABAD ROAD, DIST AURANGABAD 431103",
        "state": "Maharashtra",
        "city": "",
        "ro_code": "MHF171",
        "amenity": "fuel",
        "source": "jiobp.com"
      },
      "geometry": {
        "type": "Point",
        "coordinates": [
          75.133027678,
          20.242741936
        ]
      }
    },
    {
      "type": "Feature",
      "properties": {
        "name": "Badli Bypass FF",
        "brand": "Jio-bp",
        "brand_code": "JIOBP",
        "address": "Khewat No. 1382min,, Khatauni No. 1464min, Rectangle No.237, Killa No.6/3, 1-19, 7/2/2, 6-8, 8/1, 0-15., Village - Badli, Hadbast No.72, Tehsil - Badli, Jhajjar, Haryana 124105",
        "state": "Haryana",
        "city": "Jhajjar",
        "ro_code": "HRF126",
        "amenity": "fuel",
        "source": "jiobp.com"
      },
      "geometry": {
        "type": "Point",
        "coordinates": [
          76.803884,
          28.563571
        ]
      }
    },
    {
      "type": "Feature",
      "properties": {
        "name": "GONDAL 1",
        "brand": "Jio-bp",
        "brand_code": "JIOBP",
        "address": "Reliance Petro Pump. NR. MARKETING YARD, NH 8B, Survey No.  485/2/p Gondal Highway",
        "state": "Gujarat",
        "city": "GONDAL",
        "ro_code": "GJF010",
        "amenity": "fuel",
        "source": "jiobp.com"
      },
      "geometry": {
        "type": "Point",
        "coordinates": [
          70.7835888889,
          21.9672222222
        ]
      }
    },
    {
      "type": "Feature",
      "properties": {
        "name": "WARORA",
        "brand": "Jio-bp",
        "brand_code": "JIOBP",
        "address": "SURVEY NO 452 1A PLOT NO 12 10 11 13 14 SURVEY NO 108, SH-264, CHANDRAPUR-NAGPUR ROAD, MOUZA WARORA, DIST CHANDRAPUR 442402",
        "state": "Maharashtra",
        "city": "",
        "ro_code": "MHF109",
        "amenity": "fuel",
        "source": "jiobp.com"
      },
      "geometry": {
        "type": "Point",
        "coordinates": [
          79.270553844,
          19.981727919
        ]
      }
    },
    {
      "type": "Feature",
      "properties": {
        "name": "SOLAPUR FF",
        "brand": "Jio-bp",
        "brand_code": "JIOBP",
        "address": "SURVEY NO 48 VILLAGE BASAVNAGAR NH 13  TAL SOUTH SOLAPUR  413221",
        "state": "Maharashtra",
        "city": "",
        "ro_code": "MHF138",
        "amenity": "fuel",
        "source": "jiobp.com"
      },
      "geometry": {
        "type": "Point",
        "coordinates": [
          75.85941,
          17.48697
        ]
      }
    },
    {
      "type": "Feature",
      "properties": {
        "name": "AKKALKOT",
        "brand": "Jio-bp",
        "brand_code": "JIOBP",
        "address": "SURVEY NO 58 VILLAGE-HASAPUR, SOLAPUR AKKALKOT ROAD. RPMPL, AKKALKOT 413216",
        "state": "Maharashtra",
        "city": "AKKALKOT",
        "ro_code": "MHF094",
        "amenity": "fuel",
        "source": "jiobp.com"
      },
      "geometry": {
        "type": "Point",
        "coordinates": [
          76.187710572,
          17.539587906
        ]
      }
    },
    {
      "type": "Feature",
      "properties": {
        "name": "YAVATMAL",
        "brand": "Jio-bp",
        "brand_code": "JIOBP",
        "address": "SURVEY NO 54 1 POBARU LAYOUT PANDHARKAWDA ROAD DIST YAVATMAL ,  445001",
        "state": "Maharashtra",
        "city": "YAVATMAL",
        "ro_code": "MHF093",
        "amenity": "fuel",
        "source": "jiobp.com"
      },
      "geometry": {
        "type": "Point",
        "coordinates": [
          78.142153231,
          20.389309797
        ]
      }
    },
    {
      "type": "Feature",
      "properties": {
        "name": "HOWRAH TS",
        "brand": "Jio-bp",
        "brand_code": "JIOBP",
        "address": "POST MAHISREKHA, VILLAGE PALORA, PS RAJAPUR, NH-6",
        "state": "West Bengal",
        "city": "",
        "ro_code": "WBT002",
        "amenity": "fuel",
        "source": "jiobp.com"
      },
      "geometry": {
        "type": "Point",
        "coordinates": [
          88.029632302,
          22.476764219
        ]
      }
    },
    {
      "type": "Feature",
      "properties": {
        "name": "KASHIPUR",
        "brand": "Jio-bp",
        "brand_code": "JIOBP",
        "address": "MORADABAD RD, NEAR JARPUR BUS STAND  SH-41 , KHASRA NO 936, 937,938 , NEAR MS-346,VILL- SARVAR KHEDA,TEHSIL-KASHIPUR, DIST-UDHAM SINGH  NAGAR, 244713",
        "state": "Uttarakhand",
        "city": "",
        "ro_code": "UTF009",
        "amenity": "fuel",
        "source": "jiobp.com"
      },
      "geometry": {
        "type": "Point",
        "coordinates": [
          78.957101879,
          29.205662168
        ]
      }
    },
    {
      "type": "Feature",
      "properties": {
        "name": "PANDHURNA",
        "brand": "Jio-bp",
        "brand_code": "JIOBP",
        "address": "NH69, SURVEY NO 53, VILLAGE GADKHAPA, PO PANDHURNA, DIST CHHIDWARA-480334",
        "state": "Madhya Pradesh",
        "city": "Tehsil Pandhurna, Distt. Chhindwara",
        "ro_code": "MPF031",
        "amenity": "fuel",
        "source": "jiobp.com"
      },
      "geometry": {
        "type": "Point",
        "coordinates": [
          78.549994781,
          21.585767021
        ]
      }
    },
    {
      "type": "Feature",
      "properties": {
        "name": "Gannaur",
        "brand": "Jio-bp",
        "brand_code": "JIOBP",
        "address": "VILLAGE - BARI, NEAR KM STONE-58,TEHSIL - SONIPAT,  DISTRICT - SONIPAT",
        "state": "Haryana",
        "city": "",
        "ro_code": "HRF022",
        "amenity": "fuel",
        "source": "jiobp.com"
      },
      "geometry": {
        "type": "Point",
        "coordinates": [
          77.0483230005,
          29.1149223288
        ]
      }
    },
    {
      "type": "Feature",
      "properties": {
        "name": "UCHANA KARNAL",
        "brand": "Jio-bp",
        "brand_code": "JIOBP",
        "address": "KHEWAT 230 KHATONI NO 299 KHASRA NO 7/1(3-1) , 8(8-0), JIND NARWANA ROAD, NH-71, NEAR PANDTA DA DHABA, VILLAGE UCHANA KALAN DISTT. JIND HARYANA 126115",
        "state": "Haryana",
        "city": "UCHANA",
        "ro_code": "HRF047",
        "amenity": "fuel",
        "source": "jiobp.com"
      },
      "geometry": {
        "type": "Point",
        "coordinates": [
          76.184871798,
          29.482174672
        ]
      }
    },
    {
      "type": "Feature",
      "properties": {
        "name": "SINJ",
        "brand": "Jio-bp",
        "brand_code": "JIOBP",
        "address": "KHASRA NO.2541 and 2542, MOHALLA AARON BASODA SIRONJ, LINK ROAD SIRONJ,DIST. VIDISHA 464228",
        "state": "Madhya Pradesh",
        "city": "",
        "ro_code": "MPF018",
        "amenity": "fuel",
        "source": "jiobp.com"
      },
      "geometry": {
        "type": "Point",
        "coordinates": [
          77.683682393,
          24.114810783
        ]
      }
    },
    {
      "type": "Feature",
      "properties": {
        "name": "PALAVONCHA",
        "brand": "Jio-bp",
        "brand_code": "JIOBP",
        "address": "RELIANCE RETAIL OUTLET,SURVEY NO.28and29 BHADRACHALAM ROAD, PALVANCHA, BHADRADRI KOTHAGUDEM DIST, TELANGANA  507115",
        "state": "Telangana",
        "city": "",
        "ro_code": "APF106",
        "amenity": "fuel",
        "source": "jiobp.com"
      },
      "geometry": {
        "type": "Point",
        "coordinates": [
          80.697790308,
          17.592490643
        ]
      }
    },
    {
      "type": "Feature",
      "properties": {
        "name": "BIORA TS",
        "brand": "Jio-bp",
        "brand_code": "JIOBP",
        "address": "NH-3 RPMPL VILLAGE MOHINIPURA BYPASS ROAD BIAORA  POST_OFFICE : MOHANIPURA,DISTRICT : RAJGARH , MP 465674",
        "state": "Madhya Pradesh",
        "city": "Biaora",
        "ro_code": "MPT004",
        "amenity": "fuel",
        "source": "jiobp.com"
      },
      "geometry": {
        "type": "Point",
        "coordinates": [
          76.890302725,
          23.908655649
        ]
      }
    },
    {
      "type": "Feature",
      "properties": {
        "name": "KEONJHAR TS",
        "brand": "Jio-bp",
        "brand_code": "JIOBP",
        "address": "PLOT NO 317, MAUZA MURUGAP AT VIA KARANJIA, DISTRICT: MAYURBHANJ",
        "state": "Odisha",
        "city": "KEONJHAR",
        "ro_code": "ORT007",
        "amenity": "fuel",
        "source": "jiobp.com"
      },
      "geometry": {
        "type": "Point",
        "coordinates": [
          85.8472638889,
          21.8262416667
        ]
      }
    },
    {
      "type": "Feature",
      "properties": {
        "name": "KENDRAPARA BHUBANESWAR",
        "brand": "Jio-bp",
        "brand_code": "JIOBP",
        "address": "MOUZA-GUAL SINGH 3105(P),, 3131(P), KHATA NO-1329, 708,, THANA-KENDRAPARA KENDRAPARA, KENDRAPARA",
        "state": "Odisha",
        "city": "KENDRAPARA",
        "ro_code": "ORF010",
        "amenity": "fuel",
        "source": "jiobp.com"
      },
      "geometry": {
        "type": "Point",
        "coordinates": [
          86.403174665,
          20.514071937
        ]
      }
    },
    {
      "type": "Feature",
      "properties": {
        "name": "DHURI LUDHIANA",
        "brand": "Jio-bp",
        "brand_code": "JIOBP",
        "address": "RELIANCE PETROL PUMP,DHURI SANGRUR ROAD VILLAGE BENRA  DHURI.RETAILOUTLET@RELPETROMAIL.COM",
        "state": "Punjab",
        "city": "",
        "ro_code": "PBF021",
        "amenity": "fuel",
        "source": "jiobp.com"
      },
      "geometry": {
        "type": "Point",
        "coordinates": [
          75.8454158262,
          30.3308233092
        ]
      }
    },
    {
      "type": "Feature",
      "properties": {
        "name": "GASUAPARA GUWAHATI",
        "brand": "Jio-bp",
        "brand_code": "JIOBP",
        "address": "Vill: Gasuapara, P.Oand P.S: Baghmara, Dist : South Garo Hills",
        "state": "Meghalaya",
        "city": "",
        "ro_code": "MER001",
        "amenity": "fuel",
        "source": "jiobp.com"
      },
      "geometry": {
        "type": "Point",
        "coordinates": [
          90.346086414,
          25.194971148
        ]
      }
    },
    {
      "type": "Feature",
      "properties": {
        "name": "PADANA",
        "brand": "Jio-bp",
        "brand_code": "JIOBP",
        "address": "Dag/Survey No: 755/P, Near milestone 03, Village : Padana, Taluka/Teshil: Lalpur",
        "state": "Gujarat",
        "city": "",
        "ro_code": "GJF266",
        "amenity": "fuel",
        "source": "jiobp.com"
      },
      "geometry": {
        "type": "Point",
        "coordinates": [
          69.83824,
          22.33224
        ]
      }
    },
    {
      "type": "Feature",
      "properties": {
        "name": "ARA PATNA",
        "brand": "Jio-bp",
        "brand_code": "JIOBP",
        "address": "Land Plot No.1375, 1376, 1377(P), 1438, Khata No.331, 329, 315,  Mauza:- Dhanupara, Thana No.164, Anchal: Arrah, Dist: Bhojpur, PIN-802301.",
        "state": "Bihar",
        "city": "",
        "ro_code": "BHF011",
        "amenity": "fuel",
        "source": "jiobp.com"
      },
      "geometry": {
        "type": "Point",
        "coordinates": [
          84.710663938,
          25.580541488
        ]
      }
    },
    {
      "type": "Feature",
      "properties": {
        "name": "UDALA",
        "brand": "Jio-bp",
        "brand_code": "JIOBP",
        "address": "Reliance Petrol Pump,Khata No. 305/469, Plot No. 614/1087, MOUZA- UDALA TOWN,PS-UDALA,Tehsil-Udala, Dist: Mayurbhanj, Orissa - 757041",
        "state": "Odisha",
        "city": "UDALA",
        "ro_code": "ORF045",
        "amenity": "fuel",
        "source": "jiobp.com"
      },
      "geometry": {
        "type": "Point",
        "coordinates": [
          86.567228803,
          21.579523345
        ]
      }
    },
    {
      "type": "Feature",
      "properties": {
        "name": "DHANDHULKA(AHMEDABAD) (",
        "brand": "Jio-bp",
        "brand_code": "JIOBP",
        "address": "SH-1 , NR MILE STONE- 104 , NR. RAILWAY CROSSING , AHMEDABADROAD,  DHANDUKA, DISTRICT : AHMEDABAD  382460",
        "state": "Gujarat",
        "city": "DHANDHULKA",
        "ro_code": "GJF081",
        "amenity": "fuel",
        "source": "jiobp.com"
      },
      "geometry": {
        "type": "Point",
        "coordinates": [
          71.97875,
          22.38703
        ]
      }
    },
    {
      "type": "Feature",
      "properties": {
        "name": "BHAUNTI BHOPAL",
        "brand": "Jio-bp",
        "brand_code": "JIOBP",
        "address": "SY.NO.316, NEAR KRISHI UPAJ MANDI, TAH: PICHHORE, DISTT: SHIVPURI, BHAUNTI 473551.",
        "state": "Madhya Pradesh",
        "city": "Bhaunti",
        "ro_code": "MPR020",
        "amenity": "fuel",
        "source": "jiobp.com"
      },
      "geometry": {
        "type": "Point",
        "coordinates": [
          78.102003713,
          25.321715427
        ]
      }
    },
    {
      "type": "Feature",
      "properties": {
        "name": "Manpur",
        "brand": "Jio-bp",
        "brand_code": "JIOBP",
        "address": "Near Moffasil More,Gaya-Nawada Road, Abgilla, Gaya, Bihar-823003",
        "state": "Bihar",
        "city": "Gaya",
        "ro_code": "BHF034",
        "amenity": "fuel",
        "source": "jiobp.com"
      },
      "geometry": {
        "type": "Point",
        "coordinates": [
          85.031558597,
          24.798090948
        ]
      }
    },
    {
      "type": "Feature",
      "properties": {
        "name": "Zirakpur",
        "brand": "Jio-bp",
        "brand_code": "JIOBP",
        "address": "VILL.BHANKARPUR,PO BHANKARPUR,DIST PATIALA Pin Code 140507",
        "state": "Punjab",
        "city": "BHANKARPUR",
        "ro_code": "PBF042",
        "amenity": "fuel",
        "source": "jiobp.com"
      },
      "geometry": {
        "type": "Point",
        "coordinates": [
          76.830361111,
          30.617472222
        ]
      }
    },
    {
      "type": "Feature",
      "properties": {
        "name": "MANDI GOBINDGARH",
        "brand": "Jio-bp",
        "brand_code": "JIOBP",
        "address": "Near Octroi Post, Amloh Road, Mandi Gobindgarh, Fatehgarh Sahib District, Punjab - 147301",
        "state": "Punjab",
        "city": "MANDI GOBINDGARH",
        "ro_code": "PBF113",
        "amenity": "fuel",
        "source": "jiobp.com"
      },
      "geometry": {
        "type": "Point",
        "coordinates": [
          76.275786,
          30.650409
        ]
      }
    },
    {
      "type": "Feature",
      "properties": {
        "name": "MAIHER BHOPAL",
        "brand": "Jio-bp",
        "brand_code": "JIOBP",
        "address": "VILLAGE LAKHANPUR NH-7 REWA ROAD MAIHAR  485771",
        "state": "Madhya Pradesh",
        "city": "",
        "ro_code": "MPF098",
        "amenity": "fuel",
        "source": "jiobp.com"
      },
      "geometry": {
        "type": "Point",
        "coordinates": [
          80.7970694444,
          24.2643194444
        ]
      }
    },
    {
      "type": "Feature",
      "properties": {
        "name": "SRI VIJAYNAGAR JAIPUR",
        "brand": "Jio-bp",
        "brand_code": "JIOBP",
        "address": "SHREE PETRO SERVICES, KHASRA NO. -8-6,8-15, MILESTONE NO. -96-168, VILLAGE -SRIVIJAYNAGAR,  SURATGARH-ANUPGARH ROAD, TEHSIL- SRI VIJAYNAGAR,  RAJASTHAN -335704",
        "state": "Rajasthan",
        "city": "SRI VIJAYNAGAR",
        "ro_code": "RJF090",
        "amenity": "fuel",
        "source": "jiobp.com"
      },
      "geometry": {
        "type": "Point",
        "coordinates": [
          73.521556484,
          29.236512864
        ]
      }
    },
    {
      "type": "Feature",
      "properties": {
        "name": "PILIBAGAN (HANUMANGARH)",
        "brand": "Jio-bp",
        "brand_code": "JIOBP",
        "address": "KHASRA NO. 31-317, SURATGARH-HANUMANGARH ROAD, MILE STONE 28,  KILLA NO 3and4 PATWAR HALKA MANDI  VILLAGE,TALUKA PILIBANGA, DISTRICT HANUMANGARH RAJASTHAN  335803",
        "state": "Rajasthan",
        "city": "",
        "ro_code": "RJF092",
        "amenity": "fuel",
        "source": "jiobp.com"
      },
      "geometry": {
        "type": "Point",
        "coordinates": [
          74.080291371,
          29.486496188
        ]
      }
    },
    {
      "type": "Feature",
      "properties": {
        "name": "MALEBENNUR HUBLI",
        "brand": "Jio-bp",
        "brand_code": "JIOBP",
        "address": "PANCHAYAT NO.3215/1207 and 2321/1211, MALEBENNUR, SH ROAD, HARIHAR TALUK DAVANGERE DIST 577530",
        "state": "Karnataka",
        "city": "",
        "ro_code": "KRF111",
        "amenity": "fuel",
        "source": "jiobp.com"
      },
      "geometry": {
        "type": "Point",
        "coordinates": [
          75.741855156,
          14.356436223
        ]
      }
    },
    {
      "type": "Feature",
      "properties": {
        "name": "CHITRADURGA TS",
        "brand": "Jio-bp",
        "brand_code": "JIOBP",
        "address": "SY NO. 292/2A, KANCHIGANAL VILLAGE,NH 4 , CHITRADURGA DIST 577524",
        "state": "Karnataka",
        "city": "",
        "ro_code": "KRT002",
        "amenity": "fuel",
        "source": "jiobp.com"
      },
      "geometry": {
        "type": "Point",
        "coordinates": [
          76.453536511,
          14.194501366
        ]
      }
    },
    {
      "type": "Feature",
      "properties": {
        "name": "NIZAMABAD FF (PERKIT)",
        "brand": "Jio-bp",
        "brand_code": "JIOBP",
        "address": "M/S Lakshmi Aparna Services, SURVEY NO. 296/2 AND 297/2, NH7,MILESTONE 306, VILLAGE PERKIT, POST ARMOOR MANDAL, NIZAMABAD DIST  503224",
        "state": "Telangana",
        "city": "PERKIT",
        "ro_code": "APF056",
        "amenity": "fuel",
        "source": "jiobp.com"
      },
      "geometry": {
        "type": "Point",
        "coordinates": [
          78.321643006,
          18.822795804
        ]
      }
    },
    {
      "type": "Feature",
      "properties": {
        "name": "HOSPET TOWN",
        "brand": "Jio-bp",
        "brand_code": "JIOBP",
        "address": "SNO.215-E-1,216/A4, VILLAGE HOSPET, DAM ROAD, HOSPET  583203",
        "state": "Karnataka",
        "city": "",
        "ro_code": "KRC008",
        "amenity": "fuel",
        "source": "jiobp.com"
      },
      "geometry": {
        "type": "Point",
        "coordinates": [
          76.379694444,
          15.261527778
        ]
      }
    },
    {
      "type": "Feature",
      "properties": {
        "name": "KOPPAL",
        "brand": "Jio-bp",
        "brand_code": "JIOBP",
        "address": "SY NO. 255/5 and 183/3, KOPPAL HOSET ROAD, NH-63, OPP. NEW DC OFFICE, KOPPAL, TOWN. TALUK, DISTRICT - PIN CODE 583 231,",
        "state": "Karnataka",
        "city": "Bangalore",
        "ro_code": "KRF004",
        "amenity": "fuel",
        "source": "jiobp.com"
      },
      "geometry": {
        "type": "Point",
        "coordinates": [
          76.171600903,
          15.349261547
        ]
      }
    },
    {
      "type": "Feature",
      "properties": {
        "name": "BETTIAH BARAUNI",
        "brand": "Jio-bp",
        "brand_code": "JIOBP",
        "address": "SH-64,PLOT -1040(P) KHATA -101, VILL: BETTIAH, BANU CHHAPAR,, DISTT: WEST CHAMPARA., BETTIAH",
        "state": "Bihar",
        "city": "",
        "ro_code": "BHF009",
        "amenity": "fuel",
        "source": "jiobp.com"
      },
      "geometry": {
        "type": "Point",
        "coordinates": [
          84.510906635,
          26.800060305
        ]
      }
    },
    {
      "type": "Feature",
      "properties": {
        "name": "DHANSURA AHMEDABAD II",
        "brand": "Jio-bp",
        "brand_code": "JIOBP",
        "address": "BAYAD DHANSURA STATE HIGHWAY NO 59 SURVEY NO. 630/1PAIKI/2, SH NO. 59, DHANSURA - BAYAD ROAD, DIST: SABARKANTHA,   383310",
        "state": "Gujarat",
        "city": "DHANSURA",
        "ro_code": "GJF112",
        "amenity": "fuel",
        "source": "jiobp.com"
      },
      "geometry": {
        "type": "Point",
        "coordinates": [
          73.208538843,
          23.34667797
        ]
      }
    },
    {
      "type": "Feature",
      "properties": {
        "name": "Belgaum Bus Stand Road",
        "brand": "Jio-bp",
        "brand_code": "JIOBP",
        "address": "SURVEY NO: 70/4B, GANDHI NAGAR, BELGAUM - PIN CODE 590006",
        "state": "Karnataka",
        "city": "",
        "ro_code": "KRC049",
        "amenity": "fuel",
        "source": "jiobp.com"
      },
      "geometry": {
        "type": "Point",
        "coordinates": [
          74.536351963,
          15.870118269
        ]
      }
    },
    {
      "type": "Feature",
      "properties": {
        "name": "KATOL NAGPUR",
        "brand": "Jio-bp",
        "brand_code": "JIOBP",
        "address": "SURVEY NO 585 CITY SURVEY NO 3397 MOUZA NO 32 SH 248 NAGPUR JALALKHEDA ROAD TAL KATOL DIST NAGPUR 441302",
        "state": "Maharashtra",
        "city": "KATOL",
        "ro_code": "MHF188",
        "amenity": "fuel",
        "source": "jiobp.com"
      },
      "geometry": {
        "type": "Point",
        "coordinates": [
          78.58806215,
          21.267471047
        ]
      }
    },
    {
      "type": "Feature",
      "properties": {
        "name": "GOALPARA",
        "brand": "Jio-bp",
        "brand_code": "JIOBP",
        "address": "BALADMARI AGIA ROAD, NH-37",
        "state": "Assam",
        "city": "GOALPARA",
        "ro_code": "ASF006",
        "amenity": "fuel",
        "source": "jiobp.com"
      },
      "geometry": {
        "type": "Point",
        "coordinates": [
          90.564436196,
          26.083417733
        ]
      }
    },
    {
      "type": "Feature",
      "properties": {
        "name": "BAUSHERKUTI",
        "brand": "Jio-bp",
        "brand_code": "JIOBP",
        "address": "J.B. Filling Station. Dag No.313(old),628(New),Patta No:5 Khatian No:125, Vill. and Mouza-Bause PS-Golokganj, Dist-Dhubri, Assam. Bauserkuti-783335",
        "state": "Assam",
        "city": "BAUSHERKUTI",
        "ro_code": "ASR021",
        "amenity": "fuel",
        "source": "jiobp.com"
      },
      "geometry": {
        "type": "Point",
        "coordinates": [
          90.85288529,
          26.076050199
        ]
      }
    },
    {
      "type": "Feature",
      "properties": {
        "name": "HATOGAON GUWAHATI",
        "brand": "Jio-bp",
        "brand_code": "JIOBP",
        "address": "P.P. NO.14,DAG NO.33, MOUZA NO-V-I,  HATOGAON, DISTRICT- WEST GARO HILLS,MEGHALAYA, HATOGAON",
        "state": "Meghalaya",
        "city": "",
        "ro_code": "MER011",
        "amenity": "fuel",
        "source": "jiobp.com"
      },
      "geometry": {
        "type": "Point",
        "coordinates": [
          90.367056,
          26.010028
        ]
      }
    },
    {
      "type": "Feature",
      "properties": {
        "name": "KHARGONE (DODO)",
        "brand": "Jio-bp",
        "brand_code": "JIOBP",
        "address": "KM STONE 114, SH 27, INDORE- BURHANPUR ROAD, CHEGAON MAKHAN,VILLAGE  KHASBA KHAREGONE, KHANDWA, 451001",
        "state": "Madhya Pradesh",
        "city": "Khargone",
        "ro_code": "MPF084",
        "amenity": "fuel",
        "source": "jiobp.com"
      },
      "geometry": {
        "type": "Point",
        "coordinates": [
          75.625763669,
          21.822842819
        ]
      }
    },
    {
      "type": "Feature",
      "properties": {
        "name": "SEJAWATA VILLAGE(RATLAM)",
        "brand": "Jio-bp",
        "brand_code": "JIOBP",
        "address": "Plot No 79/1, 79/2, NH 79, Village Sejawata, District Ratlam",
        "state": "Madhya Pradesh",
        "city": "ratlam",
        "ro_code": "MPF045",
        "amenity": "fuel",
        "source": "jiobp.com"
      },
      "geometry": {
        "type": "Point",
        "coordinates": [
          75.05861111,
          23.38527778
        ]
      }
    },
    {
      "type": "Feature",
      "properties": {
        "name": "BANNUR ROAD BANGLORE",
        "brand": "Jio-bp",
        "brand_code": "JIOBP",
        "address": "No.147A Bannur Road, T.N.Pura Junction, Alanahalli Extension, Mysore-11",
        "state": "Karnataka",
        "city": "",
        "ro_code": "KRC021",
        "amenity": "fuel",
        "source": "jiobp.com"
      },
      "geometry": {
        "type": "Point",
        "coordinates": [
          76.672096319,
          12.307675407
        ]
      }
    },
    {
      "type": "Feature",
      "properties": {
        "name": "GAURIBIDANUR BANGALORE",
        "brand": "Jio-bp",
        "brand_code": "JIOBP",
        "address": "SURVEY NO. 247/1, AT BANGALORE-HINDUPUR ROAD, GAURIBIDANUR 561208",
        "state": "Karnataka",
        "city": "",
        "ro_code": "KRF073",
        "amenity": "fuel",
        "source": "jiobp.com"
      },
      "geometry": {
        "type": "Point",
        "coordinates": [
          77.51079156,
          13.600681597
        ]
      }
    },
    {
      "type": "Feature",
      "properties": {
        "name": "MANSABALVA",
        "brand": "Jio-bp",
        "brand_code": "JIOBP",
        "address": "M/S UMIYA PETROLEUMS. SURVEY NO. 468, BALWA CHAR RASTA, MANSA GANDHINAGAR H/W, PO BALWA, DIST GANDHINAGAR  382721",
        "state": "Gujarat",
        "city": "MANSABALVA",
        "ro_code": "GJF120",
        "amenity": "fuel",
        "source": "jiobp.com"
      },
      "geometry": {
        "type": "Point",
        "coordinates": [
          72.608968121,
          23.375317251
        ]
      }
    },
    {
      "type": "Feature",
      "properties": {
        "name": "BHAGAPURANA",
        "brand": "Jio-bp",
        "brand_code": "JIOBP",
        "address": "MOGA KOTKAPURA ROAD,VILLAGE - RAJIANA,PO- BAGHAPURANA,DISTT-MOGA, PIN-142038",
        "state": "Punjab",
        "city": "BHAGAPURANA",
        "ro_code": "PBF051",
        "amenity": "fuel",
        "source": "jiobp.com"
      },
      "geometry": {
        "type": "Point",
        "coordinates": [
          75.0713245678,
          30.6704978907
        ]
      }
    },
    {
      "type": "Feature",
      "properties": {
        "name": "MAHILPUR JALLANDHAR",
        "brand": "Jio-bp",
        "brand_code": "JIOBP",
        "address": "SH 24, VILL BAHOWAL,MAHILPUR, DISTT-HOSHIARPUR.",
        "state": "Punjab",
        "city": "",
        "ro_code": "PBF107",
        "amenity": "fuel",
        "source": "jiobp.com"
      },
      "geometry": {
        "type": "Point",
        "coordinates": [
          76.003048548,
          31.418536094
        ]
      }
    },
    {
      "type": "Feature",
      "properties": {
        "name": "MANGRULPEER",
        "brand": "Jio-bp",
        "brand_code": "JIOBP",
        "address": "KARANJA ROAD MANGRULPIR  DIST WASHIM MOUZA MANGRULPIR,KARANJA-WASHIM ROAD,MANGRULPIR,444403",
        "state": "Maharashtra",
        "city": "",
        "ro_code": "MHF180",
        "amenity": "fuel",
        "source": "jiobp.com"
      },
      "geometry": {
        "type": "Point",
        "coordinates": [
          77.342056015,
          20.31857655
        ]
      }
    },
    {
      "type": "Feature",
      "properties": {
        "name": "KHAMGAON AKOLA",
        "brand": "Jio-bp",
        "brand_code": "JIOBP",
        "address": "SURVEY NO 26 28 1 30 2 32  MOUZA SUTALA KHURD KHAMGAON NANDURA ROAD DIST BULDHANA 444303",
        "state": "Maharashtra",
        "city": "SUTALA",
        "ro_code": "MHF192",
        "amenity": "fuel",
        "source": "jiobp.com"
      },
      "geometry": {
        "type": "Point",
        "coordinates": [
          76.561825178,
          20.724579521
        ]
      }
    },
    {
      "type": "Feature",
      "properties": {
        "name": "FATEHPUR LUCKNOW",
        "brand": "Jio-bp",
        "brand_code": "JIOBP",
        "address": "SITUATED AT VILLAGE and PARGANA and TEHSIL FATEHPUR MEHMODABAD ROAD, DIST- FATEHPUR BARABANKI  FATEHPURL U.P. 225305",
        "state": "Uttar Pradesh",
        "city": "",
        "ro_code": "UEF008",
        "amenity": "fuel",
        "source": "jiobp.com"
      },
      "geometry": {
        "type": "Point",
        "coordinates": [
          81.213555624,
          27.171990808
        ]
      }
    },
    {
      "type": "Feature",
      "properties": {
        "name": "SEVALIA(KHEDA) ( FF)",
        "brand": "Jio-bp",
        "brand_code": "JIOBP",
        "address": "SURVEY NO. 234 / P , VILLAGE - DAKOR-SEVALIYA RD,NR-TRAMBAKESHWAR QUARRY, SEVALIYA   388245",
        "state": "Gujarat",
        "city": "SEVALIA",
        "ro_code": "GJF157",
        "amenity": "fuel",
        "source": "jiobp.com"
      },
      "geometry": {
        "type": "Point",
        "coordinates": [
          73.335555556,
          22.806666667
        ]
      }
    },
    {
      "type": "Feature",
      "properties": {
        "name": "CHANGA BADA II",
        "brand": "Jio-bp",
        "brand_code": "JIOBP",
        "address": "SURVEY NO: 2106, CHANGA MATAJI ROAD, NR.CANAL, TAL: PETLAD, DIST: ANAND  388421",
        "state": "Gujarat",
        "city": "CHANGA BADA",
        "ro_code": "GJR082",
        "amenity": "fuel",
        "source": "jiobp.com"
      },
      "geometry": {
        "type": "Point",
        "coordinates": [
          72.802684185,
          22.590569395
        ]
      }
    },
    {
      "type": "Feature",
      "properties": {
        "name": "SIMDEGA",
        "brand": "Jio-bp",
        "brand_code": "JIOBP",
        "address": "PLOT NO:3469, KHATA NO:416, VILL:BIRU ONNH23,P.S.:SIMDEGA, DIST :SIMDEGA,STATE -JHARKHAND, SIMDEGA",
        "state": "Jharkhand",
        "city": "SIMDEGA",
        "ro_code": "JHF051",
        "amenity": "fuel",
        "source": "jiobp.com"
      },
      "geometry": {
        "type": "Point",
        "coordinates": [
          84.505703313,
          22.631873372
        ]
      }
    },
    {
      "type": "Feature",
      "properties": {
        "name": "ANANTAPUR I FF",
        "brand": "Jio-bp",
        "brand_code": "JIOBP",
        "address": "SURVEY NO:210/1and211/1, OPP:DALDA FACTORY, NARAYANAPURAM VILLAGE, NH-7, POST ANANTHAPUR, DIST. ANANTAPUR- 515004 (AP)",
        "state": "Andhra Pradesh",
        "city": "ANANTAPUR",
        "ro_code": "APF018",
        "amenity": "fuel",
        "source": "jiobp.com"
      },
      "geometry": {
        "type": "Point",
        "coordinates": [
          77.5885194444,
          14.6996944444
        ]
      }
    },
    {
      "type": "Feature",
      "properties": {
        "name": "PUTTUR NELLORE",
        "brand": "Jio-bp",
        "brand_code": "JIOBP",
        "address": "G.S.Verma Fuel Station,Sy.No 243 / 2a, NH 205. ,MS 316Nr.Gollapalli Rd,  K M Agraharam, Puttur, Chitoor District, A.P",
        "state": "Andhra Pradesh",
        "city": "PUTTUR",
        "ro_code": "APF113",
        "amenity": "fuel",
        "source": "jiobp.com"
      },
      "geometry": {
        "type": "Point",
        "coordinates": [
          79.551472225,
          13.439262111
        ]
      }
    },
    {
      "type": "Feature",
      "properties": {
        "name": "SASWAD PUNE",
        "brand": "Jio-bp",
        "brand_code": "JIOBP",
        "address": "SASWAD PUNE ROAD SURVEY NO 616-2TARADUTTA PARK   VILLAGE : SASWAD, TALUKA - PURANDAR DIST PUNE 412301",
        "state": "Maharashtra",
        "city": "PUNE",
        "ro_code": "MHF039",
        "amenity": "fuel",
        "source": "jiobp.com"
      },
      "geometry": {
        "type": "Point",
        "coordinates": [
          74.02825,
          18.353527778
        ]
      }
    },
    {
      "type": "Feature",
      "properties": {
        "name": "MAHABUBNAGAR ANANTAPUR",
        "brand": "Jio-bp",
        "brand_code": "JIOBP",
        "address": "M/S DIVYA FUELS, WARD 2 B2 I.B.COMPOUND,SH-18,RAICHUR ROAD,MAHABUBNAGAR.  509001",
        "state": "Telangana",
        "city": "ANANTAPUR",
        "ro_code": "APF042",
        "amenity": "fuel",
        "source": "jiobp.com"
      },
      "geometry": {
        "type": "Point",
        "coordinates": [
          77.98072,
          16.73246
        ]
      }
    },
    {
      "type": "Feature",
      "properties": {
        "name": "VELLORE CHENNAI",
        "brand": "Jio-bp",
        "brand_code": "JIOBP",
        "address": "T.No.612/1, Opp. Jothi Theatre,",
        "state": "Tamil Nadu",
        "city": "VELLORE",
        "ro_code": "TNF085",
        "amenity": "fuel",
        "source": "jiobp.com"
      },
      "geometry": {
        "type": "Point",
        "coordinates": [
          79.122959549,
          12.923245424
        ]
      }
    },
    {
      "type": "Feature",
      "properties": {
        "name": "Jorhat 1",
        "brand": "Jio-bp",
        "brand_code": "JIOBP",
        "address": "Vill: charangia, Mouza : Khangia, Revenue Circle office Jorhat , Dist Jorhat",
        "state": "Assam",
        "city": "",
        "ro_code": "ASF007",
        "amenity": "fuel",
        "source": "jiobp.com"
      },
      "geometry": {
        "type": "Point",
        "coordinates": [
          94.170044144,
          26.746557425
        ]
      }
    },
    {
      "type": "Feature",
      "properties": {
        "name": "Jorhat - II",
        "brand": "Jio-bp",
        "brand_code": "JIOBP",
        "address": "Vill : Hatigarh, Melegh Kopardhara, Dist: Jorhat ASSAM",
        "state": "Assam",
        "city": "Jorhat",
        "ro_code": "ASF008",
        "amenity": "fuel",
        "source": "jiobp.com"
      },
      "geometry": {
        "type": "Point",
        "coordinates": [
          94.263442916,
          26.776942472
        ]
      }
    },
    {
      "type": "Feature",
      "properties": {
        "name": "PRATAPGARH(CHITTORGARH)[DO",
        "brand": "Jio-bp",
        "brand_code": "JIOBP",
        "address": "HAMID PETROLIUM,NEAR MILE STONE 109 (DIST HOSPITAL) ,PARTAPGRH",
        "state": "Rajasthan",
        "city": "PRATAPGARH",
        "ro_code": "RJF069",
        "amenity": "fuel",
        "source": "jiobp.com"
      },
      "geometry": {
        "type": "Point",
        "coordinates": [
          74.782893338,
          24.034114153
        ]
      }
    },
    {
      "type": "Feature",
      "properties": {
        "name": "FIZABAD",
        "brand": "Jio-bp",
        "brand_code": "JIOBP",
        "address": "M/S.SHREE GURU KRIPA FILLING STATION KHASRA NO 110 B , C/O ASHOKA GLASS DECORATOR, OPP VERMA PETROL PUMP, FIROZABAD VILLAGE ¿ NAGLA MAWASHI POST ¿DAUKELI, TALUKA - TEHSIL ¿ DISTRICT ¿ FIROZABAD. (U.P).  283203",
        "state": "Uttar Pradesh",
        "city": "",
        "ro_code": "UWF060",
        "amenity": "fuel",
        "source": "jiobp.com"
      },
      "geometry": {
        "type": "Point",
        "coordinates": [
          78.4668194444,
          27.1246388889
        ]
      }
    },
    {
      "type": "Feature",
      "properties": {
        "name": "TIRUPUNITHURA II COCHIN",
        "brand": "Jio-bp",
        "brand_code": "JIOBP",
        "address": "EVM Fuels, 31/696, S A Road, Thykoodam, Vytilla, Poonithara Village,  Ernakulam",
        "state": "Kerala",
        "city": "TIRUPUNITHURA",
        "ro_code": "KLC007",
        "amenity": "fuel",
        "source": "jiobp.com"
      },
      "geometry": {
        "type": "Point",
        "coordinates": [
          76.322970971,
          9.96056371
        ]
      }
    },
    {
      "type": "Feature",
      "properties": {
        "name": "BHARUCH FF",
        "brand": "Jio-bp",
        "brand_code": "JIOBP",
        "address": "RELIANCE RETAIL OUTLET PLOT NO.56/A/P, ON NH-8, VILLAGE : VAGUSANA, BESIDES HOTEL BASERA, DIST:BHARUCH-392011.",
        "state": "Gujarat",
        "city": "Bharuch",
        "ro_code": "GJF153",
        "amenity": "fuel",
        "source": "jiobp.com"
      },
      "geometry": {
        "type": "Point",
        "coordinates": [
          73.019328488,
          21.758403211
        ]
      }
    },
    {
      "type": "Feature",
      "properties": {
        "name": "DOMCHANCH",
        "brand": "Jio-bp",
        "brand_code": "JIOBP",
        "address": "Ashok Singh Plot No.12(P), Khata No.59, Viii:Tetariadih,P.O.- Domchanch P.S.:Koderma, Dist:Koderma. Domchanch-825418",
        "state": "Jharkhand",
        "city": "",
        "ro_code": "JHF035",
        "amenity": "fuel",
        "source": "jiobp.com"
      },
      "geometry": {
        "type": "Point",
        "coordinates": [
          85.691608103,
          24.473622236
        ]
      }
    },
    {
      "type": "Feature",
      "properties": {
        "name": "Tandwa",
        "brand": "Jio-bp",
        "brand_code": "JIOBP",
        "address": "At Mouza-Murbey, Khata No-35, Plot No- 206, District - Chatra,  State ¿ Jharkhand, 825103",
        "state": "Jharkhand",
        "city": "Tandwa",
        "ro_code": "JHF064",
        "amenity": "fuel",
        "source": "jiobp.com"
      },
      "geometry": {
        "type": "Point",
        "coordinates": [
          84.966692,
          24.021088
        ]
      }
    },
    {
      "type": "Feature",
      "properties": {
        "name": "ATELI GURGAON",
        "brand": "Jio-bp",
        "brand_code": "JIOBP",
        "address": "M/S NSN OIL CO,  KHEWAT NO- 15/13 ,KHATONI NO-19, PLOT NO.5//2,9/1,5//10,5//11/1,6//6/1,6//26/2 HADBAST NO. 9,MOUZA FATHEPUR,DISTRICT MAHENDER GARH,STATE HARYANA  123021",
        "state": "Haryana",
        "city": "",
        "ro_code": "HRF004",
        "amenity": "fuel",
        "source": "jiobp.com"
      },
      "geometry": {
        "type": "Point",
        "coordinates": [
          76.236016177,
          28.0984071472
        ]
      }
    },
    {
      "type": "Feature",
      "properties": {
        "name": "DARUHERA NIKHRI GURGAON",
        "brand": "Jio-bp",
        "brand_code": "JIOBP",
        "address": "M/S VINAYAK FUELS,HADBAST NO.23, KHEWAT NO.31, KHATAUNI NO.40,KHILLA NO.12/3(5-11) 13/2(0-1) 13/4(7-14) 14/2(7-15), KITAT 4, VIDE JAMABANDI ,SITUATED IN REVENVE ESTATE OF VILLAGE NIKHRI,TEHSIL - REWARI ,DISTRICT REWARI,HARYANA 123106",
        "state": "Haryana",
        "city": "",
        "ro_code": "HRF095",
        "amenity": "fuel",
        "source": "jiobp.com"
      },
      "geometry": {
        "type": "Point",
        "coordinates": [
          76.722422869,
          28.185721034
        ]
      }
    },
    {
      "type": "Feature",
      "properties": {
        "name": "PALAKKAD TOWN",
        "brand": "Jio-bp",
        "brand_code": "JIOBP",
        "address": "Palakkad Reliance Retail Outlet (KLC008),M/s. Mayilvahanam Fuels,Kalmandabam Calicut Bypass Road,Manali, Palakkad District. PIN: 678001. Mr. Sujan +91 9048124236",
        "state": "Kerala",
        "city": "",
        "ro_code": "KLC008",
        "amenity": "fuel",
        "source": "jiobp.com"
      },
      "geometry": {
        "type": "Point",
        "coordinates": [
          76.660914257,
          10.77011433
        ]
      }
    },
    {
      "type": "Feature",
      "properties": {
        "name": "BHOIPHOD DHANBAD",
        "brand": "Jio-bp",
        "brand_code": "JIOBP",
        "address": "BHOIPHOD RO, MOUZA AMAGHATA",
        "state": "Jharkhand",
        "city": "",
        "ro_code": "JHF053",
        "amenity": "fuel",
        "source": "jiobp.com"
      },
      "geometry": {
        "type": "Point",
        "coordinates": [
          86.490096516,
          23.825168627
        ]
      }
    },
    {
      "type": "Feature",
      "properties": {
        "name": "KATNI-I JABALPUR",
        "brand": "Jio-bp",
        "brand_code": "JIOBP",
        "address": "MOHIT FILLING STATION C.O DAYAL ORIENT TRANSPORT SERVICES, VILLAGE : TIKURI, NEAR MADHAVNAGAR GATE, KATNI  483501",
        "state": "Madhya Pradesh",
        "city": "KATNI",
        "ro_code": "MPF035",
        "amenity": "fuel",
        "source": "jiobp.com"
      },
      "geometry": {
        "type": "Point",
        "coordinates": [
          80.3781555556,
          23.8148805556
        ]
      }
    },
    {
      "type": "Feature",
      "properties": {
        "name": "ASKA ROAD BHUBANESWAR",
        "brand": "Jio-bp",
        "brand_code": "JIOBP",
        "address": "MOUZA-RATNAPUR,, TEHSIL-BERHAMPUR, DIST-GANJAM, STATE-ORISSA, ASKA",
        "state": "Odisha",
        "city": "",
        "ro_code": "ORF011",
        "amenity": "fuel",
        "source": "jiobp.com"
      },
      "geometry": {
        "type": "Point",
        "coordinates": [
          84.784651795,
          19.31927437
        ]
      }
    },
    {
      "type": "Feature",
      "properties": {
        "name": "NIZAMABAD",
        "brand": "Jio-bp",
        "brand_code": "JIOBP",
        "address": "M/S. G B Enterprises, SY.NO. 362,PANGRA (B) BORGARAM(V),HYDERABAD ROAD, NIZAMABAD 503001",
        "state": "Telangana",
        "city": "",
        "ro_code": "APF077",
        "amenity": "fuel",
        "source": "jiobp.com"
      },
      "geometry": {
        "type": "Point",
        "coordinates": [
          78.118198758,
          18.659577085
        ]
      }
    },
    {
      "type": "Feature",
      "properties": {
        "name": "KOTTAIKAL CALICUT",
        "brand": "Jio-bp",
        "brand_code": "JIOBP",
        "address": "Kottackkal Reliance Retail Outlet (KLF027),M/s. Brothers Petroleum,Opp. Ayurveda College, Edarikode P.O.,Kottakkal, Malappuram District. PIN: 676501.Mr. Shihab:  +919388668585.",
        "state": "Kerala",
        "city": "KOTTAIKAL",
        "ro_code": "KLF027",
        "amenity": "fuel",
        "source": "jiobp.com"
      },
      "geometry": {
        "type": "Point",
        "coordinates": [
          75.987721392,
          10.996964982
        ]
      }
    },
    {
      "type": "Feature",
      "properties": {
        "name": "NILAMBUR CALICUT",
        "brand": "Jio-bp",
        "brand_code": "JIOBP",
        "address": "Nilambur Reliance Retail Outlet (KLF029),M/s. K. P. A. Petroleum,Kodathipadi, Aruvakode, Nilambur,Malappuram District. PIN: 679329.Mr. Runsmon: +919447120588",
        "state": "Kerala",
        "city": "NILAMBUR",
        "ro_code": "KLF029",
        "amenity": "fuel",
        "source": "jiobp.com"
      },
      "geometry": {
        "type": "Point",
        "coordinates": [
          76.236963543,
          11.282834123
        ]
      }
    },
    {
      "type": "Feature",
      "properties": {
        "name": "MANNARKKAD CALICUT",
        "brand": "Jio-bp",
        "brand_code": "JIOBP",
        "address": "Mannarkkad Reliance Retail Outlet (KLF030),M/s. Tharif Petroleum,Near Kunthipuzha, Mannarkad,Palakkad District. PIN: 678582.Mr. Mansoor: +919446151131",
        "state": "Kerala",
        "city": "MANNARKKAD",
        "ro_code": "KLF030",
        "amenity": "fuel",
        "source": "jiobp.com"
      },
      "geometry": {
        "type": "Point",
        "coordinates": [
          76.444555556,
          10.9905
        ]
      }
    },
    {
      "type": "Feature",
      "properties": {
        "name": "MANGLE KOLHAPUR",
        "brand": "Jio-bp",
        "brand_code": "JIOBP",
        "address": "S.NO.311/1/14,A/P Mangle,Mangle-Warna Road,Tal: Shirala, Sangli",
        "state": "Maharashtra",
        "city": "",
        "ro_code": "MHR045",
        "amenity": "fuel",
        "source": "jiobp.com"
      },
      "geometry": {
        "type": "Point",
        "coordinates": [
          74.135632794,
          16.910717706
        ]
      }
    },
    {
      "type": "Feature",
      "properties": {
        "name": "BIJAPUR BYPASS",
        "brand": "Jio-bp",
        "brand_code": "JIOBP",
        "address": "RELIANCE PETRO MARKETING PVT. LTD., RETAIL OUTLET, NH-50 Mangoli Road  Near Hitnalli Farm Bijapur. TALUK and DISTRICT : BIJAPUR  586122",
        "state": "Karnataka",
        "city": "Bijapur",
        "ro_code": "KRT008",
        "amenity": "fuel",
        "source": "jiobp.com"
      },
      "geometry": {
        "type": "Point",
        "coordinates": [
          75.741506426,
          16.781627932
        ]
      }
    },
    {
      "type": "Feature",
      "properties": {
        "name": "Khalghat",
        "brand": "Jio-bp",
        "brand_code": "JIOBP",
        "address": "SURVEY NO.60,NH3(AB ROAD),VILL:KHAIBHUJURG,TEHSIL:DHARAMPURI,DIST:DHAR-456010",
        "state": "Madhya Pradesh",
        "city": "",
        "ro_code": "MPF006",
        "amenity": "fuel",
        "source": "jiobp.com"
      },
      "geometry": {
        "type": "Point",
        "coordinates": [
          75.464027778,
          22.187611111
        ]
      }
    },
    {
      "type": "Feature",
      "properties": {
        "name": "RANINAGAR",
        "brand": "Jio-bp",
        "brand_code": "JIOBP",
        "address": "Durga Autocare Pvt. Ltd. Vill:-PangaBattala,PO:Karjeepara P.S:-Kotwali (Jalpaiguri) Dist:Jalpaiguri Raninagar-735101",
        "state": "West Bengal",
        "city": "RANINAGAR",
        "ro_code": "WBF064",
        "amenity": "fuel",
        "source": "jiobp.com"
      },
      "geometry": {
        "type": "Point",
        "coordinates": [
          88.631032713,
          26.540276372
        ]
      }
    },
    {
      "type": "Feature",
      "properties": {
        "name": "Goramachia",
        "brand": "Jio-bp",
        "brand_code": "JIOBP",
        "address": "VILLAGE GORAMACHIYA, NEAR MAIDA HILL, JHANSI, GORAMACHHIA",
        "state": "Uttar Pradesh",
        "city": "",
        "ro_code": "UWF052",
        "amenity": "fuel",
        "source": "jiobp.com"
      },
      "geometry": {
        "type": "Point",
        "coordinates": [
          78.669607036,
          25.470117456
        ]
      }
    },
    {
      "type": "Feature",
      "properties": {
        "name": "JALAUN KANPUR",
        "brand": "Jio-bp",
        "brand_code": "JIOBP",
        "address": "593, MOHALLA - Sahav Naka, Jalaun , Auriya Road, Distt: Jalaun.",
        "state": "Uttar Pradesh",
        "city": "Jalaun",
        "ro_code": "UWF078",
        "amenity": "fuel",
        "source": "jiobp.com"
      },
      "geometry": {
        "type": "Point",
        "coordinates": [
          79.329039366,
          26.151960902
        ]
      }
    },
    {
      "type": "Feature",
      "properties": {
        "name": "BHAVNAGAR P4",
        "brand": "Jio-bp",
        "brand_code": "JIOBP",
        "address": "PLOT NO 2107/B, NEAR VIHAR COMPLEX, bhavnagar",
        "state": "Gujarat",
        "city": "BHAVNAGAR",
        "ro_code": "GJC104",
        "amenity": "fuel",
        "source": "jiobp.com"
      },
      "geometry": {
        "type": "Point",
        "coordinates": [
          72.147696688,
          21.774007596
        ]
      }
    },
    {
      "type": "Feature",
      "properties": {
        "name": "NAVAPUR NASIK",
        "brand": "Jio-bp",
        "brand_code": "JIOBP",
        "address": "NEAR HOTEL GARDEN, SURAT DHULE HIGHWAY, NAVAPUR NANDURBAR  TALUKA :NAVAPUR,DIST:NANDURBAR 425418",
        "state": "Maharashtra",
        "city": "NASIK",
        "ro_code": "MHF071",
        "amenity": "fuel",
        "source": "jiobp.com"
      },
      "geometry": {
        "type": "Point",
        "coordinates": [
          73.78543238,
          21.160461383
        ]
      }
    },
    {
      "type": "Feature",
      "properties": {
        "name": "DONDAICHA NASIK",
        "brand": "Jio-bp",
        "brand_code": "JIOBP",
        "address": "DHULE DIVERSION ROAD NEAR JAIN TEMPLE,TALUKA SHINDKHEDA, DADAWADI,  425408",
        "state": "Maharashtra",
        "city": "NASIK",
        "ro_code": "MHF163",
        "amenity": "fuel",
        "source": "jiobp.com"
      },
      "geometry": {
        "type": "Point",
        "coordinates": [
          74.566636177,
          21.324151526
        ]
      }
    },
    {
      "type": "Feature",
      "properties": {
        "name": "TIRUPPUR-PALLADAM RD COIMBAT",
        "brand": "Jio-bp",
        "brand_code": "JIOBP",
        "address": "S.F No 635/2B,Bharathi Nagar, Vidhyalayam,",
        "state": "Tamil Nadu",
        "city": "TIRUPPUR",
        "ro_code": "TNC007",
        "amenity": "fuel",
        "source": "jiobp.com"
      },
      "geometry": {
        "type": "Point",
        "coordinates": [
          77.339537637,
          11.071556269
        ]
      }
    },
    {
      "type": "Feature",
      "properties": {
        "name": "PERIYAKULLAM MADURAI",
        "brand": "Jio-bp",
        "brand_code": "JIOBP",
        "address": "RELIANCE RETAIL OUTLET,SURVEY NO: 205/1and2 PART,(NEAR PAVALAM THEATRE), NEAR MILE STONE:59/0,NH-45, EXTN. THENGARAI VILLAGE, PERIYAKULAM TALUKA, THENI DIST.  625601  ,",
        "state": "Tamil Nadu",
        "city": "PERIYAKULLAM",
        "ro_code": "TNF076",
        "amenity": "fuel",
        "source": "jiobp.com"
      },
      "geometry": {
        "type": "Point",
        "coordinates": [
          77.54643313,
          10.120433203
        ]
      }
    },
    {
      "type": "Feature",
      "properties": {
        "name": "PDDATUR",
        "brand": "Jio-bp",
        "brand_code": "JIOBP",
        "address": "RADHA FILLING STATION, RELIANCE PETROL BUNK, SURVEY NO 169, MODAMEEDA PALLI, KOTHA PALLIPANCHAYATH, PRODDATUR- PIN 516360, KADAPA DIST. AP",
        "state": "Andhra Pradesh",
        "city": "",
        "ro_code": "APF032",
        "amenity": "fuel",
        "source": "jiobp.com"
      },
      "geometry": {
        "type": "Point",
        "coordinates": [
          78.60075,
          14.735833333
        ]
      }
    },
    {
      "type": "Feature",
      "properties": {
        "name": "YEMMIGANUR ANANTAPUR",
        "brand": "Jio-bp",
        "brand_code": "JIOBP",
        "address": "M/s Sree Neelakanteswar FillingStation ,Reliance Petrol Pump Survey No.450,Yemmiganur village and mandal Kurnool dist,Pin Code-",
        "state": "Andhra Pradesh",
        "city": "YEMMIGANUR",
        "ro_code": "APF061",
        "amenity": "fuel",
        "source": "jiobp.com"
      },
      "geometry": {
        "type": "Point",
        "coordinates": [
          77.483577886,
          15.771567672
        ]
      }
    },
    {
      "type": "Feature",
      "properties": {
        "name": "SANGLI",
        "brand": "Jio-bp",
        "brand_code": "JIOBP",
        "address": "SHREE FUEL STATION, SURVEY NO. 13604, S-65/B,SANGLI -MIRAJ ROAD. SANGALI.  416413",
        "state": "Maharashtra",
        "city": "",
        "ro_code": "MHC017",
        "amenity": "fuel",
        "source": "jiobp.com"
      },
      "geometry": {
        "type": "Point",
        "coordinates": [
          74.584347723,
          16.852562597
        ]
      }
    },
    {
      "type": "Feature",
      "properties": {
        "name": "TADIPATRI ANANTAPUR",
        "brand": "Jio-bp",
        "brand_code": "JIOBP",
        "address": "S.NO: 186A,B,C, NANDALAPADU VILLAGE, TADIPATRI, ANANTAPUR DIST-51541",
        "state": "Andhra Pradesh",
        "city": "TADIPATRI",
        "ro_code": "APF035",
        "amenity": "fuel",
        "source": "jiobp.com"
      },
      "geometry": {
        "type": "Point",
        "coordinates": [
          77.977224915,
          14.902683524
        ]
      }
    },
    {
      "type": "Feature",
      "properties": {
        "name": "MALBAZAR SILIGURI",
        "brand": "Jio-bp",
        "brand_code": "JIOBP",
        "address": "PLOT-209(OLD)and413(NEW),JL:20, KHATIA:10/2(OLD),VILL:MALBAZAR, PO-CHALSA, DISTT:JALPAIGURI, MALBAZA",
        "state": "West Bengal",
        "city": "SILIGURI",
        "ro_code": "WBF067",
        "amenity": "fuel",
        "source": "jiobp.com"
      },
      "geometry": {
        "type": "Point",
        "coordinates": [
          88.809099403,
          26.872460626
        ]
      }
    },
    {
      "type": "Feature",
      "properties": {
        "name": "TUTICORIN 1 TS",
        "brand": "Jio-bp",
        "brand_code": "JIOBP",
        "address": "Sy. No. 55/1A, 1B, 1C & 2A, Melarasaradi Village, Madurai Byepass Road,",
        "state": "Tamil Nadu",
        "city": "TUTICORIN",
        "ro_code": "TNT010",
        "amenity": "fuel",
        "source": "jiobp.com"
      },
      "geometry": {
        "type": "Point",
        "coordinates": [
          78.1111833333,
          8.8780944444
        ]
      }
    },
    {
      "type": "Feature",
      "properties": {
        "name": "BHAGTA BHAI",
        "brand": "Jio-bp",
        "brand_code": "JIOBP",
        "address": "C/O RELIANCE PUMP, BHAGTA - BARNALA ROAD, BHAGTA BHAI KA, DIST. BATHINDA  BHAGTABHAIKA.RETAILOUTLET@RELPETROMAIL.COM",
        "state": "Punjab",
        "city": "",
        "ro_code": "PBF009",
        "amenity": "fuel",
        "source": "jiobp.com"
      },
      "geometry": {
        "type": "Point",
        "coordinates": [
          75.1153319917,
          30.4840631625
        ]
      }
    },
    {
      "type": "Feature",
      "properties": {
        "name": "MUKTSAR 1 BATHINDA",
        "brand": "Jio-bp",
        "brand_code": "JIOBP",
        "address": "MALOUT ROAD, NEAR SETIA PAPER MILL (RUPANA), MUKTSAR",
        "state": "Punjab",
        "city": "",
        "ro_code": "PBF047",
        "amenity": "fuel",
        "source": "jiobp.com"
      },
      "geometry": {
        "type": "Point",
        "coordinates": [
          74.521363271,
          30.437560177
        ]
      }
    },
    {
      "type": "Feature",
      "properties": {
        "name": "KHODIYARMANDIR",
        "brand": "Jio-bp",
        "brand_code": "JIOBP",
        "address": "C/O-VERAI PROVISION STORES, MAIN BAZAR, LALPUR-361170. DIST-JAMNAGAR NEAR KHODIYAR MANDIR, SARU SECTION ROAD, JAMNAGAR  361006",
        "state": "Gujarat",
        "city": "JAMNAGAR",
        "ro_code": "GJC116",
        "amenity": "fuel",
        "source": "jiobp.com"
      },
      "geometry": {
        "type": "Point",
        "coordinates": [
          70.074286195,
          22.459582437
        ]
      }
    },
    {
      "type": "Feature",
      "properties": {
        "name": "RAMNAGAR TENGRA",
        "brand": "Jio-bp",
        "brand_code": "JIOBP",
        "address": "Khata Khatauni no. 140/73 , Arazi no. 316/317, Gram - Mirzapur Khurd , Pargana Bhuili, Tehsil - Chunar, Distt: Mirzapur",
        "state": "Uttar Pradesh",
        "city": "Mirzapur",
        "ro_code": "UEF012",
        "amenity": "fuel",
        "source": "jiobp.com"
      },
      "geometry": {
        "type": "Point",
        "coordinates": [
          83.0345,
          25.230875
        ]
      }
    },
    {
      "type": "Feature",
      "properties": {
        "name": "Gujepur",
        "brand": "Jio-bp",
        "brand_code": "JIOBP",
        "address": "At Chainage 217+900, Near MS 218, Agra Lucknow Expressway, Village ¿ Gujepur, Police Stn - Kannoj,  Taluka -  Bilhaur, Distt -  Kanpur Nagar , State ¿ UP",
        "state": "Uttar Pradesh",
        "city": "",
        "ro_code": "UEF112",
        "amenity": "fuel",
        "source": "jiobp.com"
      },
      "geometry": {
        "type": "Point",
        "coordinates": [
          80.01347,
          26.904584
        ]
      }
    },
    {
      "type": "Feature",
      "properties": {
        "name": "GONDAL 2",
        "brand": "Jio-bp",
        "brand_code": "JIOBP",
        "address": "NH-8B, GF-056, S NO 407/2, SURVEY NO. 401 / 2, NEAR HOTEL ANUPAMA, GONDAL 360311",
        "state": "Gujarat",
        "city": "GONDAL",
        "ro_code": "GJF055",
        "amenity": "fuel",
        "source": "jiobp.com"
      },
      "geometry": {
        "type": "Point",
        "coordinates": [
          70.7776277778,
          21.9482611111
        ]
      }
    },
    {
      "type": "Feature",
      "properties": {
        "name": "VAPI 1",
        "brand": "Jio-bp",
        "brand_code": "JIOBP",
        "address": "RELIANCE RETAIL OUTLET, SURVEY NO. 1/P, 1/3/P GAMTAL,BESIDES MAHARANI FARM, ON NH # 8,AT and POST NANDIGAM, TAL UMARGAM, DIST VALSAD, GUJARAT.- 392130",
        "state": "Gujarat",
        "city": "",
        "ro_code": "GJT007",
        "amenity": "fuel",
        "source": "jiobp.com"
      },
      "geometry": {
        "type": "Point",
        "coordinates": [
          72.884184611,
          20.230879694
        ]
      }
    },
    {
      "type": "Feature",
      "properties": {
        "name": "KANPUR TS UNNAO",
        "brand": "Jio-bp",
        "brand_code": "JIOBP",
        "address": "GRAM MALANV, PARGANA JHAOTAR AJGAIN, TEHSIL HASANGANJ, DISTRICT UNNAO PIN CODE 209831",
        "state": "Uttar Pradesh",
        "city": "Unnao ( Kanpur-III)",
        "ro_code": "UET008",
        "amenity": "fuel",
        "source": "jiobp.com"
      },
      "geometry": {
        "type": "Point",
        "coordinates": [
          80.618810963,
          26.610690982
        ]
      }
    },
    {
      "type": "Feature",
      "properties": {
        "name": "KADIRI",
        "brand": "Jio-bp",
        "brand_code": "JIOBP",
        "address": "S.NO:184-1,SAIDAPURAM VILLAGE,KADIRI, ANANTAPUR DIST-515591",
        "state": "Andhra Pradesh",
        "city": "Anantapur District - 515591",
        "ro_code": "APF023",
        "amenity": "fuel",
        "source": "jiobp.com"
      },
      "geometry": {
        "type": "Point",
        "coordinates": [
          78.154722222,
          14.126111111
        ]
      }
    },
    {
      "type": "Feature",
      "properties": {
        "name": "MAKSI FF",
        "brand": "Jio-bp",
        "brand_code": "JIOBP",
        "address": "SURVEY NO.541/5, 541/6, GRAM-GADROLI, AB ROAD, MAKSI, DIST-SHAJAPUR 465106",
        "state": "Madhya Pradesh",
        "city": "Maksi",
        "ro_code": "MPF010",
        "amenity": "fuel",
        "source": "jiobp.com"
      },
      "geometry": {
        "type": "Point",
        "coordinates": [
          76.150065825,
          23.275785082
        ]
      }
    },
    {
      "type": "Feature",
      "properties": {
        "name": "SONKUTCH FF",
        "brand": "Jio-bp",
        "brand_code": "JIOBP",
        "address": "Plot No 352/2,523/2,Sonkutch, Dewas District  Madhya Pradesh Pin 455118",
        "state": "Madhya Pradesh",
        "city": "SONKUTCH",
        "ro_code": "MPF013",
        "amenity": "fuel",
        "source": "jiobp.com"
      },
      "geometry": {
        "type": "Point",
        "coordinates": [
          76.34839854,
          22.97446485
        ]
      }
    },
    {
      "type": "Feature",
      "properties": {
        "name": "BILAWALI (DEWAS)",
        "brand": "Jio-bp",
        "brand_code": "JIOBP",
        "address": "KHASRA NO. 325/2, PATWARI HALKA NO. 18, A.B ROAD, TEHSIL DEWAS, BNP POLICE THANA A.B. ROAD ,DIST - DEWAS, (M.P.)  455001",
        "state": "Madhya Pradesh",
        "city": "",
        "ro_code": "MPF085",
        "amenity": "fuel",
        "source": "jiobp.com"
      },
      "geometry": {
        "type": "Point",
        "coordinates": [
          76.071944444,
          22.977805556
        ]
      }
    },
    {
      "type": "Feature",
      "properties": {
        "name": "JHADMAU BHOPAL",
        "brand": "Jio-bp",
        "brand_code": "JIOBP",
        "address": "PACHORE-MACHALPUR ROAD, JHADMAU, TEHSIL ZIRAPUR,  GRAM JHADMOU  DISTT RAJGAR 465691",
        "state": "Madhya Pradesh",
        "city": "JHADMAU",
        "ro_code": "MPR015",
        "amenity": "fuel",
        "source": "jiobp.com"
      },
      "geometry": {
        "type": "Point",
        "coordinates": [
          76.370430657,
          23.978197521
        ]
      }
    },
    {
      "type": "Feature",
      "properties": {
        "name": "KHAMBA",
        "brand": "Jio-bp",
        "brand_code": "JIOBP",
        "address": "RAJYOG PETROLEUM, SURVEY NO:602,AMRELI ROAD, KHAMBA, DISTRICT AMRELI 365650",
        "state": "Gujarat",
        "city": "",
        "ro_code": "GJF248",
        "amenity": "fuel",
        "source": "jiobp.com"
      },
      "geometry": {
        "type": "Point",
        "coordinates": [
          71.258661239,
          21.138077913
        ]
      }
    },
    {
      "type": "Feature",
      "properties": {
        "name": "GANDHIDHAM",
        "brand": "Jio-bp",
        "brand_code": "JIOBP",
        "address": "CORNER PLOT OF WARD NO. 5, ON THE JN. OF TAGORE ROAD and AIRPORT ROAD, TAL: GANDHIDHAM: KUTCH  370205",
        "state": "Gujarat",
        "city": "GANDHIDHAM",
        "ro_code": "GJC133",
        "amenity": "fuel",
        "source": "jiobp.com"
      },
      "geometry": {
        "type": "Point",
        "coordinates": [
          70.139091727,
          23.06435504
        ]
      }
    },
    {
      "type": "Feature",
      "properties": {
        "name": "KOTDA (DODO)",
        "brand": "Jio-bp",
        "brand_code": "JIOBP",
        "address": "BACHAU - PAPAR VIA KHAROI,  NR. KHAROI CHOKDI, VILL: KHAROI, BHACHAU - RAPAR STATE HIGH WAY, TAL: BHACHAU, DIS: KUTCH  370140",
        "state": "Gujarat",
        "city": "",
        "ro_code": "GJF216",
        "amenity": "fuel",
        "source": "jiobp.com"
      },
      "geometry": {
        "type": "Point",
        "coordinates": [
          70.34275076,
          23.528529074
        ]
      }
    },
    {
      "type": "Feature",
      "properties": {
        "name": "WADGOAN MAVAL",
        "brand": "Jio-bp",
        "brand_code": "JIOBP",
        "address": "S. NO .39, NH -4, OLD MUMBAI- PUNE ROAD NEAR HOTEL  SHERE -E- PUNJAB WADGAON TAL MAVAL DIST PUNE 412106",
        "state": "Maharashtra",
        "city": "Pune",
        "ro_code": "MHF111",
        "amenity": "fuel",
        "source": "jiobp.com"
      },
      "geometry": {
        "type": "Point",
        "coordinates": [
          73.608444444,
          18.751777778
        ]
      }
    },
    {
      "type": "Feature",
      "properties": {
        "name": "KHEDSHIVAPUR TS",
        "brand": "Jio-bp",
        "brand_code": "JIOBP",
        "address": "NH-4  CHAINAGE NUMBER 813 AT POST KELAWDE BHOR DISTRICT- PUNE 412213",
        "state": "Maharashtra",
        "city": "KHEDSHIVAPUR",
        "ro_code": "MHT010",
        "amenity": "fuel",
        "source": "jiobp.com"
      },
      "geometry": {
        "type": "Point",
        "coordinates": [
          73.8748889,
          18.2857222
        ]
      }
    },
    {
      "type": "Feature",
      "properties": {
        "name": "ILKAL",
        "brand": "Jio-bp",
        "brand_code": "JIOBP",
        "address": "RELIANCE PETRO MARKETING PVT. LTD., RETAIL OUTLET, NH 13, ILLKAL TRUCK STOP, R.S. NO. 69/3, TONDIHAL VILLAGE, HUNAGUND TALUKA, BAGALKOT DIST.  587125",
        "state": "Karnataka",
        "city": "",
        "ro_code": "KRT010",
        "amenity": "fuel",
        "source": "jiobp.com"
      },
      "geometry": {
        "type": "Point",
        "coordinates": [
          76.099916667,
          15.989138889
        ]
      }
    },
    {
      "type": "Feature",
      "properties": {
        "name": "PATAN 1 (DODO)",
        "brand": "Jio-bp",
        "brand_code": "JIOBP",
        "address": "RS NO. 151,  PLOT NO.130,  DEESA HIGHWAY ROAD,  PO PATAN   384265",
        "state": "Gujarat",
        "city": "",
        "ro_code": "GJF118",
        "amenity": "fuel",
        "source": "jiobp.com"
      },
      "geometry": {
        "type": "Point",
        "coordinates": [
          72.138202,
          23.85367002
        ]
      }
    },
    {
      "type": "Feature",
      "properties": {
        "name": "BARMANA CHANDIGARH",
        "brand": "Jio-bp",
        "brand_code": "JIOBP",
        "address": "KHASRA KHATWANI 16/17 MIN, KHASRA NO 50 / 3 and 53/4, BARODA JATTA, SADAR, BILLARPUR, HP",
        "state": "Himachal Pradesh",
        "city": "",
        "ro_code": "HPF002",
        "amenity": "fuel",
        "source": "jiobp.com"
      },
      "geometry": {
        "type": "Point",
        "coordinates": [
          76.815840761,
          31.390557865
        ]
      }
    },
    {
      "type": "Feature",
      "properties": {
        "name": "CHANDAUSI",
        "brand": "Jio-bp",
        "brand_code": "JIOBP",
        "address": "M/S VIMAL FUELS, VINOD COMPLEX,Dispensri road CHANDAUSI, KHASRA NO 79/0, KHASRA NO 80, CHANDAUSI, MORADABAD, UP 244412",
        "state": "Uttar Pradesh",
        "city": "",
        "ro_code": "UWF008",
        "amenity": "fuel",
        "source": "jiobp.com"
      },
      "geometry": {
        "type": "Point",
        "coordinates": [
          78.782967415,
          28.46155793
        ]
      }
    },
    {
      "type": "Feature",
      "properties": {
        "name": "BARMER 1",
        "brand": "Jio-bp",
        "brand_code": "JIOBP",
        "address": "KHASRA NO. 2031-634-4-1, NH 15,MILESTONE NO. 161-750, BARMER- SANCHORE ROAD, VILLAGE- SANSIYON KA TALA , BARMER RAJASTHAN.",
        "state": "Rajasthan",
        "city": "",
        "ro_code": "RJF038",
        "amenity": "fuel",
        "source": "jiobp.com"
      },
      "geometry": {
        "type": "Point",
        "coordinates": [
          71.389825066,
          25.703981335
        ]
      }
    },
    {
      "type": "Feature",
      "properties": {
        "name": "Lalkuan",
        "brand": "Jio-bp",
        "brand_code": "JIOBP",
        "address": "Khasra No. 1283, 1292, Bulandshahar to Ghaziabad Road, NH-91, Village- Shahpur Bametha, District: Ghazaibad, Uttar Pradesh",
        "state": "Uttar Pradesh",
        "city": "",
        "ro_code": "UWF049",
        "amenity": "fuel",
        "source": "jiobp.com"
      },
      "geometry": {
        "type": "Point",
        "coordinates": [
          77.471944444,
          28.629027778
        ]
      }
    },
    {
      "type": "Feature",
      "properties": {
        "name": "GHAZIABAD NOIDA",
        "brand": "Jio-bp",
        "brand_code": "JIOBP",
        "address": "Plot No. 35, Khasra No. 609, Khatauni No. 195, On Delhi - Meerut Road, NH-58, Near Mile Stone 19, Village: Ghukna, Teh: Loni, District: Ghaziabad, State: Uttar Pradesh - 201003",
        "state": "Uttar Pradesh",
        "city": "",
        "ro_code": "UWF086",
        "amenity": "fuel",
        "source": "jiobp.com"
      },
      "geometry": {
        "type": "Point",
        "coordinates": [
          77.414492789,
          28.671845142
        ]
      }
    },
    {
      "type": "Feature",
      "properties": {
        "name": "UWM001 - MDU",
        "brand": "Jio-bp",
        "brand_code": "JIOBP",
        "address": "Office of  City Magistrate, Opposite C Block Market, Sector 19, Noida, UP - 201301",
        "state": "Uttar Pradesh",
        "city": "Noida",
        "ro_code": "UWM001",
        "amenity": "fuel",
        "source": "jiobp.com"
      },
      "geometry": {
        "type": "Point",
        "coordinates": [
          77.326117782,
          28.580662155
        ]
      }
    },
    {
      "type": "Feature",
      "properties": {
        "name": "KOTHARA",
        "brand": "Jio-bp",
        "brand_code": "JIOBP",
        "address": "SURVEY NO. 69/P, VILL: KOTHARA, TAL: ABDASA, DIS: KUTCH.  370645",
        "state": "Gujarat",
        "city": "",
        "ro_code": "GJF219",
        "amenity": "fuel",
        "source": "jiobp.com"
      },
      "geometry": {
        "type": "Point",
        "coordinates": [
          68.928324882,
          23.136818074
        ]
      }
    },
    {
      "type": "Feature",
      "properties": {
        "name": "Sumrasar",
        "brand": "Jio-bp",
        "brand_code": "JIOBP",
        "address": "Survey No.451/1, Village Sumrasar Sekh (Koderiya), Taluka Bhuj, Dist. Kutch, Gujarat - 370001",
        "state": "Gujarat",
        "city": "BHUJ",
        "ro_code": "GJR096",
        "amenity": "fuel",
        "source": "jiobp.com"
      },
      "geometry": {
        "type": "Point",
        "coordinates": [
          69.536268733,
          23.345294264
        ]
      }
    },
    {
      "type": "Feature",
      "properties": {
        "name": "LATUR2",
        "brand": "Jio-bp",
        "brand_code": "JIOBP",
        "address": "Reliance Retail Outlet,Survey No. 48,Barshi Road, Village- Khadgaon,Taluka-Latur, Dist- Latur-413512",
        "state": "Maharashtra",
        "city": "",
        "ro_code": "MHC045",
        "amenity": "fuel",
        "source": "jiobp.com"
      },
      "geometry": {
        "type": "Point",
        "coordinates": [
          76.550729055,
          18.40717107
        ]
      }
    },
    {
      "type": "Feature",
      "properties": {
        "name": "AHMEDPUR PUNE",
        "brand": "Jio-bp",
        "brand_code": "JIOBP",
        "address": "SURVEY NO 82 2 OPP MGM COLLEGE AHMEDPUR DIST LATUR MOUZA  MANGRULPIR,KARANJA-WASHIM ROAD,TAHSIL:MANGRULPIR  413515",
        "state": "Maharashtra",
        "city": "",
        "ro_code": "MHF183",
        "amenity": "fuel",
        "source": "jiobp.com"
      },
      "geometry": {
        "type": "Point",
        "coordinates": [
          76.932645595,
          18.699785933
        ]
      }
    },
    {
      "type": "Feature",
      "properties": {
        "name": "KAIRAWALI FF (AGRA)",
        "brand": "Jio-bp",
        "brand_code": "JIOBP",
        "address": "M/S. RENU ENTERPRISES PROP.MAJ PURAN SINGH37A/30/8D, SAINIK PURAM, MADHU NAGAR AGRA CANTT, AGRA NH-11, KHASRANO:126, VILLAGE:VIDYAPUR, TEHSIL:KIRAWALI,  DISTT.AGRA PIN_CODE : 283122",
        "state": "Uttar Pradesh",
        "city": "",
        "ro_code": "UWF044",
        "amenity": "fuel",
        "source": "jiobp.com"
      },
      "geometry": {
        "type": "Point",
        "coordinates": [
          77.7669305556,
          27.131975
        ]
      }
    },
    {
      "type": "Feature",
      "properties": {
        "name": "TIRUVARUR",
        "brand": "Jio-bp",
        "brand_code": "JIOBP",
        "address": "Sy.No.  85/12 B,87/1 &2B, Thandalai Village,",
        "state": "Tamil Nadu",
        "city": "Kodabakkam High Road Nagubakkam",
        "ro_code": "TNF031",
        "amenity": "fuel",
        "source": "jiobp.com"
      },
      "geometry": {
        "type": "Point",
        "coordinates": [
          79.637137787,
          10.767065417
        ]
      }
    },
    {
      "type": "Feature",
      "properties": {
        "name": "ARANTHANGI TRICHY",
        "brand": "Jio-bp",
        "brand_code": "JIOBP",
        "address": "28/2, Kattumavadi Road,",
        "state": "Tamil Nadu",
        "city": "ARANTHANGI",
        "ro_code": "TNF070",
        "amenity": "fuel",
        "source": "jiobp.com"
      },
      "geometry": {
        "type": "Point",
        "coordinates": [
          78.998061622,
          10.170100659
        ]
      }
    },
    {
      "type": "Feature",
      "properties": {
        "name": "TANJORE TRICHY",
        "brand": "Jio-bp",
        "brand_code": "JIOBP",
        "address": "Survey No 396 / 7, No 24 New Busstand Road(Opp :Cwc Godown)",
        "state": "Tamil Nadu",
        "city": "TANJORE",
        "ro_code": "TNF102",
        "amenity": "fuel",
        "source": "jiobp.com"
      },
      "geometry": {
        "type": "Point",
        "coordinates": [
          79.123080931,
          10.761953989
        ]
      }
    },
    {
      "type": "Feature",
      "properties": {
        "name": "KOTA NELLORE",
        "brand": "Jio-bp",
        "brand_code": "JIOBP",
        "address": "Reliance Petro Marketing Ltd, Survey No. 1409 (20,21,22 part and 25,26,27), SH 67, Milestone No : 18/4, Kota Village,Kota, Nellore District, Andhrapradesh",
        "state": "Andhra Pradesh",
        "city": "KOTA",
        "ro_code": "APF125",
        "amenity": "fuel",
        "source": "jiobp.com"
      },
      "geometry": {
        "type": "Point",
        "coordinates": [
          80.040638504,
          14.027283576
        ]
      }
    },
    {
      "type": "Feature",
      "properties": {
        "name": "INDRI KARNAL",
        "brand": "Jio-bp",
        "brand_code": "JIOBP",
        "address": "KHEWAT 196 KHATONI NO 218, NR KM STONE18, SH - 7, VILLAGE GUDHA TEH. INDRI DISTT. KARNAL HARYANA  132041",
        "state": "Haryana",
        "city": "Indri",
        "ro_code": "HRF086",
        "amenity": "fuel",
        "source": "jiobp.com"
      },
      "geometry": {
        "type": "Point",
        "coordinates": [
          77.065620943,
          29.876775438
        ]
      }
    },
    {
      "type": "Feature",
      "properties": {
        "name": "KARUR TS",
        "brand": "Jio-bp",
        "brand_code": "JIOBP",
        "address": "NH 7, 621_623A, THALLAMPATTI VILLAGE, DISTRICT- KARUR 639003, TAMILNADU",
        "state": "Tamil Nadu",
        "city": "Karur",
        "ro_code": "TNT017",
        "amenity": "fuel",
        "source": "jiobp.com"
      },
      "geometry": {
        "type": "Point",
        "coordinates": [
          78.0041834993,
          10.8741104711
        ]
      }
    },
    {
      "type": "Feature",
      "properties": {
        "name": "CHAMPA RAIPUR",
        "brand": "Jio-bp",
        "brand_code": "JIOBP",
        "address": "VILLAGE LACHHANPUR TAH CHAMPA DIST JANJGIR 495671",
        "state": "Chattisgarh",
        "city": "",
        "ro_code": "CGF022",
        "amenity": "fuel",
        "source": "jiobp.com"
      },
      "geometry": {
        "type": "Point",
        "coordinates": [
          82.643365681,
          22.026509041
        ]
      }
    },
    {
      "type": "Feature",
      "properties": {
        "name": "BAHADUR",
        "brand": "Jio-bp",
        "brand_code": "JIOBP",
        "address": "RELIANCE PETROLEUM , BAJAKHANNA ROAD BHADAUR  BHADAUR.RETAILOUTLET@RELPETROMAIL.COM",
        "state": "Punjab",
        "city": "",
        "ro_code": "PBF013",
        "amenity": "fuel",
        "source": "jiobp.com"
      },
      "geometry": {
        "type": "Point",
        "coordinates": [
          75.325094076,
          30.470768044
        ]
      }
    },
    {
      "type": "Feature",
      "properties": {
        "name": "JABALPUR (DODO)",
        "brand": "Jio-bp",
        "brand_code": "JIOBP",
        "address": "SHARDA CHOWK, NAGPUR ROAD, RANI DURGAWATI WARD, TEHSIL and DIST : JABALPUR  482001",
        "state": "Madhya Pradesh",
        "city": "Jabalpur",
        "ro_code": "MPF096",
        "amenity": "fuel",
        "source": "jiobp.com"
      },
      "geometry": {
        "type": "Point",
        "coordinates": [
          79.90575,
          23.154944444
        ]
      }
    },
    {
      "type": "Feature",
      "properties": {
        "name": "ORANG JORHAT",
        "brand": "Jio-bp",
        "brand_code": "JIOBP",
        "address": "DAG NO: 22 and 21, PATTA NO: 49, MOUZA:ORANG,VILL:NO1SAIKIACHUBURI, P.S.: MAZBAT,DISTT:UDALGURI, ASSAM, ORANG",
        "state": "Assam",
        "city": "ORANGI",
        "ro_code": "ASR005",
        "amenity": "fuel",
        "source": "jiobp.com"
      },
      "geometry": {
        "type": "Point",
        "coordinates": [
          92.333362064,
          26.701777986
        ]
      }
    },
    {
      "type": "Feature",
      "properties": {
        "name": "SHRIRAMPUR(AHMEDNAGAR) PUNE",
        "brand": "Jio-bp",
        "brand_code": "JIOBP",
        "address": "SANGAMNER ROAD, NEAR PRABHAT DAIRY, SHRIRAMPUR, PINCODE - 431720",
        "state": "Maharashtra",
        "city": "",
        "ro_code": "MHF025",
        "amenity": "fuel",
        "source": "jiobp.com"
      },
      "geometry": {
        "type": "Point",
        "coordinates": [
          74.663237693,
          19.618992706
        ]
      }
    },
    {
      "type": "Feature",
      "properties": {
        "name": "RAHURI(AHMEDNAGAR)",
        "brand": "Jio-bp",
        "brand_code": "JIOBP",
        "address": "NEAR ARTS SCIENCE COLLEGE,SHIRDI ROAD,SH10,VILLAGE:GANESH TEKADI, TAL-RAHURI.DISTRICT AHMEDNAGAR  413705",
        "state": "Maharashtra",
        "city": "RAHURI",
        "ro_code": "MHF026",
        "amenity": "fuel",
        "source": "jiobp.com"
      },
      "geometry": {
        "type": "Point",
        "coordinates": [
          74.634758191,
          19.411449229
        ]
      }
    },
    {
      "type": "Feature",
      "properties": {
        "name": "Ahmednagar I",
        "brand": "Jio-bp",
        "brand_code": "JIOBP",
        "address": "Gat No- 697",
        "state": "Maharashtra",
        "city": "",
        "ro_code": "MHF059",
        "amenity": "fuel",
        "source": "jiobp.com"
      },
      "geometry": {
        "type": "Point",
        "coordinates": [
          74.74270862,
          19.093576691
        ]
      }
    },
    {
      "type": "Feature",
      "properties": {
        "name": "Tisgaon",
        "brand": "Jio-bp",
        "brand_code": "JIOBP",
        "address": "Gut No. 397, 398, 400, Village Karanji, Tal - Pathardi, Dist - Ahmednagar, Maharashtra - 414106",
        "state": "Maharashtra",
        "city": "Tisgaon",
        "ro_code": "MHF439",
        "amenity": "fuel",
        "source": "jiobp.com"
      },
      "geometry": {
        "type": "Point",
        "coordinates": [
          75.019443,
          19.157829
        ]
      }
    },
    {
      "type": "Feature",
      "properties": {
        "name": "SHIBLAPUR PUNE",
        "brand": "Jio-bp",
        "brand_code": "JIOBP",
        "address": "GAT NO 158-1, NEAR HOTEL KAILASH, SANGAMNER- GUHA  VIA SHIMBLAPUR ROAD,SHIBLAPUR,  TAL; SANGAMNER, DIST: AHMEDNAGAR 413738",
        "state": "Maharashtra",
        "city": "SHIBLAPUR",
        "ro_code": "MHR068",
        "amenity": "fuel",
        "source": "jiobp.com"
      },
      "geometry": {
        "type": "Point",
        "coordinates": [
          74.360833333,
          19.494166667
        ]
      }
    },
    {
      "type": "Feature",
      "properties": {
        "name": "MAKA PUNE",
        "brand": "Jio-bp",
        "brand_code": "JIOBP",
        "address": "GUT NO 470, VILLAGE MAKA",
        "state": "Maharashtra",
        "city": "MAKA",
        "ro_code": "MHR078",
        "amenity": "fuel",
        "source": "jiobp.com"
      },
      "geometry": {
        "type": "Point",
        "coordinates": [
          74.756388889,
          19.480277778
        ]
      }
    },
    {
      "type": "Feature",
      "properties": {
        "name": "ERATTUPETTA COCHIN",
        "brand": "Jio-bp",
        "brand_code": "JIOBP",
        "address": "Erattupeta Reliance Retail Outlet (KLF002), M/s. Kallumthalackel Fuels, Near Deepti Bhavan,  Melampara PO,  Erattupetta, Kottayal District. PIN: 686594Mr. Binoy: +919447302325",
        "state": "Kerala",
        "city": "ERATTUPETTA",
        "ro_code": "KLF002",
        "amenity": "fuel",
        "source": "jiobp.com"
      },
      "geometry": {
        "type": "Point",
        "coordinates": [
          76.777986929,
          9.686707652
        ]
      }
    },
    {
      "type": "Feature",
      "properties": {
        "name": "KAYAMKULAM COCHIN",
        "brand": "Jio-bp",
        "brand_code": "JIOBP",
        "address": "Kayamkulam Reliance Retail Outlet (KLF074),M/s. Hiba Fuels, Opp. Kerala Agri Promotion Board Office, Kayamkulam - Punalur Road, Kayamkulam, Alappuzha District. PIN: 691306.Mr. Sandeep: +919846350625",
        "state": "Kerala",
        "city": "KAYAMKULAM",
        "ro_code": "KLF074",
        "amenity": "fuel",
        "source": "jiobp.com"
      },
      "geometry": {
        "type": "Point",
        "coordinates": [
          76.504226439,
          9.175314326
        ]
      }
    },
    {
      "type": "Feature",
      "properties": {
        "name": "KISHANGARH BYPASS FF",
        "brand": "Jio-bp",
        "brand_code": "JIOBP",
        "address": "NH - 8 KHASRA NO. - 321/1/3 , LHS TOWARDS :- JAIPUR - AJMER , VILLAGE :- MADANGANJ , TEHSIL :- KISHANGARH , DISTRICT:-  AJMER ( RAJ.)  PIN CODE 305801",
        "state": "Rajasthan",
        "city": "KISHANGARH",
        "ro_code": "RJF031",
        "amenity": "fuel",
        "source": "jiobp.com"
      },
      "geometry": {
        "type": "Point",
        "coordinates": [
          74.820811515,
          26.579741371
        ]
      }
    },
    {
      "type": "Feature",
      "properties": {
        "name": "KAMAAN BHARATPUR",
        "brand": "Jio-bp",
        "brand_code": "JIOBP",
        "address": "RELIANCE PETRO MARKETING LTD, C/O M/S SHREE SHYAM PETROLEUM, SH-44, STONE MILE 56, VILLAGE and P.O KAMA, KAMAAN DEEG ROAD , DEEG ROAD DIST BHARATPUR, RAJASTHAN 321201.",
        "state": "Rajasthan",
        "city": "",
        "ro_code": "RJF127",
        "amenity": "fuel",
        "source": "jiobp.com"
      },
      "geometry": {
        "type": "Point",
        "coordinates": [
          77.277115777,
          27.652874432
        ]
      }
    },
    {
      "type": "Feature",
      "properties": {
        "name": "Bayana",
        "brand": "Jio-bp",
        "brand_code": "JIOBP",
        "address": "Panchayat Simiti Road, Bayana, District Bharatpur, Rajasthan",
        "state": "Rajasthan",
        "city": "",
        "ro_code": "RJF131",
        "amenity": "fuel",
        "source": "jiobp.com"
      },
      "geometry": {
        "type": "Point",
        "coordinates": [
          77.295240008,
          26.916079601
        ]
      }
    },
    {
      "type": "Feature",
      "properties": {
        "name": "TCC - APB002",
        "brand": "Jio-bp",
        "brand_code": "JIOBP",
        "address": "RELIANCE TRANSCONNECT CENTRE",
        "state": "Andhra Pradesh",
        "city": "Vishakapatnam",
        "ro_code": "APB002",
        "amenity": "fuel",
        "source": "jiobp.com"
      },
      "geometry": {
        "type": "Point",
        "coordinates": [
          83.2942195,
          17.7045811
        ]
      }
    },
    {
      "type": "Feature",
      "properties": {
        "name": "TCC - TNA001",
        "brand": "Jio-bp",
        "brand_code": "JIOBP",
        "address": "RELIANCE TRANSCONNECT CENTRE",
        "state": "Tamil Nadu",
        "city": "Chennai",
        "ro_code": "TNA001",
        "amenity": "fuel",
        "source": "jiobp.com"
      },
      "geometry": {
        "type": "Point",
        "coordinates": [
          80.294661,
          13.10817
        ]
      }
    },
    {
      "type": "Feature",
      "properties": {
        "name": "TCC - DLA004",
        "brand": "Jio-bp",
        "brand_code": "JIOBP",
        "address": "RELIANCE TRANSCONNECT CENTRE",
        "state": "Haryana",
        "city": "Gurgaon",
        "ro_code": "DLA004",
        "amenity": "fuel",
        "source": "jiobp.com"
      },
      "geometry": {
        "type": "Point",
        "coordinates": [
          77.013353,
          28.480667
        ]
      }
    },
    {
      "type": "Feature",
      "properties": {
        "name": "MPX004 Ratlam TCE",
        "brand": "Jio-bp",
        "brand_code": "JIOBP",
        "address": "M/S SHIVALAY ENTERPRISES",
        "state": "Madhya Pradesh",
        "city": "RATLAM",
        "ro_code": "MPX004",
        "amenity": "fuel",
        "source": "jiobp.com"
      },
      "geometry": {
        "type": "Point",
        "coordinates": [
          77.4975,
          27.2048
        ]
      }
    },
    {
      "type": "Feature",
      "properties": {
        "name": "UWX007 Agra TCE",
        "brand": "Jio-bp",
        "brand_code": "JIOBP",
        "address": "13-4, Ist Floor, Kailash Tower, Sanjay Place, Agra State Uttar Pradesh, 282003",
        "state": "Uttar Pradesh",
        "city": "Agra",
        "ro_code": "UWX007",
        "amenity": "fuel",
        "source": "jiobp.com"
      },
      "geometry": {
        "type": "Point",
        "coordinates": [
          78.00209,
          27.199015
        ]
      }
    },
    {
      "type": "Feature",
      "properties": {
        "name": "KRX009 Hoskote TCE",
        "brand": "Jio-bp",
        "brand_code": "JIOBP",
        "address": "Site No 4 OM Road/Old Madras Road, Near Police Station Hoskote Town, Karnataka, 562114",
        "state": "Karnataka",
        "city": "Haskote",
        "ro_code": "KRX009",
        "amenity": "fuel",
        "source": "jiobp.com"
      },
      "geometry": {
        "type": "Point",
        "coordinates": [
          77.46519,
          13.04097
        ]
      }
    },
    {
      "type": "Feature",
      "properties": {
        "name": "TCC - MHA007",
        "brand": "Jio-bp",
        "brand_code": "JIOBP",
        "address": "SHOP NO. C1 AND C2",
        "state": "Maharashtra",
        "city": "Nagpur",
        "ro_code": "MHA007",
        "amenity": "fuel",
        "source": "jiobp.com"
      },
      "geometry": {
        "type": "Point",
        "coordinates": [
          79.32468,
          21.13674
        ]
      }
    },
    {
      "type": "Feature",
      "properties": {
        "name": "TCC - RJA001",
        "brand": "Jio-bp",
        "brand_code": "JIOBP",
        "address": "RELIANCE TRANSCONNECT CENTRE",
        "state": "Rajasthan",
        "city": "Jaipur",
        "ro_code": "RJA001",
        "amenity": "fuel",
        "source": "jiobp.com"
      },
      "geometry": {
        "type": "Point",
        "coordinates": [
          75.843574,
          26.904957
        ]
      }
    },
    {
      "type": "Feature",
      "properties": {
        "name": "TCC - APA001",
        "brand": "Jio-bp",
        "brand_code": "JIOBP",
        "address": "Reliance Transconnect Centre,Dno 55-9-12",
        "state": "Andhra Pradesh",
        "city": "Vijaywada",
        "ro_code": "APA001",
        "amenity": "fuel",
        "source": "jiobp.com"
      },
      "geometry": {
        "type": "Point",
        "coordinates": [
          80.665524,
          16.508514
        ]
      }
    },
    {
      "type": "Feature",
      "properties": {
        "name": "TCC - WBB002",
        "brand": "Jio-bp",
        "brand_code": "JIOBP",
        "address": "RELIANCE TRANSCONNECT CENTRE",
        "state": "West Bengal",
        "city": "siliguri",
        "ro_code": "WBB002",
        "amenity": "fuel",
        "source": "jiobp.com"
      },
      "geometry": {
        "type": "Point",
        "coordinates": [
          88.380573,
          26.722824
        ]
      }
    },
    {
      "type": "Feature",
      "properties": {
        "name": "TCC - TNB006",
        "brand": "Jio-bp",
        "brand_code": "JIOBP",
        "address": "RELIANCE TRANSCONNECT CENTRE",
        "state": "Tamil Nadu",
        "city": "Erode",
        "ro_code": "TNB006",
        "amenity": "fuel",
        "source": "jiobp.com"
      },
      "geometry": {
        "type": "Point",
        "coordinates": [
          77.723341,
          11.349914
        ]
      }
    },
    {
      "type": "Feature",
      "properties": {
        "name": "DIGHWARA PATNA",
        "brand": "Jio-bp",
        "brand_code": "JIOBP",
        "address": "NH - 19, MANUPUR,, DIGHWARA,, DISTT.:SARAN(CHAPRA),BIHAR, DIGHWARA",
        "state": "Bihar",
        "city": "",
        "ro_code": "BHF014",
        "amenity": "fuel",
        "source": "jiobp.com"
      },
      "geometry": {
        "type": "Point",
        "coordinates": [
          85.019455426,
          25.762923995
        ]
      }
    },
    {
      "type": "Feature",
      "properties": {
        "name": "TCC - KRA001",
        "brand": "Jio-bp",
        "brand_code": "JIOBP",
        "address": "RELIANCE TRANSCONNECT CENTRE",
        "state": "Karnataka",
        "city": "Bangalore",
        "ro_code": "KRA001",
        "amenity": "fuel",
        "source": "jiobp.com"
      },
      "geometry": {
        "type": "Point",
        "coordinates": [
          77.537168,
          13.022058
        ]
      }
    },
    {
      "type": "Feature",
      "properties": {
        "name": "Nasik IV - MHC037 - MDU",
        "brand": "Jio-bp",
        "brand_code": "JIOBP",
        "address": "SURVEY 33/1A-2, ANANDVALI, GANESH NAGAR BUS STOP, PIPIELINE ROAD, SATPUR, NASHIK, MAHARASHTRA 422007",
        "state": "Maharashtra",
        "city": "NASHIK",
        "ro_code": "MHM004",
        "amenity": "fuel",
        "source": "jiobp.com"
      },
      "geometry": {
        "type": "Point",
        "coordinates": [
          73.741166,
          20.004722
        ]
      }
    },
    {
      "type": "Feature",
      "properties": {
        "name": "TCC - DLA003",
        "brand": "Jio-bp",
        "brand_code": "JIOBP",
        "address": "RELIANCE TRANSCONNECT CENTRE",
        "state": "Uttar Pradesh",
        "city": "Ghaziabad",
        "ro_code": "DLA003",
        "amenity": "fuel",
        "source": "jiobp.com"
      },
      "geometry": {
        "type": "Point",
        "coordinates": [
          77.326651,
          28.675609
        ]
      }
    },
    {
      "type": "Feature",
      "properties": {
        "name": "TCC - MHA003",
        "brand": "Jio-bp",
        "brand_code": "JIOBP",
        "address": "RELIANCE TRANSCONNECT CENTRE",
        "state": "Maharashtra",
        "city": "Kalamboli",
        "ro_code": "MHA003",
        "amenity": "fuel",
        "source": "jiobp.com"
      },
      "geometry": {
        "type": "Point",
        "coordinates": [
          73.10671,
          19.043996
        ]
      }
    },
    {
      "type": "Feature",
      "properties": {
        "name": "TCC - APB003",
        "brand": "Jio-bp",
        "brand_code": "JIOBP",
        "address": "RELIANCE TRANSCONNECT CENTRE",
        "state": "Andhra Pradesh",
        "city": "Nellore",
        "ro_code": "APB003",
        "amenity": "fuel",
        "source": "jiobp.com"
      },
      "geometry": {
        "type": "Point",
        "coordinates": [
          79.98798,
          14.45089
        ]
      }
    },
    {
      "type": "Feature",
      "properties": {
        "name": "KHARAGPUR TS",
        "brand": "Jio-bp",
        "brand_code": "JIOBP",
        "address": "Plot No:21 to 24 & 25 (P),139 (P) to 144, Village: Pategeria & Harina ,P.O- Hatsultanpur, P.S- Kharagpur (L), Dist: Paschim Medinipur, West Bengal, Pin-721149",
        "state": "West Bengal",
        "city": "West Midnapore",
        "ro_code": "WBT006",
        "amenity": "fuel",
        "source": "jiobp.com"
      },
      "geometry": {
        "type": "Point",
        "coordinates": [
          87.499776093,
          22.396397602
        ]
      }
    },
    {
      "type": "Feature",
      "properties": {
        "name": "TCC - WBA002",
        "brand": "Jio-bp",
        "brand_code": "JIOBP",
        "address": "RELIANCE TRANSCONNECT CENTRE",
        "state": "West Bengal",
        "city": "Kolkata",
        "ro_code": "WBA002",
        "amenity": "fuel",
        "source": "jiobp.com"
      },
      "geometry": {
        "type": "Point",
        "coordinates": [
          88.378927,
          22.651968
        ]
      }
    },
    {
      "type": "Feature",
      "properties": {
        "name": "TCC - TNA002",
        "brand": "Jio-bp",
        "brand_code": "JIOBP",
        "address": "RELIANCE TRANSCONNECT CENTRE",
        "state": "Tamil Nadu",
        "city": "Namakkal",
        "ro_code": "TNA002",
        "amenity": "fuel",
        "source": "jiobp.com"
      },
      "geometry": {
        "type": "Point",
        "coordinates": [
          78.162143,
          11.224927
        ]
      }
    },
    {
      "type": "Feature",
      "properties": {
        "name": "Gandhidham TCC",
        "brand": "Jio-bp",
        "brand_code": "JIOBP",
        "address": "PRITAM SING BAGGA SING",
        "state": "Gujarat",
        "city": "Gandhidham",
        "ro_code": "GJX001",
        "amenity": "fuel",
        "source": "jiobp.com"
      },
      "geometry": {
        "type": "Point",
        "coordinates": [
          70.124675,
          23.09098
        ]
      }
    },
    {
      "type": "Feature",
      "properties": {
        "name": "Siltara FF - CGF024 - MDU",
        "brand": "Jio-bp",
        "brand_code": "JIOBP",
        "address": "Plot No. 438/1, Siltara-Dharsiwa Bypass,Raipur-Bilaspur Expressway,Dharsiwa, Raipur, Chhattisgarh, 493221",
        "state": "Chattisgarh",
        "city": "Raipur",
        "ro_code": "CGM001",
        "amenity": "fuel",
        "source": "jiobp.com"
      },
      "geometry": {
        "type": "Point",
        "coordinates": [
          81.676883,
          21.408132
        ]
      }
    },
    {
      "type": "Feature",
      "properties": {
        "name": "TCC - GJB002",
        "brand": "Jio-bp",
        "brand_code": "JIOBP",
        "address": "RELIANCE TRANSCONNECT CENTRE",
        "state": "Gujarat",
        "city": "Rajkot",
        "ro_code": "GJB002",
        "amenity": "fuel",
        "source": "jiobp.com"
      },
      "geometry": {
        "type": "Point",
        "coordinates": [
          70.944278,
          22.359502
        ]
      }
    },
    {
      "type": "Feature",
      "properties": {
        "name": "TCC - MPB002",
        "brand": "Jio-bp",
        "brand_code": "JIOBP",
        "address": "RELIANCE TRANSCONNECT CENTRE",
        "state": "Madhya Pradesh",
        "city": "Gwalior",
        "ro_code": "MPB002",
        "amenity": "fuel",
        "source": "jiobp.com"
      },
      "geometry": {
        "type": "Point",
        "coordinates": [
          78.140766,
          26.235857
        ]
      }
    },
    {
      "type": "Feature",
      "properties": {
        "name": "JNPT Terminal - MHM003 - MDU",
        "brand": "Jio-bp",
        "brand_code": "JIOBP",
        "address": "PLOT NO-246, OFFICE NO-291, DISMA COMPLEX, KALAMBOLI, NAVI MUMBAI, MAHARASHTRA, 410218",
        "state": "Maharashtra",
        "city": "",
        "ro_code": "MHM003",
        "amenity": "fuel",
        "source": "jiobp.com"
      },
      "geometry": {
        "type": "Point",
        "coordinates": [
          72.9714,
          18.9182
        ]
      }
    },
    {
      "type": "Feature",
      "properties": {
        "name": "HAJIPUR II PATNA",
        "brand": "Jio-bp",
        "brand_code": "JIOBP",
        "address": "ON NH - 19, PLOT NO. 448,460(P), KHATAUNI NO.695,560  VAISHALI, VILL:JADUABAGHTOLA, HAJIPUR, HAJIPUR",
        "state": "Bihar",
        "city": "",
        "ro_code": "BHF003",
        "amenity": "fuel",
        "source": "jiobp.com"
      },
      "geometry": {
        "type": "Point",
        "coordinates": [
          85.228217797,
          25.686478892
        ]
      }
    },
    {
      "type": "Feature",
      "properties": {
        "name": "Sankagiri E",
        "brand": "Jio-bp",
        "brand_code": "JIOBP",
        "address": "RELIANCE TRANSCONNECT CENTRE",
        "state": "Tamil Nadu",
        "city": "Sankagiri",
        "ro_code": "TNX001",
        "amenity": "fuel",
        "source": "jiobp.com"
      },
      "geometry": {
        "type": "Point",
        "coordinates": [
          78.163914,
          11.227451
        ]
      }
    },
    {
      "type": "Feature",
      "properties": {
        "name": "TCC - UWB005",
        "brand": "Jio-bp",
        "brand_code": "JIOBP",
        "address": "RELIANCE TRANSCONNECT CENTRE",
        "state": "Uttar Pradesh",
        "city": "Meerut",
        "ro_code": "UWB005",
        "amenity": "fuel",
        "source": "jiobp.com"
      },
      "geometry": {
        "type": "Point",
        "coordinates": [
          77.729148,
          28.988766
        ]
      }
    },
    {
      "type": "Feature",
      "properties": {
        "name": "Sarkhej E",
        "brand": "Jio-bp",
        "brand_code": "JIOBP",
        "address": "9, SAMPANN BUNGLOWS,",
        "state": "Gujarat",
        "city": "Sarkhej",
        "ro_code": "GJX003",
        "amenity": "fuel",
        "source": "jiobp.com"
      },
      "geometry": {
        "type": "Point",
        "coordinates": [
          72.4938,
          22.9855
        ]
      }
    },
    {
      "type": "Feature",
      "properties": {
        "name": "Madurai E",
        "brand": "Jio-bp",
        "brand_code": "JIOBP",
        "address": "RELIANCE TRANSCONNECT CENTRE",
        "state": "Tamil Nadu",
        "city": "Madurai",
        "ro_code": "TNX002",
        "amenity": "fuel",
        "source": "jiobp.com"
      },
      "geometry": {
        "type": "Point",
        "coordinates": [
          78.124312,
          9.921771
        ]
      }
    },
    {
      "type": "Feature",
      "properties": {
        "name": "TCC - PBA001",
        "brand": "Jio-bp",
        "brand_code": "JIOBP",
        "address": "RELIANCE TRANSCONNECT CENTRE",
        "state": "Punjab",
        "city": "Ludhiana",
        "ro_code": "PBA001",
        "amenity": "fuel",
        "source": "jiobp.com"
      },
      "geometry": {
        "type": "Point",
        "coordinates": [
          75.878942,
          30.903408
        ]
      }
    },
    {
      "type": "Feature",
      "properties": {
        "name": "TCC - GJA003",
        "brand": "Jio-bp",
        "brand_code": "JIOBP",
        "address": "RELIANCE TRANSCONNECT CENTRE",
        "state": "Gujarat",
        "city": "Baroda",
        "ro_code": "GJA003",
        "amenity": "fuel",
        "source": "jiobp.com"
      },
      "geometry": {
        "type": "Point",
        "coordinates": [
          73.116572,
          22.393614
        ]
      }
    },
    {
      "type": "Feature",
      "properties": {
        "name": "Hyderabad Kompally  TCE",
        "brand": "Jio-bp",
        "brand_code": "JIOBP",
        "address": "SHRESTA TRANS SERVICES",
        "state": "Telangana",
        "city": "K V RANGAREDDY",
        "ro_code": "TLX001",
        "amenity": "fuel",
        "source": "jiobp.com"
      },
      "geometry": {
        "type": "Point",
        "coordinates": [
          78.47555,
          17.379702
        ]
      }
    },
    {
      "type": "Feature",
      "properties": {
        "name": "Hyderabad Kompally  TCE",
        "brand": "Jio-bp",
        "brand_code": "JIOBP",
        "address": "SHRESTA TRANS SERVICES",
        "state": "Telangana",
        "city": "K V RANGAREDDY",
        "ro_code": "TLX001",
        "amenity": "fuel",
        "source": "jiobp.com"
      },
      "geometry": {
        "type": "Point",
        "coordinates": [
          78.47555,
          17.379702
        ]
      }
    },
    {
      "type": "Feature",
      "properties": {
        "name": "TCC - UWB003",
        "brand": "Jio-bp",
        "brand_code": "JIOBP",
        "address": "RELIANCE TRANSCONNECT CENTRE",
        "state": "Uttar Pradesh",
        "city": "Muzaffarnagar",
        "ro_code": "UWB003",
        "amenity": "fuel",
        "source": "jiobp.com"
      },
      "geometry": {
        "type": "Point",
        "coordinates": [
          77.730272,
          29.472995
        ]
      }
    },
    {
      "type": "Feature",
      "properties": {
        "name": "TCC - ORB001",
        "brand": "Jio-bp",
        "brand_code": "JIOBP",
        "address": "RELIANCE TRANSCONNECT CENTRE",
        "state": "Odisha",
        "city": "Cuttack",
        "ro_code": "ORB001",
        "amenity": "fuel",
        "source": "jiobp.com"
      },
      "geometry": {
        "type": "Point",
        "coordinates": [
          85.9297091,
          20.5118997
        ]
      }
    },
    {
      "type": "Feature",
      "properties": {
        "name": "TCC - UWB001",
        "brand": "Jio-bp",
        "brand_code": "JIOBP",
        "address": "RELIANCE TRANSCONNECT CENTRE",
        "state": "Uttar Pradesh",
        "city": "Agra",
        "ro_code": "UWB001",
        "amenity": "fuel",
        "source": "jiobp.com"
      },
      "geometry": {
        "type": "Point",
        "coordinates": [
          77.982727,
          27.208099
        ]
      }
    },
    {
      "type": "Feature",
      "properties": {
        "name": "TCC - CGA001",
        "brand": "Jio-bp",
        "brand_code": "JIOBP",
        "address": "RELIANCE TRANSCONNECT CENTRE",
        "state": "Chattisgarh",
        "city": "Raipur",
        "ro_code": "CGA001",
        "amenity": "fuel",
        "source": "jiobp.com"
      },
      "geometry": {
        "type": "Point",
        "coordinates": [
          81.56258,
          21.25776
        ]
      }
    },
    {
      "type": "Feature",
      "properties": {
        "name": "TCC - MPB003",
        "brand": "Jio-bp",
        "brand_code": "JIOBP",
        "address": "RELIANCE TRANSCONNECT CENTRE",
        "state": "Madhya Pradesh",
        "city": "Satna",
        "ro_code": "MPB003",
        "amenity": "fuel",
        "source": "jiobp.com"
      },
      "geometry": {
        "type": "Point",
        "coordinates": [
          80.872406,
          24.573319
        ]
      }
    },
    {
      "type": "Feature",
      "properties": {
        "name": "TCC - MPA003",
        "brand": "Jio-bp",
        "brand_code": "JIOBP",
        "address": "RELIANCE TRANSCONNECT CENTRE",
        "state": "Madhya Pradesh",
        "city": "Jabalpur",
        "ro_code": "MPA003",
        "amenity": "fuel",
        "source": "jiobp.com"
      },
      "geometry": {
        "type": "Point",
        "coordinates": [
          79.911832,
          23.188208
        ]
      }
    },
    {
      "type": "Feature",
      "properties": {
        "name": "TCC - APA003",
        "brand": "Jio-bp",
        "brand_code": "JIOBP",
        "address": "RELIANCE TRANSCONNECT CENTRE",
        "state": "Telangana",
        "city": "Hyderabad",
        "ro_code": "APA003",
        "amenity": "fuel",
        "source": "jiobp.com"
      },
      "geometry": {
        "type": "Point",
        "coordinates": [
          78.5749802,
          17.336555
        ]
      }
    },
    {
      "type": "Feature",
      "properties": {
        "name": "TCC - ORB003",
        "brand": "Jio-bp",
        "brand_code": "JIOBP",
        "address": "C/O- NARESH MISHRA COMPLEX",
        "state": "Odisha",
        "city": "Sambalpur",
        "ro_code": "ORB003",
        "amenity": "fuel",
        "source": "jiobp.com"
      },
      "geometry": {
        "type": "Point",
        "coordinates": [
          83.9642891,
          21.4956082
        ]
      }
    },
    {
      "type": "Feature",
      "properties": {
        "name": "TCC - MPA001",
        "brand": "Jio-bp",
        "brand_code": "JIOBP",
        "address": "608, KHATIWALA TANK",
        "state": "Madhya Pradesh",
        "city": "Indore",
        "ro_code": "MPA001",
        "amenity": "fuel",
        "source": "jiobp.com"
      },
      "geometry": {
        "type": "Point",
        "coordinates": [
          75.862404,
          22.696325
        ]
      }
    },
    {
      "type": "Feature",
      "properties": {
        "name": "Secundra",
        "brand": "Jio-bp",
        "brand_code": "JIOBP",
        "address": "KHASRA NO. 26, NH19, BHAUPUR, AURAIYA, AURAIYA, UTTAR PRADESH - 206122",
        "state": "Uttar Pradesh",
        "city": "AURAIYA",
        "ro_code": "UEF120",
        "amenity": "fuel",
        "source": "jiobp.com"
      },
      "geometry": {
        "type": "Point",
        "coordinates": [
          79.5459063,
          26.4321005
        ]
      }
    }
  ]
}